"Year","Grouping","Country","variable","value"
1997,"DWFN","Belize","Catch_by_Fleet",0
1998,"DWFN","Belize","Catch_by_Fleet",0
1999,"DWFN","Belize","Catch_by_Fleet",0
2000,"DWFN","Belize","Catch_by_Fleet",0
2001,"DWFN","Belize","Catch_by_Fleet",0
2002,"DWFN","Belize","Catch_by_Fleet",0
2003,"DWFN","Belize","Catch_by_Fleet",0
2004,"DWFN","Belize","Catch_by_Fleet",0
2005,"DWFN","Belize","Catch_by_Fleet",0
2006,"DWFN","Belize","Catch_by_Fleet",0
2007,"DWFN","Belize","Catch_by_Fleet",0
2008,"DWFN","Belize","Catch_by_Fleet",0
2009,"DWFN","Belize","Catch_by_Fleet",0
2010,"DWFN","Belize","Catch_by_Fleet",0
2011,"DWFN","Belize","Catch_by_Fleet",0
2012,"DWFN","Belize","Catch_by_Fleet",0
2013,"DWFN","Belize","Catch_by_Fleet",0
2014,"DWFN","Belize","Catch_by_Fleet",0
2015,"DWFN","Belize","Catch_by_Fleet",0
2016,"DWFN","Belize","Catch_by_Fleet",0
2017,"DWFN","Belize","Catch_by_Fleet",0
2018,"DWFN","Belize","Catch_by_Fleet",0
2019,"DWFN","Belize","Catch_by_Fleet",0
2020,"DWFN","Belize","Catch_by_Fleet",0
2021,"DWFN","Belize","Catch_by_Fleet",0
2022,"DWFN","Belize","Catch_by_Fleet",0
2023,"DWFN","Belize","Catch_by_Fleet",0
2024,"DWFN","Belize","Catch_by_Fleet",0
1997,"DWFN","Canada","Catch_by_Fleet",0
1998,"DWFN","Canada","Catch_by_Fleet",0
1999,"DWFN","Canada","Catch_by_Fleet",0
2000,"DWFN","Canada","Catch_by_Fleet",0
2001,"DWFN","Canada","Catch_by_Fleet",0
2002,"DWFN","Canada","Catch_by_Fleet",0
2003,"DWFN","Canada","Catch_by_Fleet",0
2004,"DWFN","Canada","Catch_by_Fleet",0
2005,"DWFN","Canada","Catch_by_Fleet",0
2006,"DWFN","Canada","Catch_by_Fleet",0
2007,"DWFN","Canada","Catch_by_Fleet",0
2008,"DWFN","Canada","Catch_by_Fleet",0
2009,"DWFN","Canada","Catch_by_Fleet",0
2010,"DWFN","Canada","Catch_by_Fleet",0
2011,"DWFN","Canada","Catch_by_Fleet",0
2012,"DWFN","Canada","Catch_by_Fleet",0
2013,"DWFN","Canada","Catch_by_Fleet",0
2014,"DWFN","Canada","Catch_by_Fleet",0
2015,"DWFN","Canada","Catch_by_Fleet",0
2016,"DWFN","Canada","Catch_by_Fleet",0
2017,"DWFN","Canada","Catch_by_Fleet",0
2018,"DWFN","Canada","Catch_by_Fleet",0
2019,"DWFN","Canada","Catch_by_Fleet",0
2020,"DWFN","Canada","Catch_by_Fleet",0
2021,"DWFN","Canada","Catch_by_Fleet",0
2022,"DWFN","Canada","Catch_by_Fleet",0
2023,"DWFN","Canada","Catch_by_Fleet",0
2024,"DWFN","Canada","Catch_by_Fleet",0
1997,"DWFN","China","Catch_by_Fleet",3673
1998,"DWFN","China","Catch_by_Fleet",3813
1999,"DWFN","China","Catch_by_Fleet",7516
2000,"DWFN","China","Catch_by_Fleet",6243
2001,"DWFN","China","Catch_by_Fleet",9946
2002,"DWFN","China","Catch_by_Fleet",15629
2003,"DWFN","China","Catch_by_Fleet",42209
2004,"DWFN","China","Catch_by_Fleet",42607
2005,"DWFN","China","Catch_by_Fleet",62731
2006,"DWFN","China","Catch_by_Fleet",77395
2007,"DWFN","China","Catch_by_Fleet",73718
2008,"DWFN","China","Catch_by_Fleet",86483
2009,"DWFN","China","Catch_by_Fleet",119725
2010,"DWFN","China","Catch_by_Fleet",83258
2011,"DWFN","China","Catch_by_Fleet",105455
2012,"DWFN","China","Catch_by_Fleet",91568
2013,"DWFN","China","Catch_by_Fleet",121528
2014,"DWFN","China","Catch_by_Fleet",105859
2015,"DWFN","China","Catch_by_Fleet",73013
2016,"DWFN","China","Catch_by_Fleet",43564
2017,"DWFN","China","Catch_by_Fleet",60603
2018,"DWFN","China","Catch_by_Fleet",54216
2019,"DWFN","China","Catch_by_Fleet",42196
2020,"DWFN","China","Catch_by_Fleet",38577
2021,"DWFN","China","Catch_by_Fleet",31261
2022,"DWFN","China","Catch_by_Fleet",50908
2023,"DWFN","China","Catch_by_Fleet",61637
2024,"DWFN","China","Catch_by_Fleet",52331
1997,"DWFN","Eastern Pacific fleet","Catch_by_Fleet",0
1998,"DWFN","Eastern Pacific fleet","Catch_by_Fleet",0
1999,"DWFN","Eastern Pacific fleet","Catch_by_Fleet",0
2000,"DWFN","Eastern Pacific fleet","Catch_by_Fleet",0
2001,"DWFN","Eastern Pacific fleet","Catch_by_Fleet",0
2002,"DWFN","Eastern Pacific fleet","Catch_by_Fleet",0
2003,"DWFN","Eastern Pacific fleet","Catch_by_Fleet",0
2004,"DWFN","Eastern Pacific fleet","Catch_by_Fleet",0
2005,"DWFN","Eastern Pacific fleet","Catch_by_Fleet",0
2006,"DWFN","Eastern Pacific fleet","Catch_by_Fleet",0
2007,"DWFN","Eastern Pacific fleet","Catch_by_Fleet",0
2008,"DWFN","Eastern Pacific fleet","Catch_by_Fleet",0
2009,"DWFN","Eastern Pacific fleet","Catch_by_Fleet",0
2010,"DWFN","Eastern Pacific fleet","Catch_by_Fleet",0
2011,"DWFN","Eastern Pacific fleet","Catch_by_Fleet",0
2012,"DWFN","Eastern Pacific fleet","Catch_by_Fleet",0
2013,"DWFN","Eastern Pacific fleet","Catch_by_Fleet",0
2014,"DWFN","Eastern Pacific fleet","Catch_by_Fleet",0
2015,"DWFN","Eastern Pacific fleet","Catch_by_Fleet",0
2016,"DWFN","Eastern Pacific fleet","Catch_by_Fleet",0
2017,"DWFN","Eastern Pacific fleet","Catch_by_Fleet",0
2018,"DWFN","Eastern Pacific fleet","Catch_by_Fleet",0
2019,"DWFN","Eastern Pacific fleet","Catch_by_Fleet",0
2020,"DWFN","Eastern Pacific fleet","Catch_by_Fleet",0
2021,"DWFN","Eastern Pacific fleet","Catch_by_Fleet",0
2022,"DWFN","Eastern Pacific fleet","Catch_by_Fleet",0
2023,"DWFN","Eastern Pacific fleet","Catch_by_Fleet",0
2024,"DWFN","Eastern Pacific fleet","Catch_by_Fleet",0
1997,"DWFN","Ecuador","Catch_by_Fleet",0
1998,"DWFN","Ecuador","Catch_by_Fleet",0
1999,"DWFN","Ecuador","Catch_by_Fleet",0
2000,"DWFN","Ecuador","Catch_by_Fleet",0
2001,"DWFN","Ecuador","Catch_by_Fleet",0
2002,"DWFN","Ecuador","Catch_by_Fleet",0
2003,"DWFN","Ecuador","Catch_by_Fleet",0
2004,"DWFN","Ecuador","Catch_by_Fleet",0
2005,"DWFN","Ecuador","Catch_by_Fleet",0
2006,"DWFN","Ecuador","Catch_by_Fleet",0
2007,"DWFN","Ecuador","Catch_by_Fleet",0
2008,"DWFN","Ecuador","Catch_by_Fleet",0
2009,"DWFN","Ecuador","Catch_by_Fleet",0
2010,"DWFN","Ecuador","Catch_by_Fleet",0
2011,"DWFN","Ecuador","Catch_by_Fleet",0
2012,"DWFN","Ecuador","Catch_by_Fleet",0
2013,"DWFN","Ecuador","Catch_by_Fleet",0
2014,"DWFN","Ecuador","Catch_by_Fleet",0
2015,"DWFN","Ecuador","Catch_by_Fleet",0
2016,"DWFN","Ecuador","Catch_by_Fleet",0
2017,"DWFN","Ecuador","Catch_by_Fleet",0
2018,"DWFN","Ecuador","Catch_by_Fleet",0
2019,"DWFN","Ecuador","Catch_by_Fleet",0
2020,"DWFN","Ecuador","Catch_by_Fleet",0
2021,"DWFN","Ecuador","Catch_by_Fleet",0
2022,"DWFN","Ecuador","Catch_by_Fleet",0
2023,"DWFN","Ecuador","Catch_by_Fleet",0
2024,"DWFN","Ecuador","Catch_by_Fleet",0
1997,"DWFN","El Salvador","Catch_by_Fleet",0
1998,"DWFN","El Salvador","Catch_by_Fleet",0
1999,"DWFN","El Salvador","Catch_by_Fleet",0
2000,"DWFN","El Salvador","Catch_by_Fleet",0
2001,"DWFN","El Salvador","Catch_by_Fleet",0
2002,"DWFN","El Salvador","Catch_by_Fleet",0
2003,"DWFN","El Salvador","Catch_by_Fleet",0
2004,"DWFN","El Salvador","Catch_by_Fleet",0
2005,"DWFN","El Salvador","Catch_by_Fleet",0
2006,"DWFN","El Salvador","Catch_by_Fleet",0
2007,"DWFN","El Salvador","Catch_by_Fleet",0
2008,"DWFN","El Salvador","Catch_by_Fleet",0
2009,"DWFN","El Salvador","Catch_by_Fleet",0
2010,"DWFN","El Salvador","Catch_by_Fleet",0
2011,"DWFN","El Salvador","Catch_by_Fleet",0
2012,"DWFN","El Salvador","Catch_by_Fleet",0
2013,"DWFN","El Salvador","Catch_by_Fleet",0
2014,"DWFN","El Salvador","Catch_by_Fleet",0
2015,"DWFN","El Salvador","Catch_by_Fleet",0
2016,"DWFN","El Salvador","Catch_by_Fleet",0
2017,"DWFN","El Salvador","Catch_by_Fleet",0
2018,"DWFN","El Salvador","Catch_by_Fleet",0
2019,"DWFN","El Salvador","Catch_by_Fleet",0
2020,"DWFN","El Salvador","Catch_by_Fleet",0
2021,"DWFN","El Salvador","Catch_by_Fleet",0
2022,"DWFN","El Salvador","Catch_by_Fleet",0
2023,"DWFN","El Salvador","Catch_by_Fleet",0
2024,"DWFN","El Salvador","Catch_by_Fleet",0
1997,"DWFN","Indonesia","Catch_by_Fleet",256670
1998,"DWFN","Indonesia","Catch_by_Fleet",338881
1999,"DWFN","Indonesia","Catch_by_Fleet",321618
2000,"DWFN","Indonesia","Catch_by_Fleet",342203
2001,"DWFN","Indonesia","Catch_by_Fleet",314888
2002,"DWFN","Indonesia","Catch_by_Fleet",302659
2003,"DWFN","Indonesia","Catch_by_Fleet",310657
2004,"DWFN","Indonesia","Catch_by_Fleet",411985
2005,"DWFN","Indonesia","Catch_by_Fleet",247514
2006,"DWFN","Indonesia","Catch_by_Fleet",285844
2007,"DWFN","Indonesia","Catch_by_Fleet",321890
2008,"DWFN","Indonesia","Catch_by_Fleet",334970
2009,"DWFN","Indonesia","Catch_by_Fleet",388635
2010,"DWFN","Indonesia","Catch_by_Fleet",358254
2011,"DWFN","Indonesia","Catch_by_Fleet",397915
2012,"DWFN","Indonesia","Catch_by_Fleet",443316
2013,"DWFN","Indonesia","Catch_by_Fleet",526236
2014,"DWFN","Indonesia","Catch_by_Fleet",482917
2015,"DWFN","Indonesia","Catch_by_Fleet",432078
2016,"DWFN","Indonesia","Catch_by_Fleet",525633
2017,"DWFN","Indonesia","Catch_by_Fleet",470964
2018,"DWFN","Indonesia","Catch_by_Fleet",526475
2019,"DWFN","Indonesia","Catch_by_Fleet",536212
2020,"DWFN","Indonesia","Catch_by_Fleet",514558
2021,"DWFN","Indonesia","Catch_by_Fleet",546944
2022,"DWFN","Indonesia","Catch_by_Fleet",513429
2023,"DWFN","Indonesia","Catch_by_Fleet",511995
2024,"DWFN","Indonesia","Catch_by_Fleet",512006
1997,"DWFN","Japan","Catch_by_Fleet",507611
1998,"DWFN","Japan","Catch_by_Fleet",541769
1999,"DWFN","Japan","Catch_by_Fleet",475067
2000,"DWFN","Japan","Catch_by_Fleet",498935
2001,"DWFN","Japan","Catch_by_Fleet",439272
2002,"DWFN","Japan","Catch_by_Fleet",451820
2003,"DWFN","Japan","Catch_by_Fleet",469703
2004,"DWFN","Japan","Catch_by_Fleet",441519
2005,"DWFN","Japan","Catch_by_Fleet",480907
2006,"DWFN","Japan","Catch_by_Fleet",445567
2007,"DWFN","Japan","Catch_by_Fleet",466710
2008,"DWFN","Japan","Catch_by_Fleet",433765
2009,"DWFN","Japan","Catch_by_Fleet",398688
2010,"DWFN","Japan","Catch_by_Fleet",430961
2011,"DWFN","Japan","Catch_by_Fleet",369139
2012,"DWFN","Japan","Catch_by_Fleet",393227
2013,"DWFN","Japan","Catch_by_Fleet",376688
2014,"DWFN","Japan","Catch_by_Fleet",353669
2015,"DWFN","Japan","Catch_by_Fleet",332958
2016,"DWFN","Japan","Catch_by_Fleet",300952
2017,"DWFN","Japan","Catch_by_Fleet",300717
2018,"DWFN","Japan","Catch_by_Fleet",320652
2019,"DWFN","Japan","Catch_by_Fleet",299654
2020,"DWFN","Japan","Catch_by_Fleet",282500
2021,"DWFN","Japan","Catch_by_Fleet",323387
2022,"DWFN","Japan","Catch_by_Fleet",248562
2023,"DWFN","Japan","Catch_by_Fleet",246444
2024,"DWFN","Japan","Catch_by_Fleet",272238
1997,"DWFN","Korea","Catch_by_Fleet",158974
1998,"DWFN","Korea","Catch_by_Fleet",200905
1999,"DWFN","Korea","Catch_by_Fleet",141846
2000,"DWFN","Korea","Catch_by_Fleet",169798
2001,"DWFN","Korea","Catch_by_Fleet",178075
2002,"DWFN","Korea","Catch_by_Fleet",206137
2003,"DWFN","Korea","Catch_by_Fleet",189325
2004,"DWFN","Korea","Catch_by_Fleet",183492
2005,"DWFN","Korea","Catch_by_Fleet",204482
2006,"DWFN","Korea","Catch_by_Fleet",251791
2007,"DWFN","Korea","Catch_by_Fleet",259280
2008,"DWFN","Korea","Catch_by_Fleet",248803
2009,"DWFN","Korea","Catch_by_Fleet",283267
2010,"DWFN","Korea","Catch_by_Fleet",277310
2011,"DWFN","Korea","Catch_by_Fleet",207702
2012,"DWFN","Korea","Catch_by_Fleet",262191
2013,"DWFN","Korea","Catch_by_Fleet",225634
2014,"DWFN","Korea","Catch_by_Fleet",270048
2015,"DWFN","Korea","Catch_by_Fleet",268245
2016,"DWFN","Korea","Catch_by_Fleet",278456
2017,"DWFN","Korea","Catch_by_Fleet",246832
2018,"DWFN","Korea","Catch_by_Fleet",267549
2019,"DWFN","Korea","Catch_by_Fleet",314818
2020,"DWFN","Korea","Catch_by_Fleet",252311
2021,"DWFN","Korea","Catch_by_Fleet",230255
2022,"DWFN","Korea","Catch_by_Fleet",227812
2023,"DWFN","Korea","Catch_by_Fleet",241861
2024,"DWFN","Korea","Catch_by_Fleet",276900
1997,"DWFN","Philippines","Catch_by_Fleet",208759
1998,"DWFN","Philippines","Catch_by_Fleet",235585
1999,"DWFN","Philippines","Catch_by_Fleet",226179
2000,"DWFN","Philippines","Catch_by_Fleet",234460
2001,"DWFN","Philippines","Catch_by_Fleet",210754
2002,"DWFN","Philippines","Catch_by_Fleet",234060
2003,"DWFN","Philippines","Catch_by_Fleet",291833
2004,"DWFN","Philippines","Catch_by_Fleet",302114
2005,"DWFN","Philippines","Catch_by_Fleet",306316
2006,"DWFN","Philippines","Catch_by_Fleet",334610
2007,"DWFN","Philippines","Catch_by_Fleet",381050
2008,"DWFN","Philippines","Catch_by_Fleet",420526
2009,"DWFN","Philippines","Catch_by_Fleet",327743
2010,"DWFN","Philippines","Catch_by_Fleet",285566
2011,"DWFN","Philippines","Catch_by_Fleet",193915
2012,"DWFN","Philippines","Catch_by_Fleet",233387
2013,"DWFN","Philippines","Catch_by_Fleet",229276
2014,"DWFN","Philippines","Catch_by_Fleet",287191
2015,"DWFN","Philippines","Catch_by_Fleet",247959
2016,"DWFN","Philippines","Catch_by_Fleet",214802
2017,"DWFN","Philippines","Catch_by_Fleet",199957
2018,"DWFN","Philippines","Catch_by_Fleet",156277
2019,"DWFN","Philippines","Catch_by_Fleet",160477
2020,"DWFN","Philippines","Catch_by_Fleet",215361
2021,"DWFN","Philippines","Catch_by_Fleet",177193
2022,"DWFN","Philippines","Catch_by_Fleet",147710
2023,"DWFN","Philippines","Catch_by_Fleet",159448
2024,"DWFN","Philippines","Catch_by_Fleet",201352
1997,"DWFN","Portugal","Catch_by_Fleet",0
1998,"DWFN","Portugal","Catch_by_Fleet",0
1999,"DWFN","Portugal","Catch_by_Fleet",0
2000,"DWFN","Portugal","Catch_by_Fleet",0
2001,"DWFN","Portugal","Catch_by_Fleet",0
2002,"DWFN","Portugal","Catch_by_Fleet",0
2003,"DWFN","Portugal","Catch_by_Fleet",0
2004,"DWFN","Portugal","Catch_by_Fleet",0
2005,"DWFN","Portugal","Catch_by_Fleet",0
2006,"DWFN","Portugal","Catch_by_Fleet",0
2007,"DWFN","Portugal","Catch_by_Fleet",0
2008,"DWFN","Portugal","Catch_by_Fleet",0
2009,"DWFN","Portugal","Catch_by_Fleet",0
2010,"DWFN","Portugal","Catch_by_Fleet",0
2011,"DWFN","Portugal","Catch_by_Fleet",0
2012,"DWFN","Portugal","Catch_by_Fleet",0
2013,"DWFN","Portugal","Catch_by_Fleet",0
2014,"DWFN","Portugal","Catch_by_Fleet",0
2015,"DWFN","Portugal","Catch_by_Fleet",0
2016,"DWFN","Portugal","Catch_by_Fleet",0
2017,"DWFN","Portugal","Catch_by_Fleet",0
2018,"DWFN","Portugal","Catch_by_Fleet",0
2019,"DWFN","Portugal","Catch_by_Fleet",0
2020,"DWFN","Portugal","Catch_by_Fleet",0
2021,"DWFN","Portugal","Catch_by_Fleet",0
2022,"DWFN","Portugal","Catch_by_Fleet",0
2023,"DWFN","Portugal","Catch_by_Fleet",0
2024,"DWFN","Portugal","Catch_by_Fleet",0
1997,"DWFN","Senegal","Catch_by_Fleet",0
1998,"DWFN","Senegal","Catch_by_Fleet",0
1999,"DWFN","Senegal","Catch_by_Fleet",0
2000,"DWFN","Senegal","Catch_by_Fleet",0
2001,"DWFN","Senegal","Catch_by_Fleet",0
2002,"DWFN","Senegal","Catch_by_Fleet",0
2003,"DWFN","Senegal","Catch_by_Fleet",0
2004,"DWFN","Senegal","Catch_by_Fleet",0
2005,"DWFN","Senegal","Catch_by_Fleet",0
2006,"DWFN","Senegal","Catch_by_Fleet",0
2007,"DWFN","Senegal","Catch_by_Fleet",0
2008,"DWFN","Senegal","Catch_by_Fleet",0
2009,"DWFN","Senegal","Catch_by_Fleet",0
2010,"DWFN","Senegal","Catch_by_Fleet",0
2011,"DWFN","Senegal","Catch_by_Fleet",0
2012,"DWFN","Senegal","Catch_by_Fleet",0
2013,"DWFN","Senegal","Catch_by_Fleet",0
2014,"DWFN","Senegal","Catch_by_Fleet",0
2015,"DWFN","Senegal","Catch_by_Fleet",0
2016,"DWFN","Senegal","Catch_by_Fleet",0
2017,"DWFN","Senegal","Catch_by_Fleet",0
2018,"DWFN","Senegal","Catch_by_Fleet",0
2019,"DWFN","Senegal","Catch_by_Fleet",0
2020,"DWFN","Senegal","Catch_by_Fleet",0
2021,"DWFN","Senegal","Catch_by_Fleet",0
2022,"DWFN","Senegal","Catch_by_Fleet",0
2023,"DWFN","Senegal","Catch_by_Fleet",0
2024,"DWFN","Senegal","Catch_by_Fleet",0
1997,"DWFN","Spain","Catch_by_Fleet",0
1998,"DWFN","Spain","Catch_by_Fleet",0
1999,"DWFN","Spain","Catch_by_Fleet",0
2000,"DWFN","Spain","Catch_by_Fleet",0
2001,"DWFN","Spain","Catch_by_Fleet",0
2002,"DWFN","Spain","Catch_by_Fleet",0
2003,"DWFN","Spain","Catch_by_Fleet",0
2004,"DWFN","Spain","Catch_by_Fleet",0
2005,"DWFN","Spain","Catch_by_Fleet",0
2006,"DWFN","Spain","Catch_by_Fleet",0
2007,"DWFN","Spain","Catch_by_Fleet",0
2008,"DWFN","Spain","Catch_by_Fleet",0
2009,"DWFN","Spain","Catch_by_Fleet",0
2010,"DWFN","Spain","Catch_by_Fleet",0
2011,"DWFN","Spain","Catch_by_Fleet",0
2012,"DWFN","Spain","Catch_by_Fleet",0
2013,"DWFN","Spain","Catch_by_Fleet",0
2014,"DWFN","Spain","Catch_by_Fleet",0
2015,"DWFN","Spain","Catch_by_Fleet",0
2016,"DWFN","Spain","Catch_by_Fleet",0
2017,"DWFN","Spain","Catch_by_Fleet",0
2018,"DWFN","Spain","Catch_by_Fleet",0
2019,"DWFN","Spain","Catch_by_Fleet",0
2020,"DWFN","Spain","Catch_by_Fleet",0
2021,"DWFN","Spain","Catch_by_Fleet",0
2022,"DWFN","Spain","Catch_by_Fleet",0
2023,"DWFN","Spain","Catch_by_Fleet",0
2024,"DWFN","Spain","Catch_by_Fleet",0
1997,"DWFN","Taiwan","Catch_by_Fleet",216993
1998,"DWFN","Taiwan","Catch_by_Fleet",305349
1999,"DWFN","Taiwan","Catch_by_Fleet",251030
2000,"DWFN","Taiwan","Catch_by_Fleet",279192
2001,"DWFN","Taiwan","Catch_by_Fleet",285277
2002,"DWFN","Taiwan","Catch_by_Fleet",318299
2003,"DWFN","Taiwan","Catch_by_Fleet",258533
2004,"DWFN","Taiwan","Catch_by_Fleet",261041
2005,"DWFN","Taiwan","Catch_by_Fleet",244536
2006,"DWFN","Taiwan","Catch_by_Fleet",255605
2007,"DWFN","Taiwan","Catch_by_Fleet",276952
2008,"DWFN","Taiwan","Catch_by_Fleet",247245
2009,"DWFN","Taiwan","Catch_by_Fleet",242299
2010,"DWFN","Taiwan","Catch_by_Fleet",256576
2011,"DWFN","Taiwan","Catch_by_Fleet",229097
2012,"DWFN","Taiwan","Catch_by_Fleet",247231
2013,"DWFN","Taiwan","Catch_by_Fleet",260446
2014,"DWFN","Taiwan","Catch_by_Fleet",275358
2015,"DWFN","Taiwan","Catch_by_Fleet",233755
2016,"DWFN","Taiwan","Catch_by_Fleet",236113
2017,"DWFN","Taiwan","Catch_by_Fleet",225365
2018,"DWFN","Taiwan","Catch_by_Fleet",241990
2019,"DWFN","Taiwan","Catch_by_Fleet",289442
2020,"DWFN","Taiwan","Catch_by_Fleet",216215
2021,"DWFN","Taiwan","Catch_by_Fleet",250602
2022,"DWFN","Taiwan","Catch_by_Fleet",255717
2023,"DWFN","Taiwan","Catch_by_Fleet",212839
2024,"DWFN","Taiwan","Catch_by_Fleet",276615
1997,"DWFN","Vietnam","Catch_by_Fleet",0
1998,"DWFN","Vietnam","Catch_by_Fleet",0
1999,"DWFN","Vietnam","Catch_by_Fleet",0
2000,"DWFN","Vietnam","Catch_by_Fleet",33632
2001,"DWFN","Vietnam","Catch_by_Fleet",35400
2002,"DWFN","Vietnam","Catch_by_Fleet",37683
2003,"DWFN","Vietnam","Catch_by_Fleet",37458
2004,"DWFN","Vietnam","Catch_by_Fleet",50521
2005,"DWFN","Vietnam","Catch_by_Fleet",52409
2006,"DWFN","Vietnam","Catch_by_Fleet",52573
2007,"DWFN","Vietnam","Catch_by_Fleet",54210
2008,"DWFN","Vietnam","Catch_by_Fleet",49903
2009,"DWFN","Vietnam","Catch_by_Fleet",44241
2010,"DWFN","Vietnam","Catch_by_Fleet",41665
2011,"DWFN","Vietnam","Catch_by_Fleet",49584
2012,"DWFN","Vietnam","Catch_by_Fleet",65556
2013,"DWFN","Vietnam","Catch_by_Fleet",78631
2014,"DWFN","Vietnam","Catch_by_Fleet",80842
2015,"DWFN","Vietnam","Catch_by_Fleet",89063
2016,"DWFN","Vietnam","Catch_by_Fleet",123076
2017,"DWFN","Vietnam","Catch_by_Fleet",112626
2018,"DWFN","Vietnam","Catch_by_Fleet",120535
2019,"DWFN","Vietnam","Catch_by_Fleet",109315
2020,"DWFN","Vietnam","Catch_by_Fleet",95540
2021,"DWFN","Vietnam","Catch_by_Fleet",89589
2022,"DWFN","Vietnam","Catch_by_Fleet",97615
2023,"DWFN","Vietnam","Catch_by_Fleet",97145
2024,"DWFN","Vietnam","Catch_by_Fleet",97613
1997,"FFA Member","Australia","Catch_by_Fleet",7550
1998,"FFA Member","Australia","Catch_by_Fleet",5152
1999,"FFA Member","Australia","Catch_by_Fleet",7550
2000,"FFA Member","Australia","Catch_by_Fleet",6997
2001,"FFA Member","Australia","Catch_by_Fleet",5279
2002,"FFA Member","Australia","Catch_by_Fleet",5234
2003,"FFA Member","Australia","Catch_by_Fleet",5809
2004,"FFA Member","Australia","Catch_by_Fleet",4200
2005,"FFA Member","Australia","Catch_by_Fleet",3091
2006,"FFA Member","Australia","Catch_by_Fleet",5031
2007,"FFA Member","Australia","Catch_by_Fleet",4404
2008,"FFA Member","Australia","Catch_by_Fleet",3969
2009,"FFA Member","Australia","Catch_by_Fleet",3646
2010,"FFA Member","Australia","Catch_by_Fleet",2565
2011,"FFA Member","Australia","Catch_by_Fleet",2924
2012,"FFA Member","Australia","Catch_by_Fleet",2538
2013,"FFA Member","Australia","Catch_by_Fleet",2613
2014,"FFA Member","Australia","Catch_by_Fleet",2936
2015,"FFA Member","Australia","Catch_by_Fleet",3916
2016,"FFA Member","Australia","Catch_by_Fleet",3480
2017,"FFA Member","Australia","Catch_by_Fleet",2928
2018,"FFA Member","Australia","Catch_by_Fleet",2395
2019,"FFA Member","Australia","Catch_by_Fleet",3014
2020,"FFA Member","Australia","Catch_by_Fleet",3207
2021,"FFA Member","Australia","Catch_by_Fleet",2889
2022,"FFA Member","Australia","Catch_by_Fleet",2888
2023,"FFA Member","Australia","Catch_by_Fleet",2549
2024,"FFA Member","Australia","Catch_by_Fleet",3718
1997,"FFA Member","Cook Islands","Catch_by_Fleet",0
1998,"FFA Member","Cook Islands","Catch_by_Fleet",0
1999,"FFA Member","Cook Islands","Catch_by_Fleet",0
2000,"FFA Member","Cook Islands","Catch_by_Fleet",0
2001,"FFA Member","Cook Islands","Catch_by_Fleet",4
2002,"FFA Member","Cook Islands","Catch_by_Fleet",604
2003,"FFA Member","Cook Islands","Catch_by_Fleet",1772
2004,"FFA Member","Cook Islands","Catch_by_Fleet",2830
2005,"FFA Member","Cook Islands","Catch_by_Fleet",3034
2006,"FFA Member","Cook Islands","Catch_by_Fleet",2718
2007,"FFA Member","Cook Islands","Catch_by_Fleet",3215
2008,"FFA Member","Cook Islands","Catch_by_Fleet",2819
2009,"FFA Member","Cook Islands","Catch_by_Fleet",2051
2010,"FFA Member","Cook Islands","Catch_by_Fleet",3056
2011,"FFA Member","Cook Islands","Catch_by_Fleet",3636
2012,"FFA Member","Cook Islands","Catch_by_Fleet",5381
2013,"FFA Member","Cook Islands","Catch_by_Fleet",1950
2014,"FFA Member","Cook Islands","Catch_by_Fleet",2011
2015,"FFA Member","Cook Islands","Catch_by_Fleet",1741
2016,"FFA Member","Cook Islands","Catch_by_Fleet",1887
2017,"FFA Member","Cook Islands","Catch_by_Fleet",3540
2018,"FFA Member","Cook Islands","Catch_by_Fleet",3892
2019,"FFA Member","Cook Islands","Catch_by_Fleet",5100
2020,"FFA Member","Cook Islands","Catch_by_Fleet",2077
2021,"FFA Member","Cook Islands","Catch_by_Fleet",4963
2022,"FFA Member","Cook Islands","Catch_by_Fleet",5904
2023,"FFA Member","Cook Islands","Catch_by_Fleet",3416
2024,"FFA Member","Cook Islands","Catch_by_Fleet",6225
1997,"FFA Member","Fiji","Catch_by_Fleet",4353
1998,"FFA Member","Fiji","Catch_by_Fleet",4013
1999,"FFA Member","Fiji","Catch_by_Fleet",4074
2000,"FFA Member","Fiji","Catch_by_Fleet",9660
2001,"FFA Member","Fiji","Catch_by_Fleet",11311
2002,"FFA Member","Fiji","Catch_by_Fleet",11552
2003,"FFA Member","Fiji","Catch_by_Fleet",10853
2004,"FFA Member","Fiji","Catch_by_Fleet",17310
2005,"FFA Member","Fiji","Catch_by_Fleet",15476
2006,"FFA Member","Fiji","Catch_by_Fleet",15472
2007,"FFA Member","Fiji","Catch_by_Fleet",10042
2008,"FFA Member","Fiji","Catch_by_Fleet",13627
2009,"FFA Member","Fiji","Catch_by_Fleet",16826
2010,"FFA Member","Fiji","Catch_by_Fleet",12545
2011,"FFA Member","Fiji","Catch_by_Fleet",16305
2012,"FFA Member","Fiji","Catch_by_Fleet",14978
2013,"FFA Member","Fiji","Catch_by_Fleet",12780
2014,"FFA Member","Fiji","Catch_by_Fleet",13659
2015,"FFA Member","Fiji","Catch_by_Fleet",13083
2016,"FFA Member","Fiji","Catch_by_Fleet",14256
2017,"FFA Member","Fiji","Catch_by_Fleet",17144
2018,"FFA Member","Fiji","Catch_by_Fleet",13692
2019,"FFA Member","Fiji","Catch_by_Fleet",14425
2020,"FFA Member","Fiji","Catch_by_Fleet",12439
2021,"FFA Member","Fiji","Catch_by_Fleet",9885
2022,"FFA Member","Fiji","Catch_by_Fleet",10431
2023,"FFA Member","Fiji","Catch_by_Fleet",9360
2024,"FFA Member","Fiji","Catch_by_Fleet",13866
1997,"FFA Member","New Zealand","Catch_by_Fleet",10451
1998,"FFA Member","New Zealand","Catch_by_Fleet",15154
1999,"FFA Member","New Zealand","Catch_by_Fleet",10141
2000,"FFA Member","New Zealand","Catch_by_Fleet",18917
2001,"FFA Member","New Zealand","Catch_by_Fleet",17533
2002,"FFA Member","New Zealand","Catch_by_Fleet",38567
2003,"FFA Member","New Zealand","Catch_by_Fleet",30613
2004,"FFA Member","New Zealand","Catch_by_Fleet",33886
2005,"FFA Member","New Zealand","Catch_by_Fleet",27920
2006,"FFA Member","New Zealand","Catch_by_Fleet",30824
2007,"FFA Member","New Zealand","Catch_by_Fleet",38970
2008,"FFA Member","New Zealand","Catch_by_Fleet",33876
2009,"FFA Member","New Zealand","Catch_by_Fleet",30619
2010,"FFA Member","New Zealand","Catch_by_Fleet",26951
2011,"FFA Member","New Zealand","Catch_by_Fleet",25315
2012,"FFA Member","New Zealand","Catch_by_Fleet",23528
2013,"FFA Member","New Zealand","Catch_by_Fleet",27690
2014,"FFA Member","New Zealand","Catch_by_Fleet",22906
2015,"FFA Member","New Zealand","Catch_by_Fleet",21332
2016,"FFA Member","New Zealand","Catch_by_Fleet",13701
2017,"FFA Member","New Zealand","Catch_by_Fleet",10307
2018,"FFA Member","New Zealand","Catch_by_Fleet",9482
2019,"FFA Member","New Zealand","Catch_by_Fleet",12732
2020,"FFA Member","New Zealand","Catch_by_Fleet",9757
2021,"FFA Member","New Zealand","Catch_by_Fleet",8507
2022,"FFA Member","New Zealand","Catch_by_Fleet",3449
2023,"FFA Member","New Zealand","Catch_by_Fleet",1208
2024,"FFA Member","New Zealand","Catch_by_Fleet",1405
1997,"FFA Member","Niue","Catch_by_Fleet",0
1998,"FFA Member","Niue","Catch_by_Fleet",0
1999,"FFA Member","Niue","Catch_by_Fleet",0
2000,"FFA Member","Niue","Catch_by_Fleet",0
2001,"FFA Member","Niue","Catch_by_Fleet",0
2002,"FFA Member","Niue","Catch_by_Fleet",0
2003,"FFA Member","Niue","Catch_by_Fleet",0
2004,"FFA Member","Niue","Catch_by_Fleet",6
2005,"FFA Member","Niue","Catch_by_Fleet",105
2006,"FFA Member","Niue","Catch_by_Fleet",286
2007,"FFA Member","Niue","Catch_by_Fleet",306
2008,"FFA Member","Niue","Catch_by_Fleet",435
2009,"FFA Member","Niue","Catch_by_Fleet",189
2010,"FFA Member","Niue","Catch_by_Fleet",110
2011,"FFA Member","Niue","Catch_by_Fleet",0
2012,"FFA Member","Niue","Catch_by_Fleet",0
2013,"FFA Member","Niue","Catch_by_Fleet",0
2014,"FFA Member","Niue","Catch_by_Fleet",0
2015,"FFA Member","Niue","Catch_by_Fleet",0
2016,"FFA Member","Niue","Catch_by_Fleet",0
2017,"FFA Member","Niue","Catch_by_Fleet",0
2018,"FFA Member","Niue","Catch_by_Fleet",0
2019,"FFA Member","Niue","Catch_by_Fleet",0
2020,"FFA Member","Niue","Catch_by_Fleet",0
2021,"FFA Member","Niue","Catch_by_Fleet",3
2022,"FFA Member","Niue","Catch_by_Fleet",2
2023,"FFA Member","Niue","Catch_by_Fleet",4
2024,"FFA Member","Niue","Catch_by_Fleet",15
1997,"FFA Member","Samoa","Catch_by_Fleet",5498
1998,"FFA Member","Samoa","Catch_by_Fleet",6820
1999,"FFA Member","Samoa","Catch_by_Fleet",5790
2000,"FFA Member","Samoa","Catch_by_Fleet",5389
2001,"FFA Member","Samoa","Catch_by_Fleet",5864
2002,"FFA Member","Samoa","Catch_by_Fleet",4927
2003,"FFA Member","Samoa","Catch_by_Fleet",2944
2004,"FFA Member","Samoa","Catch_by_Fleet",1967
2005,"FFA Member","Samoa","Catch_by_Fleet",1626
2006,"FFA Member","Samoa","Catch_by_Fleet",2564
2007,"FFA Member","Samoa","Catch_by_Fleet",3559
2008,"FFA Member","Samoa","Catch_by_Fleet",2796
2009,"FFA Member","Samoa","Catch_by_Fleet",3422
2010,"FFA Member","Samoa","Catch_by_Fleet",3090
2011,"FFA Member","Samoa","Catch_by_Fleet",1932
2012,"FFA Member","Samoa","Catch_by_Fleet",2353
2013,"FFA Member","Samoa","Catch_by_Fleet",2022
2014,"FFA Member","Samoa","Catch_by_Fleet",1102
2015,"FFA Member","Samoa","Catch_by_Fleet",1160
2016,"FFA Member","Samoa","Catch_by_Fleet",1273
2017,"FFA Member","Samoa","Catch_by_Fleet",3231
2018,"FFA Member","Samoa","Catch_by_Fleet",2190
2019,"FFA Member","Samoa","Catch_by_Fleet",3530
2020,"FFA Member","Samoa","Catch_by_Fleet",2335
2021,"FFA Member","Samoa","Catch_by_Fleet",1563
2022,"FFA Member","Samoa","Catch_by_Fleet",1990
2023,"FFA Member","Samoa","Catch_by_Fleet",2711
2024,"FFA Member","Samoa","Catch_by_Fleet",564
1997,"FFA Member","Tonga","Catch_by_Fleet",663
1998,"FFA Member","Tonga","Catch_by_Fleet",833
1999,"FFA Member","Tonga","Catch_by_Fleet",1084
2000,"FFA Member","Tonga","Catch_by_Fleet",1161
2001,"FFA Member","Tonga","Catch_by_Fleet",1733
2002,"FFA Member","Tonga","Catch_by_Fleet",1673
2003,"FFA Member","Tonga","Catch_by_Fleet",973
2004,"FFA Member","Tonga","Catch_by_Fleet",388
2005,"FFA Member","Tonga","Catch_by_Fleet",629
2006,"FFA Member","Tonga","Catch_by_Fleet",759
2007,"FFA Member","Tonga","Catch_by_Fleet",861
2008,"FFA Member","Tonga","Catch_by_Fleet",592
2009,"FFA Member","Tonga","Catch_by_Fleet",271
2010,"FFA Member","Tonga","Catch_by_Fleet",128
2011,"FFA Member","Tonga","Catch_by_Fleet",224
2012,"FFA Member","Tonga","Catch_by_Fleet",171
2013,"FFA Member","Tonga","Catch_by_Fleet",147
2014,"FFA Member","Tonga","Catch_by_Fleet",250
2015,"FFA Member","Tonga","Catch_by_Fleet",357
2016,"FFA Member","Tonga","Catch_by_Fleet",400
2017,"FFA Member","Tonga","Catch_by_Fleet",435
2018,"FFA Member","Tonga","Catch_by_Fleet",262
2019,"FFA Member","Tonga","Catch_by_Fleet",233
2020,"FFA Member","Tonga","Catch_by_Fleet",182
2021,"FFA Member","Tonga","Catch_by_Fleet",235
2022,"FFA Member","Tonga","Catch_by_Fleet",385
2023,"FFA Member","Tonga","Catch_by_Fleet",239
2024,"FFA Member","Tonga","Catch_by_Fleet",218
1997,"FFA Member","Vanuatu","Catch_by_Fleet",26167
1998,"FFA Member","Vanuatu","Catch_by_Fleet",39424
1999,"FFA Member","Vanuatu","Catch_by_Fleet",46158
2000,"FFA Member","Vanuatu","Catch_by_Fleet",38114
2001,"FFA Member","Vanuatu","Catch_by_Fleet",11967
2002,"FFA Member","Vanuatu","Catch_by_Fleet",28288
2003,"FFA Member","Vanuatu","Catch_by_Fleet",28739
2004,"FFA Member","Vanuatu","Catch_by_Fleet",66856
2005,"FFA Member","Vanuatu","Catch_by_Fleet",88916
2006,"FFA Member","Vanuatu","Catch_by_Fleet",76470
2007,"FFA Member","Vanuatu","Catch_by_Fleet",82756
2008,"FFA Member","Vanuatu","Catch_by_Fleet",48176
2009,"FFA Member","Vanuatu","Catch_by_Fleet",53269
2010,"FFA Member","Vanuatu","Catch_by_Fleet",39892
2011,"FFA Member","Vanuatu","Catch_by_Fleet",35127
2012,"FFA Member","Vanuatu","Catch_by_Fleet",40566
2013,"FFA Member","Vanuatu","Catch_by_Fleet",41195
2014,"FFA Member","Vanuatu","Catch_by_Fleet",32390
2015,"FFA Member","Vanuatu","Catch_by_Fleet",27779
2016,"FFA Member","Vanuatu","Catch_by_Fleet",15755
2017,"FFA Member","Vanuatu","Catch_by_Fleet",19201
2018,"FFA Member","Vanuatu","Catch_by_Fleet",24326
2019,"FFA Member","Vanuatu","Catch_by_Fleet",45098
2020,"FFA Member","Vanuatu","Catch_by_Fleet",54882
2021,"FFA Member","Vanuatu","Catch_by_Fleet",55670
2022,"FFA Member","Vanuatu","Catch_by_Fleet",75166
2023,"FFA Member","Vanuatu","Catch_by_Fleet",59860
2024,"FFA Member","Vanuatu","Catch_by_Fleet",34684
1997,"High Seas","H4","Catch_by_Fleet",0
1998,"High Seas","H4","Catch_by_Fleet",0
1999,"High Seas","H4","Catch_by_Fleet",0
2000,"High Seas","H4","Catch_by_Fleet",0
2001,"High Seas","H4","Catch_by_Fleet",0
2002,"High Seas","H4","Catch_by_Fleet",0
2003,"High Seas","H4","Catch_by_Fleet",0
2004,"High Seas","H4","Catch_by_Fleet",0
2005,"High Seas","H4","Catch_by_Fleet",0
2006,"High Seas","H4","Catch_by_Fleet",0
2007,"High Seas","H4","Catch_by_Fleet",0
2008,"High Seas","H4","Catch_by_Fleet",0
2009,"High Seas","H4","Catch_by_Fleet",0
2010,"High Seas","H4","Catch_by_Fleet",0
2011,"High Seas","H4","Catch_by_Fleet",0
2012,"High Seas","H4","Catch_by_Fleet",0
2013,"High Seas","H4","Catch_by_Fleet",0
2014,"High Seas","H4","Catch_by_Fleet",0
2015,"High Seas","H4","Catch_by_Fleet",0
2016,"High Seas","H4","Catch_by_Fleet",0
2017,"High Seas","H4","Catch_by_Fleet",0
2018,"High Seas","H4","Catch_by_Fleet",0
2019,"High Seas","H4","Catch_by_Fleet",0
2020,"High Seas","H4","Catch_by_Fleet",0
2021,"High Seas","H4","Catch_by_Fleet",0
2022,"High Seas","H4","Catch_by_Fleet",0
2023,"High Seas","H4","Catch_by_Fleet",0
2024,"High Seas","H4","Catch_by_Fleet",0
1997,"High Seas","H5","Catch_by_Fleet",0
1998,"High Seas","H5","Catch_by_Fleet",0
1999,"High Seas","H5","Catch_by_Fleet",0
2000,"High Seas","H5","Catch_by_Fleet",0
2001,"High Seas","H5","Catch_by_Fleet",0
2002,"High Seas","H5","Catch_by_Fleet",0
2003,"High Seas","H5","Catch_by_Fleet",0
2004,"High Seas","H5","Catch_by_Fleet",0
2005,"High Seas","H5","Catch_by_Fleet",0
2006,"High Seas","H5","Catch_by_Fleet",0
2007,"High Seas","H5","Catch_by_Fleet",0
2008,"High Seas","H5","Catch_by_Fleet",0
2009,"High Seas","H5","Catch_by_Fleet",0
2010,"High Seas","H5","Catch_by_Fleet",0
2011,"High Seas","H5","Catch_by_Fleet",0
2012,"High Seas","H5","Catch_by_Fleet",0
2013,"High Seas","H5","Catch_by_Fleet",0
2014,"High Seas","H5","Catch_by_Fleet",0
2015,"High Seas","H5","Catch_by_Fleet",0
2016,"High Seas","H5","Catch_by_Fleet",0
2017,"High Seas","H5","Catch_by_Fleet",0
2018,"High Seas","H5","Catch_by_Fleet",0
2019,"High Seas","H5","Catch_by_Fleet",0
2020,"High Seas","H5","Catch_by_Fleet",0
2021,"High Seas","H5","Catch_by_Fleet",0
2022,"High Seas","H5","Catch_by_Fleet",0
2023,"High Seas","H5","Catch_by_Fleet",0
2024,"High Seas","H5","Catch_by_Fleet",0
1997,"High Seas","I1","Catch_by_Fleet",0
1998,"High Seas","I1","Catch_by_Fleet",0
1999,"High Seas","I1","Catch_by_Fleet",0
2000,"High Seas","I1","Catch_by_Fleet",0
2001,"High Seas","I1","Catch_by_Fleet",0
2002,"High Seas","I1","Catch_by_Fleet",0
2003,"High Seas","I1","Catch_by_Fleet",0
2004,"High Seas","I1","Catch_by_Fleet",0
2005,"High Seas","I1","Catch_by_Fleet",0
2006,"High Seas","I1","Catch_by_Fleet",0
2007,"High Seas","I1","Catch_by_Fleet",0
2008,"High Seas","I1","Catch_by_Fleet",0
2009,"High Seas","I1","Catch_by_Fleet",0
2010,"High Seas","I1","Catch_by_Fleet",0
2011,"High Seas","I1","Catch_by_Fleet",0
2012,"High Seas","I1","Catch_by_Fleet",0
2013,"High Seas","I1","Catch_by_Fleet",0
2014,"High Seas","I1","Catch_by_Fleet",0
2015,"High Seas","I1","Catch_by_Fleet",0
2016,"High Seas","I1","Catch_by_Fleet",0
2017,"High Seas","I1","Catch_by_Fleet",0
2018,"High Seas","I1","Catch_by_Fleet",0
2019,"High Seas","I1","Catch_by_Fleet",0
2020,"High Seas","I1","Catch_by_Fleet",0
2021,"High Seas","I1","Catch_by_Fleet",0
2022,"High Seas","I1","Catch_by_Fleet",0
2023,"High Seas","I1","Catch_by_Fleet",0
2024,"High Seas","I1","Catch_by_Fleet",0
1997,"High Seas","I2","Catch_by_Fleet",0
1998,"High Seas","I2","Catch_by_Fleet",0
1999,"High Seas","I2","Catch_by_Fleet",0
2000,"High Seas","I2","Catch_by_Fleet",0
2001,"High Seas","I2","Catch_by_Fleet",0
2002,"High Seas","I2","Catch_by_Fleet",0
2003,"High Seas","I2","Catch_by_Fleet",0
2004,"High Seas","I2","Catch_by_Fleet",0
2005,"High Seas","I2","Catch_by_Fleet",0
2006,"High Seas","I2","Catch_by_Fleet",0
2007,"High Seas","I2","Catch_by_Fleet",0
2008,"High Seas","I2","Catch_by_Fleet",0
2009,"High Seas","I2","Catch_by_Fleet",0
2010,"High Seas","I2","Catch_by_Fleet",0
2011,"High Seas","I2","Catch_by_Fleet",0
2012,"High Seas","I2","Catch_by_Fleet",0
2013,"High Seas","I2","Catch_by_Fleet",0
2014,"High Seas","I2","Catch_by_Fleet",0
2015,"High Seas","I2","Catch_by_Fleet",0
2016,"High Seas","I2","Catch_by_Fleet",0
2017,"High Seas","I2","Catch_by_Fleet",0
2018,"High Seas","I2","Catch_by_Fleet",0
2019,"High Seas","I2","Catch_by_Fleet",0
2020,"High Seas","I2","Catch_by_Fleet",0
2021,"High Seas","I2","Catch_by_Fleet",0
2022,"High Seas","I2","Catch_by_Fleet",0
2023,"High Seas","I2","Catch_by_Fleet",0
2024,"High Seas","I2","Catch_by_Fleet",0
1997,"High Seas","I3","Catch_by_Fleet",0
1998,"High Seas","I3","Catch_by_Fleet",0
1999,"High Seas","I3","Catch_by_Fleet",0
2000,"High Seas","I3","Catch_by_Fleet",0
2001,"High Seas","I3","Catch_by_Fleet",0
2002,"High Seas","I3","Catch_by_Fleet",0
2003,"High Seas","I3","Catch_by_Fleet",0
2004,"High Seas","I3","Catch_by_Fleet",0
2005,"High Seas","I3","Catch_by_Fleet",0
2006,"High Seas","I3","Catch_by_Fleet",0
2007,"High Seas","I3","Catch_by_Fleet",0
2008,"High Seas","I3","Catch_by_Fleet",0
2009,"High Seas","I3","Catch_by_Fleet",0
2010,"High Seas","I3","Catch_by_Fleet",0
2011,"High Seas","I3","Catch_by_Fleet",0
2012,"High Seas","I3","Catch_by_Fleet",0
2013,"High Seas","I3","Catch_by_Fleet",0
2014,"High Seas","I3","Catch_by_Fleet",0
2015,"High Seas","I3","Catch_by_Fleet",0
2016,"High Seas","I3","Catch_by_Fleet",0
2017,"High Seas","I3","Catch_by_Fleet",0
2018,"High Seas","I3","Catch_by_Fleet",0
2019,"High Seas","I3","Catch_by_Fleet",0
2020,"High Seas","I3","Catch_by_Fleet",0
2021,"High Seas","I3","Catch_by_Fleet",0
2022,"High Seas","I3","Catch_by_Fleet",0
2023,"High Seas","I3","Catch_by_Fleet",0
2024,"High Seas","I3","Catch_by_Fleet",0
1997,"High Seas","I4","Catch_by_Fleet",0
1998,"High Seas","I4","Catch_by_Fleet",0
1999,"High Seas","I4","Catch_by_Fleet",0
2000,"High Seas","I4","Catch_by_Fleet",0
2001,"High Seas","I4","Catch_by_Fleet",0
2002,"High Seas","I4","Catch_by_Fleet",0
2003,"High Seas","I4","Catch_by_Fleet",0
2004,"High Seas","I4","Catch_by_Fleet",0
2005,"High Seas","I4","Catch_by_Fleet",0
2006,"High Seas","I4","Catch_by_Fleet",0
2007,"High Seas","I4","Catch_by_Fleet",0
2008,"High Seas","I4","Catch_by_Fleet",0
2009,"High Seas","I4","Catch_by_Fleet",0
2010,"High Seas","I4","Catch_by_Fleet",0
2011,"High Seas","I4","Catch_by_Fleet",0
2012,"High Seas","I4","Catch_by_Fleet",0
2013,"High Seas","I4","Catch_by_Fleet",0
2014,"High Seas","I4","Catch_by_Fleet",0
2015,"High Seas","I4","Catch_by_Fleet",0
2016,"High Seas","I4","Catch_by_Fleet",0
2017,"High Seas","I4","Catch_by_Fleet",0
2018,"High Seas","I4","Catch_by_Fleet",0
2019,"High Seas","I4","Catch_by_Fleet",0
2020,"High Seas","I4","Catch_by_Fleet",0
2021,"High Seas","I4","Catch_by_Fleet",0
2022,"High Seas","I4","Catch_by_Fleet",0
2023,"High Seas","I4","Catch_by_Fleet",0
2024,"High Seas","I4","Catch_by_Fleet",0
1997,"High Seas","I5","Catch_by_Fleet",0
1998,"High Seas","I5","Catch_by_Fleet",0
1999,"High Seas","I5","Catch_by_Fleet",0
2000,"High Seas","I5","Catch_by_Fleet",0
2001,"High Seas","I5","Catch_by_Fleet",0
2002,"High Seas","I5","Catch_by_Fleet",0
2003,"High Seas","I5","Catch_by_Fleet",0
2004,"High Seas","I5","Catch_by_Fleet",0
2005,"High Seas","I5","Catch_by_Fleet",0
2006,"High Seas","I5","Catch_by_Fleet",0
2007,"High Seas","I5","Catch_by_Fleet",0
2008,"High Seas","I5","Catch_by_Fleet",0
2009,"High Seas","I5","Catch_by_Fleet",0
2010,"High Seas","I5","Catch_by_Fleet",0
2011,"High Seas","I5","Catch_by_Fleet",0
2012,"High Seas","I5","Catch_by_Fleet",0
2013,"High Seas","I5","Catch_by_Fleet",0
2014,"High Seas","I5","Catch_by_Fleet",0
2015,"High Seas","I5","Catch_by_Fleet",0
2016,"High Seas","I5","Catch_by_Fleet",0
2017,"High Seas","I5","Catch_by_Fleet",0
2018,"High Seas","I5","Catch_by_Fleet",0
2019,"High Seas","I5","Catch_by_Fleet",0
2020,"High Seas","I5","Catch_by_Fleet",0
2021,"High Seas","I5","Catch_by_Fleet",0
2022,"High Seas","I5","Catch_by_Fleet",0
2023,"High Seas","I5","Catch_by_Fleet",0
2024,"High Seas","I5","Catch_by_Fleet",0
1997,"High Seas","I6","Catch_by_Fleet",0
1998,"High Seas","I6","Catch_by_Fleet",0
1999,"High Seas","I6","Catch_by_Fleet",0
2000,"High Seas","I6","Catch_by_Fleet",0
2001,"High Seas","I6","Catch_by_Fleet",0
2002,"High Seas","I6","Catch_by_Fleet",0
2003,"High Seas","I6","Catch_by_Fleet",0
2004,"High Seas","I6","Catch_by_Fleet",0
2005,"High Seas","I6","Catch_by_Fleet",0
2006,"High Seas","I6","Catch_by_Fleet",0
2007,"High Seas","I6","Catch_by_Fleet",0
2008,"High Seas","I6","Catch_by_Fleet",0
2009,"High Seas","I6","Catch_by_Fleet",0
2010,"High Seas","I6","Catch_by_Fleet",0
2011,"High Seas","I6","Catch_by_Fleet",0
2012,"High Seas","I6","Catch_by_Fleet",0
2013,"High Seas","I6","Catch_by_Fleet",0
2014,"High Seas","I6","Catch_by_Fleet",0
2015,"High Seas","I6","Catch_by_Fleet",0
2016,"High Seas","I6","Catch_by_Fleet",0
2017,"High Seas","I6","Catch_by_Fleet",0
2018,"High Seas","I6","Catch_by_Fleet",0
2019,"High Seas","I6","Catch_by_Fleet",0
2020,"High Seas","I6","Catch_by_Fleet",0
2021,"High Seas","I6","Catch_by_Fleet",0
2022,"High Seas","I6","Catch_by_Fleet",0
2023,"High Seas","I6","Catch_by_Fleet",0
2024,"High Seas","I6","Catch_by_Fleet",0
1997,"High Seas","I7","Catch_by_Fleet",0
1998,"High Seas","I7","Catch_by_Fleet",0
1999,"High Seas","I7","Catch_by_Fleet",0
2000,"High Seas","I7","Catch_by_Fleet",0
2001,"High Seas","I7","Catch_by_Fleet",0
2002,"High Seas","I7","Catch_by_Fleet",0
2003,"High Seas","I7","Catch_by_Fleet",0
2004,"High Seas","I7","Catch_by_Fleet",0
2005,"High Seas","I7","Catch_by_Fleet",0
2006,"High Seas","I7","Catch_by_Fleet",0
2007,"High Seas","I7","Catch_by_Fleet",0
2008,"High Seas","I7","Catch_by_Fleet",0
2009,"High Seas","I7","Catch_by_Fleet",0
2010,"High Seas","I7","Catch_by_Fleet",0
2011,"High Seas","I7","Catch_by_Fleet",0
2012,"High Seas","I7","Catch_by_Fleet",0
2013,"High Seas","I7","Catch_by_Fleet",0
2014,"High Seas","I7","Catch_by_Fleet",0
2015,"High Seas","I7","Catch_by_Fleet",0
2016,"High Seas","I7","Catch_by_Fleet",0
2017,"High Seas","I7","Catch_by_Fleet",0
2018,"High Seas","I7","Catch_by_Fleet",0
2019,"High Seas","I7","Catch_by_Fleet",0
2020,"High Seas","I7","Catch_by_Fleet",0
2021,"High Seas","I7","Catch_by_Fleet",0
2022,"High Seas","I7","Catch_by_Fleet",0
2023,"High Seas","I7","Catch_by_Fleet",0
2024,"High Seas","I7","Catch_by_Fleet",0
1997,"High Seas","I8","Catch_by_Fleet",0
1998,"High Seas","I8","Catch_by_Fleet",0
1999,"High Seas","I8","Catch_by_Fleet",0
2000,"High Seas","I8","Catch_by_Fleet",0
2001,"High Seas","I8","Catch_by_Fleet",0
2002,"High Seas","I8","Catch_by_Fleet",0
2003,"High Seas","I8","Catch_by_Fleet",0
2004,"High Seas","I8","Catch_by_Fleet",0
2005,"High Seas","I8","Catch_by_Fleet",0
2006,"High Seas","I8","Catch_by_Fleet",0
2007,"High Seas","I8","Catch_by_Fleet",0
2008,"High Seas","I8","Catch_by_Fleet",0
2009,"High Seas","I8","Catch_by_Fleet",0
2010,"High Seas","I8","Catch_by_Fleet",0
2011,"High Seas","I8","Catch_by_Fleet",0
2012,"High Seas","I8","Catch_by_Fleet",0
2013,"High Seas","I8","Catch_by_Fleet",0
2014,"High Seas","I8","Catch_by_Fleet",0
2015,"High Seas","I8","Catch_by_Fleet",0
2016,"High Seas","I8","Catch_by_Fleet",0
2017,"High Seas","I8","Catch_by_Fleet",0
2018,"High Seas","I8","Catch_by_Fleet",0
2019,"High Seas","I8","Catch_by_Fleet",0
2020,"High Seas","I8","Catch_by_Fleet",0
2021,"High Seas","I8","Catch_by_Fleet",0
2022,"High Seas","I8","Catch_by_Fleet",0
2023,"High Seas","I8","Catch_by_Fleet",0
2024,"High Seas","I8","Catch_by_Fleet",0
1997,"High Seas","I9","Catch_by_Fleet",0
1998,"High Seas","I9","Catch_by_Fleet",0
1999,"High Seas","I9","Catch_by_Fleet",0
2000,"High Seas","I9","Catch_by_Fleet",0
2001,"High Seas","I9","Catch_by_Fleet",0
2002,"High Seas","I9","Catch_by_Fleet",0
2003,"High Seas","I9","Catch_by_Fleet",0
2004,"High Seas","I9","Catch_by_Fleet",0
2005,"High Seas","I9","Catch_by_Fleet",0
2006,"High Seas","I9","Catch_by_Fleet",0
2007,"High Seas","I9","Catch_by_Fleet",0
2008,"High Seas","I9","Catch_by_Fleet",0
2009,"High Seas","I9","Catch_by_Fleet",0
2010,"High Seas","I9","Catch_by_Fleet",0
2011,"High Seas","I9","Catch_by_Fleet",0
2012,"High Seas","I9","Catch_by_Fleet",0
2013,"High Seas","I9","Catch_by_Fleet",0
2014,"High Seas","I9","Catch_by_Fleet",0
2015,"High Seas","I9","Catch_by_Fleet",0
2016,"High Seas","I9","Catch_by_Fleet",0
2017,"High Seas","I9","Catch_by_Fleet",0
2018,"High Seas","I9","Catch_by_Fleet",0
2019,"High Seas","I9","Catch_by_Fleet",0
2020,"High Seas","I9","Catch_by_Fleet",0
2021,"High Seas","I9","Catch_by_Fleet",0
2022,"High Seas","I9","Catch_by_Fleet",0
2023,"High Seas","I9","Catch_by_Fleet",0
2024,"High Seas","I9","Catch_by_Fleet",0
1997,"High Seas","IW","Catch_by_Fleet",0
1998,"High Seas","IW","Catch_by_Fleet",0
1999,"High Seas","IW","Catch_by_Fleet",0
2000,"High Seas","IW","Catch_by_Fleet",0
2001,"High Seas","IW","Catch_by_Fleet",0
2002,"High Seas","IW","Catch_by_Fleet",0
2003,"High Seas","IW","Catch_by_Fleet",0
2004,"High Seas","IW","Catch_by_Fleet",0
2005,"High Seas","IW","Catch_by_Fleet",0
2006,"High Seas","IW","Catch_by_Fleet",0
2007,"High Seas","IW","Catch_by_Fleet",0
2008,"High Seas","IW","Catch_by_Fleet",0
2009,"High Seas","IW","Catch_by_Fleet",0
2010,"High Seas","IW","Catch_by_Fleet",0
2011,"High Seas","IW","Catch_by_Fleet",0
2012,"High Seas","IW","Catch_by_Fleet",0
2013,"High Seas","IW","Catch_by_Fleet",0
2014,"High Seas","IW","Catch_by_Fleet",0
2015,"High Seas","IW","Catch_by_Fleet",0
2016,"High Seas","IW","Catch_by_Fleet",0
2017,"High Seas","IW","Catch_by_Fleet",0
2018,"High Seas","IW","Catch_by_Fleet",0
2019,"High Seas","IW","Catch_by_Fleet",0
2020,"High Seas","IW","Catch_by_Fleet",0
2021,"High Seas","IW","Catch_by_Fleet",0
2022,"High Seas","IW","Catch_by_Fleet",0
2023,"High Seas","IW","Catch_by_Fleet",0
2024,"High Seas","IW","Catch_by_Fleet",0
1997,"PNA Member","FSM","Catch_by_Fleet",8254
1998,"PNA Member","FSM","Catch_by_Fleet",14177
1999,"PNA Member","FSM","Catch_by_Fleet",10883
2000,"PNA Member","FSM","Catch_by_Fleet",21650
2001,"PNA Member","FSM","Catch_by_Fleet",17647
2002,"PNA Member","FSM","Catch_by_Fleet",20608
2003,"PNA Member","FSM","Catch_by_Fleet",30828
2004,"PNA Member","FSM","Catch_by_Fleet",28466
2005,"PNA Member","FSM","Catch_by_Fleet",28303
2006,"PNA Member","FSM","Catch_by_Fleet",10771
2007,"PNA Member","FSM","Catch_by_Fleet",15442
2008,"PNA Member","FSM","Catch_by_Fleet",19425
2009,"PNA Member","FSM","Catch_by_Fleet",26442
2010,"PNA Member","FSM","Catch_by_Fleet",26408
2011,"PNA Member","FSM","Catch_by_Fleet",28784
2012,"PNA Member","FSM","Catch_by_Fleet",38986
2013,"PNA Member","FSM","Catch_by_Fleet",30756
2014,"PNA Member","FSM","Catch_by_Fleet",42707
2015,"PNA Member","FSM","Catch_by_Fleet",61206
2016,"PNA Member","FSM","Catch_by_Fleet",77418
2017,"PNA Member","FSM","Catch_by_Fleet",89845
2018,"PNA Member","FSM","Catch_by_Fleet",126698
2019,"PNA Member","FSM","Catch_by_Fleet",170072
2020,"PNA Member","FSM","Catch_by_Fleet",182607
2021,"PNA Member","FSM","Catch_by_Fleet",154638
2022,"PNA Member","FSM","Catch_by_Fleet",167222
2023,"PNA Member","FSM","Catch_by_Fleet",151300
2024,"PNA Member","FSM","Catch_by_Fleet",196640
1997,"PNA Member","Kiribati","Catch_by_Fleet",6798
1998,"PNA Member","Kiribati","Catch_by_Fleet",9390
1999,"PNA Member","Kiribati","Catch_by_Fleet",9794
2000,"PNA Member","Kiribati","Catch_by_Fleet",14727
2001,"PNA Member","Kiribati","Catch_by_Fleet",5401
2002,"PNA Member","Kiribati","Catch_by_Fleet",9829
2003,"PNA Member","Kiribati","Catch_by_Fleet",6896
2004,"PNA Member","Kiribati","Catch_by_Fleet",6663
2005,"PNA Member","Kiribati","Catch_by_Fleet",9165
2006,"PNA Member","Kiribati","Catch_by_Fleet",6724
2007,"PNA Member","Kiribati","Catch_by_Fleet",18019
2008,"PNA Member","Kiribati","Catch_by_Fleet",19408
2009,"PNA Member","Kiribati","Catch_by_Fleet",34007
2010,"PNA Member","Kiribati","Catch_by_Fleet",38949
2011,"PNA Member","Kiribati","Catch_by_Fleet",59611
2012,"PNA Member","Kiribati","Catch_by_Fleet",74107
2013,"PNA Member","Kiribati","Catch_by_Fleet",77780
2014,"PNA Member","Kiribati","Catch_by_Fleet",114153
2015,"PNA Member","Kiribati","Catch_by_Fleet",142624
2016,"PNA Member","Kiribati","Catch_by_Fleet",171086
2017,"PNA Member","Kiribati","Catch_by_Fleet",159390
2018,"PNA Member","Kiribati","Catch_by_Fleet",194790
2019,"PNA Member","Kiribati","Catch_by_Fleet",235572
2020,"PNA Member","Kiribati","Catch_by_Fleet",209502
2021,"PNA Member","Kiribati","Catch_by_Fleet",188072
2022,"PNA Member","Kiribati","Catch_by_Fleet",199548
2023,"PNA Member","Kiribati","Catch_by_Fleet",235382
2024,"PNA Member","Kiribati","Catch_by_Fleet",263264
1997,"PNA Member","Marshall Islands","Catch_by_Fleet",0
1998,"PNA Member","Marshall Islands","Catch_by_Fleet",0
1999,"PNA Member","Marshall Islands","Catch_by_Fleet",0
2000,"PNA Member","Marshall Islands","Catch_by_Fleet",7560
2001,"PNA Member","Marshall Islands","Catch_by_Fleet",35772
2002,"PNA Member","Marshall Islands","Catch_by_Fleet",38952
2003,"PNA Member","Marshall Islands","Catch_by_Fleet",37876
2004,"PNA Member","Marshall Islands","Catch_by_Fleet",46677
2005,"PNA Member","Marshall Islands","Catch_by_Fleet",56167
2006,"PNA Member","Marshall Islands","Catch_by_Fleet",42346
2007,"PNA Member","Marshall Islands","Catch_by_Fleet",59364
2008,"PNA Member","Marshall Islands","Catch_by_Fleet",33015
2009,"PNA Member","Marshall Islands","Catch_by_Fleet",43976
2010,"PNA Member","Marshall Islands","Catch_by_Fleet",57229
2011,"PNA Member","Marshall Islands","Catch_by_Fleet",90543
2012,"PNA Member","Marshall Islands","Catch_by_Fleet",74061
2013,"PNA Member","Marshall Islands","Catch_by_Fleet",77766
2014,"PNA Member","Marshall Islands","Catch_by_Fleet",75895
2015,"PNA Member","Marshall Islands","Catch_by_Fleet",86872
2016,"PNA Member","Marshall Islands","Catch_by_Fleet",62208
2017,"PNA Member","Marshall Islands","Catch_by_Fleet",67009
2018,"PNA Member","Marshall Islands","Catch_by_Fleet",75290
2019,"PNA Member","Marshall Islands","Catch_by_Fleet",98339
2020,"PNA Member","Marshall Islands","Catch_by_Fleet",85213
2021,"PNA Member","Marshall Islands","Catch_by_Fleet",92644
2022,"PNA Member","Marshall Islands","Catch_by_Fleet",88294
2023,"PNA Member","Marshall Islands","Catch_by_Fleet",70181
2024,"PNA Member","Marshall Islands","Catch_by_Fleet",95083
1997,"PNA Member","Nauru","Catch_by_Fleet",0
1998,"PNA Member","Nauru","Catch_by_Fleet",0
1999,"PNA Member","Nauru","Catch_by_Fleet",0
2000,"PNA Member","Nauru","Catch_by_Fleet",11
2001,"PNA Member","Nauru","Catch_by_Fleet",13
2002,"PNA Member","Nauru","Catch_by_Fleet",7
2003,"PNA Member","Nauru","Catch_by_Fleet",20
2004,"PNA Member","Nauru","Catch_by_Fleet",3
2005,"PNA Member","Nauru","Catch_by_Fleet",0
2006,"PNA Member","Nauru","Catch_by_Fleet",0
2007,"PNA Member","Nauru","Catch_by_Fleet",0
2008,"PNA Member","Nauru","Catch_by_Fleet",3
2009,"PNA Member","Nauru","Catch_by_Fleet",8
2010,"PNA Member","Nauru","Catch_by_Fleet",4
2011,"PNA Member","Nauru","Catch_by_Fleet",11
2012,"PNA Member","Nauru","Catch_by_Fleet",11
2013,"PNA Member","Nauru","Catch_by_Fleet",19
2014,"PNA Member","Nauru","Catch_by_Fleet",19
2015,"PNA Member","Nauru","Catch_by_Fleet",19
2016,"PNA Member","Nauru","Catch_by_Fleet",19
2017,"PNA Member","Nauru","Catch_by_Fleet",19
2018,"PNA Member","Nauru","Catch_by_Fleet",8897
2019,"PNA Member","Nauru","Catch_by_Fleet",33259
2020,"PNA Member","Nauru","Catch_by_Fleet",92108
2021,"PNA Member","Nauru","Catch_by_Fleet",120113
2022,"PNA Member","Nauru","Catch_by_Fleet",106477
2023,"PNA Member","Nauru","Catch_by_Fleet",102960
2024,"PNA Member","Nauru","Catch_by_Fleet",87077
1997,"PNA Member","Palau","Catch_by_Fleet",107
1998,"PNA Member","Palau","Catch_by_Fleet",100
1999,"PNA Member","Palau","Catch_by_Fleet",100
2000,"PNA Member","Palau","Catch_by_Fleet",240
2001,"PNA Member","Palau","Catch_by_Fleet",62
2002,"PNA Member","Palau","Catch_by_Fleet",4
2003,"PNA Member","Palau","Catch_by_Fleet",20
2004,"PNA Member","Palau","Catch_by_Fleet",35
2005,"PNA Member","Palau","Catch_by_Fleet",0
2006,"PNA Member","Palau","Catch_by_Fleet",0
2007,"PNA Member","Palau","Catch_by_Fleet",0
2008,"PNA Member","Palau","Catch_by_Fleet",0
2009,"PNA Member","Palau","Catch_by_Fleet",0
2010,"PNA Member","Palau","Catch_by_Fleet",0
2011,"PNA Member","Palau","Catch_by_Fleet",0
2012,"PNA Member","Palau","Catch_by_Fleet",0
2013,"PNA Member","Palau","Catch_by_Fleet",0
2014,"PNA Member","Palau","Catch_by_Fleet",0
2015,"PNA Member","Palau","Catch_by_Fleet",0
2016,"PNA Member","Palau","Catch_by_Fleet",0
2017,"PNA Member","Palau","Catch_by_Fleet",2504
2018,"PNA Member","Palau","Catch_by_Fleet",2943
2019,"PNA Member","Palau","Catch_by_Fleet",2509
2020,"PNA Member","Palau","Catch_by_Fleet",1
2021,"PNA Member","Palau","Catch_by_Fleet",33
2022,"PNA Member","Palau","Catch_by_Fleet",24
2023,"PNA Member","Palau","Catch_by_Fleet",8
2024,"PNA Member","Palau","Catch_by_Fleet",0
1997,"PNA Member","PNG","Catch_by_Fleet",19398
1998,"PNA Member","PNG","Catch_by_Fleet",50693
1999,"PNA Member","PNG","Catch_by_Fleet",38983
2000,"PNA Member","PNG","Catch_by_Fleet",68760
2001,"PNA Member","PNG","Catch_by_Fleet",92803
2002,"PNA Member","PNG","Catch_by_Fleet",124670
2003,"PNA Member","PNG","Catch_by_Fleet",167152
2004,"PNA Member","PNG","Catch_by_Fleet",225438
2005,"PNA Member","PNG","Catch_by_Fleet",240989
2006,"PNA Member","PNG","Catch_by_Fleet",242305
2007,"PNA Member","PNG","Catch_by_Fleet",265199
2008,"PNA Member","PNG","Catch_by_Fleet",233350
2009,"PNA Member","PNG","Catch_by_Fleet",215965
2010,"PNA Member","PNG","Catch_by_Fleet",208255
2011,"PNA Member","PNG","Catch_by_Fleet",178991
2012,"PNA Member","PNG","Catch_by_Fleet",240054
2013,"PNA Member","PNG","Catch_by_Fleet",221890
2014,"PNA Member","PNG","Catch_by_Fleet",236826
2015,"PNA Member","PNG","Catch_by_Fleet",215764
2016,"PNA Member","PNG","Catch_by_Fleet",302691
2017,"PNA Member","PNG","Catch_by_Fleet",308489
2018,"PNA Member","PNG","Catch_by_Fleet",313869
2019,"PNA Member","PNG","Catch_by_Fleet",267351
2020,"PNA Member","PNG","Catch_by_Fleet",198440
2021,"PNA Member","PNG","Catch_by_Fleet",169339
2022,"PNA Member","PNG","Catch_by_Fleet",218267
2023,"PNA Member","PNG","Catch_by_Fleet",201279
2024,"PNA Member","PNG","Catch_by_Fleet",318147
1997,"PNA Member","Solomon  Islands","Catch_by_Fleet",47442
1998,"PNA Member","Solomon  Islands","Catch_by_Fleet",48378
1999,"PNA Member","Solomon  Islands","Catch_by_Fleet",45660
2000,"PNA Member","Solomon  Islands","Catch_by_Fleet",12930
2001,"PNA Member","Solomon  Islands","Catch_by_Fleet",17128
2002,"PNA Member","Solomon  Islands","Catch_by_Fleet",18535
2003,"PNA Member","Solomon  Islands","Catch_by_Fleet",26365
2004,"PNA Member","Solomon  Islands","Catch_by_Fleet",24904
2005,"PNA Member","Solomon  Islands","Catch_by_Fleet",19911
2006,"PNA Member","Solomon  Islands","Catch_by_Fleet",29462
2007,"PNA Member","Solomon  Islands","Catch_by_Fleet",21250
2008,"PNA Member","Solomon  Islands","Catch_by_Fleet",17376
2009,"PNA Member","Solomon  Islands","Catch_by_Fleet",17883
2010,"PNA Member","Solomon  Islands","Catch_by_Fleet",26909
2011,"PNA Member","Solomon  Islands","Catch_by_Fleet",28233
2012,"PNA Member","Solomon  Islands","Catch_by_Fleet",28607
2013,"PNA Member","Solomon  Islands","Catch_by_Fleet",26435
2014,"PNA Member","Solomon  Islands","Catch_by_Fleet",62033
2015,"PNA Member","Solomon  Islands","Catch_by_Fleet",61582
2016,"PNA Member","Solomon  Islands","Catch_by_Fleet",61065
2017,"PNA Member","Solomon  Islands","Catch_by_Fleet",46768
2018,"PNA Member","Solomon  Islands","Catch_by_Fleet",61639
2019,"PNA Member","Solomon  Islands","Catch_by_Fleet",67320
2020,"PNA Member","Solomon  Islands","Catch_by_Fleet",39834
2021,"PNA Member","Solomon  Islands","Catch_by_Fleet",49416
2022,"PNA Member","Solomon  Islands","Catch_by_Fleet",47502
2023,"PNA Member","Solomon  Islands","Catch_by_Fleet",39590
2024,"PNA Member","Solomon  Islands","Catch_by_Fleet",68835
1997,"PNA Member","Tokelau","Catch_by_Fleet",0
1998,"PNA Member","Tokelau","Catch_by_Fleet",0
1999,"PNA Member","Tokelau","Catch_by_Fleet",0
2000,"PNA Member","Tokelau","Catch_by_Fleet",0
2001,"PNA Member","Tokelau","Catch_by_Fleet",0
2002,"PNA Member","Tokelau","Catch_by_Fleet",8
2003,"PNA Member","Tokelau","Catch_by_Fleet",3
2004,"PNA Member","Tokelau","Catch_by_Fleet",3
2005,"PNA Member","Tokelau","Catch_by_Fleet",6
2006,"PNA Member","Tokelau","Catch_by_Fleet",6
2007,"PNA Member","Tokelau","Catch_by_Fleet",8
2008,"PNA Member","Tokelau","Catch_by_Fleet",8
2009,"PNA Member","Tokelau","Catch_by_Fleet",12
2010,"PNA Member","Tokelau","Catch_by_Fleet",4
2011,"PNA Member","Tokelau","Catch_by_Fleet",4
2012,"PNA Member","Tokelau","Catch_by_Fleet",229
2013,"PNA Member","Tokelau","Catch_by_Fleet",177
2014,"PNA Member","Tokelau","Catch_by_Fleet",86
2015,"PNA Member","Tokelau","Catch_by_Fleet",179
2016,"PNA Member","Tokelau","Catch_by_Fleet",179
2017,"PNA Member","Tokelau","Catch_by_Fleet",67
2018,"PNA Member","Tokelau","Catch_by_Fleet",55
2019,"PNA Member","Tokelau","Catch_by_Fleet",67
2020,"PNA Member","Tokelau","Catch_by_Fleet",51
2021,"PNA Member","Tokelau","Catch_by_Fleet",51
2022,"PNA Member","Tokelau","Catch_by_Fleet",19
2023,"PNA Member","Tokelau","Catch_by_Fleet",50
2024,"PNA Member","Tokelau","Catch_by_Fleet",77
1997,"PNA Member","Tuvalu","Catch_by_Fleet",0
1998,"PNA Member","Tuvalu","Catch_by_Fleet",0
1999,"PNA Member","Tuvalu","Catch_by_Fleet",0
2000,"PNA Member","Tuvalu","Catch_by_Fleet",0
2001,"PNA Member","Tuvalu","Catch_by_Fleet",0
2002,"PNA Member","Tuvalu","Catch_by_Fleet",0
2003,"PNA Member","Tuvalu","Catch_by_Fleet",0
2004,"PNA Member","Tuvalu","Catch_by_Fleet",0
2005,"PNA Member","Tuvalu","Catch_by_Fleet",19
2006,"PNA Member","Tuvalu","Catch_by_Fleet",12
2007,"PNA Member","Tuvalu","Catch_by_Fleet",26
2008,"PNA Member","Tuvalu","Catch_by_Fleet",22
2009,"PNA Member","Tuvalu","Catch_by_Fleet",4454
2010,"PNA Member","Tuvalu","Catch_by_Fleet",10580
2011,"PNA Member","Tuvalu","Catch_by_Fleet",10774
2012,"PNA Member","Tuvalu","Catch_by_Fleet",16465
2013,"PNA Member","Tuvalu","Catch_by_Fleet",11898
2014,"PNA Member","Tuvalu","Catch_by_Fleet",6354
2015,"PNA Member","Tuvalu","Catch_by_Fleet",5130
2016,"PNA Member","Tuvalu","Catch_by_Fleet",6609
2017,"PNA Member","Tuvalu","Catch_by_Fleet",6429
2018,"PNA Member","Tuvalu","Catch_by_Fleet",11785
2019,"PNA Member","Tuvalu","Catch_by_Fleet",7347
2020,"PNA Member","Tuvalu","Catch_by_Fleet",10298
2021,"PNA Member","Tuvalu","Catch_by_Fleet",30080
2022,"PNA Member","Tuvalu","Catch_by_Fleet",41770
2023,"PNA Member","Tuvalu","Catch_by_Fleet",47957
2024,"PNA Member","Tuvalu","Catch_by_Fleet",44721
1997,"SPC Member","American Samoa","Catch_by_Fleet",0
1998,"SPC Member","American Samoa","Catch_by_Fleet",0
1999,"SPC Member","American Samoa","Catch_by_Fleet",0
2000,"SPC Member","American Samoa","Catch_by_Fleet",0
2001,"SPC Member","American Samoa","Catch_by_Fleet",0
2002,"SPC Member","American Samoa","Catch_by_Fleet",0
2003,"SPC Member","American Samoa","Catch_by_Fleet",0
2004,"SPC Member","American Samoa","Catch_by_Fleet",0
2005,"SPC Member","American Samoa","Catch_by_Fleet",0
2006,"SPC Member","American Samoa","Catch_by_Fleet",0
2007,"SPC Member","American Samoa","Catch_by_Fleet",0
2008,"SPC Member","American Samoa","Catch_by_Fleet",0
2009,"SPC Member","American Samoa","Catch_by_Fleet",0
2010,"SPC Member","American Samoa","Catch_by_Fleet",0
2011,"SPC Member","American Samoa","Catch_by_Fleet",0
2012,"SPC Member","American Samoa","Catch_by_Fleet",0
2013,"SPC Member","American Samoa","Catch_by_Fleet",0
2014,"SPC Member","American Samoa","Catch_by_Fleet",0
2015,"SPC Member","American Samoa","Catch_by_Fleet",0
2016,"SPC Member","American Samoa","Catch_by_Fleet",0
2017,"SPC Member","American Samoa","Catch_by_Fleet",0
2018,"SPC Member","American Samoa","Catch_by_Fleet",0
2019,"SPC Member","American Samoa","Catch_by_Fleet",0
2020,"SPC Member","American Samoa","Catch_by_Fleet",0
2021,"SPC Member","American Samoa","Catch_by_Fleet",0
2022,"SPC Member","American Samoa","Catch_by_Fleet",0
2023,"SPC Member","American Samoa","Catch_by_Fleet",0
2024,"SPC Member","American Samoa","Catch_by_Fleet",0
1997,"SPC Member","French Polynesia","Catch_by_Fleet",4564
1998,"SPC Member","French Polynesia","Catch_by_Fleet",5710
1999,"SPC Member","French Polynesia","Catch_by_Fleet",5200
2000,"SPC Member","French Polynesia","Catch_by_Fleet",6833
2001,"SPC Member","French Polynesia","Catch_by_Fleet",7733
2002,"SPC Member","French Polynesia","Catch_by_Fleet",7347
2003,"SPC Member","French Polynesia","Catch_by_Fleet",6309
2004,"SPC Member","French Polynesia","Catch_by_Fleet",5496
2005,"SPC Member","French Polynesia","Catch_by_Fleet",5089
2006,"SPC Member","French Polynesia","Catch_by_Fleet",5938
2007,"SPC Member","French Polynesia","Catch_by_Fleet",6408
2008,"SPC Member","French Polynesia","Catch_by_Fleet",5673
2009,"SPC Member","French Polynesia","Catch_by_Fleet",6878
2010,"SPC Member","French Polynesia","Catch_by_Fleet",6250
2011,"SPC Member","French Polynesia","Catch_by_Fleet",6028
2012,"SPC Member","French Polynesia","Catch_by_Fleet",7272
2013,"SPC Member","French Polynesia","Catch_by_Fleet",6691
2014,"SPC Member","French Polynesia","Catch_by_Fleet",7173
2015,"SPC Member","French Polynesia","Catch_by_Fleet",7402
2016,"SPC Member","French Polynesia","Catch_by_Fleet",6665
2017,"SPC Member","French Polynesia","Catch_by_Fleet",6349
2018,"SPC Member","French Polynesia","Catch_by_Fleet",7071
2019,"SPC Member","French Polynesia","Catch_by_Fleet",7371
2020,"SPC Member","French Polynesia","Catch_by_Fleet",6313
2021,"SPC Member","French Polynesia","Catch_by_Fleet",7744
2022,"SPC Member","French Polynesia","Catch_by_Fleet",8539
2023,"SPC Member","French Polynesia","Catch_by_Fleet",9647
2024,"SPC Member","French Polynesia","Catch_by_Fleet",11754
1997,"SPC Member","Mathew and Hunter","Catch_by_Fleet",0
1998,"SPC Member","Mathew and Hunter","Catch_by_Fleet",0
1999,"SPC Member","Mathew and Hunter","Catch_by_Fleet",0
2000,"SPC Member","Mathew and Hunter","Catch_by_Fleet",0
2001,"SPC Member","Mathew and Hunter","Catch_by_Fleet",0
2002,"SPC Member","Mathew and Hunter","Catch_by_Fleet",0
2003,"SPC Member","Mathew and Hunter","Catch_by_Fleet",0
2004,"SPC Member","Mathew and Hunter","Catch_by_Fleet",0
2005,"SPC Member","Mathew and Hunter","Catch_by_Fleet",0
2006,"SPC Member","Mathew and Hunter","Catch_by_Fleet",0
2007,"SPC Member","Mathew and Hunter","Catch_by_Fleet",0
2008,"SPC Member","Mathew and Hunter","Catch_by_Fleet",0
2009,"SPC Member","Mathew and Hunter","Catch_by_Fleet",0
2010,"SPC Member","Mathew and Hunter","Catch_by_Fleet",0
2011,"SPC Member","Mathew and Hunter","Catch_by_Fleet",0
2012,"SPC Member","Mathew and Hunter","Catch_by_Fleet",0
2013,"SPC Member","Mathew and Hunter","Catch_by_Fleet",0
2014,"SPC Member","Mathew and Hunter","Catch_by_Fleet",0
2015,"SPC Member","Mathew and Hunter","Catch_by_Fleet",0
2016,"SPC Member","Mathew and Hunter","Catch_by_Fleet",0
2017,"SPC Member","Mathew and Hunter","Catch_by_Fleet",0
2018,"SPC Member","Mathew and Hunter","Catch_by_Fleet",0
2019,"SPC Member","Mathew and Hunter","Catch_by_Fleet",0
2020,"SPC Member","Mathew and Hunter","Catch_by_Fleet",0
2021,"SPC Member","Mathew and Hunter","Catch_by_Fleet",0
2022,"SPC Member","Mathew and Hunter","Catch_by_Fleet",0
2023,"SPC Member","Mathew and Hunter","Catch_by_Fleet",0
2024,"SPC Member","Mathew and Hunter","Catch_by_Fleet",0
1997,"SPC Member","New Caledonia","Catch_by_Fleet",976
1998,"SPC Member","New Caledonia","Catch_by_Fleet",1543
1999,"SPC Member","New Caledonia","Catch_by_Fleet",1615
2000,"SPC Member","New Caledonia","Catch_by_Fleet",1662
2001,"SPC Member","New Caledonia","Catch_by_Fleet",1718
2002,"SPC Member","New Caledonia","Catch_by_Fleet",1926
2003,"SPC Member","New Caledonia","Catch_by_Fleet",2005
2004,"SPC Member","New Caledonia","Catch_by_Fleet",2189
2005,"SPC Member","New Caledonia","Catch_by_Fleet",2114
2006,"SPC Member","New Caledonia","Catch_by_Fleet",1807
2007,"SPC Member","New Caledonia","Catch_by_Fleet",1770
2008,"SPC Member","New Caledonia","Catch_by_Fleet",1993
2009,"SPC Member","New Caledonia","Catch_by_Fleet",2187
2010,"SPC Member","New Caledonia","Catch_by_Fleet",2488
2011,"SPC Member","New Caledonia","Catch_by_Fleet",2362
2012,"SPC Member","New Caledonia","Catch_by_Fleet",2337
2013,"SPC Member","New Caledonia","Catch_by_Fleet",2313
2014,"SPC Member","New Caledonia","Catch_by_Fleet",2429
2015,"SPC Member","New Caledonia","Catch_by_Fleet",2504
2016,"SPC Member","New Caledonia","Catch_by_Fleet",2361
2017,"SPC Member","New Caledonia","Catch_by_Fleet",2382
2018,"SPC Member","New Caledonia","Catch_by_Fleet",2280
2019,"SPC Member","New Caledonia","Catch_by_Fleet",2750
2020,"SPC Member","New Caledonia","Catch_by_Fleet",2468
2021,"SPC Member","New Caledonia","Catch_by_Fleet",2469
2022,"SPC Member","New Caledonia","Catch_by_Fleet",2905
2023,"SPC Member","New Caledonia","Catch_by_Fleet",2521
2024,"SPC Member","New Caledonia","Catch_by_Fleet",2800
1997,"SPC Member","Northern Mariana Islands","Catch_by_Fleet",0
1998,"SPC Member","Northern Mariana Islands","Catch_by_Fleet",0
1999,"SPC Member","Northern Mariana Islands","Catch_by_Fleet",0
2000,"SPC Member","Northern Mariana Islands","Catch_by_Fleet",0
2001,"SPC Member","Northern Mariana Islands","Catch_by_Fleet",0
2002,"SPC Member","Northern Mariana Islands","Catch_by_Fleet",0
2003,"SPC Member","Northern Mariana Islands","Catch_by_Fleet",0
2004,"SPC Member","Northern Mariana Islands","Catch_by_Fleet",0
2005,"SPC Member","Northern Mariana Islands","Catch_by_Fleet",0
2006,"SPC Member","Northern Mariana Islands","Catch_by_Fleet",0
2007,"SPC Member","Northern Mariana Islands","Catch_by_Fleet",0
2008,"SPC Member","Northern Mariana Islands","Catch_by_Fleet",0
2009,"SPC Member","Northern Mariana Islands","Catch_by_Fleet",0
2010,"SPC Member","Northern Mariana Islands","Catch_by_Fleet",0
2011,"SPC Member","Northern Mariana Islands","Catch_by_Fleet",0
2012,"SPC Member","Northern Mariana Islands","Catch_by_Fleet",0
2013,"SPC Member","Northern Mariana Islands","Catch_by_Fleet",0
2014,"SPC Member","Northern Mariana Islands","Catch_by_Fleet",0
2015,"SPC Member","Northern Mariana Islands","Catch_by_Fleet",0
2016,"SPC Member","Northern Mariana Islands","Catch_by_Fleet",0
2017,"SPC Member","Northern Mariana Islands","Catch_by_Fleet",0
2018,"SPC Member","Northern Mariana Islands","Catch_by_Fleet",0
2019,"SPC Member","Northern Mariana Islands","Catch_by_Fleet",0
2020,"SPC Member","Northern Mariana Islands","Catch_by_Fleet",0
2021,"SPC Member","Northern Mariana Islands","Catch_by_Fleet",0
2022,"SPC Member","Northern Mariana Islands","Catch_by_Fleet",0
2023,"SPC Member","Northern Mariana Islands","Catch_by_Fleet",0
2024,"SPC Member","Northern Mariana Islands","Catch_by_Fleet",0
1997,"SPC Member","US","Catch_by_Fleet",0
1998,"SPC Member","US","Catch_by_Fleet",0
1999,"SPC Member","US","Catch_by_Fleet",0
2000,"SPC Member","US","Catch_by_Fleet",0
2001,"SPC Member","US","Catch_by_Fleet",0
2002,"SPC Member","US","Catch_by_Fleet",0
2003,"SPC Member","US","Catch_by_Fleet",0
2004,"SPC Member","US","Catch_by_Fleet",0
2005,"SPC Member","US","Catch_by_Fleet",0
2006,"SPC Member","US","Catch_by_Fleet",0
2007,"SPC Member","US","Catch_by_Fleet",0
2008,"SPC Member","US","Catch_by_Fleet",0
2009,"SPC Member","US","Catch_by_Fleet",0
2010,"SPC Member","US","Catch_by_Fleet",0
2011,"SPC Member","US","Catch_by_Fleet",0
2012,"SPC Member","US","Catch_by_Fleet",0
2013,"SPC Member","US","Catch_by_Fleet",0
2014,"SPC Member","US","Catch_by_Fleet",0
2015,"SPC Member","US","Catch_by_Fleet",0
2016,"SPC Member","US","Catch_by_Fleet",0
2017,"SPC Member","US","Catch_by_Fleet",0
2018,"SPC Member","US","Catch_by_Fleet",0
2019,"SPC Member","US","Catch_by_Fleet",0
2020,"SPC Member","US","Catch_by_Fleet",0
2021,"SPC Member","US","Catch_by_Fleet",0
2022,"SPC Member","US","Catch_by_Fleet",0
2023,"SPC Member","US","Catch_by_Fleet",0
2024,"SPC Member","US","Catch_by_Fleet",0
1997,"SPC Member","US (includes territories, ex Am Samoa)","Catch_by_Fleet",0
1998,"SPC Member","US (includes territories, ex Am Samoa)","Catch_by_Fleet",0
1999,"SPC Member","US (includes territories, ex Am Samoa)","Catch_by_Fleet",0
2000,"SPC Member","US (includes territories, ex Am Samoa)","Catch_by_Fleet",0
2001,"SPC Member","US (includes territories, ex Am Samoa)","Catch_by_Fleet",0
2002,"SPC Member","US (includes territories, ex Am Samoa)","Catch_by_Fleet",0
2003,"SPC Member","US (includes territories, ex Am Samoa)","Catch_by_Fleet",0
2004,"SPC Member","US (includes territories, ex Am Samoa)","Catch_by_Fleet",0
2005,"SPC Member","US (includes territories, ex Am Samoa)","Catch_by_Fleet",0
2006,"SPC Member","US (includes territories, ex Am Samoa)","Catch_by_Fleet",0
2007,"SPC Member","US (includes territories, ex Am Samoa)","Catch_by_Fleet",0
2008,"SPC Member","US (includes territories, ex Am Samoa)","Catch_by_Fleet",0
2009,"SPC Member","US (includes territories, ex Am Samoa)","Catch_by_Fleet",0
2010,"SPC Member","US (includes territories, ex Am Samoa)","Catch_by_Fleet",0
2011,"SPC Member","US (includes territories, ex Am Samoa)","Catch_by_Fleet",0
2012,"SPC Member","US (includes territories, ex Am Samoa)","Catch_by_Fleet",0
2013,"SPC Member","US (includes territories, ex Am Samoa)","Catch_by_Fleet",0
2014,"SPC Member","US (includes territories, ex Am Samoa)","Catch_by_Fleet",0
2015,"SPC Member","US (includes territories, ex Am Samoa)","Catch_by_Fleet",0
2016,"SPC Member","US (includes territories, ex Am Samoa)","Catch_by_Fleet",0
2017,"SPC Member","US (includes territories, ex Am Samoa)","Catch_by_Fleet",0
2018,"SPC Member","US (includes territories, ex Am Samoa)","Catch_by_Fleet",0
2019,"SPC Member","US (includes territories, ex Am Samoa)","Catch_by_Fleet",0
2020,"SPC Member","US (includes territories, ex Am Samoa)","Catch_by_Fleet",0
2021,"SPC Member","US (includes territories, ex Am Samoa)","Catch_by_Fleet",0
2022,"SPC Member","US (includes territories, ex Am Samoa)","Catch_by_Fleet",0
2023,"SPC Member","US (includes territories, ex Am Samoa)","Catch_by_Fleet",0
2024,"SPC Member","US (includes territories, ex Am Samoa)","Catch_by_Fleet",0
1997,"SPC Member","US (includes territories, incl Am Samoa)","Catch_by_Fleet",0
1998,"SPC Member","US (includes territories, incl Am Samoa)","Catch_by_Fleet",0
1999,"SPC Member","US (includes territories, incl Am Samoa)","Catch_by_Fleet",0
2000,"SPC Member","US (includes territories, incl Am Samoa)","Catch_by_Fleet",0
2001,"SPC Member","US (includes territories, incl Am Samoa)","Catch_by_Fleet",0
2002,"SPC Member","US (includes territories, incl Am Samoa)","Catch_by_Fleet",0
2003,"SPC Member","US (includes territories, incl Am Samoa)","Catch_by_Fleet",0
2004,"SPC Member","US (includes territories, incl Am Samoa)","Catch_by_Fleet",0
2005,"SPC Member","US (includes territories, incl Am Samoa)","Catch_by_Fleet",0
2006,"SPC Member","US (includes territories, incl Am Samoa)","Catch_by_Fleet",0
2007,"SPC Member","US (includes territories, incl Am Samoa)","Catch_by_Fleet",0
2008,"SPC Member","US (includes territories, incl Am Samoa)","Catch_by_Fleet",0
2009,"SPC Member","US (includes territories, incl Am Samoa)","Catch_by_Fleet",0
2010,"SPC Member","US (includes territories, incl Am Samoa)","Catch_by_Fleet",0
2011,"SPC Member","US (includes territories, incl Am Samoa)","Catch_by_Fleet",0
2012,"SPC Member","US (includes territories, incl Am Samoa)","Catch_by_Fleet",0
2013,"SPC Member","US (includes territories, incl Am Samoa)","Catch_by_Fleet",0
2014,"SPC Member","US (includes territories, incl Am Samoa)","Catch_by_Fleet",0
2015,"SPC Member","US (includes territories, incl Am Samoa)","Catch_by_Fleet",0
2016,"SPC Member","US (includes territories, incl Am Samoa)","Catch_by_Fleet",0
2017,"SPC Member","US (includes territories, incl Am Samoa)","Catch_by_Fleet",0
2018,"SPC Member","US (includes territories, incl Am Samoa)","Catch_by_Fleet",0
2019,"SPC Member","US (includes territories, incl Am Samoa)","Catch_by_Fleet",0
2020,"SPC Member","US (includes territories, incl Am Samoa)","Catch_by_Fleet",0
2021,"SPC Member","US (includes territories, incl Am Samoa)","Catch_by_Fleet",0
2022,"SPC Member","US (includes territories, incl Am Samoa)","Catch_by_Fleet",0
2023,"SPC Member","US (includes territories, incl Am Samoa)","Catch_by_Fleet",0
2024,"SPC Member","US (includes territories, incl Am Samoa)","Catch_by_Fleet",0
1997,"SPC Member","Wallis and Futuna","Catch_by_Fleet",0
1998,"SPC Member","Wallis and Futuna","Catch_by_Fleet",0
1999,"SPC Member","Wallis and Futuna","Catch_by_Fleet",0
2000,"SPC Member","Wallis and Futuna","Catch_by_Fleet",0
2001,"SPC Member","Wallis and Futuna","Catch_by_Fleet",0
2002,"SPC Member","Wallis and Futuna","Catch_by_Fleet",0
2003,"SPC Member","Wallis and Futuna","Catch_by_Fleet",0
2004,"SPC Member","Wallis and Futuna","Catch_by_Fleet",0
2005,"SPC Member","Wallis and Futuna","Catch_by_Fleet",0
2006,"SPC Member","Wallis and Futuna","Catch_by_Fleet",0
2007,"SPC Member","Wallis and Futuna","Catch_by_Fleet",0
2008,"SPC Member","Wallis and Futuna","Catch_by_Fleet",0
2009,"SPC Member","Wallis and Futuna","Catch_by_Fleet",0
2010,"SPC Member","Wallis and Futuna","Catch_by_Fleet",0
2011,"SPC Member","Wallis and Futuna","Catch_by_Fleet",13
2012,"SPC Member","Wallis and Futuna","Catch_by_Fleet",0
2013,"SPC Member","Wallis and Futuna","Catch_by_Fleet",9
2014,"SPC Member","Wallis and Futuna","Catch_by_Fleet",7
2015,"SPC Member","Wallis and Futuna","Catch_by_Fleet",6
2016,"SPC Member","Wallis and Futuna","Catch_by_Fleet",7
2017,"SPC Member","Wallis and Futuna","Catch_by_Fleet",5
2018,"SPC Member","Wallis and Futuna","Catch_by_Fleet",11
2019,"SPC Member","Wallis and Futuna","Catch_by_Fleet",19
2020,"SPC Member","Wallis and Futuna","Catch_by_Fleet",13
2021,"SPC Member","Wallis and Futuna","Catch_by_Fleet",13
2022,"SPC Member","Wallis and Futuna","Catch_by_Fleet",4
2023,"SPC Member","Wallis and Futuna","Catch_by_Fleet",4
2024,"SPC Member","Wallis and Futuna","Catch_by_Fleet",0
1997,"DWFN","Belize","Catch_by_EEZ",0
1998,"DWFN","Belize","Catch_by_EEZ",0
1999,"DWFN","Belize","Catch_by_EEZ",0
2000,"DWFN","Belize","Catch_by_EEZ",0
2001,"DWFN","Belize","Catch_by_EEZ",0
2002,"DWFN","Belize","Catch_by_EEZ",0
2003,"DWFN","Belize","Catch_by_EEZ",0
2004,"DWFN","Belize","Catch_by_EEZ",0
2005,"DWFN","Belize","Catch_by_EEZ",0
2006,"DWFN","Belize","Catch_by_EEZ",0
2007,"DWFN","Belize","Catch_by_EEZ",0
2008,"DWFN","Belize","Catch_by_EEZ",0
2009,"DWFN","Belize","Catch_by_EEZ",0
2010,"DWFN","Belize","Catch_by_EEZ",0
2011,"DWFN","Belize","Catch_by_EEZ",0
2012,"DWFN","Belize","Catch_by_EEZ",0
2013,"DWFN","Belize","Catch_by_EEZ",0
2014,"DWFN","Belize","Catch_by_EEZ",0
2015,"DWFN","Belize","Catch_by_EEZ",0
2016,"DWFN","Belize","Catch_by_EEZ",0
2017,"DWFN","Belize","Catch_by_EEZ",0
2018,"DWFN","Belize","Catch_by_EEZ",0
2019,"DWFN","Belize","Catch_by_EEZ",0
2020,"DWFN","Belize","Catch_by_EEZ",0
2021,"DWFN","Belize","Catch_by_EEZ",0
2022,"DWFN","Belize","Catch_by_EEZ",0
2023,"DWFN","Belize","Catch_by_EEZ",0
2024,"DWFN","Belize","Catch_by_EEZ",0
1997,"DWFN","Canada","Catch_by_EEZ",0
1998,"DWFN","Canada","Catch_by_EEZ",0
1999,"DWFN","Canada","Catch_by_EEZ",0
2000,"DWFN","Canada","Catch_by_EEZ",0
2001,"DWFN","Canada","Catch_by_EEZ",0
2002,"DWFN","Canada","Catch_by_EEZ",0
2003,"DWFN","Canada","Catch_by_EEZ",0
2004,"DWFN","Canada","Catch_by_EEZ",0
2005,"DWFN","Canada","Catch_by_EEZ",0
2006,"DWFN","Canada","Catch_by_EEZ",0
2007,"DWFN","Canada","Catch_by_EEZ",0
2008,"DWFN","Canada","Catch_by_EEZ",0
2009,"DWFN","Canada","Catch_by_EEZ",0
2010,"DWFN","Canada","Catch_by_EEZ",0
2011,"DWFN","Canada","Catch_by_EEZ",0
2012,"DWFN","Canada","Catch_by_EEZ",0
2013,"DWFN","Canada","Catch_by_EEZ",0
2014,"DWFN","Canada","Catch_by_EEZ",0
2015,"DWFN","Canada","Catch_by_EEZ",0
2016,"DWFN","Canada","Catch_by_EEZ",0
2017,"DWFN","Canada","Catch_by_EEZ",0
2018,"DWFN","Canada","Catch_by_EEZ",0
2019,"DWFN","Canada","Catch_by_EEZ",0
2020,"DWFN","Canada","Catch_by_EEZ",0
2021,"DWFN","Canada","Catch_by_EEZ",0
2022,"DWFN","Canada","Catch_by_EEZ",0
2023,"DWFN","Canada","Catch_by_EEZ",0
2024,"DWFN","Canada","Catch_by_EEZ",0
1997,"DWFN","China","Catch_by_EEZ",25
1998,"DWFN","China","Catch_by_EEZ",5
1999,"DWFN","China","Catch_by_EEZ",0
2000,"DWFN","China","Catch_by_EEZ",9
2001,"DWFN","China","Catch_by_EEZ",9
2002,"DWFN","China","Catch_by_EEZ",8
2003,"DWFN","China","Catch_by_EEZ",1
2004,"DWFN","China","Catch_by_EEZ",20
2005,"DWFN","China","Catch_by_EEZ",5
2006,"DWFN","China","Catch_by_EEZ",8
2007,"DWFN","China","Catch_by_EEZ",12
2008,"DWFN","China","Catch_by_EEZ",0
2009,"DWFN","China","Catch_by_EEZ",1
2010,"DWFN","China","Catch_by_EEZ",0
2011,"DWFN","China","Catch_by_EEZ",1
2012,"DWFN","China","Catch_by_EEZ",0
2013,"DWFN","China","Catch_by_EEZ",1
2014,"DWFN","China","Catch_by_EEZ",0
2015,"DWFN","China","Catch_by_EEZ",5
2016,"DWFN","China","Catch_by_EEZ",3
2017,"DWFN","China","Catch_by_EEZ",4
2018,"DWFN","China","Catch_by_EEZ",2
2019,"DWFN","China","Catch_by_EEZ",0
2020,"DWFN","China","Catch_by_EEZ",0
2021,"DWFN","China","Catch_by_EEZ",0
2022,"DWFN","China","Catch_by_EEZ",0
2023,"DWFN","China","Catch_by_EEZ",4
2024,"DWFN","China","Catch_by_EEZ",0
1997,"DWFN","Eastern Pacific fleet","Catch_by_EEZ",0
1998,"DWFN","Eastern Pacific fleet","Catch_by_EEZ",0
1999,"DWFN","Eastern Pacific fleet","Catch_by_EEZ",0
2000,"DWFN","Eastern Pacific fleet","Catch_by_EEZ",0
2001,"DWFN","Eastern Pacific fleet","Catch_by_EEZ",0
2002,"DWFN","Eastern Pacific fleet","Catch_by_EEZ",0
2003,"DWFN","Eastern Pacific fleet","Catch_by_EEZ",0
2004,"DWFN","Eastern Pacific fleet","Catch_by_EEZ",0
2005,"DWFN","Eastern Pacific fleet","Catch_by_EEZ",0
2006,"DWFN","Eastern Pacific fleet","Catch_by_EEZ",0
2007,"DWFN","Eastern Pacific fleet","Catch_by_EEZ",0
2008,"DWFN","Eastern Pacific fleet","Catch_by_EEZ",0
2009,"DWFN","Eastern Pacific fleet","Catch_by_EEZ",0
2010,"DWFN","Eastern Pacific fleet","Catch_by_EEZ",0
2011,"DWFN","Eastern Pacific fleet","Catch_by_EEZ",0
2012,"DWFN","Eastern Pacific fleet","Catch_by_EEZ",0
2013,"DWFN","Eastern Pacific fleet","Catch_by_EEZ",0
2014,"DWFN","Eastern Pacific fleet","Catch_by_EEZ",0
2015,"DWFN","Eastern Pacific fleet","Catch_by_EEZ",0
2016,"DWFN","Eastern Pacific fleet","Catch_by_EEZ",0
2017,"DWFN","Eastern Pacific fleet","Catch_by_EEZ",0
2018,"DWFN","Eastern Pacific fleet","Catch_by_EEZ",0
2019,"DWFN","Eastern Pacific fleet","Catch_by_EEZ",0
2020,"DWFN","Eastern Pacific fleet","Catch_by_EEZ",0
2021,"DWFN","Eastern Pacific fleet","Catch_by_EEZ",0
2022,"DWFN","Eastern Pacific fleet","Catch_by_EEZ",0
2023,"DWFN","Eastern Pacific fleet","Catch_by_EEZ",0
2024,"DWFN","Eastern Pacific fleet","Catch_by_EEZ",0
1997,"DWFN","Ecuador","Catch_by_EEZ",0
1998,"DWFN","Ecuador","Catch_by_EEZ",0
1999,"DWFN","Ecuador","Catch_by_EEZ",0
2000,"DWFN","Ecuador","Catch_by_EEZ",0
2001,"DWFN","Ecuador","Catch_by_EEZ",0
2002,"DWFN","Ecuador","Catch_by_EEZ",0
2003,"DWFN","Ecuador","Catch_by_EEZ",0
2004,"DWFN","Ecuador","Catch_by_EEZ",0
2005,"DWFN","Ecuador","Catch_by_EEZ",0
2006,"DWFN","Ecuador","Catch_by_EEZ",0
2007,"DWFN","Ecuador","Catch_by_EEZ",0
2008,"DWFN","Ecuador","Catch_by_EEZ",0
2009,"DWFN","Ecuador","Catch_by_EEZ",0
2010,"DWFN","Ecuador","Catch_by_EEZ",0
2011,"DWFN","Ecuador","Catch_by_EEZ",0
2012,"DWFN","Ecuador","Catch_by_EEZ",0
2013,"DWFN","Ecuador","Catch_by_EEZ",0
2014,"DWFN","Ecuador","Catch_by_EEZ",0
2015,"DWFN","Ecuador","Catch_by_EEZ",0
2016,"DWFN","Ecuador","Catch_by_EEZ",0
2017,"DWFN","Ecuador","Catch_by_EEZ",0
2018,"DWFN","Ecuador","Catch_by_EEZ",0
2019,"DWFN","Ecuador","Catch_by_EEZ",0
2020,"DWFN","Ecuador","Catch_by_EEZ",0
2021,"DWFN","Ecuador","Catch_by_EEZ",0
2022,"DWFN","Ecuador","Catch_by_EEZ",0
2023,"DWFN","Ecuador","Catch_by_EEZ",0
2024,"DWFN","Ecuador","Catch_by_EEZ",0
1997,"DWFN","El Salvador","Catch_by_EEZ",0
1998,"DWFN","El Salvador","Catch_by_EEZ",0
1999,"DWFN","El Salvador","Catch_by_EEZ",0
2000,"DWFN","El Salvador","Catch_by_EEZ",0
2001,"DWFN","El Salvador","Catch_by_EEZ",0
2002,"DWFN","El Salvador","Catch_by_EEZ",0
2003,"DWFN","El Salvador","Catch_by_EEZ",0
2004,"DWFN","El Salvador","Catch_by_EEZ",0
2005,"DWFN","El Salvador","Catch_by_EEZ",0
2006,"DWFN","El Salvador","Catch_by_EEZ",0
2007,"DWFN","El Salvador","Catch_by_EEZ",0
2008,"DWFN","El Salvador","Catch_by_EEZ",0
2009,"DWFN","El Salvador","Catch_by_EEZ",0
2010,"DWFN","El Salvador","Catch_by_EEZ",0
2011,"DWFN","El Salvador","Catch_by_EEZ",0
2012,"DWFN","El Salvador","Catch_by_EEZ",0
2013,"DWFN","El Salvador","Catch_by_EEZ",0
2014,"DWFN","El Salvador","Catch_by_EEZ",0
2015,"DWFN","El Salvador","Catch_by_EEZ",0
2016,"DWFN","El Salvador","Catch_by_EEZ",0
2017,"DWFN","El Salvador","Catch_by_EEZ",0
2018,"DWFN","El Salvador","Catch_by_EEZ",0
2019,"DWFN","El Salvador","Catch_by_EEZ",0
2020,"DWFN","El Salvador","Catch_by_EEZ",0
2021,"DWFN","El Salvador","Catch_by_EEZ",0
2022,"DWFN","El Salvador","Catch_by_EEZ",0
2023,"DWFN","El Salvador","Catch_by_EEZ",0
2024,"DWFN","El Salvador","Catch_by_EEZ",0
1997,"DWFN","Indonesia","Catch_by_EEZ",257882
1998,"DWFN","Indonesia","Catch_by_EEZ",339528
1999,"DWFN","Indonesia","Catch_by_EEZ",321799
2000,"DWFN","Indonesia","Catch_by_EEZ",342687
2001,"DWFN","Indonesia","Catch_by_EEZ",314947
2002,"DWFN","Indonesia","Catch_by_EEZ",302821
2003,"DWFN","Indonesia","Catch_by_EEZ",312543
2004,"DWFN","Indonesia","Catch_by_EEZ",413363
2005,"DWFN","Indonesia","Catch_by_EEZ",248450
2006,"DWFN","Indonesia","Catch_by_EEZ",286346
2007,"DWFN","Indonesia","Catch_by_EEZ",322842
2008,"DWFN","Indonesia","Catch_by_EEZ",335818
2009,"DWFN","Indonesia","Catch_by_EEZ",389466
2010,"DWFN","Indonesia","Catch_by_EEZ",358455
2011,"DWFN","Indonesia","Catch_by_EEZ",398075
2012,"DWFN","Indonesia","Catch_by_EEZ",443652
2013,"DWFN","Indonesia","Catch_by_EEZ",526370
2014,"DWFN","Indonesia","Catch_by_EEZ",483018
2015,"DWFN","Indonesia","Catch_by_EEZ",432081
2016,"DWFN","Indonesia","Catch_by_EEZ",525638
2017,"DWFN","Indonesia","Catch_by_EEZ",470966
2018,"DWFN","Indonesia","Catch_by_EEZ",526477
2019,"DWFN","Indonesia","Catch_by_EEZ",536287
2020,"DWFN","Indonesia","Catch_by_EEZ",514558
2021,"DWFN","Indonesia","Catch_by_EEZ",546989
2022,"DWFN","Indonesia","Catch_by_EEZ",513429
2023,"DWFN","Indonesia","Catch_by_EEZ",511995
2024,"DWFN","Indonesia","Catch_by_EEZ",512341
1997,"DWFN","Japan","Catch_by_EEZ",146158
1998,"DWFN","Japan","Catch_by_EEZ",146410
1999,"DWFN","Japan","Catch_by_EEZ",141765
2000,"DWFN","Japan","Catch_by_EEZ",148627
2001,"DWFN","Japan","Catch_by_EEZ",82219
2002,"DWFN","Japan","Catch_by_EEZ",75636
2003,"DWFN","Japan","Catch_by_EEZ",90356
2004,"DWFN","Japan","Catch_by_EEZ",104502
2005,"DWFN","Japan","Catch_by_EEZ",109913
2006,"DWFN","Japan","Catch_by_EEZ",101396
2007,"DWFN","Japan","Catch_by_EEZ",121352
2008,"DWFN","Japan","Catch_by_EEZ",102221
2009,"DWFN","Japan","Catch_by_EEZ",101990
2010,"DWFN","Japan","Catch_by_EEZ",87773
2011,"DWFN","Japan","Catch_by_EEZ",77423
2012,"DWFN","Japan","Catch_by_EEZ",71141
2013,"DWFN","Japan","Catch_by_EEZ",94076
2014,"DWFN","Japan","Catch_by_EEZ",74284
2015,"DWFN","Japan","Catch_by_EEZ",89571
2016,"DWFN","Japan","Catch_by_EEZ",71709
2017,"DWFN","Japan","Catch_by_EEZ",76829
2018,"DWFN","Japan","Catch_by_EEZ",86713
2019,"DWFN","Japan","Catch_by_EEZ",65942
2020,"DWFN","Japan","Catch_by_EEZ",68617
2021,"DWFN","Japan","Catch_by_EEZ",79243
2022,"DWFN","Japan","Catch_by_EEZ",68249
2023,"DWFN","Japan","Catch_by_EEZ",84557
2024,"DWFN","Japan","Catch_by_EEZ",75063
1997,"DWFN","Korea","Catch_by_EEZ",0
1998,"DWFN","Korea","Catch_by_EEZ",0
1999,"DWFN","Korea","Catch_by_EEZ",0
2000,"DWFN","Korea","Catch_by_EEZ",0
2001,"DWFN","Korea","Catch_by_EEZ",0
2002,"DWFN","Korea","Catch_by_EEZ",0
2003,"DWFN","Korea","Catch_by_EEZ",0
2004,"DWFN","Korea","Catch_by_EEZ",0
2005,"DWFN","Korea","Catch_by_EEZ",0
2006,"DWFN","Korea","Catch_by_EEZ",0
2007,"DWFN","Korea","Catch_by_EEZ",0
2008,"DWFN","Korea","Catch_by_EEZ",376
2009,"DWFN","Korea","Catch_by_EEZ",62
2010,"DWFN","Korea","Catch_by_EEZ",325
2011,"DWFN","Korea","Catch_by_EEZ",71
2012,"DWFN","Korea","Catch_by_EEZ",299
2013,"DWFN","Korea","Catch_by_EEZ",234
2014,"DWFN","Korea","Catch_by_EEZ",44
2015,"DWFN","Korea","Catch_by_EEZ",33
2016,"DWFN","Korea","Catch_by_EEZ",2
2017,"DWFN","Korea","Catch_by_EEZ",24
2018,"DWFN","Korea","Catch_by_EEZ",109
2019,"DWFN","Korea","Catch_by_EEZ",4
2020,"DWFN","Korea","Catch_by_EEZ",12
2021,"DWFN","Korea","Catch_by_EEZ",0
2022,"DWFN","Korea","Catch_by_EEZ",0
2023,"DWFN","Korea","Catch_by_EEZ",0
2024,"DWFN","Korea","Catch_by_EEZ",70
1997,"DWFN","Philippines","Catch_by_EEZ",173753
1998,"DWFN","Philippines","Catch_by_EEZ",191743
1999,"DWFN","Philippines","Catch_by_EEZ",194899
2000,"DWFN","Philippines","Catch_by_EEZ",199003
2001,"DWFN","Philippines","Catch_by_EEZ",185060
2002,"DWFN","Philippines","Catch_by_EEZ",205311
2003,"DWFN","Philippines","Catch_by_EEZ",259729
2004,"DWFN","Philippines","Catch_by_EEZ",266705
2005,"DWFN","Philippines","Catch_by_EEZ",273277
2006,"DWFN","Philippines","Catch_by_EEZ",300395
2007,"DWFN","Philippines","Catch_by_EEZ",346832
2008,"DWFN","Philippines","Catch_by_EEZ",370658
2009,"DWFN","Philippines","Catch_by_EEZ",266721
2010,"DWFN","Philippines","Catch_by_EEZ",212163
2011,"DWFN","Philippines","Catch_by_EEZ",113102
2012,"DWFN","Philippines","Catch_by_EEZ",121095
2013,"DWFN","Philippines","Catch_by_EEZ",132279
2014,"DWFN","Philippines","Catch_by_EEZ",154820
2015,"DWFN","Philippines","Catch_by_EEZ",148196
2016,"DWFN","Philippines","Catch_by_EEZ",120892
2017,"DWFN","Philippines","Catch_by_EEZ",145895
2018,"DWFN","Philippines","Catch_by_EEZ",123404
2019,"DWFN","Philippines","Catch_by_EEZ",131428
2020,"DWFN","Philippines","Catch_by_EEZ",155285
2021,"DWFN","Philippines","Catch_by_EEZ",156196
2022,"DWFN","Philippines","Catch_by_EEZ",126451
2023,"DWFN","Philippines","Catch_by_EEZ",138311
2024,"DWFN","Philippines","Catch_by_EEZ",169021
1997,"DWFN","Portugal","Catch_by_EEZ",0
1998,"DWFN","Portugal","Catch_by_EEZ",0
1999,"DWFN","Portugal","Catch_by_EEZ",0
2000,"DWFN","Portugal","Catch_by_EEZ",0
2001,"DWFN","Portugal","Catch_by_EEZ",0
2002,"DWFN","Portugal","Catch_by_EEZ",0
2003,"DWFN","Portugal","Catch_by_EEZ",0
2004,"DWFN","Portugal","Catch_by_EEZ",0
2005,"DWFN","Portugal","Catch_by_EEZ",0
2006,"DWFN","Portugal","Catch_by_EEZ",0
2007,"DWFN","Portugal","Catch_by_EEZ",0
2008,"DWFN","Portugal","Catch_by_EEZ",0
2009,"DWFN","Portugal","Catch_by_EEZ",0
2010,"DWFN","Portugal","Catch_by_EEZ",0
2011,"DWFN","Portugal","Catch_by_EEZ",0
2012,"DWFN","Portugal","Catch_by_EEZ",0
2013,"DWFN","Portugal","Catch_by_EEZ",0
2014,"DWFN","Portugal","Catch_by_EEZ",0
2015,"DWFN","Portugal","Catch_by_EEZ",0
2016,"DWFN","Portugal","Catch_by_EEZ",0
2017,"DWFN","Portugal","Catch_by_EEZ",0
2018,"DWFN","Portugal","Catch_by_EEZ",0
2019,"DWFN","Portugal","Catch_by_EEZ",0
2020,"DWFN","Portugal","Catch_by_EEZ",0
2021,"DWFN","Portugal","Catch_by_EEZ",0
2022,"DWFN","Portugal","Catch_by_EEZ",0
2023,"DWFN","Portugal","Catch_by_EEZ",0
2024,"DWFN","Portugal","Catch_by_EEZ",0
1997,"DWFN","Senegal","Catch_by_EEZ",0
1998,"DWFN","Senegal","Catch_by_EEZ",0
1999,"DWFN","Senegal","Catch_by_EEZ",0
2000,"DWFN","Senegal","Catch_by_EEZ",0
2001,"DWFN","Senegal","Catch_by_EEZ",0
2002,"DWFN","Senegal","Catch_by_EEZ",0
2003,"DWFN","Senegal","Catch_by_EEZ",0
2004,"DWFN","Senegal","Catch_by_EEZ",0
2005,"DWFN","Senegal","Catch_by_EEZ",0
2006,"DWFN","Senegal","Catch_by_EEZ",0
2007,"DWFN","Senegal","Catch_by_EEZ",0
2008,"DWFN","Senegal","Catch_by_EEZ",0
2009,"DWFN","Senegal","Catch_by_EEZ",0
2010,"DWFN","Senegal","Catch_by_EEZ",0
2011,"DWFN","Senegal","Catch_by_EEZ",0
2012,"DWFN","Senegal","Catch_by_EEZ",0
2013,"DWFN","Senegal","Catch_by_EEZ",0
2014,"DWFN","Senegal","Catch_by_EEZ",0
2015,"DWFN","Senegal","Catch_by_EEZ",0
2016,"DWFN","Senegal","Catch_by_EEZ",0
2017,"DWFN","Senegal","Catch_by_EEZ",0
2018,"DWFN","Senegal","Catch_by_EEZ",0
2019,"DWFN","Senegal","Catch_by_EEZ",0
2020,"DWFN","Senegal","Catch_by_EEZ",0
2021,"DWFN","Senegal","Catch_by_EEZ",0
2022,"DWFN","Senegal","Catch_by_EEZ",0
2023,"DWFN","Senegal","Catch_by_EEZ",0
2024,"DWFN","Senegal","Catch_by_EEZ",0
1997,"DWFN","Spain","Catch_by_EEZ",0
1998,"DWFN","Spain","Catch_by_EEZ",0
1999,"DWFN","Spain","Catch_by_EEZ",0
2000,"DWFN","Spain","Catch_by_EEZ",0
2001,"DWFN","Spain","Catch_by_EEZ",0
2002,"DWFN","Spain","Catch_by_EEZ",0
2003,"DWFN","Spain","Catch_by_EEZ",0
2004,"DWFN","Spain","Catch_by_EEZ",0
2005,"DWFN","Spain","Catch_by_EEZ",0
2006,"DWFN","Spain","Catch_by_EEZ",0
2007,"DWFN","Spain","Catch_by_EEZ",0
2008,"DWFN","Spain","Catch_by_EEZ",0
2009,"DWFN","Spain","Catch_by_EEZ",0
2010,"DWFN","Spain","Catch_by_EEZ",0
2011,"DWFN","Spain","Catch_by_EEZ",0
2012,"DWFN","Spain","Catch_by_EEZ",0
2013,"DWFN","Spain","Catch_by_EEZ",0
2014,"DWFN","Spain","Catch_by_EEZ",0
2015,"DWFN","Spain","Catch_by_EEZ",0
2016,"DWFN","Spain","Catch_by_EEZ",0
2017,"DWFN","Spain","Catch_by_EEZ",0
2018,"DWFN","Spain","Catch_by_EEZ",0
2019,"DWFN","Spain","Catch_by_EEZ",0
2020,"DWFN","Spain","Catch_by_EEZ",0
2021,"DWFN","Spain","Catch_by_EEZ",0
2022,"DWFN","Spain","Catch_by_EEZ",0
2023,"DWFN","Spain","Catch_by_EEZ",0
2024,"DWFN","Spain","Catch_by_EEZ",0
1997,"DWFN","Taiwan","Catch_by_EEZ",1495
1998,"DWFN","Taiwan","Catch_by_EEZ",0
1999,"DWFN","Taiwan","Catch_by_EEZ",0
2000,"DWFN","Taiwan","Catch_by_EEZ",0
2001,"DWFN","Taiwan","Catch_by_EEZ",848
2002,"DWFN","Taiwan","Catch_by_EEZ",987
2003,"DWFN","Taiwan","Catch_by_EEZ",1980
2004,"DWFN","Taiwan","Catch_by_EEZ",2473
2005,"DWFN","Taiwan","Catch_by_EEZ",607
2006,"DWFN","Taiwan","Catch_by_EEZ",1231
2007,"DWFN","Taiwan","Catch_by_EEZ",1994
2008,"DWFN","Taiwan","Catch_by_EEZ",2528
2009,"DWFN","Taiwan","Catch_by_EEZ",2790
2010,"DWFN","Taiwan","Catch_by_EEZ",2939
2011,"DWFN","Taiwan","Catch_by_EEZ",3961
2012,"DWFN","Taiwan","Catch_by_EEZ",4054
2013,"DWFN","Taiwan","Catch_by_EEZ",4510
2014,"DWFN","Taiwan","Catch_by_EEZ",4510
2015,"DWFN","Taiwan","Catch_by_EEZ",4510
2016,"DWFN","Taiwan","Catch_by_EEZ",4510
2017,"DWFN","Taiwan","Catch_by_EEZ",4566
2018,"DWFN","Taiwan","Catch_by_EEZ",4532
2019,"DWFN","Taiwan","Catch_by_EEZ",4522
2020,"DWFN","Taiwan","Catch_by_EEZ",4527
2021,"DWFN","Taiwan","Catch_by_EEZ",4530
2022,"DWFN","Taiwan","Catch_by_EEZ",4516
2023,"DWFN","Taiwan","Catch_by_EEZ",4517
2024,"DWFN","Taiwan","Catch_by_EEZ",4510
1997,"DWFN","Vietnam","Catch_by_EEZ",0
1998,"DWFN","Vietnam","Catch_by_EEZ",0
1999,"DWFN","Vietnam","Catch_by_EEZ",0
2000,"DWFN","Vietnam","Catch_by_EEZ",33632
2001,"DWFN","Vietnam","Catch_by_EEZ",35400
2002,"DWFN","Vietnam","Catch_by_EEZ",37683
2003,"DWFN","Vietnam","Catch_by_EEZ",37458
2004,"DWFN","Vietnam","Catch_by_EEZ",50521
2005,"DWFN","Vietnam","Catch_by_EEZ",52409
2006,"DWFN","Vietnam","Catch_by_EEZ",52573
2007,"DWFN","Vietnam","Catch_by_EEZ",54210
2008,"DWFN","Vietnam","Catch_by_EEZ",49903
2009,"DWFN","Vietnam","Catch_by_EEZ",44241
2010,"DWFN","Vietnam","Catch_by_EEZ",41665
2011,"DWFN","Vietnam","Catch_by_EEZ",49584
2012,"DWFN","Vietnam","Catch_by_EEZ",65556
2013,"DWFN","Vietnam","Catch_by_EEZ",78631
2014,"DWFN","Vietnam","Catch_by_EEZ",80842
2015,"DWFN","Vietnam","Catch_by_EEZ",89063
2016,"DWFN","Vietnam","Catch_by_EEZ",123076
2017,"DWFN","Vietnam","Catch_by_EEZ",112626
2018,"DWFN","Vietnam","Catch_by_EEZ",120535
2019,"DWFN","Vietnam","Catch_by_EEZ",109315
2020,"DWFN","Vietnam","Catch_by_EEZ",95540
2021,"DWFN","Vietnam","Catch_by_EEZ",89589
2022,"DWFN","Vietnam","Catch_by_EEZ",97615
2023,"DWFN","Vietnam","Catch_by_EEZ",97145
2024,"DWFN","Vietnam","Catch_by_EEZ",97613
1997,"FFA Member","Australia","Catch_by_EEZ",11224
1998,"FFA Member","Australia","Catch_by_EEZ",5053
1999,"FFA Member","Australia","Catch_by_EEZ",7521
2000,"FFA Member","Australia","Catch_by_EEZ",6971
2001,"FFA Member","Australia","Catch_by_EEZ",5236
2002,"FFA Member","Australia","Catch_by_EEZ",5188
2003,"FFA Member","Australia","Catch_by_EEZ",5686
2004,"FFA Member","Australia","Catch_by_EEZ",4107
2005,"FFA Member","Australia","Catch_by_EEZ",3018
2006,"FFA Member","Australia","Catch_by_EEZ",4962
2007,"FFA Member","Australia","Catch_by_EEZ",4377
2008,"FFA Member","Australia","Catch_by_EEZ",3956
2009,"FFA Member","Australia","Catch_by_EEZ",3658
2010,"FFA Member","Australia","Catch_by_EEZ",2559
2011,"FFA Member","Australia","Catch_by_EEZ",2916
2012,"FFA Member","Australia","Catch_by_EEZ",2519
2013,"FFA Member","Australia","Catch_by_EEZ",2584
2014,"FFA Member","Australia","Catch_by_EEZ",2911
2015,"FFA Member","Australia","Catch_by_EEZ",3907
2016,"FFA Member","Australia","Catch_by_EEZ",3458
2017,"FFA Member","Australia","Catch_by_EEZ",2918
2018,"FFA Member","Australia","Catch_by_EEZ",2390
2019,"FFA Member","Australia","Catch_by_EEZ",3009
2020,"FFA Member","Australia","Catch_by_EEZ",3193
2021,"FFA Member","Australia","Catch_by_EEZ",2888
2022,"FFA Member","Australia","Catch_by_EEZ",2888
2023,"FFA Member","Australia","Catch_by_EEZ",2529
2024,"FFA Member","Australia","Catch_by_EEZ",3813
1997,"FFA Member","Cook Islands","Catch_by_EEZ",236
1998,"FFA Member","Cook Islands","Catch_by_EEZ",744
1999,"FFA Member","Cook Islands","Catch_by_EEZ",283
2000,"FFA Member","Cook Islands","Catch_by_EEZ",318
2001,"FFA Member","Cook Islands","Catch_by_EEZ",1495
2002,"FFA Member","Cook Islands","Catch_by_EEZ",5192
2003,"FFA Member","Cook Islands","Catch_by_EEZ",2367
2004,"FFA Member","Cook Islands","Catch_by_EEZ",3285
2005,"FFA Member","Cook Islands","Catch_by_EEZ",2927
2006,"FFA Member","Cook Islands","Catch_by_EEZ",2432
2007,"FFA Member","Cook Islands","Catch_by_EEZ",3510
2008,"FFA Member","Cook Islands","Catch_by_EEZ",3858
2009,"FFA Member","Cook Islands","Catch_by_EEZ",6483
2010,"FFA Member","Cook Islands","Catch_by_EEZ",6617
2011,"FFA Member","Cook Islands","Catch_by_EEZ",11164
2012,"FFA Member","Cook Islands","Catch_by_EEZ",30757
2013,"FFA Member","Cook Islands","Catch_by_EEZ",16650
2014,"FFA Member","Cook Islands","Catch_by_EEZ",20429
2015,"FFA Member","Cook Islands","Catch_by_EEZ",24577
2016,"FFA Member","Cook Islands","Catch_by_EEZ",13875
2017,"FFA Member","Cook Islands","Catch_by_EEZ",24062
2018,"FFA Member","Cook Islands","Catch_by_EEZ",40070
2019,"FFA Member","Cook Islands","Catch_by_EEZ",39838
2020,"FFA Member","Cook Islands","Catch_by_EEZ",20112
2021,"FFA Member","Cook Islands","Catch_by_EEZ",7816
2022,"FFA Member","Cook Islands","Catch_by_EEZ",12503
2023,"FFA Member","Cook Islands","Catch_by_EEZ",20485
2024,"FFA Member","Cook Islands","Catch_by_EEZ",14110
1997,"FFA Member","Fiji","Catch_by_EEZ",4917
1998,"FFA Member","Fiji","Catch_by_EEZ",4660
1999,"FFA Member","Fiji","Catch_by_EEZ",4706
2000,"FFA Member","Fiji","Catch_by_EEZ",9052
2001,"FFA Member","Fiji","Catch_by_EEZ",11364
2002,"FFA Member","Fiji","Catch_by_EEZ",10125
2003,"FFA Member","Fiji","Catch_by_EEZ",7734
2004,"FFA Member","Fiji","Catch_by_EEZ",10639
2005,"FFA Member","Fiji","Catch_by_EEZ",8726
2006,"FFA Member","Fiji","Catch_by_EEZ",8056
2007,"FFA Member","Fiji","Catch_by_EEZ",6251
2008,"FFA Member","Fiji","Catch_by_EEZ",7550
2009,"FFA Member","Fiji","Catch_by_EEZ",8353
2010,"FFA Member","Fiji","Catch_by_EEZ",9909
2011,"FFA Member","Fiji","Catch_by_EEZ",7348
2012,"FFA Member","Fiji","Catch_by_EEZ",6854
2013,"FFA Member","Fiji","Catch_by_EEZ",5471
2014,"FFA Member","Fiji","Catch_by_EEZ",7011
2015,"FFA Member","Fiji","Catch_by_EEZ",11662
2016,"FFA Member","Fiji","Catch_by_EEZ",10408
2017,"FFA Member","Fiji","Catch_by_EEZ",12136
2018,"FFA Member","Fiji","Catch_by_EEZ",8876
2019,"FFA Member","Fiji","Catch_by_EEZ",8940
2020,"FFA Member","Fiji","Catch_by_EEZ",8116
2021,"FFA Member","Fiji","Catch_by_EEZ",6920
2022,"FFA Member","Fiji","Catch_by_EEZ",8175
2023,"FFA Member","Fiji","Catch_by_EEZ",6055
2024,"FFA Member","Fiji","Catch_by_EEZ",10423
1997,"FFA Member","New Zealand","Catch_by_EEZ",10451
1998,"FFA Member","New Zealand","Catch_by_EEZ",15422
1999,"FFA Member","New Zealand","Catch_by_EEZ",10697
2000,"FFA Member","New Zealand","Catch_by_EEZ",16939
2001,"FFA Member","New Zealand","Catch_by_EEZ",10075
2002,"FFA Member","New Zealand","Catch_by_EEZ",10564
2003,"FFA Member","New Zealand","Catch_by_EEZ",10182
2004,"FFA Member","New Zealand","Catch_by_EEZ",15750
2005,"FFA Member","New Zealand","Catch_by_EEZ",14229
2006,"FFA Member","New Zealand","Catch_by_EEZ",8317
2007,"FFA Member","New Zealand","Catch_by_EEZ",11568
2008,"FFA Member","New Zealand","Catch_by_EEZ",11619
2009,"FFA Member","New Zealand","Catch_by_EEZ",6348
2010,"FFA Member","New Zealand","Catch_by_EEZ",9388
2011,"FFA Member","New Zealand","Catch_by_EEZ",12807
2012,"FFA Member","New Zealand","Catch_by_EEZ",12366
2013,"FFA Member","New Zealand","Catch_by_EEZ",15590
2014,"FFA Member","New Zealand","Catch_by_EEZ",11928
2015,"FFA Member","New Zealand","Catch_by_EEZ",13452
2016,"FFA Member","New Zealand","Catch_by_EEZ",7840
2017,"FFA Member","New Zealand","Catch_by_EEZ",6372
2018,"FFA Member","New Zealand","Catch_by_EEZ",6363
2019,"FFA Member","New Zealand","Catch_by_EEZ",8276
2020,"FFA Member","New Zealand","Catch_by_EEZ",8661
2021,"FFA Member","New Zealand","Catch_by_EEZ",8507
2022,"FFA Member","New Zealand","Catch_by_EEZ",3449
2023,"FFA Member","New Zealand","Catch_by_EEZ",1208
2024,"FFA Member","New Zealand","Catch_by_EEZ",1327
1997,"FFA Member","Niue","Catch_by_EEZ",94
1998,"FFA Member","Niue","Catch_by_EEZ",3
1999,"FFA Member","Niue","Catch_by_EEZ",0
2000,"FFA Member","Niue","Catch_by_EEZ",0
2001,"FFA Member","Niue","Catch_by_EEZ",0
2002,"FFA Member","Niue","Catch_by_EEZ",37
2003,"FFA Member","Niue","Catch_by_EEZ",0
2004,"FFA Member","Niue","Catch_by_EEZ",6
2005,"FFA Member","Niue","Catch_by_EEZ",105
2006,"FFA Member","Niue","Catch_by_EEZ",345
2007,"FFA Member","Niue","Catch_by_EEZ",306
2008,"FFA Member","Niue","Catch_by_EEZ",435
2009,"FFA Member","Niue","Catch_by_EEZ",294
2010,"FFA Member","Niue","Catch_by_EEZ",222
2011,"FFA Member","Niue","Catch_by_EEZ",0
2012,"FFA Member","Niue","Catch_by_EEZ",0
2013,"FFA Member","Niue","Catch_by_EEZ",421
2014,"FFA Member","Niue","Catch_by_EEZ",274
2015,"FFA Member","Niue","Catch_by_EEZ",263
2016,"FFA Member","Niue","Catch_by_EEZ",103
2017,"FFA Member","Niue","Catch_by_EEZ",17
2018,"FFA Member","Niue","Catch_by_EEZ",423
2019,"FFA Member","Niue","Catch_by_EEZ",468
2020,"FFA Member","Niue","Catch_by_EEZ",226
2021,"FFA Member","Niue","Catch_by_EEZ",25
2022,"FFA Member","Niue","Catch_by_EEZ",3
2023,"FFA Member","Niue","Catch_by_EEZ",5
2024,"FFA Member","Niue","Catch_by_EEZ",15
1997,"FFA Member","Samoa","Catch_by_EEZ",5498
1998,"FFA Member","Samoa","Catch_by_EEZ",6820
1999,"FFA Member","Samoa","Catch_by_EEZ",6067
2000,"FFA Member","Samoa","Catch_by_EEZ",5589
2001,"FFA Member","Samoa","Catch_by_EEZ",5894
2002,"FFA Member","Samoa","Catch_by_EEZ",4998
2003,"FFA Member","Samoa","Catch_by_EEZ",2944
2004,"FFA Member","Samoa","Catch_by_EEZ",1967
2005,"FFA Member","Samoa","Catch_by_EEZ",1626
2006,"FFA Member","Samoa","Catch_by_EEZ",2564
2007,"FFA Member","Samoa","Catch_by_EEZ",3563
2008,"FFA Member","Samoa","Catch_by_EEZ",2923
2009,"FFA Member","Samoa","Catch_by_EEZ",3572
2010,"FFA Member","Samoa","Catch_by_EEZ",3347
2011,"FFA Member","Samoa","Catch_by_EEZ",2752
2012,"FFA Member","Samoa","Catch_by_EEZ",3257
2013,"FFA Member","Samoa","Catch_by_EEZ",2052
2014,"FFA Member","Samoa","Catch_by_EEZ",1386
2015,"FFA Member","Samoa","Catch_by_EEZ",2239
2016,"FFA Member","Samoa","Catch_by_EEZ",3540
2017,"FFA Member","Samoa","Catch_by_EEZ",2450
2018,"FFA Member","Samoa","Catch_by_EEZ",1844
2019,"FFA Member","Samoa","Catch_by_EEZ",1883
2020,"FFA Member","Samoa","Catch_by_EEZ",1869
2021,"FFA Member","Samoa","Catch_by_EEZ",1308
2022,"FFA Member","Samoa","Catch_by_EEZ",1020
2023,"FFA Member","Samoa","Catch_by_EEZ",1463
2024,"FFA Member","Samoa","Catch_by_EEZ",454
1997,"FFA Member","Tonga","Catch_by_EEZ",663
1998,"FFA Member","Tonga","Catch_by_EEZ",825
1999,"FFA Member","Tonga","Catch_by_EEZ",1075
2000,"FFA Member","Tonga","Catch_by_EEZ",1158
2001,"FFA Member","Tonga","Catch_by_EEZ",1552
2002,"FFA Member","Tonga","Catch_by_EEZ",1253
2003,"FFA Member","Tonga","Catch_by_EEZ",654
2004,"FFA Member","Tonga","Catch_by_EEZ",427
2005,"FFA Member","Tonga","Catch_by_EEZ",598
2006,"FFA Member","Tonga","Catch_by_EEZ",753
2007,"FFA Member","Tonga","Catch_by_EEZ",822
2008,"FFA Member","Tonga","Catch_by_EEZ",592
2009,"FFA Member","Tonga","Catch_by_EEZ",271
2010,"FFA Member","Tonga","Catch_by_EEZ",128
2011,"FFA Member","Tonga","Catch_by_EEZ",244
2012,"FFA Member","Tonga","Catch_by_EEZ",1346
2013,"FFA Member","Tonga","Catch_by_EEZ",2347
2014,"FFA Member","Tonga","Catch_by_EEZ",743
2015,"FFA Member","Tonga","Catch_by_EEZ",1735
2016,"FFA Member","Tonga","Catch_by_EEZ",2836
2017,"FFA Member","Tonga","Catch_by_EEZ",2278
2018,"FFA Member","Tonga","Catch_by_EEZ",1427
2019,"FFA Member","Tonga","Catch_by_EEZ",2387
2020,"FFA Member","Tonga","Catch_by_EEZ",1969
2021,"FFA Member","Tonga","Catch_by_EEZ",2037
2022,"FFA Member","Tonga","Catch_by_EEZ",1894
2023,"FFA Member","Tonga","Catch_by_EEZ",2692
2024,"FFA Member","Tonga","Catch_by_EEZ",1377
1997,"FFA Member","Vanuatu","Catch_by_EEZ",744
1998,"FFA Member","Vanuatu","Catch_by_EEZ",700
1999,"FFA Member","Vanuatu","Catch_by_EEZ",942
2000,"FFA Member","Vanuatu","Catch_by_EEZ",3981
2001,"FFA Member","Vanuatu","Catch_by_EEZ",2087
2002,"FFA Member","Vanuatu","Catch_by_EEZ",3862
2003,"FFA Member","Vanuatu","Catch_by_EEZ",4746
2004,"FFA Member","Vanuatu","Catch_by_EEZ",5504
2005,"FFA Member","Vanuatu","Catch_by_EEZ",8544
2006,"FFA Member","Vanuatu","Catch_by_EEZ",10591
2007,"FFA Member","Vanuatu","Catch_by_EEZ",6678
2008,"FFA Member","Vanuatu","Catch_by_EEZ",7840
2009,"FFA Member","Vanuatu","Catch_by_EEZ",7534
2010,"FFA Member","Vanuatu","Catch_by_EEZ",6544
2011,"FFA Member","Vanuatu","Catch_by_EEZ",8713
2012,"FFA Member","Vanuatu","Catch_by_EEZ",6137
2013,"FFA Member","Vanuatu","Catch_by_EEZ",8434
2014,"FFA Member","Vanuatu","Catch_by_EEZ",8007
2015,"FFA Member","Vanuatu","Catch_by_EEZ",7693
2016,"FFA Member","Vanuatu","Catch_by_EEZ",9747
2017,"FFA Member","Vanuatu","Catch_by_EEZ",11322
2018,"FFA Member","Vanuatu","Catch_by_EEZ",7120
2019,"FFA Member","Vanuatu","Catch_by_EEZ",8136
2020,"FFA Member","Vanuatu","Catch_by_EEZ",6090
2021,"FFA Member","Vanuatu","Catch_by_EEZ",2232
2022,"FFA Member","Vanuatu","Catch_by_EEZ",6664
2023,"FFA Member","Vanuatu","Catch_by_EEZ",3977
2024,"FFA Member","Vanuatu","Catch_by_EEZ",7405
1997,"High Seas","H4","Catch_by_EEZ",4403
1998,"High Seas","H4","Catch_by_EEZ",19594
1999,"High Seas","H4","Catch_by_EEZ",16363
2000,"High Seas","H4","Catch_by_EEZ",9606
2001,"High Seas","H4","Catch_by_EEZ",15176
2002,"High Seas","H4","Catch_by_EEZ",8704
2003,"High Seas","H4","Catch_by_EEZ",8029
2004,"High Seas","H4","Catch_by_EEZ",4513
2005,"High Seas","H4","Catch_by_EEZ",3471
2006,"High Seas","H4","Catch_by_EEZ",14300
2007,"High Seas","H4","Catch_by_EEZ",7880
2008,"High Seas","H4","Catch_by_EEZ",5898
2009,"High Seas","H4","Catch_by_EEZ",41880
2010,"High Seas","H4","Catch_by_EEZ",11680
2011,"High Seas","H4","Catch_by_EEZ",6765
2012,"High Seas","H4","Catch_by_EEZ",10902
2013,"High Seas","H4","Catch_by_EEZ",7082
2014,"High Seas","H4","Catch_by_EEZ",23028
2015,"High Seas","H4","Catch_by_EEZ",21837
2016,"High Seas","H4","Catch_by_EEZ",41447
2017,"High Seas","H4","Catch_by_EEZ",43612
2018,"High Seas","H4","Catch_by_EEZ",20093
2019,"High Seas","H4","Catch_by_EEZ",22774
2020,"High Seas","H4","Catch_by_EEZ",49582
2021,"High Seas","H4","Catch_by_EEZ",26843
2022,"High Seas","H4","Catch_by_EEZ",20735
2023,"High Seas","H4","Catch_by_EEZ",20114
2024,"High Seas","H4","Catch_by_EEZ",21460
1997,"High Seas","H5","Catch_by_EEZ",9328
1998,"High Seas","H5","Catch_by_EEZ",1192
1999,"High Seas","H5","Catch_by_EEZ",7192
2000,"High Seas","H5","Catch_by_EEZ",11470
2001,"High Seas","H5","Catch_by_EEZ",2338
2002,"High Seas","H5","Catch_by_EEZ",26571
2003,"High Seas","H5","Catch_by_EEZ",1410
2004,"High Seas","H5","Catch_by_EEZ",5086
2005,"High Seas","H5","Catch_by_EEZ",20633
2006,"High Seas","H5","Catch_by_EEZ",2003
2007,"High Seas","H5","Catch_by_EEZ",10422
2008,"High Seas","H5","Catch_by_EEZ",9035
2009,"High Seas","H5","Catch_by_EEZ",21926
2010,"High Seas","H5","Catch_by_EEZ",15158
2011,"High Seas","H5","Catch_by_EEZ",13492
2012,"High Seas","H5","Catch_by_EEZ",32707
2013,"High Seas","H5","Catch_by_EEZ",17058
2014,"High Seas","H5","Catch_by_EEZ",64828
2015,"High Seas","H5","Catch_by_EEZ",174325
2016,"High Seas","H5","Catch_by_EEZ",19595
2017,"High Seas","H5","Catch_by_EEZ",40875
2018,"High Seas","H5","Catch_by_EEZ",97888
2019,"High Seas","H5","Catch_by_EEZ",122996
2020,"High Seas","H5","Catch_by_EEZ",57624
2021,"High Seas","H5","Catch_by_EEZ",28387
2022,"High Seas","H5","Catch_by_EEZ",31187
2023,"High Seas","H5","Catch_by_EEZ",86480
2024,"High Seas","H5","Catch_by_EEZ",21892
1997,"High Seas","I1","Catch_by_EEZ",55033
1998,"High Seas","I1","Catch_by_EEZ",30881
1999,"High Seas","I1","Catch_by_EEZ",63857
2000,"High Seas","I1","Catch_by_EEZ",58585
2001,"High Seas","I1","Catch_by_EEZ",30341
2002,"High Seas","I1","Catch_by_EEZ",25763
2003,"High Seas","I1","Catch_by_EEZ",103712
2004,"High Seas","I1","Catch_by_EEZ",44961
2005,"High Seas","I1","Catch_by_EEZ",57782
2006,"High Seas","I1","Catch_by_EEZ",54404
2007,"High Seas","I1","Catch_by_EEZ",43648
2008,"High Seas","I1","Catch_by_EEZ",37959
2009,"High Seas","I1","Catch_by_EEZ",34326
2010,"High Seas","I1","Catch_by_EEZ",15258
2011,"High Seas","I1","Catch_by_EEZ",13492
2012,"High Seas","I1","Catch_by_EEZ",12218
2013,"High Seas","I1","Catch_by_EEZ",22853
2014,"High Seas","I1","Catch_by_EEZ",33336
2015,"High Seas","I1","Catch_by_EEZ",34498
2016,"High Seas","I1","Catch_by_EEZ",32187
2017,"High Seas","I1","Catch_by_EEZ",29595
2018,"High Seas","I1","Catch_by_EEZ",25731
2019,"High Seas","I1","Catch_by_EEZ",27035
2020,"High Seas","I1","Catch_by_EEZ",33487
2021,"High Seas","I1","Catch_by_EEZ",24828
2022,"High Seas","I1","Catch_by_EEZ",26545
2023,"High Seas","I1","Catch_by_EEZ",23863
2024,"High Seas","I1","Catch_by_EEZ",33618
1997,"High Seas","I2","Catch_by_EEZ",75656
1998,"High Seas","I2","Catch_by_EEZ",144123
1999,"High Seas","I2","Catch_by_EEZ",183809
2000,"High Seas","I2","Catch_by_EEZ",140827
2001,"High Seas","I2","Catch_by_EEZ",122804
2002,"High Seas","I2","Catch_by_EEZ",140411
2003,"High Seas","I2","Catch_by_EEZ",87488
2004,"High Seas","I2","Catch_by_EEZ",179693
2005,"High Seas","I2","Catch_by_EEZ",147536
2006,"High Seas","I2","Catch_by_EEZ",105335
2007,"High Seas","I2","Catch_by_EEZ",212553
2008,"High Seas","I2","Catch_by_EEZ",183038
2009,"High Seas","I2","Catch_by_EEZ",211735
2010,"High Seas","I2","Catch_by_EEZ",17835
2011,"High Seas","I2","Catch_by_EEZ",17763
2012,"High Seas","I2","Catch_by_EEZ",7618
2013,"High Seas","I2","Catch_by_EEZ",26353
2014,"High Seas","I2","Catch_by_EEZ",12517
2015,"High Seas","I2","Catch_by_EEZ",15815
2016,"High Seas","I2","Catch_by_EEZ",9862
2017,"High Seas","I2","Catch_by_EEZ",9485
2018,"High Seas","I2","Catch_by_EEZ",8141
2019,"High Seas","I2","Catch_by_EEZ",12134
2020,"High Seas","I2","Catch_by_EEZ",6300
2021,"High Seas","I2","Catch_by_EEZ",5682
2022,"High Seas","I2","Catch_by_EEZ",10637
2023,"High Seas","I2","Catch_by_EEZ",7532
2024,"High Seas","I2","Catch_by_EEZ",14487
1997,"High Seas","I3","Catch_by_EEZ",14234
1998,"High Seas","I3","Catch_by_EEZ",28292
1999,"High Seas","I3","Catch_by_EEZ",15551
2000,"High Seas","I3","Catch_by_EEZ",26580
2001,"High Seas","I3","Catch_by_EEZ",28492
2002,"High Seas","I3","Catch_by_EEZ",27375
2003,"High Seas","I3","Catch_by_EEZ",14832
2004,"High Seas","I3","Catch_by_EEZ",26205
2005,"High Seas","I3","Catch_by_EEZ",14387
2006,"High Seas","I3","Catch_by_EEZ",17278
2007,"High Seas","I3","Catch_by_EEZ",22002
2008,"High Seas","I3","Catch_by_EEZ",12616
2009,"High Seas","I3","Catch_by_EEZ",16378
2010,"High Seas","I3","Catch_by_EEZ",12555
2011,"High Seas","I3","Catch_by_EEZ",13324
2012,"High Seas","I3","Catch_by_EEZ",15715
2013,"High Seas","I3","Catch_by_EEZ",10053
2014,"High Seas","I3","Catch_by_EEZ",15196
2015,"High Seas","I3","Catch_by_EEZ",14983
2016,"High Seas","I3","Catch_by_EEZ",16132
2017,"High Seas","I3","Catch_by_EEZ",13062
2018,"High Seas","I3","Catch_by_EEZ",18976
2019,"High Seas","I3","Catch_by_EEZ",19347
2020,"High Seas","I3","Catch_by_EEZ",8726
2021,"High Seas","I3","Catch_by_EEZ",8953
2022,"High Seas","I3","Catch_by_EEZ",8982
2023,"High Seas","I3","Catch_by_EEZ",13105
2024,"High Seas","I3","Catch_by_EEZ",9398
1997,"High Seas","I4","Catch_by_EEZ",83376
1998,"High Seas","I4","Catch_by_EEZ",136252
1999,"High Seas","I4","Catch_by_EEZ",40855
2000,"High Seas","I4","Catch_by_EEZ",36692
2001,"High Seas","I4","Catch_by_EEZ",84197
2002,"High Seas","I4","Catch_by_EEZ",62017
2003,"High Seas","I4","Catch_by_EEZ",46984
2004,"High Seas","I4","Catch_by_EEZ",59519
2005,"High Seas","I4","Catch_by_EEZ",54289
2006,"High Seas","I4","Catch_by_EEZ",42261
2007,"High Seas","I4","Catch_by_EEZ",25284
2008,"High Seas","I4","Catch_by_EEZ",34562
2009,"High Seas","I4","Catch_by_EEZ",52101
2010,"High Seas","I4","Catch_by_EEZ",31354
2011,"High Seas","I4","Catch_by_EEZ",36460
2012,"High Seas","I4","Catch_by_EEZ",33745
2013,"High Seas","I4","Catch_by_EEZ",31141
2014,"High Seas","I4","Catch_by_EEZ",21737
2015,"High Seas","I4","Catch_by_EEZ",32501
2016,"High Seas","I4","Catch_by_EEZ",71191
2017,"High Seas","I4","Catch_by_EEZ",43373
2018,"High Seas","I4","Catch_by_EEZ",35644
2019,"High Seas","I4","Catch_by_EEZ",87152
2020,"High Seas","I4","Catch_by_EEZ",64572
2021,"High Seas","I4","Catch_by_EEZ",75009
2022,"High Seas","I4","Catch_by_EEZ",45020
2023,"High Seas","I4","Catch_by_EEZ",60792
2024,"High Seas","I4","Catch_by_EEZ",56439
1997,"High Seas","I5","Catch_by_EEZ",35860
1998,"High Seas","I5","Catch_by_EEZ",41064
1999,"High Seas","I5","Catch_by_EEZ",29255
2000,"High Seas","I5","Catch_by_EEZ",42811
2001,"High Seas","I5","Catch_by_EEZ",38715
2002,"High Seas","I5","Catch_by_EEZ",63608
2003,"High Seas","I5","Catch_by_EEZ",41634
2004,"High Seas","I5","Catch_by_EEZ",54769
2005,"High Seas","I5","Catch_by_EEZ",50593
2006,"High Seas","I5","Catch_by_EEZ",51455
2007,"High Seas","I5","Catch_by_EEZ",36611
2008,"High Seas","I5","Catch_by_EEZ",43131
2009,"High Seas","I5","Catch_by_EEZ",43609
2010,"High Seas","I5","Catch_by_EEZ",37107
2011,"High Seas","I5","Catch_by_EEZ",29887
2012,"High Seas","I5","Catch_by_EEZ",31452
2013,"High Seas","I5","Catch_by_EEZ",34558
2014,"High Seas","I5","Catch_by_EEZ",28049
2015,"High Seas","I5","Catch_by_EEZ",52241
2016,"High Seas","I5","Catch_by_EEZ",56963
2017,"High Seas","I5","Catch_by_EEZ",30513
2018,"High Seas","I5","Catch_by_EEZ",60537
2019,"High Seas","I5","Catch_by_EEZ",86301
2020,"High Seas","I5","Catch_by_EEZ",64567
2021,"High Seas","I5","Catch_by_EEZ",59243
2022,"High Seas","I5","Catch_by_EEZ",51988
2023,"High Seas","I5","Catch_by_EEZ",121973
2024,"High Seas","I5","Catch_by_EEZ",105291
1997,"High Seas","I6","Catch_by_EEZ",146549
1998,"High Seas","I6","Catch_by_EEZ",142677
1999,"High Seas","I6","Catch_by_EEZ",128640
2000,"High Seas","I6","Catch_by_EEZ",105833
2001,"High Seas","I6","Catch_by_EEZ",120724
2002,"High Seas","I6","Catch_by_EEZ",137310
2003,"High Seas","I6","Catch_by_EEZ",167109
2004,"High Seas","I6","Catch_by_EEZ",125536
2005,"High Seas","I6","Catch_by_EEZ",153013
2006,"High Seas","I6","Catch_by_EEZ",113597
2007,"High Seas","I6","Catch_by_EEZ",114297
2008,"High Seas","I6","Catch_by_EEZ",114028
2009,"High Seas","I6","Catch_by_EEZ",63303
2010,"High Seas","I6","Catch_by_EEZ",104834
2011,"High Seas","I6","Catch_by_EEZ",89917
2012,"High Seas","I6","Catch_by_EEZ",97375
2013,"High Seas","I6","Catch_by_EEZ",85357
2014,"High Seas","I6","Catch_by_EEZ",87905
2015,"High Seas","I6","Catch_by_EEZ",74489
2016,"High Seas","I6","Catch_by_EEZ",57864
2017,"High Seas","I6","Catch_by_EEZ",71311
2018,"High Seas","I6","Catch_by_EEZ",53507
2019,"High Seas","I6","Catch_by_EEZ",54514
2020,"High Seas","I6","Catch_by_EEZ",58851
2021,"High Seas","I6","Catch_by_EEZ",102106
2022,"High Seas","I6","Catch_by_EEZ",28732
2023,"High Seas","I6","Catch_by_EEZ",21413
2024,"High Seas","I6","Catch_by_EEZ",46645
1997,"High Seas","I7","Catch_by_EEZ",17301
1998,"High Seas","I7","Catch_by_EEZ",18291
1999,"High Seas","I7","Catch_by_EEZ",16841
2000,"High Seas","I7","Catch_by_EEZ",15719
2001,"High Seas","I7","Catch_by_EEZ",22251
2002,"High Seas","I7","Catch_by_EEZ",26938
2003,"High Seas","I7","Catch_by_EEZ",26053
2004,"High Seas","I7","Catch_by_EEZ",24916
2005,"High Seas","I7","Catch_by_EEZ",21929
2006,"High Seas","I7","Catch_by_EEZ",17058
2007,"High Seas","I7","Catch_by_EEZ",12040
2008,"High Seas","I7","Catch_by_EEZ",19942
2009,"High Seas","I7","Catch_by_EEZ",25741
2010,"High Seas","I7","Catch_by_EEZ",26431
2011,"High Seas","I7","Catch_by_EEZ",16068
2012,"High Seas","I7","Catch_by_EEZ",22870
2013,"High Seas","I7","Catch_by_EEZ",21799
2014,"High Seas","I7","Catch_by_EEZ",14922
2015,"High Seas","I7","Catch_by_EEZ",17395
2016,"High Seas","I7","Catch_by_EEZ",10603
2017,"High Seas","I7","Catch_by_EEZ",33417
2018,"High Seas","I7","Catch_by_EEZ",25661
2019,"High Seas","I7","Catch_by_EEZ",18922
2020,"High Seas","I7","Catch_by_EEZ",28354
2021,"High Seas","I7","Catch_by_EEZ",21355
2022,"High Seas","I7","Catch_by_EEZ",20992
2023,"High Seas","I7","Catch_by_EEZ",25313
2024,"High Seas","I7","Catch_by_EEZ",25992
1997,"High Seas","I8","Catch_by_EEZ",262
1998,"High Seas","I8","Catch_by_EEZ",143
1999,"High Seas","I8","Catch_by_EEZ",148
2000,"High Seas","I8","Catch_by_EEZ",819
2001,"High Seas","I8","Catch_by_EEZ",73
2002,"High Seas","I8","Catch_by_EEZ",772
2003,"High Seas","I8","Catch_by_EEZ",1155
2004,"High Seas","I8","Catch_by_EEZ",1982
2005,"High Seas","I8","Catch_by_EEZ",1609
2006,"High Seas","I8","Catch_by_EEZ",1645
2007,"High Seas","I8","Catch_by_EEZ",973
2008,"High Seas","I8","Catch_by_EEZ",1521
2009,"High Seas","I8","Catch_by_EEZ",987
2010,"High Seas","I8","Catch_by_EEZ",1322
2011,"High Seas","I8","Catch_by_EEZ",1548
2012,"High Seas","I8","Catch_by_EEZ",756
2013,"High Seas","I8","Catch_by_EEZ",1187
2014,"High Seas","I8","Catch_by_EEZ",1365
2015,"High Seas","I8","Catch_by_EEZ",1601
2016,"High Seas","I8","Catch_by_EEZ",1834
2017,"High Seas","I8","Catch_by_EEZ",2588
2018,"High Seas","I8","Catch_by_EEZ",2321
2019,"High Seas","I8","Catch_by_EEZ",1990
2020,"High Seas","I8","Catch_by_EEZ",1063
2021,"High Seas","I8","Catch_by_EEZ",1276
2022,"High Seas","I8","Catch_by_EEZ",1332
2023,"High Seas","I8","Catch_by_EEZ",344
2024,"High Seas","I8","Catch_by_EEZ",1113
1997,"High Seas","I9","Catch_by_EEZ",78
1998,"High Seas","I9","Catch_by_EEZ",65
1999,"High Seas","I9","Catch_by_EEZ",169
2000,"High Seas","I9","Catch_by_EEZ",30
2001,"High Seas","I9","Catch_by_EEZ",124
2002,"High Seas","I9","Catch_by_EEZ",876
2003,"High Seas","I9","Catch_by_EEZ",376
2004,"High Seas","I9","Catch_by_EEZ",132
2005,"High Seas","I9","Catch_by_EEZ",158
2006,"High Seas","I9","Catch_by_EEZ",450
2007,"High Seas","I9","Catch_by_EEZ",1203
2008,"High Seas","I9","Catch_by_EEZ",152
2009,"High Seas","I9","Catch_by_EEZ",706
2010,"High Seas","I9","Catch_by_EEZ",481
2011,"High Seas","I9","Catch_by_EEZ",937
2012,"High Seas","I9","Catch_by_EEZ",2128
2013,"High Seas","I9","Catch_by_EEZ",1217
2014,"High Seas","I9","Catch_by_EEZ",293
2015,"High Seas","I9","Catch_by_EEZ",141
2016,"High Seas","I9","Catch_by_EEZ",104
2017,"High Seas","I9","Catch_by_EEZ",2610
2018,"High Seas","I9","Catch_by_EEZ",1767
2019,"High Seas","I9","Catch_by_EEZ",2949
2020,"High Seas","I9","Catch_by_EEZ",2698
2021,"High Seas","I9","Catch_by_EEZ",790
2022,"High Seas","I9","Catch_by_EEZ",807
2023,"High Seas","I9","Catch_by_EEZ",3576
2024,"High Seas","I9","Catch_by_EEZ",451
1997,"High Seas","IW","Catch_by_EEZ",0
1998,"High Seas","IW","Catch_by_EEZ",1
1999,"High Seas","IW","Catch_by_EEZ",0
2000,"High Seas","IW","Catch_by_EEZ",0
2001,"High Seas","IW","Catch_by_EEZ",0
2002,"High Seas","IW","Catch_by_EEZ",0
2003,"High Seas","IW","Catch_by_EEZ",0
2004,"High Seas","IW","Catch_by_EEZ",0
2005,"High Seas","IW","Catch_by_EEZ",0
2006,"High Seas","IW","Catch_by_EEZ",0
2007,"High Seas","IW","Catch_by_EEZ",0
2008,"High Seas","IW","Catch_by_EEZ",0
2009,"High Seas","IW","Catch_by_EEZ",0
2010,"High Seas","IW","Catch_by_EEZ",0
2011,"High Seas","IW","Catch_by_EEZ",0
2012,"High Seas","IW","Catch_by_EEZ",0
2013,"High Seas","IW","Catch_by_EEZ",0
2014,"High Seas","IW","Catch_by_EEZ",0
2015,"High Seas","IW","Catch_by_EEZ",0
2016,"High Seas","IW","Catch_by_EEZ",0
2017,"High Seas","IW","Catch_by_EEZ",0
2018,"High Seas","IW","Catch_by_EEZ",0
2019,"High Seas","IW","Catch_by_EEZ",0
2020,"High Seas","IW","Catch_by_EEZ",0
2021,"High Seas","IW","Catch_by_EEZ",0
2022,"High Seas","IW","Catch_by_EEZ",0
2023,"High Seas","IW","Catch_by_EEZ",1
2024,"High Seas","IW","Catch_by_EEZ",2444
1997,"PNA Member","FSM","Catch_by_EEZ",91427
1998,"PNA Member","FSM","Catch_by_EEZ",88675
1999,"PNA Member","FSM","Catch_by_EEZ",189212
2000,"PNA Member","FSM","Catch_by_EEZ",145890
2001,"PNA Member","FSM","Catch_by_EEZ",104694
2002,"PNA Member","FSM","Catch_by_EEZ",87010
2003,"PNA Member","FSM","Catch_by_EEZ",235615
2004,"PNA Member","FSM","Catch_by_EEZ",162179
2005,"PNA Member","FSM","Catch_by_EEZ",239058
2006,"PNA Member","FSM","Catch_by_EEZ",212449
2007,"PNA Member","FSM","Catch_by_EEZ",166695
2008,"PNA Member","FSM","Catch_by_EEZ",143371
2009,"PNA Member","FSM","Catch_by_EEZ",133956
2010,"PNA Member","FSM","Catch_by_EEZ",160368
2011,"PNA Member","FSM","Catch_by_EEZ",162661
2012,"PNA Member","FSM","Catch_by_EEZ",188518
2013,"PNA Member","FSM","Catch_by_EEZ",220519
2014,"PNA Member","FSM","Catch_by_EEZ",143950
2015,"PNA Member","FSM","Catch_by_EEZ",172308
2016,"PNA Member","FSM","Catch_by_EEZ",200959
2017,"PNA Member","FSM","Catch_by_EEZ",194948
2018,"PNA Member","FSM","Catch_by_EEZ",299482
2019,"PNA Member","FSM","Catch_by_EEZ",173660
2020,"PNA Member","FSM","Catch_by_EEZ",202661
2021,"PNA Member","FSM","Catch_by_EEZ",119972
2022,"PNA Member","FSM","Catch_by_EEZ",241698
2023,"PNA Member","FSM","Catch_by_EEZ",84619
2024,"PNA Member","FSM","Catch_by_EEZ",307626
1997,"PNA Member","Kiribati","Catch_by_EEZ",204595
1998,"PNA Member","Kiribati","Catch_by_EEZ",158135
1999,"PNA Member","Kiribati","Catch_by_EEZ",153419
2000,"PNA Member","Kiribati","Catch_by_EEZ",152302
2001,"PNA Member","Kiribati","Catch_by_EEZ",282119
2002,"PNA Member","Kiribati","Catch_by_EEZ",365383
2003,"PNA Member","Kiribati","Catch_by_EEZ",90860
2004,"PNA Member","Kiribati","Catch_by_EEZ",107342
2005,"PNA Member","Kiribati","Catch_by_EEZ",212457
2006,"PNA Member","Kiribati","Catch_by_EEZ",176408
2007,"PNA Member","Kiribati","Catch_by_EEZ",201230
2008,"PNA Member","Kiribati","Catch_by_EEZ",248274
2009,"PNA Member","Kiribati","Catch_by_EEZ",333879
2010,"PNA Member","Kiribati","Catch_by_EEZ",208047
2011,"PNA Member","Kiribati","Catch_by_EEZ",223586
2012,"PNA Member","Kiribati","Catch_by_EEZ",559842
2013,"PNA Member","Kiribati","Catch_by_EEZ",299526
2014,"PNA Member","Kiribati","Catch_by_EEZ",743455
2015,"PNA Member","Kiribati","Catch_by_EEZ",648468
2016,"PNA Member","Kiribati","Catch_by_EEZ",413595
2017,"PNA Member","Kiribati","Catch_by_EEZ",386439
2018,"PNA Member","Kiribati","Catch_by_EEZ",401677
2019,"PNA Member","Kiribati","Catch_by_EEZ",689669
2020,"PNA Member","Kiribati","Catch_by_EEZ",353921
2021,"PNA Member","Kiribati","Catch_by_EEZ",355703
2022,"PNA Member","Kiribati","Catch_by_EEZ",238314
2023,"PNA Member","Kiribati","Catch_by_EEZ",589705
2024,"PNA Member","Kiribati","Catch_by_EEZ",260013
1997,"PNA Member","Marshall Islands","Catch_by_EEZ",5083
1998,"PNA Member","Marshall Islands","Catch_by_EEZ",92023
1999,"PNA Member","Marshall Islands","Catch_by_EEZ",32851
2000,"PNA Member","Marshall Islands","Catch_by_EEZ",34186
2001,"PNA Member","Marshall Islands","Catch_by_EEZ",61826
2002,"PNA Member","Marshall Islands","Catch_by_EEZ",41436
2003,"PNA Member","Marshall Islands","Catch_by_EEZ",7496
2004,"PNA Member","Marshall Islands","Catch_by_EEZ",19104
2005,"PNA Member","Marshall Islands","Catch_by_EEZ",22026
2006,"PNA Member","Marshall Islands","Catch_by_EEZ",19233
2007,"PNA Member","Marshall Islands","Catch_by_EEZ",21935
2008,"PNA Member","Marshall Islands","Catch_by_EEZ",29964
2009,"PNA Member","Marshall Islands","Catch_by_EEZ",16985
2010,"PNA Member","Marshall Islands","Catch_by_EEZ",26286
2011,"PNA Member","Marshall Islands","Catch_by_EEZ",25936
2012,"PNA Member","Marshall Islands","Catch_by_EEZ",33953
2013,"PNA Member","Marshall Islands","Catch_by_EEZ",46342
2014,"PNA Member","Marshall Islands","Catch_by_EEZ",88656
2015,"PNA Member","Marshall Islands","Catch_by_EEZ",37844
2016,"PNA Member","Marshall Islands","Catch_by_EEZ",90892
2017,"PNA Member","Marshall Islands","Catch_by_EEZ",33142
2018,"PNA Member","Marshall Islands","Catch_by_EEZ",37672
2019,"PNA Member","Marshall Islands","Catch_by_EEZ",15565
2020,"PNA Member","Marshall Islands","Catch_by_EEZ",49413
2021,"PNA Member","Marshall Islands","Catch_by_EEZ",67113
2022,"PNA Member","Marshall Islands","Catch_by_EEZ",45303
2023,"PNA Member","Marshall Islands","Catch_by_EEZ",52403
2024,"PNA Member","Marshall Islands","Catch_by_EEZ",40049
1997,"PNA Member","Nauru","Catch_by_EEZ",26292
1998,"PNA Member","Nauru","Catch_by_EEZ",43074
1999,"PNA Member","Nauru","Catch_by_EEZ",50688
2000,"PNA Member","Nauru","Catch_by_EEZ",68929
2001,"PNA Member","Nauru","Catch_by_EEZ",66649
2002,"PNA Member","Nauru","Catch_by_EEZ",126841
2003,"PNA Member","Nauru","Catch_by_EEZ",21603
2004,"PNA Member","Nauru","Catch_by_EEZ",64728
2005,"PNA Member","Nauru","Catch_by_EEZ",50691
2006,"PNA Member","Nauru","Catch_by_EEZ",56978
2007,"PNA Member","Nauru","Catch_by_EEZ",68449
2008,"PNA Member","Nauru","Catch_by_EEZ",64413
2009,"PNA Member","Nauru","Catch_by_EEZ",61976
2010,"PNA Member","Nauru","Catch_by_EEZ",109225
2011,"PNA Member","Nauru","Catch_by_EEZ",104050
2012,"PNA Member","Nauru","Catch_by_EEZ",50786
2013,"PNA Member","Nauru","Catch_by_EEZ",165365
2014,"PNA Member","Nauru","Catch_by_EEZ",184785
2015,"PNA Member","Nauru","Catch_by_EEZ",68933
2016,"PNA Member","Nauru","Catch_by_EEZ",119535
2017,"PNA Member","Nauru","Catch_by_EEZ",83133
2018,"PNA Member","Nauru","Catch_by_EEZ",172918
2019,"PNA Member","Nauru","Catch_by_EEZ",105696
2020,"PNA Member","Nauru","Catch_by_EEZ",135623
2021,"PNA Member","Nauru","Catch_by_EEZ",149537
2022,"PNA Member","Nauru","Catch_by_EEZ",80446
2023,"PNA Member","Nauru","Catch_by_EEZ",63913
2024,"PNA Member","Nauru","Catch_by_EEZ",68856
1997,"PNA Member","Palau","Catch_by_EEZ",2843
1998,"PNA Member","Palau","Catch_by_EEZ",822
1999,"PNA Member","Palau","Catch_by_EEZ",2062
2000,"PNA Member","Palau","Catch_by_EEZ",2210
2001,"PNA Member","Palau","Catch_by_EEZ",1745
2002,"PNA Member","Palau","Catch_by_EEZ",824
2003,"PNA Member","Palau","Catch_by_EEZ",5132
2004,"PNA Member","Palau","Catch_by_EEZ",7056
2005,"PNA Member","Palau","Catch_by_EEZ",4740
2006,"PNA Member","Palau","Catch_by_EEZ",8664
2007,"PNA Member","Palau","Catch_by_EEZ",3794
2008,"PNA Member","Palau","Catch_by_EEZ",7747
2009,"PNA Member","Palau","Catch_by_EEZ",2180
2010,"PNA Member","Palau","Catch_by_EEZ",2945
2011,"PNA Member","Palau","Catch_by_EEZ",2910
2012,"PNA Member","Palau","Catch_by_EEZ",3923
2013,"PNA Member","Palau","Catch_by_EEZ",3209
2014,"PNA Member","Palau","Catch_by_EEZ",4995
2015,"PNA Member","Palau","Catch_by_EEZ",1575
2016,"PNA Member","Palau","Catch_by_EEZ",6135
2017,"PNA Member","Palau","Catch_by_EEZ",18108
2018,"PNA Member","Palau","Catch_by_EEZ",9788
2019,"PNA Member","Palau","Catch_by_EEZ",6655
2020,"PNA Member","Palau","Catch_by_EEZ",896
2021,"PNA Member","Palau","Catch_by_EEZ",1310
2022,"PNA Member","Palau","Catch_by_EEZ",753
2023,"PNA Member","Palau","Catch_by_EEZ",582
2024,"PNA Member","Palau","Catch_by_EEZ",1721
1997,"PNA Member","PNG","Catch_by_EEZ",173423
1998,"PNA Member","PNG","Catch_by_EEZ",157502
1999,"PNA Member","PNG","Catch_by_EEZ",110850
2000,"PNA Member","PNG","Catch_by_EEZ",277079
2001,"PNA Member","PNG","Catch_by_EEZ",161608
2002,"PNA Member","PNG","Catch_by_EEZ",175329
2003,"PNA Member","PNG","Catch_by_EEZ",414491
2004,"PNA Member","PNG","Catch_by_EEZ",351707
2005,"PNA Member","PNG","Catch_by_EEZ",325755
2006,"PNA Member","PNG","Catch_by_EEZ",455597
2007,"PNA Member","PNG","Catch_by_EEZ",506890
2008,"PNA Member","PNG","Catch_by_EEZ",516090
2009,"PNA Member","PNG","Catch_by_EEZ",492111
2010,"PNA Member","PNG","Catch_by_EEZ",735683
2011,"PNA Member","PNG","Catch_by_EEZ",639327
2012,"PNA Member","PNG","Catch_by_EEZ",590430
2013,"PNA Member","PNG","Catch_by_EEZ",619145
2014,"PNA Member","PNG","Catch_by_EEZ",345433
2015,"PNA Member","PNG","Catch_by_EEZ",190765
2016,"PNA Member","PNG","Catch_by_EEZ",351638
2017,"PNA Member","PNG","Catch_by_EEZ",392159
2018,"PNA Member","PNG","Catch_by_EEZ",375348
2019,"PNA Member","PNG","Catch_by_EEZ",380941
2020,"PNA Member","PNG","Catch_by_EEZ",483315
2021,"PNA Member","PNG","Catch_by_EEZ",481590
2022,"PNA Member","PNG","Catch_by_EEZ",710997
2023,"PNA Member","PNG","Catch_by_EEZ",438112
2024,"PNA Member","PNG","Catch_by_EEZ",807693
1997,"PNA Member","Solomon  Islands","Catch_by_EEZ",65177
1998,"PNA Member","Solomon  Islands","Catch_by_EEZ",167724
1999,"PNA Member","Solomon  Islands","Catch_by_EEZ",48499
2000,"PNA Member","Solomon  Islands","Catch_by_EEZ",9672
2001,"PNA Member","Solomon  Islands","Catch_by_EEZ",36773
2002,"PNA Member","Solomon  Islands","Catch_by_EEZ",25606
2003,"PNA Member","Solomon  Islands","Catch_by_EEZ",68742
2004,"PNA Member","Solomon  Islands","Catch_by_EEZ",120600
2005,"PNA Member","Solomon  Islands","Catch_by_EEZ",99329
2006,"PNA Member","Solomon  Islands","Catch_by_EEZ",133163
2007,"PNA Member","Solomon  Islands","Catch_by_EEZ",121810
2008,"PNA Member","Solomon  Islands","Catch_by_EEZ",144209
2009,"PNA Member","Solomon  Islands","Catch_by_EEZ",141851
2010,"PNA Member","Solomon  Islands","Catch_by_EEZ",180989
2011,"PNA Member","Solomon  Islands","Catch_by_EEZ",177888
2012,"PNA Member","Solomon  Islands","Catch_by_EEZ",97888
2013,"PNA Member","Solomon  Islands","Catch_by_EEZ",131738
2014,"PNA Member","Solomon  Islands","Catch_by_EEZ",89226
2015,"PNA Member","Solomon  Islands","Catch_by_EEZ",126341
2016,"PNA Member","Solomon  Islands","Catch_by_EEZ",165215
2017,"PNA Member","Solomon  Islands","Catch_by_EEZ",172012
2018,"PNA Member","Solomon  Islands","Catch_by_EEZ",89885
2019,"PNA Member","Solomon  Islands","Catch_by_EEZ",74035
2020,"PNA Member","Solomon  Islands","Catch_by_EEZ",108096
2021,"PNA Member","Solomon  Islands","Catch_by_EEZ",121666
2022,"PNA Member","Solomon  Islands","Catch_by_EEZ",155380
2023,"PNA Member","Solomon  Islands","Catch_by_EEZ",58990
2024,"PNA Member","Solomon  Islands","Catch_by_EEZ",165760
1997,"PNA Member","Tokelau","Catch_by_EEZ",100
1998,"PNA Member","Tokelau","Catch_by_EEZ",2046
1999,"PNA Member","Tokelau","Catch_by_EEZ",2050
2000,"PNA Member","Tokelau","Catch_by_EEZ",5652
2001,"PNA Member","Tokelau","Catch_by_EEZ",1314
2002,"PNA Member","Tokelau","Catch_by_EEZ",6778
2003,"PNA Member","Tokelau","Catch_by_EEZ",85
2004,"PNA Member","Tokelau","Catch_by_EEZ",997
2005,"PNA Member","Tokelau","Catch_by_EEZ",4855
2006,"PNA Member","Tokelau","Catch_by_EEZ",1088
2007,"PNA Member","Tokelau","Catch_by_EEZ",901
2008,"PNA Member","Tokelau","Catch_by_EEZ",3944
2009,"PNA Member","Tokelau","Catch_by_EEZ",7267
2010,"PNA Member","Tokelau","Catch_by_EEZ",3992
2011,"PNA Member","Tokelau","Catch_by_EEZ",20260
2012,"PNA Member","Tokelau","Catch_by_EEZ",21234
2013,"PNA Member","Tokelau","Catch_by_EEZ",15848
2014,"PNA Member","Tokelau","Catch_by_EEZ",26982
2015,"PNA Member","Tokelau","Catch_by_EEZ",47619
2016,"PNA Member","Tokelau","Catch_by_EEZ",8781
2017,"PNA Member","Tokelau","Catch_by_EEZ",36287
2018,"PNA Member","Tokelau","Catch_by_EEZ",39607
2019,"PNA Member","Tokelau","Catch_by_EEZ",9064
2020,"PNA Member","Tokelau","Catch_by_EEZ",18462
2021,"PNA Member","Tokelau","Catch_by_EEZ",6949
2022,"PNA Member","Tokelau","Catch_by_EEZ",5455
2023,"PNA Member","Tokelau","Catch_by_EEZ",5267
2024,"PNA Member","Tokelau","Catch_by_EEZ",12504
1997,"PNA Member","Tuvalu","Catch_by_EEZ",7288
1998,"PNA Member","Tuvalu","Catch_by_EEZ",44070
1999,"PNA Member","Tuvalu","Catch_by_EEZ",37182
2000,"PNA Member","Tuvalu","Catch_by_EEZ",42399
2001,"PNA Member","Tuvalu","Catch_by_EEZ",22377
2002,"PNA Member","Tuvalu","Catch_by_EEZ",29779
2003,"PNA Member","Tuvalu","Catch_by_EEZ",4026
2004,"PNA Member","Tuvalu","Catch_by_EEZ",20973
2005,"PNA Member","Tuvalu","Catch_by_EEZ",15309
2006,"PNA Member","Tuvalu","Catch_by_EEZ",16090
2007,"PNA Member","Tuvalu","Catch_by_EEZ",46208
2008,"PNA Member","Tuvalu","Catch_by_EEZ",42831
2009,"PNA Member","Tuvalu","Catch_by_EEZ",66564
2010,"PNA Member","Tuvalu","Catch_by_EEZ",67763
2011,"PNA Member","Tuvalu","Catch_by_EEZ",63326
2012,"PNA Member","Tuvalu","Catch_by_EEZ",71876
2013,"PNA Member","Tuvalu","Catch_by_EEZ",57016
2014,"PNA Member","Tuvalu","Catch_by_EEZ",99139
2015,"PNA Member","Tuvalu","Catch_by_EEZ",76929
2016,"PNA Member","Tuvalu","Catch_by_EEZ",124169
2017,"PNA Member","Tuvalu","Catch_by_EEZ",57597
2018,"PNA Member","Tuvalu","Catch_by_EEZ",90207
2019,"PNA Member","Tuvalu","Catch_by_EEZ",121642
2020,"PNA Member","Tuvalu","Catch_by_EEZ",90268
2021,"PNA Member","Tuvalu","Catch_by_EEZ",79244
2022,"PNA Member","Tuvalu","Catch_by_EEZ",61459
2023,"PNA Member","Tuvalu","Catch_by_EEZ",49682
2024,"PNA Member","Tuvalu","Catch_by_EEZ",71113
1997,"SPC Member","American Samoa","Catch_by_EEZ",361
1998,"SPC Member","American Samoa","Catch_by_EEZ",377
1999,"SPC Member","American Samoa","Catch_by_EEZ",480
2000,"SPC Member","American Samoa","Catch_by_EEZ",872
2001,"SPC Member","American Samoa","Catch_by_EEZ",3682
2002,"SPC Member","American Samoa","Catch_by_EEZ",6257
2003,"SPC Member","American Samoa","Catch_by_EEZ",3976
2004,"SPC Member","American Samoa","Catch_by_EEZ",3061
2005,"SPC Member","American Samoa","Catch_by_EEZ",3748
2006,"SPC Member","American Samoa","Catch_by_EEZ",4989
2007,"SPC Member","American Samoa","Catch_by_EEZ",5467
2008,"SPC Member","American Samoa","Catch_by_EEZ",3551
2009,"SPC Member","American Samoa","Catch_by_EEZ",4063
2010,"SPC Member","American Samoa","Catch_by_EEZ",3647
2011,"SPC Member","American Samoa","Catch_by_EEZ",3378
2012,"SPC Member","American Samoa","Catch_by_EEZ",5398
2013,"SPC Member","American Samoa","Catch_by_EEZ",3018
2014,"SPC Member","American Samoa","Catch_by_EEZ",5254
2015,"SPC Member","American Samoa","Catch_by_EEZ",2559
2016,"SPC Member","American Samoa","Catch_by_EEZ",2611
2017,"SPC Member","American Samoa","Catch_by_EEZ",2664
2018,"SPC Member","American Samoa","Catch_by_EEZ",2499
2019,"SPC Member","American Samoa","Catch_by_EEZ",1619
2020,"SPC Member","American Samoa","Catch_by_EEZ",1540
2021,"SPC Member","American Samoa","Catch_by_EEZ",1372
2022,"SPC Member","American Samoa","Catch_by_EEZ",1957
2023,"SPC Member","American Samoa","Catch_by_EEZ",1514
2024,"SPC Member","American Samoa","Catch_by_EEZ",1900
1997,"SPC Member","French Polynesia","Catch_by_EEZ",5299
1998,"SPC Member","French Polynesia","Catch_by_EEZ",6717
1999,"SPC Member","French Polynesia","Catch_by_EEZ",6660
2000,"SPC Member","French Polynesia","Catch_by_EEZ",8063
2001,"SPC Member","French Polynesia","Catch_by_EEZ",7735
2002,"SPC Member","French Polynesia","Catch_by_EEZ",7559
2003,"SPC Member","French Polynesia","Catch_by_EEZ",6264
2004,"SPC Member","French Polynesia","Catch_by_EEZ",5484
2005,"SPC Member","French Polynesia","Catch_by_EEZ",4818
2006,"SPC Member","French Polynesia","Catch_by_EEZ",5822
2007,"SPC Member","French Polynesia","Catch_by_EEZ",6365
2008,"SPC Member","French Polynesia","Catch_by_EEZ",5657
2009,"SPC Member","French Polynesia","Catch_by_EEZ",6873
2010,"SPC Member","French Polynesia","Catch_by_EEZ",6249
2011,"SPC Member","French Polynesia","Catch_by_EEZ",6027
2012,"SPC Member","French Polynesia","Catch_by_EEZ",7266
2013,"SPC Member","French Polynesia","Catch_by_EEZ",6671
2014,"SPC Member","French Polynesia","Catch_by_EEZ",7173
2015,"SPC Member","French Polynesia","Catch_by_EEZ",7402
2016,"SPC Member","French Polynesia","Catch_by_EEZ",6663
2017,"SPC Member","French Polynesia","Catch_by_EEZ",6349
2018,"SPC Member","French Polynesia","Catch_by_EEZ",7071
2019,"SPC Member","French Polynesia","Catch_by_EEZ",7371
2020,"SPC Member","French Polynesia","Catch_by_EEZ",6313
2021,"SPC Member","French Polynesia","Catch_by_EEZ",7744
2022,"SPC Member","French Polynesia","Catch_by_EEZ",8539
2023,"SPC Member","French Polynesia","Catch_by_EEZ",9647
2024,"SPC Member","French Polynesia","Catch_by_EEZ",11829
1997,"SPC Member","Mathew and Hunter","Catch_by_EEZ",10
1998,"SPC Member","Mathew and Hunter","Catch_by_EEZ",51
1999,"SPC Member","Mathew and Hunter","Catch_by_EEZ",11
2000,"SPC Member","Mathew and Hunter","Catch_by_EEZ",9
2001,"SPC Member","Mathew and Hunter","Catch_by_EEZ",5
2002,"SPC Member","Mathew and Hunter","Catch_by_EEZ",1
2003,"SPC Member","Mathew and Hunter","Catch_by_EEZ",20
2004,"SPC Member","Mathew and Hunter","Catch_by_EEZ",11
2005,"SPC Member","Mathew and Hunter","Catch_by_EEZ",12
2006,"SPC Member","Mathew and Hunter","Catch_by_EEZ",7
2007,"SPC Member","Mathew and Hunter","Catch_by_EEZ",9
2008,"SPC Member","Mathew and Hunter","Catch_by_EEZ",4
2009,"SPC Member","Mathew and Hunter","Catch_by_EEZ",21
2010,"SPC Member","Mathew and Hunter","Catch_by_EEZ",19
2011,"SPC Member","Mathew and Hunter","Catch_by_EEZ",7
2012,"SPC Member","Mathew and Hunter","Catch_by_EEZ",12
2013,"SPC Member","Mathew and Hunter","Catch_by_EEZ",0
2014,"SPC Member","Mathew and Hunter","Catch_by_EEZ",0
2015,"SPC Member","Mathew and Hunter","Catch_by_EEZ",5
2016,"SPC Member","Mathew and Hunter","Catch_by_EEZ",1
2017,"SPC Member","Mathew and Hunter","Catch_by_EEZ",5
2018,"SPC Member","Mathew and Hunter","Catch_by_EEZ",1
2019,"SPC Member","Mathew and Hunter","Catch_by_EEZ",3
2020,"SPC Member","Mathew and Hunter","Catch_by_EEZ",1
2021,"SPC Member","Mathew and Hunter","Catch_by_EEZ",35
2022,"SPC Member","Mathew and Hunter","Catch_by_EEZ",29
2023,"SPC Member","Mathew and Hunter","Catch_by_EEZ",6
2024,"SPC Member","Mathew and Hunter","Catch_by_EEZ",6
1997,"SPC Member","New Caledonia","Catch_by_EEZ",926
1998,"SPC Member","New Caledonia","Catch_by_EEZ",1497
1999,"SPC Member","New Caledonia","Catch_by_EEZ",1567
2000,"SPC Member","New Caledonia","Catch_by_EEZ",1653
2001,"SPC Member","New Caledonia","Catch_by_EEZ",1713
2002,"SPC Member","New Caledonia","Catch_by_EEZ",1925
2003,"SPC Member","New Caledonia","Catch_by_EEZ",2000
2004,"SPC Member","New Caledonia","Catch_by_EEZ",2161
2005,"SPC Member","New Caledonia","Catch_by_EEZ",2109
2006,"SPC Member","New Caledonia","Catch_by_EEZ",1802
2007,"SPC Member","New Caledonia","Catch_by_EEZ",1764
2008,"SPC Member","New Caledonia","Catch_by_EEZ",1982
2009,"SPC Member","New Caledonia","Catch_by_EEZ",2178
2010,"SPC Member","New Caledonia","Catch_by_EEZ",2481
2011,"SPC Member","New Caledonia","Catch_by_EEZ",2360
2012,"SPC Member","New Caledonia","Catch_by_EEZ",2332
2013,"SPC Member","New Caledonia","Catch_by_EEZ",2290
2014,"SPC Member","New Caledonia","Catch_by_EEZ",2426
2015,"SPC Member","New Caledonia","Catch_by_EEZ",2497
2016,"SPC Member","New Caledonia","Catch_by_EEZ",2359
2017,"SPC Member","New Caledonia","Catch_by_EEZ",2363
2018,"SPC Member","New Caledonia","Catch_by_EEZ",2270
2019,"SPC Member","New Caledonia","Catch_by_EEZ",2747
2020,"SPC Member","New Caledonia","Catch_by_EEZ",2467
2021,"SPC Member","New Caledonia","Catch_by_EEZ",2434
2022,"SPC Member","New Caledonia","Catch_by_EEZ",2879
2023,"SPC Member","New Caledonia","Catch_by_EEZ",2515
2024,"SPC Member","New Caledonia","Catch_by_EEZ",2803
1997,"SPC Member","Northern Mariana Islands","Catch_by_EEZ",89
1998,"SPC Member","Northern Mariana Islands","Catch_by_EEZ",85
1999,"SPC Member","Northern Mariana Islands","Catch_by_EEZ",59
2000,"SPC Member","Northern Mariana Islands","Catch_by_EEZ",207
2001,"SPC Member","Northern Mariana Islands","Catch_by_EEZ",277
2002,"SPC Member","Northern Mariana Islands","Catch_by_EEZ",184
2003,"SPC Member","Northern Mariana Islands","Catch_by_EEZ",89
2004,"SPC Member","Northern Mariana Islands","Catch_by_EEZ",78
2005,"SPC Member","Northern Mariana Islands","Catch_by_EEZ",130
2006,"SPC Member","Northern Mariana Islands","Catch_by_EEZ",144
2007,"SPC Member","Northern Mariana Islands","Catch_by_EEZ",124
2008,"SPC Member","Northern Mariana Islands","Catch_by_EEZ",85
2009,"SPC Member","Northern Mariana Islands","Catch_by_EEZ",120
2010,"SPC Member","Northern Mariana Islands","Catch_by_EEZ",162
2011,"SPC Member","Northern Mariana Islands","Catch_by_EEZ",120
2012,"SPC Member","Northern Mariana Islands","Catch_by_EEZ",163
2013,"SPC Member","Northern Mariana Islands","Catch_by_EEZ",175
2014,"SPC Member","Northern Mariana Islands","Catch_by_EEZ",117
2015,"SPC Member","Northern Mariana Islands","Catch_by_EEZ",42
2016,"SPC Member","Northern Mariana Islands","Catch_by_EEZ",96
2017,"SPC Member","Northern Mariana Islands","Catch_by_EEZ",115
2018,"SPC Member","Northern Mariana Islands","Catch_by_EEZ",175
2019,"SPC Member","Northern Mariana Islands","Catch_by_EEZ",174
2020,"SPC Member","Northern Mariana Islands","Catch_by_EEZ",119
2021,"SPC Member","Northern Mariana Islands","Catch_by_EEZ",148
2022,"SPC Member","Northern Mariana Islands","Catch_by_EEZ",66
2023,"SPC Member","Northern Mariana Islands","Catch_by_EEZ",44
2024,"SPC Member","Northern Mariana Islands","Catch_by_EEZ",0
1997,"SPC Member","US","Catch_by_EEZ",0
1998,"SPC Member","US","Catch_by_EEZ",0
1999,"SPC Member","US","Catch_by_EEZ",0
2000,"SPC Member","US","Catch_by_EEZ",0
2001,"SPC Member","US","Catch_by_EEZ",0
2002,"SPC Member","US","Catch_by_EEZ",0
2003,"SPC Member","US","Catch_by_EEZ",0
2004,"SPC Member","US","Catch_by_EEZ",0
2005,"SPC Member","US","Catch_by_EEZ",0
2006,"SPC Member","US","Catch_by_EEZ",0
2007,"SPC Member","US","Catch_by_EEZ",0
2008,"SPC Member","US","Catch_by_EEZ",0
2009,"SPC Member","US","Catch_by_EEZ",0
2010,"SPC Member","US","Catch_by_EEZ",0
2011,"SPC Member","US","Catch_by_EEZ",0
2012,"SPC Member","US","Catch_by_EEZ",0
2013,"SPC Member","US","Catch_by_EEZ",0
2014,"SPC Member","US","Catch_by_EEZ",0
2015,"SPC Member","US","Catch_by_EEZ",0
2016,"SPC Member","US","Catch_by_EEZ",0
2017,"SPC Member","US","Catch_by_EEZ",0
2018,"SPC Member","US","Catch_by_EEZ",0
2019,"SPC Member","US","Catch_by_EEZ",0
2020,"SPC Member","US","Catch_by_EEZ",0
2021,"SPC Member","US","Catch_by_EEZ",0
2022,"SPC Member","US","Catch_by_EEZ",0
2023,"SPC Member","US","Catch_by_EEZ",0
2024,"SPC Member","US","Catch_by_EEZ",0
1997,"SPC Member","US (includes territories, ex Am Samoa)","Catch_by_EEZ",42399
1998,"SPC Member","US (includes territories, ex Am Samoa)","Catch_by_EEZ",26455
1999,"SPC Member","US (includes territories, ex Am Samoa)","Catch_by_EEZ",16426
2000,"SPC Member","US (includes territories, ex Am Samoa)","Catch_by_EEZ",6797
2001,"SPC Member","US (includes territories, ex Am Samoa)","Catch_by_EEZ",10864
2002,"SPC Member","US (includes territories, ex Am Samoa)","Catch_by_EEZ",12819
2003,"SPC Member","US (includes territories, ex Am Samoa)","Catch_by_EEZ",8358
2004,"SPC Member","US (includes territories, ex Am Samoa)","Catch_by_EEZ",9120
2005,"SPC Member","US (includes territories, ex Am Samoa)","Catch_by_EEZ",7708
2006,"SPC Member","US (includes territories, ex Am Samoa)","Catch_by_EEZ",11248
2007,"SPC Member","US (includes territories, ex Am Samoa)","Catch_by_EEZ",5985
2008,"SPC Member","US (includes territories, ex Am Samoa)","Catch_by_EEZ",4420
2009,"SPC Member","US (includes territories, ex Am Samoa)","Catch_by_EEZ",5834
2010,"SPC Member","US (includes territories, ex Am Samoa)","Catch_by_EEZ",3225
2011,"SPC Member","US (includes territories, ex Am Samoa)","Catch_by_EEZ",3756
2012,"SPC Member","US (includes territories, ex Am Samoa)","Catch_by_EEZ",7990
2013,"SPC Member","US (includes territories, ex Am Samoa)","Catch_by_EEZ",8420
2014,"SPC Member","US (includes territories, ex Am Samoa)","Catch_by_EEZ",8917
2015,"SPC Member","US (includes territories, ex Am Samoa)","Catch_by_EEZ",7967
2016,"SPC Member","US (includes territories, ex Am Samoa)","Catch_by_EEZ",9022
2017,"SPC Member","US (includes territories, ex Am Samoa)","Catch_by_EEZ",10605
2018,"SPC Member","US (includes territories, ex Am Samoa)","Catch_by_EEZ",7827
2019,"SPC Member","US (includes territories, ex Am Samoa)","Catch_by_EEZ",8394
2020,"SPC Member","US (includes territories, ex Am Samoa)","Catch_by_EEZ",11503
2021,"SPC Member","US (includes territories, ex Am Samoa)","Catch_by_EEZ",11582
2022,"SPC Member","US (includes territories, ex Am Samoa)","Catch_by_EEZ",12138
2023,"SPC Member","US (includes territories, ex Am Samoa)","Catch_by_EEZ",6837
2024,"SPC Member","US (includes territories, ex Am Samoa)","Catch_by_EEZ",10054
1997,"SPC Member","US (includes territories, incl Am Samoa)","Catch_by_EEZ",0
1998,"SPC Member","US (includes territories, incl Am Samoa)","Catch_by_EEZ",0
1999,"SPC Member","US (includes territories, incl Am Samoa)","Catch_by_EEZ",0
2000,"SPC Member","US (includes territories, incl Am Samoa)","Catch_by_EEZ",0
2001,"SPC Member","US (includes territories, incl Am Samoa)","Catch_by_EEZ",0
2002,"SPC Member","US (includes territories, incl Am Samoa)","Catch_by_EEZ",0
2003,"SPC Member","US (includes territories, incl Am Samoa)","Catch_by_EEZ",0
2004,"SPC Member","US (includes territories, incl Am Samoa)","Catch_by_EEZ",0
2005,"SPC Member","US (includes territories, incl Am Samoa)","Catch_by_EEZ",0
2006,"SPC Member","US (includes territories, incl Am Samoa)","Catch_by_EEZ",0
2007,"SPC Member","US (includes territories, incl Am Samoa)","Catch_by_EEZ",0
2008,"SPC Member","US (includes territories, incl Am Samoa)","Catch_by_EEZ",0
2009,"SPC Member","US (includes territories, incl Am Samoa)","Catch_by_EEZ",0
2010,"SPC Member","US (includes territories, incl Am Samoa)","Catch_by_EEZ",0
2011,"SPC Member","US (includes territories, incl Am Samoa)","Catch_by_EEZ",0
2012,"SPC Member","US (includes territories, incl Am Samoa)","Catch_by_EEZ",0
2013,"SPC Member","US (includes territories, incl Am Samoa)","Catch_by_EEZ",0
2014,"SPC Member","US (includes territories, incl Am Samoa)","Catch_by_EEZ",0
2015,"SPC Member","US (includes territories, incl Am Samoa)","Catch_by_EEZ",0
2016,"SPC Member","US (includes territories, incl Am Samoa)","Catch_by_EEZ",0
2017,"SPC Member","US (includes territories, incl Am Samoa)","Catch_by_EEZ",0
2018,"SPC Member","US (includes territories, incl Am Samoa)","Catch_by_EEZ",0
2019,"SPC Member","US (includes territories, incl Am Samoa)","Catch_by_EEZ",0
2020,"SPC Member","US (includes territories, incl Am Samoa)","Catch_by_EEZ",0
2021,"SPC Member","US (includes territories, incl Am Samoa)","Catch_by_EEZ",0
2022,"SPC Member","US (includes territories, incl Am Samoa)","Catch_by_EEZ",0
2023,"SPC Member","US (includes territories, incl Am Samoa)","Catch_by_EEZ",0
2024,"SPC Member","US (includes territories, incl Am Samoa)","Catch_by_EEZ",0
1997,"SPC Member","Wallis and Futuna","Catch_by_EEZ",58
1998,"SPC Member","Wallis and Futuna","Catch_by_EEZ",43
1999,"SPC Member","Wallis and Futuna","Catch_by_EEZ",38
2000,"SPC Member","Wallis and Futuna","Catch_by_EEZ",0
2001,"SPC Member","Wallis and Futuna","Catch_by_EEZ",12
2002,"SPC Member","Wallis and Futuna","Catch_by_EEZ",60
2003,"SPC Member","Wallis and Futuna","Catch_by_EEZ",18
2004,"SPC Member","Wallis and Futuna","Catch_by_EEZ",0
2005,"SPC Member","Wallis and Futuna","Catch_by_EEZ",65
2006,"SPC Member","Wallis and Futuna","Catch_by_EEZ",16
2007,"SPC Member","Wallis and Futuna","Catch_by_EEZ",0
2008,"SPC Member","Wallis and Futuna","Catch_by_EEZ",29
2009,"SPC Member","Wallis and Futuna","Catch_by_EEZ",138
2010,"SPC Member","Wallis and Futuna","Catch_by_EEZ",43
2011,"SPC Member","Wallis and Futuna","Catch_by_EEZ",24
2012,"SPC Member","Wallis and Futuna","Catch_by_EEZ",7
2013,"SPC Member","Wallis and Futuna","Catch_by_EEZ",9
2014,"SPC Member","Wallis and Futuna","Catch_by_EEZ",7
2015,"SPC Member","Wallis and Futuna","Catch_by_EEZ",6
2016,"SPC Member","Wallis and Futuna","Catch_by_EEZ",7
2017,"SPC Member","Wallis and Futuna","Catch_by_EEZ",5
2018,"SPC Member","Wallis and Futuna","Catch_by_EEZ",11
2019,"SPC Member","Wallis and Futuna","Catch_by_EEZ",19
2020,"SPC Member","Wallis and Futuna","Catch_by_EEZ",13
2021,"SPC Member","Wallis and Futuna","Catch_by_EEZ",13
2022,"SPC Member","Wallis and Futuna","Catch_by_EEZ",4
2023,"SPC Member","Wallis and Futuna","Catch_by_EEZ",4
2024,"SPC Member","Wallis and Futuna","Catch_by_EEZ",0
1997,"DWFN","Belize","Fleet_catch_in_own_national_waters",0
1998,"DWFN","Belize","Fleet_catch_in_own_national_waters",0
1999,"DWFN","Belize","Fleet_catch_in_own_national_waters",0
2000,"DWFN","Belize","Fleet_catch_in_own_national_waters",0
2001,"DWFN","Belize","Fleet_catch_in_own_national_waters",0
2002,"DWFN","Belize","Fleet_catch_in_own_national_waters",0
2003,"DWFN","Belize","Fleet_catch_in_own_national_waters",0
2004,"DWFN","Belize","Fleet_catch_in_own_national_waters",0
2005,"DWFN","Belize","Fleet_catch_in_own_national_waters",0
2006,"DWFN","Belize","Fleet_catch_in_own_national_waters",0
2007,"DWFN","Belize","Fleet_catch_in_own_national_waters",0
2008,"DWFN","Belize","Fleet_catch_in_own_national_waters",0
2009,"DWFN","Belize","Fleet_catch_in_own_national_waters",0
2010,"DWFN","Belize","Fleet_catch_in_own_national_waters",0
2011,"DWFN","Belize","Fleet_catch_in_own_national_waters",0
2012,"DWFN","Belize","Fleet_catch_in_own_national_waters",0
2013,"DWFN","Belize","Fleet_catch_in_own_national_waters",0
2014,"DWFN","Belize","Fleet_catch_in_own_national_waters",0
2015,"DWFN","Belize","Fleet_catch_in_own_national_waters",0
2016,"DWFN","Belize","Fleet_catch_in_own_national_waters",0
2017,"DWFN","Belize","Fleet_catch_in_own_national_waters",0
2018,"DWFN","Belize","Fleet_catch_in_own_national_waters",0
2019,"DWFN","Belize","Fleet_catch_in_own_national_waters",0
2020,"DWFN","Belize","Fleet_catch_in_own_national_waters",0
2021,"DWFN","Belize","Fleet_catch_in_own_national_waters",0
2022,"DWFN","Belize","Fleet_catch_in_own_national_waters",0
2023,"DWFN","Belize","Fleet_catch_in_own_national_waters",0
2024,"DWFN","Belize","Fleet_catch_in_own_national_waters",0
1997,"DWFN","Canada","Fleet_catch_in_own_national_waters",0
1998,"DWFN","Canada","Fleet_catch_in_own_national_waters",0
1999,"DWFN","Canada","Fleet_catch_in_own_national_waters",0
2000,"DWFN","Canada","Fleet_catch_in_own_national_waters",0
2001,"DWFN","Canada","Fleet_catch_in_own_national_waters",0
2002,"DWFN","Canada","Fleet_catch_in_own_national_waters",0
2003,"DWFN","Canada","Fleet_catch_in_own_national_waters",0
2004,"DWFN","Canada","Fleet_catch_in_own_national_waters",0
2005,"DWFN","Canada","Fleet_catch_in_own_national_waters",0
2006,"DWFN","Canada","Fleet_catch_in_own_national_waters",0
2007,"DWFN","Canada","Fleet_catch_in_own_national_waters",0
2008,"DWFN","Canada","Fleet_catch_in_own_national_waters",0
2009,"DWFN","Canada","Fleet_catch_in_own_national_waters",0
2010,"DWFN","Canada","Fleet_catch_in_own_national_waters",0
2011,"DWFN","Canada","Fleet_catch_in_own_national_waters",0
2012,"DWFN","Canada","Fleet_catch_in_own_national_waters",0
2013,"DWFN","Canada","Fleet_catch_in_own_national_waters",0
2014,"DWFN","Canada","Fleet_catch_in_own_national_waters",0
2015,"DWFN","Canada","Fleet_catch_in_own_national_waters",0
2016,"DWFN","Canada","Fleet_catch_in_own_national_waters",0
2017,"DWFN","Canada","Fleet_catch_in_own_national_waters",0
2018,"DWFN","Canada","Fleet_catch_in_own_national_waters",0
2019,"DWFN","Canada","Fleet_catch_in_own_national_waters",0
2020,"DWFN","Canada","Fleet_catch_in_own_national_waters",0
2021,"DWFN","Canada","Fleet_catch_in_own_national_waters",0
2022,"DWFN","Canada","Fleet_catch_in_own_national_waters",0
2023,"DWFN","Canada","Fleet_catch_in_own_national_waters",0
2024,"DWFN","Canada","Fleet_catch_in_own_national_waters",0
1997,"DWFN","China","Fleet_catch_in_own_national_waters",0
1998,"DWFN","China","Fleet_catch_in_own_national_waters",0
1999,"DWFN","China","Fleet_catch_in_own_national_waters",0
2000,"DWFN","China","Fleet_catch_in_own_national_waters",0
2001,"DWFN","China","Fleet_catch_in_own_national_waters",0
2002,"DWFN","China","Fleet_catch_in_own_national_waters",0
2003,"DWFN","China","Fleet_catch_in_own_national_waters",0
2004,"DWFN","China","Fleet_catch_in_own_national_waters",0
2005,"DWFN","China","Fleet_catch_in_own_national_waters",0
2006,"DWFN","China","Fleet_catch_in_own_national_waters",0
2007,"DWFN","China","Fleet_catch_in_own_national_waters",0
2008,"DWFN","China","Fleet_catch_in_own_national_waters",0
2009,"DWFN","China","Fleet_catch_in_own_national_waters",0
2010,"DWFN","China","Fleet_catch_in_own_national_waters",0
2011,"DWFN","China","Fleet_catch_in_own_national_waters",0
2012,"DWFN","China","Fleet_catch_in_own_national_waters",0
2013,"DWFN","China","Fleet_catch_in_own_national_waters",0
2014,"DWFN","China","Fleet_catch_in_own_national_waters",0
2015,"DWFN","China","Fleet_catch_in_own_national_waters",0
2016,"DWFN","China","Fleet_catch_in_own_national_waters",0
2017,"DWFN","China","Fleet_catch_in_own_national_waters",2
2018,"DWFN","China","Fleet_catch_in_own_national_waters",0
2019,"DWFN","China","Fleet_catch_in_own_national_waters",0
2020,"DWFN","China","Fleet_catch_in_own_national_waters",0
2021,"DWFN","China","Fleet_catch_in_own_national_waters",0
2022,"DWFN","China","Fleet_catch_in_own_national_waters",0
2023,"DWFN","China","Fleet_catch_in_own_national_waters",0
2024,"DWFN","China","Fleet_catch_in_own_national_waters",0
1997,"DWFN","Eastern Pacific fleet","Fleet_catch_in_own_national_waters",0
1998,"DWFN","Eastern Pacific fleet","Fleet_catch_in_own_national_waters",0
1999,"DWFN","Eastern Pacific fleet","Fleet_catch_in_own_national_waters",0
2000,"DWFN","Eastern Pacific fleet","Fleet_catch_in_own_national_waters",0
2001,"DWFN","Eastern Pacific fleet","Fleet_catch_in_own_national_waters",0
2002,"DWFN","Eastern Pacific fleet","Fleet_catch_in_own_national_waters",0
2003,"DWFN","Eastern Pacific fleet","Fleet_catch_in_own_national_waters",0
2004,"DWFN","Eastern Pacific fleet","Fleet_catch_in_own_national_waters",0
2005,"DWFN","Eastern Pacific fleet","Fleet_catch_in_own_national_waters",0
2006,"DWFN","Eastern Pacific fleet","Fleet_catch_in_own_national_waters",0
2007,"DWFN","Eastern Pacific fleet","Fleet_catch_in_own_national_waters",0
2008,"DWFN","Eastern Pacific fleet","Fleet_catch_in_own_national_waters",0
2009,"DWFN","Eastern Pacific fleet","Fleet_catch_in_own_national_waters",0
2010,"DWFN","Eastern Pacific fleet","Fleet_catch_in_own_national_waters",0
2011,"DWFN","Eastern Pacific fleet","Fleet_catch_in_own_national_waters",0
2012,"DWFN","Eastern Pacific fleet","Fleet_catch_in_own_national_waters",0
2013,"DWFN","Eastern Pacific fleet","Fleet_catch_in_own_national_waters",0
2014,"DWFN","Eastern Pacific fleet","Fleet_catch_in_own_national_waters",0
2015,"DWFN","Eastern Pacific fleet","Fleet_catch_in_own_national_waters",0
2016,"DWFN","Eastern Pacific fleet","Fleet_catch_in_own_national_waters",0
2017,"DWFN","Eastern Pacific fleet","Fleet_catch_in_own_national_waters",0
2018,"DWFN","Eastern Pacific fleet","Fleet_catch_in_own_national_waters",0
2019,"DWFN","Eastern Pacific fleet","Fleet_catch_in_own_national_waters",0
2020,"DWFN","Eastern Pacific fleet","Fleet_catch_in_own_national_waters",0
2021,"DWFN","Eastern Pacific fleet","Fleet_catch_in_own_national_waters",0
2022,"DWFN","Eastern Pacific fleet","Fleet_catch_in_own_national_waters",0
2023,"DWFN","Eastern Pacific fleet","Fleet_catch_in_own_national_waters",0
2024,"DWFN","Eastern Pacific fleet","Fleet_catch_in_own_national_waters",0
1997,"DWFN","Ecuador","Fleet_catch_in_own_national_waters",0
1998,"DWFN","Ecuador","Fleet_catch_in_own_national_waters",0
1999,"DWFN","Ecuador","Fleet_catch_in_own_national_waters",0
2000,"DWFN","Ecuador","Fleet_catch_in_own_national_waters",0
2001,"DWFN","Ecuador","Fleet_catch_in_own_national_waters",0
2002,"DWFN","Ecuador","Fleet_catch_in_own_national_waters",0
2003,"DWFN","Ecuador","Fleet_catch_in_own_national_waters",0
2004,"DWFN","Ecuador","Fleet_catch_in_own_national_waters",0
2005,"DWFN","Ecuador","Fleet_catch_in_own_national_waters",0
2006,"DWFN","Ecuador","Fleet_catch_in_own_national_waters",0
2007,"DWFN","Ecuador","Fleet_catch_in_own_national_waters",0
2008,"DWFN","Ecuador","Fleet_catch_in_own_national_waters",0
2009,"DWFN","Ecuador","Fleet_catch_in_own_national_waters",0
2010,"DWFN","Ecuador","Fleet_catch_in_own_national_waters",0
2011,"DWFN","Ecuador","Fleet_catch_in_own_national_waters",0
2012,"DWFN","Ecuador","Fleet_catch_in_own_national_waters",0
2013,"DWFN","Ecuador","Fleet_catch_in_own_national_waters",0
2014,"DWFN","Ecuador","Fleet_catch_in_own_national_waters",0
2015,"DWFN","Ecuador","Fleet_catch_in_own_national_waters",0
2016,"DWFN","Ecuador","Fleet_catch_in_own_national_waters",0
2017,"DWFN","Ecuador","Fleet_catch_in_own_national_waters",0
2018,"DWFN","Ecuador","Fleet_catch_in_own_national_waters",0
2019,"DWFN","Ecuador","Fleet_catch_in_own_national_waters",0
2020,"DWFN","Ecuador","Fleet_catch_in_own_national_waters",0
2021,"DWFN","Ecuador","Fleet_catch_in_own_national_waters",0
2022,"DWFN","Ecuador","Fleet_catch_in_own_national_waters",0
2023,"DWFN","Ecuador","Fleet_catch_in_own_national_waters",0
2024,"DWFN","Ecuador","Fleet_catch_in_own_national_waters",0
1997,"DWFN","El Salvador","Fleet_catch_in_own_national_waters",0
1998,"DWFN","El Salvador","Fleet_catch_in_own_national_waters",0
1999,"DWFN","El Salvador","Fleet_catch_in_own_national_waters",0
2000,"DWFN","El Salvador","Fleet_catch_in_own_national_waters",0
2001,"DWFN","El Salvador","Fleet_catch_in_own_national_waters",0
2002,"DWFN","El Salvador","Fleet_catch_in_own_national_waters",0
2003,"DWFN","El Salvador","Fleet_catch_in_own_national_waters",0
2004,"DWFN","El Salvador","Fleet_catch_in_own_national_waters",0
2005,"DWFN","El Salvador","Fleet_catch_in_own_national_waters",0
2006,"DWFN","El Salvador","Fleet_catch_in_own_national_waters",0
2007,"DWFN","El Salvador","Fleet_catch_in_own_national_waters",0
2008,"DWFN","El Salvador","Fleet_catch_in_own_national_waters",0
2009,"DWFN","El Salvador","Fleet_catch_in_own_national_waters",0
2010,"DWFN","El Salvador","Fleet_catch_in_own_national_waters",0
2011,"DWFN","El Salvador","Fleet_catch_in_own_national_waters",0
2012,"DWFN","El Salvador","Fleet_catch_in_own_national_waters",0
2013,"DWFN","El Salvador","Fleet_catch_in_own_national_waters",0
2014,"DWFN","El Salvador","Fleet_catch_in_own_national_waters",0
2015,"DWFN","El Salvador","Fleet_catch_in_own_national_waters",0
2016,"DWFN","El Salvador","Fleet_catch_in_own_national_waters",0
2017,"DWFN","El Salvador","Fleet_catch_in_own_national_waters",0
2018,"DWFN","El Salvador","Fleet_catch_in_own_national_waters",0
2019,"DWFN","El Salvador","Fleet_catch_in_own_national_waters",0
2020,"DWFN","El Salvador","Fleet_catch_in_own_national_waters",0
2021,"DWFN","El Salvador","Fleet_catch_in_own_national_waters",0
2022,"DWFN","El Salvador","Fleet_catch_in_own_national_waters",0
2023,"DWFN","El Salvador","Fleet_catch_in_own_national_waters",0
2024,"DWFN","El Salvador","Fleet_catch_in_own_national_waters",0
1997,"DWFN","Indonesia","Fleet_catch_in_own_national_waters",256670
1998,"DWFN","Indonesia","Fleet_catch_in_own_national_waters",338881
1999,"DWFN","Indonesia","Fleet_catch_in_own_national_waters",321618
2000,"DWFN","Indonesia","Fleet_catch_in_own_national_waters",342203
2001,"DWFN","Indonesia","Fleet_catch_in_own_national_waters",314888
2002,"DWFN","Indonesia","Fleet_catch_in_own_national_waters",302659
2003,"DWFN","Indonesia","Fleet_catch_in_own_national_waters",310657
2004,"DWFN","Indonesia","Fleet_catch_in_own_national_waters",411985
2005,"DWFN","Indonesia","Fleet_catch_in_own_national_waters",247514
2006,"DWFN","Indonesia","Fleet_catch_in_own_national_waters",285844
2007,"DWFN","Indonesia","Fleet_catch_in_own_national_waters",321890
2008,"DWFN","Indonesia","Fleet_catch_in_own_national_waters",334970
2009,"DWFN","Indonesia","Fleet_catch_in_own_national_waters",388635
2010,"DWFN","Indonesia","Fleet_catch_in_own_national_waters",358254
2011,"DWFN","Indonesia","Fleet_catch_in_own_national_waters",397915
2012,"DWFN","Indonesia","Fleet_catch_in_own_national_waters",443316
2013,"DWFN","Indonesia","Fleet_catch_in_own_national_waters",526236
2014,"DWFN","Indonesia","Fleet_catch_in_own_national_waters",482917
2015,"DWFN","Indonesia","Fleet_catch_in_own_national_waters",432078
2016,"DWFN","Indonesia","Fleet_catch_in_own_national_waters",525633
2017,"DWFN","Indonesia","Fleet_catch_in_own_national_waters",470964
2018,"DWFN","Indonesia","Fleet_catch_in_own_national_waters",526475
2019,"DWFN","Indonesia","Fleet_catch_in_own_national_waters",536212
2020,"DWFN","Indonesia","Fleet_catch_in_own_national_waters",514558
2021,"DWFN","Indonesia","Fleet_catch_in_own_national_waters",546944
2022,"DWFN","Indonesia","Fleet_catch_in_own_national_waters",513429
2023,"DWFN","Indonesia","Fleet_catch_in_own_national_waters",511995
2024,"DWFN","Indonesia","Fleet_catch_in_own_national_waters",512006
1997,"DWFN","Japan","Fleet_catch_in_own_national_waters",146158
1998,"DWFN","Japan","Fleet_catch_in_own_national_waters",146410
1999,"DWFN","Japan","Fleet_catch_in_own_national_waters",141765
2000,"DWFN","Japan","Fleet_catch_in_own_national_waters",148627
2001,"DWFN","Japan","Fleet_catch_in_own_national_waters",82219
2002,"DWFN","Japan","Fleet_catch_in_own_national_waters",75636
2003,"DWFN","Japan","Fleet_catch_in_own_national_waters",90356
2004,"DWFN","Japan","Fleet_catch_in_own_national_waters",104502
2005,"DWFN","Japan","Fleet_catch_in_own_national_waters",109913
2006,"DWFN","Japan","Fleet_catch_in_own_national_waters",101396
2007,"DWFN","Japan","Fleet_catch_in_own_national_waters",121352
2008,"DWFN","Japan","Fleet_catch_in_own_national_waters",102221
2009,"DWFN","Japan","Fleet_catch_in_own_national_waters",101990
2010,"DWFN","Japan","Fleet_catch_in_own_national_waters",87773
2011,"DWFN","Japan","Fleet_catch_in_own_national_waters",77423
2012,"DWFN","Japan","Fleet_catch_in_own_national_waters",71141
2013,"DWFN","Japan","Fleet_catch_in_own_national_waters",94076
2014,"DWFN","Japan","Fleet_catch_in_own_national_waters",74284
2015,"DWFN","Japan","Fleet_catch_in_own_national_waters",89571
2016,"DWFN","Japan","Fleet_catch_in_own_national_waters",71709
2017,"DWFN","Japan","Fleet_catch_in_own_national_waters",76829
2018,"DWFN","Japan","Fleet_catch_in_own_national_waters",86713
2019,"DWFN","Japan","Fleet_catch_in_own_national_waters",65942
2020,"DWFN","Japan","Fleet_catch_in_own_national_waters",68617
2021,"DWFN","Japan","Fleet_catch_in_own_national_waters",79243
2022,"DWFN","Japan","Fleet_catch_in_own_national_waters",68249
2023,"DWFN","Japan","Fleet_catch_in_own_national_waters",84557
2024,"DWFN","Japan","Fleet_catch_in_own_national_waters",74349
1997,"DWFN","Korea","Fleet_catch_in_own_national_waters",0
1998,"DWFN","Korea","Fleet_catch_in_own_national_waters",0
1999,"DWFN","Korea","Fleet_catch_in_own_national_waters",0
2000,"DWFN","Korea","Fleet_catch_in_own_national_waters",0
2001,"DWFN","Korea","Fleet_catch_in_own_national_waters",0
2002,"DWFN","Korea","Fleet_catch_in_own_national_waters",0
2003,"DWFN","Korea","Fleet_catch_in_own_national_waters",0
2004,"DWFN","Korea","Fleet_catch_in_own_national_waters",0
2005,"DWFN","Korea","Fleet_catch_in_own_national_waters",0
2006,"DWFN","Korea","Fleet_catch_in_own_national_waters",0
2007,"DWFN","Korea","Fleet_catch_in_own_national_waters",0
2008,"DWFN","Korea","Fleet_catch_in_own_national_waters",0
2009,"DWFN","Korea","Fleet_catch_in_own_national_waters",0
2010,"DWFN","Korea","Fleet_catch_in_own_national_waters",0
2011,"DWFN","Korea","Fleet_catch_in_own_national_waters",0
2012,"DWFN","Korea","Fleet_catch_in_own_national_waters",0
2013,"DWFN","Korea","Fleet_catch_in_own_national_waters",0
2014,"DWFN","Korea","Fleet_catch_in_own_national_waters",0
2015,"DWFN","Korea","Fleet_catch_in_own_national_waters",0
2016,"DWFN","Korea","Fleet_catch_in_own_national_waters",0
2017,"DWFN","Korea","Fleet_catch_in_own_national_waters",0
2018,"DWFN","Korea","Fleet_catch_in_own_national_waters",0
2019,"DWFN","Korea","Fleet_catch_in_own_national_waters",0
2020,"DWFN","Korea","Fleet_catch_in_own_national_waters",0
2021,"DWFN","Korea","Fleet_catch_in_own_national_waters",0
2022,"DWFN","Korea","Fleet_catch_in_own_national_waters",0
2023,"DWFN","Korea","Fleet_catch_in_own_national_waters",0
2024,"DWFN","Korea","Fleet_catch_in_own_national_waters",0
1997,"DWFN","Philippines","Fleet_catch_in_own_national_waters",173749
1998,"DWFN","Philippines","Fleet_catch_in_own_national_waters",191743
1999,"DWFN","Philippines","Fleet_catch_in_own_national_waters",194894
2000,"DWFN","Philippines","Fleet_catch_in_own_national_waters",199003
2001,"DWFN","Philippines","Fleet_catch_in_own_national_waters",185049
2002,"DWFN","Philippines","Fleet_catch_in_own_national_waters",205309
2003,"DWFN","Philippines","Fleet_catch_in_own_national_waters",259729
2004,"DWFN","Philippines","Fleet_catch_in_own_national_waters",266693
2005,"DWFN","Philippines","Fleet_catch_in_own_national_waters",273273
2006,"DWFN","Philippines","Fleet_catch_in_own_national_waters",300392
2007,"DWFN","Philippines","Fleet_catch_in_own_national_waters",346832
2008,"DWFN","Philippines","Fleet_catch_in_own_national_waters",370650
2009,"DWFN","Philippines","Fleet_catch_in_own_national_waters",266721
2010,"DWFN","Philippines","Fleet_catch_in_own_national_waters",212163
2011,"DWFN","Philippines","Fleet_catch_in_own_national_waters",113102
2012,"DWFN","Philippines","Fleet_catch_in_own_national_waters",121095
2013,"DWFN","Philippines","Fleet_catch_in_own_national_waters",132278
2014,"DWFN","Philippines","Fleet_catch_in_own_national_waters",154819
2015,"DWFN","Philippines","Fleet_catch_in_own_national_waters",148196
2016,"DWFN","Philippines","Fleet_catch_in_own_national_waters",120891
2017,"DWFN","Philippines","Fleet_catch_in_own_national_waters",145744
2018,"DWFN","Philippines","Fleet_catch_in_own_national_waters",123276
2019,"DWFN","Philippines","Fleet_catch_in_own_national_waters",131323
2020,"DWFN","Philippines","Fleet_catch_in_own_national_waters",155055
2021,"DWFN","Philippines","Fleet_catch_in_own_national_waters",156103
2022,"DWFN","Philippines","Fleet_catch_in_own_national_waters",126400
2023,"DWFN","Philippines","Fleet_catch_in_own_national_waters",138203
2024,"DWFN","Philippines","Fleet_catch_in_own_national_waters",169001
1997,"DWFN","Portugal","Fleet_catch_in_own_national_waters",0
1998,"DWFN","Portugal","Fleet_catch_in_own_national_waters",0
1999,"DWFN","Portugal","Fleet_catch_in_own_national_waters",0
2000,"DWFN","Portugal","Fleet_catch_in_own_national_waters",0
2001,"DWFN","Portugal","Fleet_catch_in_own_national_waters",0
2002,"DWFN","Portugal","Fleet_catch_in_own_national_waters",0
2003,"DWFN","Portugal","Fleet_catch_in_own_national_waters",0
2004,"DWFN","Portugal","Fleet_catch_in_own_national_waters",0
2005,"DWFN","Portugal","Fleet_catch_in_own_national_waters",0
2006,"DWFN","Portugal","Fleet_catch_in_own_national_waters",0
2007,"DWFN","Portugal","Fleet_catch_in_own_national_waters",0
2008,"DWFN","Portugal","Fleet_catch_in_own_national_waters",0
2009,"DWFN","Portugal","Fleet_catch_in_own_national_waters",0
2010,"DWFN","Portugal","Fleet_catch_in_own_national_waters",0
2011,"DWFN","Portugal","Fleet_catch_in_own_national_waters",0
2012,"DWFN","Portugal","Fleet_catch_in_own_national_waters",0
2013,"DWFN","Portugal","Fleet_catch_in_own_national_waters",0
2014,"DWFN","Portugal","Fleet_catch_in_own_national_waters",0
2015,"DWFN","Portugal","Fleet_catch_in_own_national_waters",0
2016,"DWFN","Portugal","Fleet_catch_in_own_national_waters",0
2017,"DWFN","Portugal","Fleet_catch_in_own_national_waters",0
2018,"DWFN","Portugal","Fleet_catch_in_own_national_waters",0
2019,"DWFN","Portugal","Fleet_catch_in_own_national_waters",0
2020,"DWFN","Portugal","Fleet_catch_in_own_national_waters",0
2021,"DWFN","Portugal","Fleet_catch_in_own_national_waters",0
2022,"DWFN","Portugal","Fleet_catch_in_own_national_waters",0
2023,"DWFN","Portugal","Fleet_catch_in_own_national_waters",0
2024,"DWFN","Portugal","Fleet_catch_in_own_national_waters",0
1997,"DWFN","Senegal","Fleet_catch_in_own_national_waters",0
1998,"DWFN","Senegal","Fleet_catch_in_own_national_waters",0
1999,"DWFN","Senegal","Fleet_catch_in_own_national_waters",0
2000,"DWFN","Senegal","Fleet_catch_in_own_national_waters",0
2001,"DWFN","Senegal","Fleet_catch_in_own_national_waters",0
2002,"DWFN","Senegal","Fleet_catch_in_own_national_waters",0
2003,"DWFN","Senegal","Fleet_catch_in_own_national_waters",0
2004,"DWFN","Senegal","Fleet_catch_in_own_national_waters",0
2005,"DWFN","Senegal","Fleet_catch_in_own_national_waters",0
2006,"DWFN","Senegal","Fleet_catch_in_own_national_waters",0
2007,"DWFN","Senegal","Fleet_catch_in_own_national_waters",0
2008,"DWFN","Senegal","Fleet_catch_in_own_national_waters",0
2009,"DWFN","Senegal","Fleet_catch_in_own_national_waters",0
2010,"DWFN","Senegal","Fleet_catch_in_own_national_waters",0
2011,"DWFN","Senegal","Fleet_catch_in_own_national_waters",0
2012,"DWFN","Senegal","Fleet_catch_in_own_national_waters",0
2013,"DWFN","Senegal","Fleet_catch_in_own_national_waters",0
2014,"DWFN","Senegal","Fleet_catch_in_own_national_waters",0
2015,"DWFN","Senegal","Fleet_catch_in_own_national_waters",0
2016,"DWFN","Senegal","Fleet_catch_in_own_national_waters",0
2017,"DWFN","Senegal","Fleet_catch_in_own_national_waters",0
2018,"DWFN","Senegal","Fleet_catch_in_own_national_waters",0
2019,"DWFN","Senegal","Fleet_catch_in_own_national_waters",0
2020,"DWFN","Senegal","Fleet_catch_in_own_national_waters",0
2021,"DWFN","Senegal","Fleet_catch_in_own_national_waters",0
2022,"DWFN","Senegal","Fleet_catch_in_own_national_waters",0
2023,"DWFN","Senegal","Fleet_catch_in_own_national_waters",0
2024,"DWFN","Senegal","Fleet_catch_in_own_national_waters",0
1997,"DWFN","Spain","Fleet_catch_in_own_national_waters",0
1998,"DWFN","Spain","Fleet_catch_in_own_national_waters",0
1999,"DWFN","Spain","Fleet_catch_in_own_national_waters",0
2000,"DWFN","Spain","Fleet_catch_in_own_national_waters",0
2001,"DWFN","Spain","Fleet_catch_in_own_national_waters",0
2002,"DWFN","Spain","Fleet_catch_in_own_national_waters",0
2003,"DWFN","Spain","Fleet_catch_in_own_national_waters",0
2004,"DWFN","Spain","Fleet_catch_in_own_national_waters",0
2005,"DWFN","Spain","Fleet_catch_in_own_national_waters",0
2006,"DWFN","Spain","Fleet_catch_in_own_national_waters",0
2007,"DWFN","Spain","Fleet_catch_in_own_national_waters",0
2008,"DWFN","Spain","Fleet_catch_in_own_national_waters",0
2009,"DWFN","Spain","Fleet_catch_in_own_national_waters",0
2010,"DWFN","Spain","Fleet_catch_in_own_national_waters",0
2011,"DWFN","Spain","Fleet_catch_in_own_national_waters",0
2012,"DWFN","Spain","Fleet_catch_in_own_national_waters",0
2013,"DWFN","Spain","Fleet_catch_in_own_national_waters",0
2014,"DWFN","Spain","Fleet_catch_in_own_national_waters",0
2015,"DWFN","Spain","Fleet_catch_in_own_national_waters",0
2016,"DWFN","Spain","Fleet_catch_in_own_national_waters",0
2017,"DWFN","Spain","Fleet_catch_in_own_national_waters",0
2018,"DWFN","Spain","Fleet_catch_in_own_national_waters",0
2019,"DWFN","Spain","Fleet_catch_in_own_national_waters",0
2020,"DWFN","Spain","Fleet_catch_in_own_national_waters",0
2021,"DWFN","Spain","Fleet_catch_in_own_national_waters",0
2022,"DWFN","Spain","Fleet_catch_in_own_national_waters",0
2023,"DWFN","Spain","Fleet_catch_in_own_national_waters",0
2024,"DWFN","Spain","Fleet_catch_in_own_national_waters",0
1997,"DWFN","Taiwan","Fleet_catch_in_own_national_waters",1495
1998,"DWFN","Taiwan","Fleet_catch_in_own_national_waters",0
1999,"DWFN","Taiwan","Fleet_catch_in_own_national_waters",0
2000,"DWFN","Taiwan","Fleet_catch_in_own_national_waters",0
2001,"DWFN","Taiwan","Fleet_catch_in_own_national_waters",848
2002,"DWFN","Taiwan","Fleet_catch_in_own_national_waters",987
2003,"DWFN","Taiwan","Fleet_catch_in_own_national_waters",1980
2004,"DWFN","Taiwan","Fleet_catch_in_own_national_waters",2473
2005,"DWFN","Taiwan","Fleet_catch_in_own_national_waters",607
2006,"DWFN","Taiwan","Fleet_catch_in_own_national_waters",1231
2007,"DWFN","Taiwan","Fleet_catch_in_own_national_waters",1994
2008,"DWFN","Taiwan","Fleet_catch_in_own_national_waters",2528
2009,"DWFN","Taiwan","Fleet_catch_in_own_national_waters",2790
2010,"DWFN","Taiwan","Fleet_catch_in_own_national_waters",2939
2011,"DWFN","Taiwan","Fleet_catch_in_own_national_waters",3961
2012,"DWFN","Taiwan","Fleet_catch_in_own_national_waters",4054
2013,"DWFN","Taiwan","Fleet_catch_in_own_national_waters",4510
2014,"DWFN","Taiwan","Fleet_catch_in_own_national_waters",4510
2015,"DWFN","Taiwan","Fleet_catch_in_own_national_waters",4510
2016,"DWFN","Taiwan","Fleet_catch_in_own_national_waters",4510
2017,"DWFN","Taiwan","Fleet_catch_in_own_national_waters",4566
2018,"DWFN","Taiwan","Fleet_catch_in_own_national_waters",4532
2019,"DWFN","Taiwan","Fleet_catch_in_own_national_waters",4522
2020,"DWFN","Taiwan","Fleet_catch_in_own_national_waters",4527
2021,"DWFN","Taiwan","Fleet_catch_in_own_national_waters",4530
2022,"DWFN","Taiwan","Fleet_catch_in_own_national_waters",4516
2023,"DWFN","Taiwan","Fleet_catch_in_own_national_waters",4517
2024,"DWFN","Taiwan","Fleet_catch_in_own_national_waters",4510
1997,"DWFN","Vietnam","Fleet_catch_in_own_national_waters",0
1998,"DWFN","Vietnam","Fleet_catch_in_own_national_waters",0
1999,"DWFN","Vietnam","Fleet_catch_in_own_national_waters",0
2000,"DWFN","Vietnam","Fleet_catch_in_own_national_waters",33632
2001,"DWFN","Vietnam","Fleet_catch_in_own_national_waters",35400
2002,"DWFN","Vietnam","Fleet_catch_in_own_national_waters",37683
2003,"DWFN","Vietnam","Fleet_catch_in_own_national_waters",37458
2004,"DWFN","Vietnam","Fleet_catch_in_own_national_waters",50521
2005,"DWFN","Vietnam","Fleet_catch_in_own_national_waters",52409
2006,"DWFN","Vietnam","Fleet_catch_in_own_national_waters",52573
2007,"DWFN","Vietnam","Fleet_catch_in_own_national_waters",54210
2008,"DWFN","Vietnam","Fleet_catch_in_own_national_waters",49903
2009,"DWFN","Vietnam","Fleet_catch_in_own_national_waters",44241
2010,"DWFN","Vietnam","Fleet_catch_in_own_national_waters",41665
2011,"DWFN","Vietnam","Fleet_catch_in_own_national_waters",49584
2012,"DWFN","Vietnam","Fleet_catch_in_own_national_waters",65556
2013,"DWFN","Vietnam","Fleet_catch_in_own_national_waters",78631
2014,"DWFN","Vietnam","Fleet_catch_in_own_national_waters",80842
2015,"DWFN","Vietnam","Fleet_catch_in_own_national_waters",89063
2016,"DWFN","Vietnam","Fleet_catch_in_own_national_waters",123076
2017,"DWFN","Vietnam","Fleet_catch_in_own_national_waters",112626
2018,"DWFN","Vietnam","Fleet_catch_in_own_national_waters",120535
2019,"DWFN","Vietnam","Fleet_catch_in_own_national_waters",109315
2020,"DWFN","Vietnam","Fleet_catch_in_own_national_waters",95540
2021,"DWFN","Vietnam","Fleet_catch_in_own_national_waters",89589
2022,"DWFN","Vietnam","Fleet_catch_in_own_national_waters",97615
2023,"DWFN","Vietnam","Fleet_catch_in_own_national_waters",97145
2024,"DWFN","Vietnam","Fleet_catch_in_own_national_waters",97613
1997,"FFA Member","Australia","Fleet_catch_in_own_national_waters",7545
1998,"FFA Member","Australia","Fleet_catch_in_own_national_waters",5053
1999,"FFA Member","Australia","Fleet_catch_in_own_national_waters",7521
2000,"FFA Member","Australia","Fleet_catch_in_own_national_waters",6971
2001,"FFA Member","Australia","Fleet_catch_in_own_national_waters",5236
2002,"FFA Member","Australia","Fleet_catch_in_own_national_waters",5188
2003,"FFA Member","Australia","Fleet_catch_in_own_national_waters",5686
2004,"FFA Member","Australia","Fleet_catch_in_own_national_waters",4107
2005,"FFA Member","Australia","Fleet_catch_in_own_national_waters",3018
2006,"FFA Member","Australia","Fleet_catch_in_own_national_waters",4962
2007,"FFA Member","Australia","Fleet_catch_in_own_national_waters",4377
2008,"FFA Member","Australia","Fleet_catch_in_own_national_waters",3956
2009,"FFA Member","Australia","Fleet_catch_in_own_national_waters",3636
2010,"FFA Member","Australia","Fleet_catch_in_own_national_waters",2559
2011,"FFA Member","Australia","Fleet_catch_in_own_national_waters",2916
2012,"FFA Member","Australia","Fleet_catch_in_own_national_waters",2519
2013,"FFA Member","Australia","Fleet_catch_in_own_national_waters",2584
2014,"FFA Member","Australia","Fleet_catch_in_own_national_waters",2911
2015,"FFA Member","Australia","Fleet_catch_in_own_national_waters",3907
2016,"FFA Member","Australia","Fleet_catch_in_own_national_waters",3457
2017,"FFA Member","Australia","Fleet_catch_in_own_national_waters",2918
2018,"FFA Member","Australia","Fleet_catch_in_own_national_waters",2390
2019,"FFA Member","Australia","Fleet_catch_in_own_national_waters",3009
2020,"FFA Member","Australia","Fleet_catch_in_own_national_waters",3193
2021,"FFA Member","Australia","Fleet_catch_in_own_national_waters",2888
2022,"FFA Member","Australia","Fleet_catch_in_own_national_waters",2888
2023,"FFA Member","Australia","Fleet_catch_in_own_national_waters",2529
2024,"FFA Member","Australia","Fleet_catch_in_own_national_waters",3710
1997,"FFA Member","Cook Islands","Fleet_catch_in_own_national_waters",0
1998,"FFA Member","Cook Islands","Fleet_catch_in_own_national_waters",0
1999,"FFA Member","Cook Islands","Fleet_catch_in_own_national_waters",0
2000,"FFA Member","Cook Islands","Fleet_catch_in_own_national_waters",0
2001,"FFA Member","Cook Islands","Fleet_catch_in_own_national_waters",4
2002,"FFA Member","Cook Islands","Fleet_catch_in_own_national_waters",604
2003,"FFA Member","Cook Islands","Fleet_catch_in_own_national_waters",1755
2004,"FFA Member","Cook Islands","Fleet_catch_in_own_national_waters",2825
2005,"FFA Member","Cook Islands","Fleet_catch_in_own_national_waters",2909
2006,"FFA Member","Cook Islands","Fleet_catch_in_own_national_waters",2417
2007,"FFA Member","Cook Islands","Fleet_catch_in_own_national_waters",2799
2008,"FFA Member","Cook Islands","Fleet_catch_in_own_national_waters",2338
2009,"FFA Member","Cook Islands","Fleet_catch_in_own_national_waters",1740
2010,"FFA Member","Cook Islands","Fleet_catch_in_own_national_waters",2763
2011,"FFA Member","Cook Islands","Fleet_catch_in_own_national_waters",3629
2012,"FFA Member","Cook Islands","Fleet_catch_in_own_national_waters",5267
2013,"FFA Member","Cook Islands","Fleet_catch_in_own_national_waters",1716
2014,"FFA Member","Cook Islands","Fleet_catch_in_own_national_waters",1955
2015,"FFA Member","Cook Islands","Fleet_catch_in_own_national_waters",1533
2016,"FFA Member","Cook Islands","Fleet_catch_in_own_national_waters",1708
2017,"FFA Member","Cook Islands","Fleet_catch_in_own_national_waters",3184
2018,"FFA Member","Cook Islands","Fleet_catch_in_own_national_waters",2900
2019,"FFA Member","Cook Islands","Fleet_catch_in_own_national_waters",1465
2020,"FFA Member","Cook Islands","Fleet_catch_in_own_national_waters",546
2021,"FFA Member","Cook Islands","Fleet_catch_in_own_national_waters",407
2022,"FFA Member","Cook Islands","Fleet_catch_in_own_national_waters",342
2023,"FFA Member","Cook Islands","Fleet_catch_in_own_national_waters",1060
2024,"FFA Member","Cook Islands","Fleet_catch_in_own_national_waters",301
1997,"FFA Member","Fiji","Fleet_catch_in_own_national_waters",4308
1998,"FFA Member","Fiji","Fleet_catch_in_own_national_waters",3835
1999,"FFA Member","Fiji","Fleet_catch_in_own_national_waters",3801
2000,"FFA Member","Fiji","Fleet_catch_in_own_national_waters",8059
2001,"FFA Member","Fiji","Fleet_catch_in_own_national_waters",10410
2002,"FFA Member","Fiji","Fleet_catch_in_own_national_waters",9033
2003,"FFA Member","Fiji","Fleet_catch_in_own_national_waters",7157
2004,"FFA Member","Fiji","Fleet_catch_in_own_national_waters",9808
2005,"FFA Member","Fiji","Fleet_catch_in_own_national_waters",8123
2006,"FFA Member","Fiji","Fleet_catch_in_own_national_waters",7856
2007,"FFA Member","Fiji","Fleet_catch_in_own_national_waters",5525
2008,"FFA Member","Fiji","Fleet_catch_in_own_national_waters",6901
2009,"FFA Member","Fiji","Fleet_catch_in_own_national_waters",7550
2010,"FFA Member","Fiji","Fleet_catch_in_own_national_waters",8543
2011,"FFA Member","Fiji","Fleet_catch_in_own_national_waters",6374
2012,"FFA Member","Fiji","Fleet_catch_in_own_national_waters",5817
2013,"FFA Member","Fiji","Fleet_catch_in_own_national_waters",4761
2014,"FFA Member","Fiji","Fleet_catch_in_own_national_waters",6696
2015,"FFA Member","Fiji","Fleet_catch_in_own_national_waters",9158
2016,"FFA Member","Fiji","Fleet_catch_in_own_national_waters",7916
2017,"FFA Member","Fiji","Fleet_catch_in_own_national_waters",10636
2018,"FFA Member","Fiji","Fleet_catch_in_own_national_waters",8827
2019,"FFA Member","Fiji","Fleet_catch_in_own_national_waters",8782
2020,"FFA Member","Fiji","Fleet_catch_in_own_national_waters",8102
2021,"FFA Member","Fiji","Fleet_catch_in_own_national_waters",6915
2022,"FFA Member","Fiji","Fleet_catch_in_own_national_waters",7832
2023,"FFA Member","Fiji","Fleet_catch_in_own_national_waters",6039
2024,"FFA Member","Fiji","Fleet_catch_in_own_national_waters",10421
1997,"FFA Member","New Zealand","Fleet_catch_in_own_national_waters",10451
1998,"FFA Member","New Zealand","Fleet_catch_in_own_national_waters",15145
1999,"FFA Member","New Zealand","Fleet_catch_in_own_national_waters",10138
2000,"FFA Member","New Zealand","Fleet_catch_in_own_national_waters",14176
2001,"FFA Member","New Zealand","Fleet_catch_in_own_national_waters",10075
2002,"FFA Member","New Zealand","Fleet_catch_in_own_national_waters",10564
2003,"FFA Member","New Zealand","Fleet_catch_in_own_national_waters",10182
2004,"FFA Member","New Zealand","Fleet_catch_in_own_national_waters",15572
2005,"FFA Member","New Zealand","Fleet_catch_in_own_national_waters",14229
2006,"FFA Member","New Zealand","Fleet_catch_in_own_national_waters",8317
2007,"FFA Member","New Zealand","Fleet_catch_in_own_national_waters",11568
2008,"FFA Member","New Zealand","Fleet_catch_in_own_national_waters",11619
2009,"FFA Member","New Zealand","Fleet_catch_in_own_national_waters",6348
2010,"FFA Member","New Zealand","Fleet_catch_in_own_national_waters",9388
2011,"FFA Member","New Zealand","Fleet_catch_in_own_national_waters",12807
2012,"FFA Member","New Zealand","Fleet_catch_in_own_national_waters",12366
2013,"FFA Member","New Zealand","Fleet_catch_in_own_national_waters",15590
2014,"FFA Member","New Zealand","Fleet_catch_in_own_national_waters",11928
2015,"FFA Member","New Zealand","Fleet_catch_in_own_national_waters",13452
2016,"FFA Member","New Zealand","Fleet_catch_in_own_national_waters",7840
2017,"FFA Member","New Zealand","Fleet_catch_in_own_national_waters",6372
2018,"FFA Member","New Zealand","Fleet_catch_in_own_national_waters",6363
2019,"FFA Member","New Zealand","Fleet_catch_in_own_national_waters",8276
2020,"FFA Member","New Zealand","Fleet_catch_in_own_national_waters",8661
2021,"FFA Member","New Zealand","Fleet_catch_in_own_national_waters",8507
2022,"FFA Member","New Zealand","Fleet_catch_in_own_national_waters",3449
2023,"FFA Member","New Zealand","Fleet_catch_in_own_national_waters",1208
2024,"FFA Member","New Zealand","Fleet_catch_in_own_national_waters",1327
1997,"FFA Member","Niue","Fleet_catch_in_own_national_waters",0
1998,"FFA Member","Niue","Fleet_catch_in_own_national_waters",0
1999,"FFA Member","Niue","Fleet_catch_in_own_national_waters",0
2000,"FFA Member","Niue","Fleet_catch_in_own_national_waters",0
2001,"FFA Member","Niue","Fleet_catch_in_own_national_waters",0
2002,"FFA Member","Niue","Fleet_catch_in_own_national_waters",0
2003,"FFA Member","Niue","Fleet_catch_in_own_national_waters",0
2004,"FFA Member","Niue","Fleet_catch_in_own_national_waters",6
2005,"FFA Member","Niue","Fleet_catch_in_own_national_waters",105
2006,"FFA Member","Niue","Fleet_catch_in_own_national_waters",285
2007,"FFA Member","Niue","Fleet_catch_in_own_national_waters",306
2008,"FFA Member","Niue","Fleet_catch_in_own_national_waters",435
2009,"FFA Member","Niue","Fleet_catch_in_own_national_waters",189
2010,"FFA Member","Niue","Fleet_catch_in_own_national_waters",110
2011,"FFA Member","Niue","Fleet_catch_in_own_national_waters",0
2012,"FFA Member","Niue","Fleet_catch_in_own_national_waters",0
2013,"FFA Member","Niue","Fleet_catch_in_own_national_waters",0
2014,"FFA Member","Niue","Fleet_catch_in_own_national_waters",0
2015,"FFA Member","Niue","Fleet_catch_in_own_national_waters",0
2016,"FFA Member","Niue","Fleet_catch_in_own_national_waters",0
2017,"FFA Member","Niue","Fleet_catch_in_own_national_waters",0
2018,"FFA Member","Niue","Fleet_catch_in_own_national_waters",0
2019,"FFA Member","Niue","Fleet_catch_in_own_national_waters",0
2020,"FFA Member","Niue","Fleet_catch_in_own_national_waters",0
2021,"FFA Member","Niue","Fleet_catch_in_own_national_waters",3
2022,"FFA Member","Niue","Fleet_catch_in_own_national_waters",2
2023,"FFA Member","Niue","Fleet_catch_in_own_national_waters",4
2024,"FFA Member","Niue","Fleet_catch_in_own_national_waters",15
1997,"FFA Member","Samoa","Fleet_catch_in_own_national_waters",5498
1998,"FFA Member","Samoa","Fleet_catch_in_own_national_waters",6820
1999,"FFA Member","Samoa","Fleet_catch_in_own_national_waters",5790
2000,"FFA Member","Samoa","Fleet_catch_in_own_national_waters",5389
2001,"FFA Member","Samoa","Fleet_catch_in_own_national_waters",5864
2002,"FFA Member","Samoa","Fleet_catch_in_own_national_waters",4908
2003,"FFA Member","Samoa","Fleet_catch_in_own_national_waters",2944
2004,"FFA Member","Samoa","Fleet_catch_in_own_national_waters",1967
2005,"FFA Member","Samoa","Fleet_catch_in_own_national_waters",1626
2006,"FFA Member","Samoa","Fleet_catch_in_own_national_waters",2564
2007,"FFA Member","Samoa","Fleet_catch_in_own_national_waters",3559
2008,"FFA Member","Samoa","Fleet_catch_in_own_national_waters",2796
2009,"FFA Member","Samoa","Fleet_catch_in_own_national_waters",3422
2010,"FFA Member","Samoa","Fleet_catch_in_own_national_waters",3090
2011,"FFA Member","Samoa","Fleet_catch_in_own_national_waters",1932
2012,"FFA Member","Samoa","Fleet_catch_in_own_national_waters",2353
2013,"FFA Member","Samoa","Fleet_catch_in_own_national_waters",2022
2014,"FFA Member","Samoa","Fleet_catch_in_own_national_waters",1090
2015,"FFA Member","Samoa","Fleet_catch_in_own_national_waters",1160
2016,"FFA Member","Samoa","Fleet_catch_in_own_national_waters",1086
2017,"FFA Member","Samoa","Fleet_catch_in_own_national_waters",2219
2018,"FFA Member","Samoa","Fleet_catch_in_own_national_waters",1771
2019,"FFA Member","Samoa","Fleet_catch_in_own_national_waters",1877
2020,"FFA Member","Samoa","Fleet_catch_in_own_national_waters",1381
2021,"FFA Member","Samoa","Fleet_catch_in_own_national_waters",1093
2022,"FFA Member","Samoa","Fleet_catch_in_own_national_waters",854
2023,"FFA Member","Samoa","Fleet_catch_in_own_national_waters",1463
2024,"FFA Member","Samoa","Fleet_catch_in_own_national_waters",454
1997,"FFA Member","Tonga","Fleet_catch_in_own_national_waters",663
1998,"FFA Member","Tonga","Fleet_catch_in_own_national_waters",825
1999,"FFA Member","Tonga","Fleet_catch_in_own_national_waters",1043
2000,"FFA Member","Tonga","Fleet_catch_in_own_national_waters",1158
2001,"FFA Member","Tonga","Fleet_catch_in_own_national_waters",1528
2002,"FFA Member","Tonga","Fleet_catch_in_own_national_waters",1253
2003,"FFA Member","Tonga","Fleet_catch_in_own_national_waters",654
2004,"FFA Member","Tonga","Fleet_catch_in_own_national_waters",383
2005,"FFA Member","Tonga","Fleet_catch_in_own_national_waters",598
2006,"FFA Member","Tonga","Fleet_catch_in_own_national_waters",753
2007,"FFA Member","Tonga","Fleet_catch_in_own_national_waters",822
2008,"FFA Member","Tonga","Fleet_catch_in_own_national_waters",592
2009,"FFA Member","Tonga","Fleet_catch_in_own_national_waters",271
2010,"FFA Member","Tonga","Fleet_catch_in_own_national_waters",128
2011,"FFA Member","Tonga","Fleet_catch_in_own_national_waters",224
2012,"FFA Member","Tonga","Fleet_catch_in_own_national_waters",171
2013,"FFA Member","Tonga","Fleet_catch_in_own_national_waters",147
2014,"FFA Member","Tonga","Fleet_catch_in_own_national_waters",244
2015,"FFA Member","Tonga","Fleet_catch_in_own_national_waters",357
2016,"FFA Member","Tonga","Fleet_catch_in_own_national_waters",400
2017,"FFA Member","Tonga","Fleet_catch_in_own_national_waters",432
2018,"FFA Member","Tonga","Fleet_catch_in_own_national_waters",259
2019,"FFA Member","Tonga","Fleet_catch_in_own_national_waters",233
2020,"FFA Member","Tonga","Fleet_catch_in_own_national_waters",182
2021,"FFA Member","Tonga","Fleet_catch_in_own_national_waters",235
2022,"FFA Member","Tonga","Fleet_catch_in_own_national_waters",385
2023,"FFA Member","Tonga","Fleet_catch_in_own_national_waters",236
2024,"FFA Member","Tonga","Fleet_catch_in_own_national_waters",218
1997,"FFA Member","Vanuatu","Fleet_catch_in_own_national_waters",2
1998,"FFA Member","Vanuatu","Fleet_catch_in_own_national_waters",0
1999,"FFA Member","Vanuatu","Fleet_catch_in_own_national_waters",0
2000,"FFA Member","Vanuatu","Fleet_catch_in_own_national_waters",329
2001,"FFA Member","Vanuatu","Fleet_catch_in_own_national_waters",204
2002,"FFA Member","Vanuatu","Fleet_catch_in_own_national_waters",918
2003,"FFA Member","Vanuatu","Fleet_catch_in_own_national_waters",1732
2004,"FFA Member","Vanuatu","Fleet_catch_in_own_national_waters",801
2005,"FFA Member","Vanuatu","Fleet_catch_in_own_national_waters",1630
2006,"FFA Member","Vanuatu","Fleet_catch_in_own_national_waters",2098
2007,"FFA Member","Vanuatu","Fleet_catch_in_own_national_waters",1313
2008,"FFA Member","Vanuatu","Fleet_catch_in_own_national_waters",1346
2009,"FFA Member","Vanuatu","Fleet_catch_in_own_national_waters",353
2010,"FFA Member","Vanuatu","Fleet_catch_in_own_national_waters",501
2011,"FFA Member","Vanuatu","Fleet_catch_in_own_national_waters",885
2012,"FFA Member","Vanuatu","Fleet_catch_in_own_national_waters",640
2013,"FFA Member","Vanuatu","Fleet_catch_in_own_national_waters",347
2014,"FFA Member","Vanuatu","Fleet_catch_in_own_national_waters",103
2015,"FFA Member","Vanuatu","Fleet_catch_in_own_national_waters",0
2016,"FFA Member","Vanuatu","Fleet_catch_in_own_national_waters",0
2017,"FFA Member","Vanuatu","Fleet_catch_in_own_national_waters",275
2018,"FFA Member","Vanuatu","Fleet_catch_in_own_national_waters",175
2019,"FFA Member","Vanuatu","Fleet_catch_in_own_national_waters",8
2020,"FFA Member","Vanuatu","Fleet_catch_in_own_national_waters",262
2021,"FFA Member","Vanuatu","Fleet_catch_in_own_national_waters",115
2022,"FFA Member","Vanuatu","Fleet_catch_in_own_national_waters",403
2023,"FFA Member","Vanuatu","Fleet_catch_in_own_national_waters",217
2024,"FFA Member","Vanuatu","Fleet_catch_in_own_national_waters",154
1997,"High Seas","H4","Fleet_catch_in_own_national_waters",0
1998,"High Seas","H4","Fleet_catch_in_own_national_waters",0
1999,"High Seas","H4","Fleet_catch_in_own_national_waters",0
2000,"High Seas","H4","Fleet_catch_in_own_national_waters",0
2001,"High Seas","H4","Fleet_catch_in_own_national_waters",0
2002,"High Seas","H4","Fleet_catch_in_own_national_waters",0
2003,"High Seas","H4","Fleet_catch_in_own_national_waters",0
2004,"High Seas","H4","Fleet_catch_in_own_national_waters",0
2005,"High Seas","H4","Fleet_catch_in_own_national_waters",0
2006,"High Seas","H4","Fleet_catch_in_own_national_waters",0
2007,"High Seas","H4","Fleet_catch_in_own_national_waters",0
2008,"High Seas","H4","Fleet_catch_in_own_national_waters",0
2009,"High Seas","H4","Fleet_catch_in_own_national_waters",0
2010,"High Seas","H4","Fleet_catch_in_own_national_waters",0
2011,"High Seas","H4","Fleet_catch_in_own_national_waters",0
2012,"High Seas","H4","Fleet_catch_in_own_national_waters",0
2013,"High Seas","H4","Fleet_catch_in_own_national_waters",0
2014,"High Seas","H4","Fleet_catch_in_own_national_waters",0
2015,"High Seas","H4","Fleet_catch_in_own_national_waters",0
2016,"High Seas","H4","Fleet_catch_in_own_national_waters",0
2017,"High Seas","H4","Fleet_catch_in_own_national_waters",0
2018,"High Seas","H4","Fleet_catch_in_own_national_waters",0
2019,"High Seas","H4","Fleet_catch_in_own_national_waters",0
2020,"High Seas","H4","Fleet_catch_in_own_national_waters",0
2021,"High Seas","H4","Fleet_catch_in_own_national_waters",0
2022,"High Seas","H4","Fleet_catch_in_own_national_waters",0
2023,"High Seas","H4","Fleet_catch_in_own_national_waters",0
2024,"High Seas","H4","Fleet_catch_in_own_national_waters",0
1997,"High Seas","H5","Fleet_catch_in_own_national_waters",0
1998,"High Seas","H5","Fleet_catch_in_own_national_waters",0
1999,"High Seas","H5","Fleet_catch_in_own_national_waters",0
2000,"High Seas","H5","Fleet_catch_in_own_national_waters",0
2001,"High Seas","H5","Fleet_catch_in_own_national_waters",0
2002,"High Seas","H5","Fleet_catch_in_own_national_waters",0
2003,"High Seas","H5","Fleet_catch_in_own_national_waters",0
2004,"High Seas","H5","Fleet_catch_in_own_national_waters",0
2005,"High Seas","H5","Fleet_catch_in_own_national_waters",0
2006,"High Seas","H5","Fleet_catch_in_own_national_waters",0
2007,"High Seas","H5","Fleet_catch_in_own_national_waters",0
2008,"High Seas","H5","Fleet_catch_in_own_national_waters",0
2009,"High Seas","H5","Fleet_catch_in_own_national_waters",0
2010,"High Seas","H5","Fleet_catch_in_own_national_waters",0
2011,"High Seas","H5","Fleet_catch_in_own_national_waters",0
2012,"High Seas","H5","Fleet_catch_in_own_national_waters",0
2013,"High Seas","H5","Fleet_catch_in_own_national_waters",0
2014,"High Seas","H5","Fleet_catch_in_own_national_waters",0
2015,"High Seas","H5","Fleet_catch_in_own_national_waters",0
2016,"High Seas","H5","Fleet_catch_in_own_national_waters",0
2017,"High Seas","H5","Fleet_catch_in_own_national_waters",0
2018,"High Seas","H5","Fleet_catch_in_own_national_waters",0
2019,"High Seas","H5","Fleet_catch_in_own_national_waters",0
2020,"High Seas","H5","Fleet_catch_in_own_national_waters",0
2021,"High Seas","H5","Fleet_catch_in_own_national_waters",0
2022,"High Seas","H5","Fleet_catch_in_own_national_waters",0
2023,"High Seas","H5","Fleet_catch_in_own_national_waters",0
2024,"High Seas","H5","Fleet_catch_in_own_national_waters",0
1997,"High Seas","I1","Fleet_catch_in_own_national_waters",0
1998,"High Seas","I1","Fleet_catch_in_own_national_waters",0
1999,"High Seas","I1","Fleet_catch_in_own_national_waters",0
2000,"High Seas","I1","Fleet_catch_in_own_national_waters",0
2001,"High Seas","I1","Fleet_catch_in_own_national_waters",0
2002,"High Seas","I1","Fleet_catch_in_own_national_waters",0
2003,"High Seas","I1","Fleet_catch_in_own_national_waters",0
2004,"High Seas","I1","Fleet_catch_in_own_national_waters",0
2005,"High Seas","I1","Fleet_catch_in_own_national_waters",0
2006,"High Seas","I1","Fleet_catch_in_own_national_waters",0
2007,"High Seas","I1","Fleet_catch_in_own_national_waters",0
2008,"High Seas","I1","Fleet_catch_in_own_national_waters",0
2009,"High Seas","I1","Fleet_catch_in_own_national_waters",0
2010,"High Seas","I1","Fleet_catch_in_own_national_waters",0
2011,"High Seas","I1","Fleet_catch_in_own_national_waters",0
2012,"High Seas","I1","Fleet_catch_in_own_national_waters",0
2013,"High Seas","I1","Fleet_catch_in_own_national_waters",0
2014,"High Seas","I1","Fleet_catch_in_own_national_waters",0
2015,"High Seas","I1","Fleet_catch_in_own_national_waters",0
2016,"High Seas","I1","Fleet_catch_in_own_national_waters",0
2017,"High Seas","I1","Fleet_catch_in_own_national_waters",0
2018,"High Seas","I1","Fleet_catch_in_own_national_waters",0
2019,"High Seas","I1","Fleet_catch_in_own_national_waters",0
2020,"High Seas","I1","Fleet_catch_in_own_national_waters",0
2021,"High Seas","I1","Fleet_catch_in_own_national_waters",0
2022,"High Seas","I1","Fleet_catch_in_own_national_waters",0
2023,"High Seas","I1","Fleet_catch_in_own_national_waters",0
2024,"High Seas","I1","Fleet_catch_in_own_national_waters",0
1997,"High Seas","I2","Fleet_catch_in_own_national_waters",0
1998,"High Seas","I2","Fleet_catch_in_own_national_waters",0
1999,"High Seas","I2","Fleet_catch_in_own_national_waters",0
2000,"High Seas","I2","Fleet_catch_in_own_national_waters",0
2001,"High Seas","I2","Fleet_catch_in_own_national_waters",0
2002,"High Seas","I2","Fleet_catch_in_own_national_waters",0
2003,"High Seas","I2","Fleet_catch_in_own_national_waters",0
2004,"High Seas","I2","Fleet_catch_in_own_national_waters",0
2005,"High Seas","I2","Fleet_catch_in_own_national_waters",0
2006,"High Seas","I2","Fleet_catch_in_own_national_waters",0
2007,"High Seas","I2","Fleet_catch_in_own_national_waters",0
2008,"High Seas","I2","Fleet_catch_in_own_national_waters",0
2009,"High Seas","I2","Fleet_catch_in_own_national_waters",0
2010,"High Seas","I2","Fleet_catch_in_own_national_waters",0
2011,"High Seas","I2","Fleet_catch_in_own_national_waters",0
2012,"High Seas","I2","Fleet_catch_in_own_national_waters",0
2013,"High Seas","I2","Fleet_catch_in_own_national_waters",0
2014,"High Seas","I2","Fleet_catch_in_own_national_waters",0
2015,"High Seas","I2","Fleet_catch_in_own_national_waters",0
2016,"High Seas","I2","Fleet_catch_in_own_national_waters",0
2017,"High Seas","I2","Fleet_catch_in_own_national_waters",0
2018,"High Seas","I2","Fleet_catch_in_own_national_waters",0
2019,"High Seas","I2","Fleet_catch_in_own_national_waters",0
2020,"High Seas","I2","Fleet_catch_in_own_national_waters",0
2021,"High Seas","I2","Fleet_catch_in_own_national_waters",0
2022,"High Seas","I2","Fleet_catch_in_own_national_waters",0
2023,"High Seas","I2","Fleet_catch_in_own_national_waters",0
2024,"High Seas","I2","Fleet_catch_in_own_national_waters",0
1997,"High Seas","I3","Fleet_catch_in_own_national_waters",0
1998,"High Seas","I3","Fleet_catch_in_own_national_waters",0
1999,"High Seas","I3","Fleet_catch_in_own_national_waters",0
2000,"High Seas","I3","Fleet_catch_in_own_national_waters",0
2001,"High Seas","I3","Fleet_catch_in_own_national_waters",0
2002,"High Seas","I3","Fleet_catch_in_own_national_waters",0
2003,"High Seas","I3","Fleet_catch_in_own_national_waters",0
2004,"High Seas","I3","Fleet_catch_in_own_national_waters",0
2005,"High Seas","I3","Fleet_catch_in_own_national_waters",0
2006,"High Seas","I3","Fleet_catch_in_own_national_waters",0
2007,"High Seas","I3","Fleet_catch_in_own_national_waters",0
2008,"High Seas","I3","Fleet_catch_in_own_national_waters",0
2009,"High Seas","I3","Fleet_catch_in_own_national_waters",0
2010,"High Seas","I3","Fleet_catch_in_own_national_waters",0
2011,"High Seas","I3","Fleet_catch_in_own_national_waters",0
2012,"High Seas","I3","Fleet_catch_in_own_national_waters",0
2013,"High Seas","I3","Fleet_catch_in_own_national_waters",0
2014,"High Seas","I3","Fleet_catch_in_own_national_waters",0
2015,"High Seas","I3","Fleet_catch_in_own_national_waters",0
2016,"High Seas","I3","Fleet_catch_in_own_national_waters",0
2017,"High Seas","I3","Fleet_catch_in_own_national_waters",0
2018,"High Seas","I3","Fleet_catch_in_own_national_waters",0
2019,"High Seas","I3","Fleet_catch_in_own_national_waters",0
2020,"High Seas","I3","Fleet_catch_in_own_national_waters",0
2021,"High Seas","I3","Fleet_catch_in_own_national_waters",0
2022,"High Seas","I3","Fleet_catch_in_own_national_waters",0
2023,"High Seas","I3","Fleet_catch_in_own_national_waters",0
2024,"High Seas","I3","Fleet_catch_in_own_national_waters",0
1997,"High Seas","I4","Fleet_catch_in_own_national_waters",0
1998,"High Seas","I4","Fleet_catch_in_own_national_waters",0
1999,"High Seas","I4","Fleet_catch_in_own_national_waters",0
2000,"High Seas","I4","Fleet_catch_in_own_national_waters",0
2001,"High Seas","I4","Fleet_catch_in_own_national_waters",0
2002,"High Seas","I4","Fleet_catch_in_own_national_waters",0
2003,"High Seas","I4","Fleet_catch_in_own_national_waters",0
2004,"High Seas","I4","Fleet_catch_in_own_national_waters",0
2005,"High Seas","I4","Fleet_catch_in_own_national_waters",0
2006,"High Seas","I4","Fleet_catch_in_own_national_waters",0
2007,"High Seas","I4","Fleet_catch_in_own_national_waters",0
2008,"High Seas","I4","Fleet_catch_in_own_national_waters",0
2009,"High Seas","I4","Fleet_catch_in_own_national_waters",0
2010,"High Seas","I4","Fleet_catch_in_own_national_waters",0
2011,"High Seas","I4","Fleet_catch_in_own_national_waters",0
2012,"High Seas","I4","Fleet_catch_in_own_national_waters",0
2013,"High Seas","I4","Fleet_catch_in_own_national_waters",0
2014,"High Seas","I4","Fleet_catch_in_own_national_waters",0
2015,"High Seas","I4","Fleet_catch_in_own_national_waters",0
2016,"High Seas","I4","Fleet_catch_in_own_national_waters",0
2017,"High Seas","I4","Fleet_catch_in_own_national_waters",0
2018,"High Seas","I4","Fleet_catch_in_own_national_waters",0
2019,"High Seas","I4","Fleet_catch_in_own_national_waters",0
2020,"High Seas","I4","Fleet_catch_in_own_national_waters",0
2021,"High Seas","I4","Fleet_catch_in_own_national_waters",0
2022,"High Seas","I4","Fleet_catch_in_own_national_waters",0
2023,"High Seas","I4","Fleet_catch_in_own_national_waters",0
2024,"High Seas","I4","Fleet_catch_in_own_national_waters",0
1997,"High Seas","I5","Fleet_catch_in_own_national_waters",0
1998,"High Seas","I5","Fleet_catch_in_own_national_waters",0
1999,"High Seas","I5","Fleet_catch_in_own_national_waters",0
2000,"High Seas","I5","Fleet_catch_in_own_national_waters",0
2001,"High Seas","I5","Fleet_catch_in_own_national_waters",0
2002,"High Seas","I5","Fleet_catch_in_own_national_waters",0
2003,"High Seas","I5","Fleet_catch_in_own_national_waters",0
2004,"High Seas","I5","Fleet_catch_in_own_national_waters",0
2005,"High Seas","I5","Fleet_catch_in_own_national_waters",0
2006,"High Seas","I5","Fleet_catch_in_own_national_waters",0
2007,"High Seas","I5","Fleet_catch_in_own_national_waters",0
2008,"High Seas","I5","Fleet_catch_in_own_national_waters",0
2009,"High Seas","I5","Fleet_catch_in_own_national_waters",0
2010,"High Seas","I5","Fleet_catch_in_own_national_waters",0
2011,"High Seas","I5","Fleet_catch_in_own_national_waters",0
2012,"High Seas","I5","Fleet_catch_in_own_national_waters",0
2013,"High Seas","I5","Fleet_catch_in_own_national_waters",0
2014,"High Seas","I5","Fleet_catch_in_own_national_waters",0
2015,"High Seas","I5","Fleet_catch_in_own_national_waters",0
2016,"High Seas","I5","Fleet_catch_in_own_national_waters",0
2017,"High Seas","I5","Fleet_catch_in_own_national_waters",0
2018,"High Seas","I5","Fleet_catch_in_own_national_waters",0
2019,"High Seas","I5","Fleet_catch_in_own_national_waters",0
2020,"High Seas","I5","Fleet_catch_in_own_national_waters",0
2021,"High Seas","I5","Fleet_catch_in_own_national_waters",0
2022,"High Seas","I5","Fleet_catch_in_own_national_waters",0
2023,"High Seas","I5","Fleet_catch_in_own_national_waters",0
2024,"High Seas","I5","Fleet_catch_in_own_national_waters",0
1997,"High Seas","I6","Fleet_catch_in_own_national_waters",0
1998,"High Seas","I6","Fleet_catch_in_own_national_waters",0
1999,"High Seas","I6","Fleet_catch_in_own_national_waters",0
2000,"High Seas","I6","Fleet_catch_in_own_national_waters",0
2001,"High Seas","I6","Fleet_catch_in_own_national_waters",0
2002,"High Seas","I6","Fleet_catch_in_own_national_waters",0
2003,"High Seas","I6","Fleet_catch_in_own_national_waters",0
2004,"High Seas","I6","Fleet_catch_in_own_national_waters",0
2005,"High Seas","I6","Fleet_catch_in_own_national_waters",0
2006,"High Seas","I6","Fleet_catch_in_own_national_waters",0
2007,"High Seas","I6","Fleet_catch_in_own_national_waters",0
2008,"High Seas","I6","Fleet_catch_in_own_national_waters",0
2009,"High Seas","I6","Fleet_catch_in_own_national_waters",0
2010,"High Seas","I6","Fleet_catch_in_own_national_waters",0
2011,"High Seas","I6","Fleet_catch_in_own_national_waters",0
2012,"High Seas","I6","Fleet_catch_in_own_national_waters",0
2013,"High Seas","I6","Fleet_catch_in_own_national_waters",0
2014,"High Seas","I6","Fleet_catch_in_own_national_waters",0
2015,"High Seas","I6","Fleet_catch_in_own_national_waters",0
2016,"High Seas","I6","Fleet_catch_in_own_national_waters",0
2017,"High Seas","I6","Fleet_catch_in_own_national_waters",0
2018,"High Seas","I6","Fleet_catch_in_own_national_waters",0
2019,"High Seas","I6","Fleet_catch_in_own_national_waters",0
2020,"High Seas","I6","Fleet_catch_in_own_national_waters",0
2021,"High Seas","I6","Fleet_catch_in_own_national_waters",0
2022,"High Seas","I6","Fleet_catch_in_own_national_waters",0
2023,"High Seas","I6","Fleet_catch_in_own_national_waters",0
2024,"High Seas","I6","Fleet_catch_in_own_national_waters",0
1997,"High Seas","I7","Fleet_catch_in_own_national_waters",0
1998,"High Seas","I7","Fleet_catch_in_own_national_waters",0
1999,"High Seas","I7","Fleet_catch_in_own_national_waters",0
2000,"High Seas","I7","Fleet_catch_in_own_national_waters",0
2001,"High Seas","I7","Fleet_catch_in_own_national_waters",0
2002,"High Seas","I7","Fleet_catch_in_own_national_waters",0
2003,"High Seas","I7","Fleet_catch_in_own_national_waters",0
2004,"High Seas","I7","Fleet_catch_in_own_national_waters",0
2005,"High Seas","I7","Fleet_catch_in_own_national_waters",0
2006,"High Seas","I7","Fleet_catch_in_own_national_waters",0
2007,"High Seas","I7","Fleet_catch_in_own_national_waters",0
2008,"High Seas","I7","Fleet_catch_in_own_national_waters",0
2009,"High Seas","I7","Fleet_catch_in_own_national_waters",0
2010,"High Seas","I7","Fleet_catch_in_own_national_waters",0
2011,"High Seas","I7","Fleet_catch_in_own_national_waters",0
2012,"High Seas","I7","Fleet_catch_in_own_national_waters",0
2013,"High Seas","I7","Fleet_catch_in_own_national_waters",0
2014,"High Seas","I7","Fleet_catch_in_own_national_waters",0
2015,"High Seas","I7","Fleet_catch_in_own_national_waters",0
2016,"High Seas","I7","Fleet_catch_in_own_national_waters",0
2017,"High Seas","I7","Fleet_catch_in_own_national_waters",0
2018,"High Seas","I7","Fleet_catch_in_own_national_waters",0
2019,"High Seas","I7","Fleet_catch_in_own_national_waters",0
2020,"High Seas","I7","Fleet_catch_in_own_national_waters",0
2021,"High Seas","I7","Fleet_catch_in_own_national_waters",0
2022,"High Seas","I7","Fleet_catch_in_own_national_waters",0
2023,"High Seas","I7","Fleet_catch_in_own_national_waters",0
2024,"High Seas","I7","Fleet_catch_in_own_national_waters",0
1997,"High Seas","I8","Fleet_catch_in_own_national_waters",0
1998,"High Seas","I8","Fleet_catch_in_own_national_waters",0
1999,"High Seas","I8","Fleet_catch_in_own_national_waters",0
2000,"High Seas","I8","Fleet_catch_in_own_national_waters",0
2001,"High Seas","I8","Fleet_catch_in_own_national_waters",0
2002,"High Seas","I8","Fleet_catch_in_own_national_waters",0
2003,"High Seas","I8","Fleet_catch_in_own_national_waters",0
2004,"High Seas","I8","Fleet_catch_in_own_national_waters",0
2005,"High Seas","I8","Fleet_catch_in_own_national_waters",0
2006,"High Seas","I8","Fleet_catch_in_own_national_waters",0
2007,"High Seas","I8","Fleet_catch_in_own_national_waters",0
2008,"High Seas","I8","Fleet_catch_in_own_national_waters",0
2009,"High Seas","I8","Fleet_catch_in_own_national_waters",0
2010,"High Seas","I8","Fleet_catch_in_own_national_waters",0
2011,"High Seas","I8","Fleet_catch_in_own_national_waters",0
2012,"High Seas","I8","Fleet_catch_in_own_national_waters",0
2013,"High Seas","I8","Fleet_catch_in_own_national_waters",0
2014,"High Seas","I8","Fleet_catch_in_own_national_waters",0
2015,"High Seas","I8","Fleet_catch_in_own_national_waters",0
2016,"High Seas","I8","Fleet_catch_in_own_national_waters",0
2017,"High Seas","I8","Fleet_catch_in_own_national_waters",0
2018,"High Seas","I8","Fleet_catch_in_own_national_waters",0
2019,"High Seas","I8","Fleet_catch_in_own_national_waters",0
2020,"High Seas","I8","Fleet_catch_in_own_national_waters",0
2021,"High Seas","I8","Fleet_catch_in_own_national_waters",0
2022,"High Seas","I8","Fleet_catch_in_own_national_waters",0
2023,"High Seas","I8","Fleet_catch_in_own_national_waters",0
2024,"High Seas","I8","Fleet_catch_in_own_national_waters",0
1997,"High Seas","I9","Fleet_catch_in_own_national_waters",0
1998,"High Seas","I9","Fleet_catch_in_own_national_waters",0
1999,"High Seas","I9","Fleet_catch_in_own_national_waters",0
2000,"High Seas","I9","Fleet_catch_in_own_national_waters",0
2001,"High Seas","I9","Fleet_catch_in_own_national_waters",0
2002,"High Seas","I9","Fleet_catch_in_own_national_waters",0
2003,"High Seas","I9","Fleet_catch_in_own_national_waters",0
2004,"High Seas","I9","Fleet_catch_in_own_national_waters",0
2005,"High Seas","I9","Fleet_catch_in_own_national_waters",0
2006,"High Seas","I9","Fleet_catch_in_own_national_waters",0
2007,"High Seas","I9","Fleet_catch_in_own_national_waters",0
2008,"High Seas","I9","Fleet_catch_in_own_national_waters",0
2009,"High Seas","I9","Fleet_catch_in_own_national_waters",0
2010,"High Seas","I9","Fleet_catch_in_own_national_waters",0
2011,"High Seas","I9","Fleet_catch_in_own_national_waters",0
2012,"High Seas","I9","Fleet_catch_in_own_national_waters",0
2013,"High Seas","I9","Fleet_catch_in_own_national_waters",0
2014,"High Seas","I9","Fleet_catch_in_own_national_waters",0
2015,"High Seas","I9","Fleet_catch_in_own_national_waters",0
2016,"High Seas","I9","Fleet_catch_in_own_national_waters",0
2017,"High Seas","I9","Fleet_catch_in_own_national_waters",0
2018,"High Seas","I9","Fleet_catch_in_own_national_waters",0
2019,"High Seas","I9","Fleet_catch_in_own_national_waters",0
2020,"High Seas","I9","Fleet_catch_in_own_national_waters",0
2021,"High Seas","I9","Fleet_catch_in_own_national_waters",0
2022,"High Seas","I9","Fleet_catch_in_own_national_waters",0
2023,"High Seas","I9","Fleet_catch_in_own_national_waters",0
2024,"High Seas","I9","Fleet_catch_in_own_national_waters",0
1997,"High Seas","IW","Fleet_catch_in_own_national_waters",0
1998,"High Seas","IW","Fleet_catch_in_own_national_waters",0
1999,"High Seas","IW","Fleet_catch_in_own_national_waters",0
2000,"High Seas","IW","Fleet_catch_in_own_national_waters",0
2001,"High Seas","IW","Fleet_catch_in_own_national_waters",0
2002,"High Seas","IW","Fleet_catch_in_own_national_waters",0
2003,"High Seas","IW","Fleet_catch_in_own_national_waters",0
2004,"High Seas","IW","Fleet_catch_in_own_national_waters",0
2005,"High Seas","IW","Fleet_catch_in_own_national_waters",0
2006,"High Seas","IW","Fleet_catch_in_own_national_waters",0
2007,"High Seas","IW","Fleet_catch_in_own_national_waters",0
2008,"High Seas","IW","Fleet_catch_in_own_national_waters",0
2009,"High Seas","IW","Fleet_catch_in_own_national_waters",0
2010,"High Seas","IW","Fleet_catch_in_own_national_waters",0
2011,"High Seas","IW","Fleet_catch_in_own_national_waters",0
2012,"High Seas","IW","Fleet_catch_in_own_national_waters",0
2013,"High Seas","IW","Fleet_catch_in_own_national_waters",0
2014,"High Seas","IW","Fleet_catch_in_own_national_waters",0
2015,"High Seas","IW","Fleet_catch_in_own_national_waters",0
2016,"High Seas","IW","Fleet_catch_in_own_national_waters",0
2017,"High Seas","IW","Fleet_catch_in_own_national_waters",0
2018,"High Seas","IW","Fleet_catch_in_own_national_waters",0
2019,"High Seas","IW","Fleet_catch_in_own_national_waters",0
2020,"High Seas","IW","Fleet_catch_in_own_national_waters",0
2021,"High Seas","IW","Fleet_catch_in_own_national_waters",0
2022,"High Seas","IW","Fleet_catch_in_own_national_waters",0
2023,"High Seas","IW","Fleet_catch_in_own_national_waters",0
2024,"High Seas","IW","Fleet_catch_in_own_national_waters",0
1997,"PNA Member","FSM","Fleet_catch_in_own_national_waters",2528
1998,"PNA Member","FSM","Fleet_catch_in_own_national_waters",3767
1999,"PNA Member","FSM","Fleet_catch_in_own_national_waters",3048
2000,"PNA Member","FSM","Fleet_catch_in_own_national_waters",3072
2001,"PNA Member","FSM","Fleet_catch_in_own_national_waters",2664
2002,"PNA Member","FSM","Fleet_catch_in_own_national_waters",2838
2003,"PNA Member","FSM","Fleet_catch_in_own_national_waters",4711
2004,"PNA Member","FSM","Fleet_catch_in_own_national_waters",1539
2005,"PNA Member","FSM","Fleet_catch_in_own_national_waters",7012
2006,"PNA Member","FSM","Fleet_catch_in_own_national_waters",3957
2007,"PNA Member","FSM","Fleet_catch_in_own_national_waters",3936
2008,"PNA Member","FSM","Fleet_catch_in_own_national_waters",4744
2009,"PNA Member","FSM","Fleet_catch_in_own_national_waters",5720
2010,"PNA Member","FSM","Fleet_catch_in_own_national_waters",7055
2011,"PNA Member","FSM","Fleet_catch_in_own_national_waters",9507
2012,"PNA Member","FSM","Fleet_catch_in_own_national_waters",11805
2013,"PNA Member","FSM","Fleet_catch_in_own_national_waters",10019
2014,"PNA Member","FSM","Fleet_catch_in_own_national_waters",16891
2015,"PNA Member","FSM","Fleet_catch_in_own_national_waters",8772
2016,"PNA Member","FSM","Fleet_catch_in_own_national_waters",35497
2017,"PNA Member","FSM","Fleet_catch_in_own_national_waters",30866
2018,"PNA Member","FSM","Fleet_catch_in_own_national_waters",50164
2019,"PNA Member","FSM","Fleet_catch_in_own_national_waters",34248
2020,"PNA Member","FSM","Fleet_catch_in_own_national_waters",69977
2021,"PNA Member","FSM","Fleet_catch_in_own_national_waters",29793
2022,"PNA Member","FSM","Fleet_catch_in_own_national_waters",61634
2023,"PNA Member","FSM","Fleet_catch_in_own_national_waters",26377
2024,"PNA Member","FSM","Fleet_catch_in_own_national_waters",69625
1997,"PNA Member","Kiribati","Fleet_catch_in_own_national_waters",3482
1998,"PNA Member","Kiribati","Fleet_catch_in_own_national_waters",3088
1999,"PNA Member","Kiribati","Fleet_catch_in_own_national_waters",3720
2000,"PNA Member","Kiribati","Fleet_catch_in_own_national_waters",9753
2001,"PNA Member","Kiribati","Fleet_catch_in_own_national_waters",1686
2002,"PNA Member","Kiribati","Fleet_catch_in_own_national_waters",5286
2003,"PNA Member","Kiribati","Fleet_catch_in_own_national_waters",2132
2004,"PNA Member","Kiribati","Fleet_catch_in_own_national_waters",2316
2005,"PNA Member","Kiribati","Fleet_catch_in_own_national_waters",2060
2006,"PNA Member","Kiribati","Fleet_catch_in_own_national_waters",2280
2007,"PNA Member","Kiribati","Fleet_catch_in_own_national_waters",13732
2008,"PNA Member","Kiribati","Fleet_catch_in_own_national_waters",12681
2009,"PNA Member","Kiribati","Fleet_catch_in_own_national_waters",18797
2010,"PNA Member","Kiribati","Fleet_catch_in_own_national_waters",20101
2011,"PNA Member","Kiribati","Fleet_catch_in_own_national_waters",24839
2012,"PNA Member","Kiribati","Fleet_catch_in_own_national_waters",42144
2013,"PNA Member","Kiribati","Fleet_catch_in_own_national_waters",25300
2014,"PNA Member","Kiribati","Fleet_catch_in_own_national_waters",58511
2015,"PNA Member","Kiribati","Fleet_catch_in_own_national_waters",93029
2016,"PNA Member","Kiribati","Fleet_catch_in_own_national_waters",83001
2017,"PNA Member","Kiribati","Fleet_catch_in_own_national_waters",91262
2018,"PNA Member","Kiribati","Fleet_catch_in_own_national_waters",108236
2019,"PNA Member","Kiribati","Fleet_catch_in_own_national_waters",157802
2020,"PNA Member","Kiribati","Fleet_catch_in_own_national_waters",133885
2021,"PNA Member","Kiribati","Fleet_catch_in_own_national_waters",118508
2022,"PNA Member","Kiribati","Fleet_catch_in_own_national_waters",112654
2023,"PNA Member","Kiribati","Fleet_catch_in_own_national_waters",149833
2024,"PNA Member","Kiribati","Fleet_catch_in_own_national_waters",97477
1997,"PNA Member","Marshall Islands","Fleet_catch_in_own_national_waters",0
1998,"PNA Member","Marshall Islands","Fleet_catch_in_own_national_waters",0
1999,"PNA Member","Marshall Islands","Fleet_catch_in_own_national_waters",0
2000,"PNA Member","Marshall Islands","Fleet_catch_in_own_national_waters",309
2001,"PNA Member","Marshall Islands","Fleet_catch_in_own_national_waters",5293
2002,"PNA Member","Marshall Islands","Fleet_catch_in_own_national_waters",2510
2003,"PNA Member","Marshall Islands","Fleet_catch_in_own_national_waters",1839
2004,"PNA Member","Marshall Islands","Fleet_catch_in_own_national_waters",5298
2005,"PNA Member","Marshall Islands","Fleet_catch_in_own_national_waters",4174
2006,"PNA Member","Marshall Islands","Fleet_catch_in_own_national_waters",1564
2007,"PNA Member","Marshall Islands","Fleet_catch_in_own_national_waters",5095
2008,"PNA Member","Marshall Islands","Fleet_catch_in_own_national_waters",3810
2009,"PNA Member","Marshall Islands","Fleet_catch_in_own_national_waters",4447
2010,"PNA Member","Marshall Islands","Fleet_catch_in_own_national_waters",4477
2011,"PNA Member","Marshall Islands","Fleet_catch_in_own_national_waters",6686
2012,"PNA Member","Marshall Islands","Fleet_catch_in_own_national_waters",13178
2013,"PNA Member","Marshall Islands","Fleet_catch_in_own_national_waters",13347
2014,"PNA Member","Marshall Islands","Fleet_catch_in_own_national_waters",14051
2015,"PNA Member","Marshall Islands","Fleet_catch_in_own_national_waters",4230
2016,"PNA Member","Marshall Islands","Fleet_catch_in_own_national_waters",9523
2017,"PNA Member","Marshall Islands","Fleet_catch_in_own_national_waters",10574
2018,"PNA Member","Marshall Islands","Fleet_catch_in_own_national_waters",8405
2019,"PNA Member","Marshall Islands","Fleet_catch_in_own_national_waters",4202
2020,"PNA Member","Marshall Islands","Fleet_catch_in_own_national_waters",10856
2021,"PNA Member","Marshall Islands","Fleet_catch_in_own_national_waters",17935
2022,"PNA Member","Marshall Islands","Fleet_catch_in_own_national_waters",19452
2023,"PNA Member","Marshall Islands","Fleet_catch_in_own_national_waters",11654
2024,"PNA Member","Marshall Islands","Fleet_catch_in_own_national_waters",10737
1997,"PNA Member","Nauru","Fleet_catch_in_own_national_waters",0
1998,"PNA Member","Nauru","Fleet_catch_in_own_national_waters",0
1999,"PNA Member","Nauru","Fleet_catch_in_own_national_waters",0
2000,"PNA Member","Nauru","Fleet_catch_in_own_national_waters",11
2001,"PNA Member","Nauru","Fleet_catch_in_own_national_waters",13
2002,"PNA Member","Nauru","Fleet_catch_in_own_national_waters",7
2003,"PNA Member","Nauru","Fleet_catch_in_own_national_waters",20
2004,"PNA Member","Nauru","Fleet_catch_in_own_national_waters",3
2005,"PNA Member","Nauru","Fleet_catch_in_own_national_waters",0
2006,"PNA Member","Nauru","Fleet_catch_in_own_national_waters",0
2007,"PNA Member","Nauru","Fleet_catch_in_own_national_waters",0
2008,"PNA Member","Nauru","Fleet_catch_in_own_national_waters",3
2009,"PNA Member","Nauru","Fleet_catch_in_own_national_waters",8
2010,"PNA Member","Nauru","Fleet_catch_in_own_national_waters",4
2011,"PNA Member","Nauru","Fleet_catch_in_own_national_waters",11
2012,"PNA Member","Nauru","Fleet_catch_in_own_national_waters",11
2013,"PNA Member","Nauru","Fleet_catch_in_own_national_waters",19
2014,"PNA Member","Nauru","Fleet_catch_in_own_national_waters",19
2015,"PNA Member","Nauru","Fleet_catch_in_own_national_waters",19
2016,"PNA Member","Nauru","Fleet_catch_in_own_national_waters",19
2017,"PNA Member","Nauru","Fleet_catch_in_own_national_waters",19
2018,"PNA Member","Nauru","Fleet_catch_in_own_national_waters",36
2019,"PNA Member","Nauru","Fleet_catch_in_own_national_waters",2659
2020,"PNA Member","Nauru","Fleet_catch_in_own_national_waters",21953
2021,"PNA Member","Nauru","Fleet_catch_in_own_national_waters",36583
2022,"PNA Member","Nauru","Fleet_catch_in_own_national_waters",23493
2023,"PNA Member","Nauru","Fleet_catch_in_own_national_waters",24329
2024,"PNA Member","Nauru","Fleet_catch_in_own_national_waters",6341
1997,"PNA Member","Palau","Fleet_catch_in_own_national_waters",107
1998,"PNA Member","Palau","Fleet_catch_in_own_national_waters",100
1999,"PNA Member","Palau","Fleet_catch_in_own_national_waters",100
2000,"PNA Member","Palau","Fleet_catch_in_own_national_waters",169
2001,"PNA Member","Palau","Fleet_catch_in_own_national_waters",62
2002,"PNA Member","Palau","Fleet_catch_in_own_national_waters",4
2003,"PNA Member","Palau","Fleet_catch_in_own_national_waters",20
2004,"PNA Member","Palau","Fleet_catch_in_own_national_waters",35
2005,"PNA Member","Palau","Fleet_catch_in_own_national_waters",0
2006,"PNA Member","Palau","Fleet_catch_in_own_national_waters",0
2007,"PNA Member","Palau","Fleet_catch_in_own_national_waters",0
2008,"PNA Member","Palau","Fleet_catch_in_own_national_waters",0
2009,"PNA Member","Palau","Fleet_catch_in_own_national_waters",0
2010,"PNA Member","Palau","Fleet_catch_in_own_national_waters",0
2011,"PNA Member","Palau","Fleet_catch_in_own_national_waters",0
2012,"PNA Member","Palau","Fleet_catch_in_own_national_waters",0
2013,"PNA Member","Palau","Fleet_catch_in_own_national_waters",0
2014,"PNA Member","Palau","Fleet_catch_in_own_national_waters",0
2015,"PNA Member","Palau","Fleet_catch_in_own_national_waters",0
2016,"PNA Member","Palau","Fleet_catch_in_own_national_waters",0
2017,"PNA Member","Palau","Fleet_catch_in_own_national_waters",2294
2018,"PNA Member","Palau","Fleet_catch_in_own_national_waters",2683
2019,"PNA Member","Palau","Fleet_catch_in_own_national_waters",2331
2020,"PNA Member","Palau","Fleet_catch_in_own_national_waters",1
2021,"PNA Member","Palau","Fleet_catch_in_own_national_waters",33
2022,"PNA Member","Palau","Fleet_catch_in_own_national_waters",24
2023,"PNA Member","Palau","Fleet_catch_in_own_national_waters",8
2024,"PNA Member","Palau","Fleet_catch_in_own_national_waters",0
1997,"PNA Member","PNG","Fleet_catch_in_own_national_waters",17067
1998,"PNA Member","PNG","Fleet_catch_in_own_national_waters",37643
1999,"PNA Member","PNG","Fleet_catch_in_own_national_waters",28712
2000,"PNA Member","PNG","Fleet_catch_in_own_national_waters",45269
2001,"PNA Member","PNG","Fleet_catch_in_own_national_waters",56696
2002,"PNA Member","PNG","Fleet_catch_in_own_national_waters",72856
2003,"PNA Member","PNG","Fleet_catch_in_own_national_waters",124081
2004,"PNA Member","PNG","Fleet_catch_in_own_national_waters",132519
2005,"PNA Member","PNG","Fleet_catch_in_own_national_waters",130261
2006,"PNA Member","PNG","Fleet_catch_in_own_national_waters",153400
2007,"PNA Member","PNG","Fleet_catch_in_own_national_waters",167550
2008,"PNA Member","PNG","Fleet_catch_in_own_national_waters",153990
2009,"PNA Member","PNG","Fleet_catch_in_own_national_waters",140643
2010,"PNA Member","PNG","Fleet_catch_in_own_national_waters",131119
2011,"PNA Member","PNG","Fleet_catch_in_own_national_waters",136278
2012,"PNA Member","PNG","Fleet_catch_in_own_national_waters",164587
2013,"PNA Member","PNG","Fleet_catch_in_own_national_waters",148245
2014,"PNA Member","PNG","Fleet_catch_in_own_national_waters",112712
2015,"PNA Member","PNG","Fleet_catch_in_own_national_waters",61010
2016,"PNA Member","PNG","Fleet_catch_in_own_national_waters",126481
2017,"PNA Member","PNG","Fleet_catch_in_own_national_waters",203747
2018,"PNA Member","PNG","Fleet_catch_in_own_national_waters",192772
2019,"PNA Member","PNG","Fleet_catch_in_own_national_waters",152862
2020,"PNA Member","PNG","Fleet_catch_in_own_national_waters",189745
2021,"PNA Member","PNG","Fleet_catch_in_own_national_waters",155583
2022,"PNA Member","PNG","Fleet_catch_in_own_national_waters",213486
2023,"PNA Member","PNG","Fleet_catch_in_own_national_waters",197402
2024,"PNA Member","PNG","Fleet_catch_in_own_national_waters",299180
1997,"PNA Member","Solomon  Islands","Fleet_catch_in_own_national_waters",46961
1998,"PNA Member","Solomon  Islands","Fleet_catch_in_own_national_waters",48218
1999,"PNA Member","Solomon  Islands","Fleet_catch_in_own_national_waters",43549
2000,"PNA Member","Solomon  Islands","Fleet_catch_in_own_national_waters",8256
2001,"PNA Member","Solomon  Islands","Fleet_catch_in_own_national_waters",15070
2002,"PNA Member","Solomon  Islands","Fleet_catch_in_own_national_waters",17360
2003,"PNA Member","Solomon  Islands","Fleet_catch_in_own_national_waters",26365
2004,"PNA Member","Solomon  Islands","Fleet_catch_in_own_national_waters",24904
2005,"PNA Member","Solomon  Islands","Fleet_catch_in_own_national_waters",17670
2006,"PNA Member","Solomon  Islands","Fleet_catch_in_own_national_waters",27237
2007,"PNA Member","Solomon  Islands","Fleet_catch_in_own_national_waters",21112
2008,"PNA Member","Solomon  Islands","Fleet_catch_in_own_national_waters",16348
2009,"PNA Member","Solomon  Islands","Fleet_catch_in_own_national_waters",17805
2010,"PNA Member","Solomon  Islands","Fleet_catch_in_own_national_waters",21824
2011,"PNA Member","Solomon  Islands","Fleet_catch_in_own_national_waters",27983
2012,"PNA Member","Solomon  Islands","Fleet_catch_in_own_national_waters",28607
2013,"PNA Member","Solomon  Islands","Fleet_catch_in_own_national_waters",26419
2014,"PNA Member","Solomon  Islands","Fleet_catch_in_own_national_waters",58456
2015,"PNA Member","Solomon  Islands","Fleet_catch_in_own_national_waters",53679
2016,"PNA Member","Solomon  Islands","Fleet_catch_in_own_national_waters",44415
2017,"PNA Member","Solomon  Islands","Fleet_catch_in_own_national_waters",33922
2018,"PNA Member","Solomon  Islands","Fleet_catch_in_own_national_waters",41278
2019,"PNA Member","Solomon  Islands","Fleet_catch_in_own_national_waters",39246
2020,"PNA Member","Solomon  Islands","Fleet_catch_in_own_national_waters",28798
2021,"PNA Member","Solomon  Islands","Fleet_catch_in_own_national_waters",34175
2022,"PNA Member","Solomon  Islands","Fleet_catch_in_own_national_waters",37742
2023,"PNA Member","Solomon  Islands","Fleet_catch_in_own_national_waters",31751
2024,"PNA Member","Solomon  Islands","Fleet_catch_in_own_national_waters",47498
1997,"PNA Member","Tokelau","Fleet_catch_in_own_national_waters",0
1998,"PNA Member","Tokelau","Fleet_catch_in_own_national_waters",0
1999,"PNA Member","Tokelau","Fleet_catch_in_own_national_waters",0
2000,"PNA Member","Tokelau","Fleet_catch_in_own_national_waters",0
2001,"PNA Member","Tokelau","Fleet_catch_in_own_national_waters",0
2002,"PNA Member","Tokelau","Fleet_catch_in_own_national_waters",8
2003,"PNA Member","Tokelau","Fleet_catch_in_own_national_waters",3
2004,"PNA Member","Tokelau","Fleet_catch_in_own_national_waters",3
2005,"PNA Member","Tokelau","Fleet_catch_in_own_national_waters",6
2006,"PNA Member","Tokelau","Fleet_catch_in_own_national_waters",6
2007,"PNA Member","Tokelau","Fleet_catch_in_own_national_waters",8
2008,"PNA Member","Tokelau","Fleet_catch_in_own_national_waters",8
2009,"PNA Member","Tokelau","Fleet_catch_in_own_national_waters",12
2010,"PNA Member","Tokelau","Fleet_catch_in_own_national_waters",4
2011,"PNA Member","Tokelau","Fleet_catch_in_own_national_waters",4
2012,"PNA Member","Tokelau","Fleet_catch_in_own_national_waters",229
2013,"PNA Member","Tokelau","Fleet_catch_in_own_national_waters",177
2014,"PNA Member","Tokelau","Fleet_catch_in_own_national_waters",86
2015,"PNA Member","Tokelau","Fleet_catch_in_own_national_waters",179
2016,"PNA Member","Tokelau","Fleet_catch_in_own_national_waters",179
2017,"PNA Member","Tokelau","Fleet_catch_in_own_national_waters",67
2018,"PNA Member","Tokelau","Fleet_catch_in_own_national_waters",55
2019,"PNA Member","Tokelau","Fleet_catch_in_own_national_waters",67
2020,"PNA Member","Tokelau","Fleet_catch_in_own_national_waters",51
2021,"PNA Member","Tokelau","Fleet_catch_in_own_national_waters",51
2022,"PNA Member","Tokelau","Fleet_catch_in_own_national_waters",19
2023,"PNA Member","Tokelau","Fleet_catch_in_own_national_waters",50
2024,"PNA Member","Tokelau","Fleet_catch_in_own_national_waters",77
1997,"PNA Member","Tuvalu","Fleet_catch_in_own_national_waters",0
1998,"PNA Member","Tuvalu","Fleet_catch_in_own_national_waters",0
1999,"PNA Member","Tuvalu","Fleet_catch_in_own_national_waters",0
2000,"PNA Member","Tuvalu","Fleet_catch_in_own_national_waters",0
2001,"PNA Member","Tuvalu","Fleet_catch_in_own_national_waters",0
2002,"PNA Member","Tuvalu","Fleet_catch_in_own_national_waters",0
2003,"PNA Member","Tuvalu","Fleet_catch_in_own_national_waters",0
2004,"PNA Member","Tuvalu","Fleet_catch_in_own_national_waters",0
2005,"PNA Member","Tuvalu","Fleet_catch_in_own_national_waters",19
2006,"PNA Member","Tuvalu","Fleet_catch_in_own_national_waters",12
2007,"PNA Member","Tuvalu","Fleet_catch_in_own_national_waters",26
2008,"PNA Member","Tuvalu","Fleet_catch_in_own_national_waters",22
2009,"PNA Member","Tuvalu","Fleet_catch_in_own_national_waters",446
2010,"PNA Member","Tuvalu","Fleet_catch_in_own_national_waters",239
2011,"PNA Member","Tuvalu","Fleet_catch_in_own_national_waters",3174
2012,"PNA Member","Tuvalu","Fleet_catch_in_own_national_waters",3795
2013,"PNA Member","Tuvalu","Fleet_catch_in_own_national_waters",435
2014,"PNA Member","Tuvalu","Fleet_catch_in_own_national_waters",1462
2015,"PNA Member","Tuvalu","Fleet_catch_in_own_national_waters",904
2016,"PNA Member","Tuvalu","Fleet_catch_in_own_national_waters",2600
2017,"PNA Member","Tuvalu","Fleet_catch_in_own_national_waters",987
2018,"PNA Member","Tuvalu","Fleet_catch_in_own_national_waters",1915
2019,"PNA Member","Tuvalu","Fleet_catch_in_own_national_waters",1705
2020,"PNA Member","Tuvalu","Fleet_catch_in_own_national_waters",1569
2021,"PNA Member","Tuvalu","Fleet_catch_in_own_national_waters",6941
2022,"PNA Member","Tuvalu","Fleet_catch_in_own_national_waters",4415
2023,"PNA Member","Tuvalu","Fleet_catch_in_own_national_waters",1640
2024,"PNA Member","Tuvalu","Fleet_catch_in_own_national_waters",3173
1997,"SPC Member","American Samoa","Fleet_catch_in_own_national_waters",0
1998,"SPC Member","American Samoa","Fleet_catch_in_own_national_waters",0
1999,"SPC Member","American Samoa","Fleet_catch_in_own_national_waters",0
2000,"SPC Member","American Samoa","Fleet_catch_in_own_national_waters",0
2001,"SPC Member","American Samoa","Fleet_catch_in_own_national_waters",0
2002,"SPC Member","American Samoa","Fleet_catch_in_own_national_waters",0
2003,"SPC Member","American Samoa","Fleet_catch_in_own_national_waters",0
2004,"SPC Member","American Samoa","Fleet_catch_in_own_national_waters",0
2005,"SPC Member","American Samoa","Fleet_catch_in_own_national_waters",0
2006,"SPC Member","American Samoa","Fleet_catch_in_own_national_waters",0
2007,"SPC Member","American Samoa","Fleet_catch_in_own_national_waters",0
2008,"SPC Member","American Samoa","Fleet_catch_in_own_national_waters",0
2009,"SPC Member","American Samoa","Fleet_catch_in_own_national_waters",0
2010,"SPC Member","American Samoa","Fleet_catch_in_own_national_waters",0
2011,"SPC Member","American Samoa","Fleet_catch_in_own_national_waters",0
2012,"SPC Member","American Samoa","Fleet_catch_in_own_national_waters",0
2013,"SPC Member","American Samoa","Fleet_catch_in_own_national_waters",0
2014,"SPC Member","American Samoa","Fleet_catch_in_own_national_waters",0
2015,"SPC Member","American Samoa","Fleet_catch_in_own_national_waters",0
2016,"SPC Member","American Samoa","Fleet_catch_in_own_national_waters",0
2017,"SPC Member","American Samoa","Fleet_catch_in_own_national_waters",0
2018,"SPC Member","American Samoa","Fleet_catch_in_own_national_waters",0
2019,"SPC Member","American Samoa","Fleet_catch_in_own_national_waters",0
2020,"SPC Member","American Samoa","Fleet_catch_in_own_national_waters",0
2021,"SPC Member","American Samoa","Fleet_catch_in_own_national_waters",0
2022,"SPC Member","American Samoa","Fleet_catch_in_own_national_waters",0
2023,"SPC Member","American Samoa","Fleet_catch_in_own_national_waters",0
2024,"SPC Member","American Samoa","Fleet_catch_in_own_national_waters",0
1997,"SPC Member","French Polynesia","Fleet_catch_in_own_national_waters",4563
1998,"SPC Member","French Polynesia","Fleet_catch_in_own_national_waters",5710
1999,"SPC Member","French Polynesia","Fleet_catch_in_own_national_waters",5200
2000,"SPC Member","French Polynesia","Fleet_catch_in_own_national_waters",6777
2001,"SPC Member","French Polynesia","Fleet_catch_in_own_national_waters",7732
2002,"SPC Member","French Polynesia","Fleet_catch_in_own_national_waters",7346
2003,"SPC Member","French Polynesia","Fleet_catch_in_own_national_waters",6264
2004,"SPC Member","French Polynesia","Fleet_catch_in_own_national_waters",5484
2005,"SPC Member","French Polynesia","Fleet_catch_in_own_national_waters",4818
2006,"SPC Member","French Polynesia","Fleet_catch_in_own_national_waters",5822
2007,"SPC Member","French Polynesia","Fleet_catch_in_own_national_waters",6365
2008,"SPC Member","French Polynesia","Fleet_catch_in_own_national_waters",5657
2009,"SPC Member","French Polynesia","Fleet_catch_in_own_national_waters",6873
2010,"SPC Member","French Polynesia","Fleet_catch_in_own_national_waters",6249
2011,"SPC Member","French Polynesia","Fleet_catch_in_own_national_waters",6027
2012,"SPC Member","French Polynesia","Fleet_catch_in_own_national_waters",7266
2013,"SPC Member","French Polynesia","Fleet_catch_in_own_national_waters",6671
2014,"SPC Member","French Polynesia","Fleet_catch_in_own_national_waters",7173
2015,"SPC Member","French Polynesia","Fleet_catch_in_own_national_waters",7402
2016,"SPC Member","French Polynesia","Fleet_catch_in_own_national_waters",6663
2017,"SPC Member","French Polynesia","Fleet_catch_in_own_national_waters",6349
2018,"SPC Member","French Polynesia","Fleet_catch_in_own_national_waters",7071
2019,"SPC Member","French Polynesia","Fleet_catch_in_own_national_waters",7371
2020,"SPC Member","French Polynesia","Fleet_catch_in_own_national_waters",6313
2021,"SPC Member","French Polynesia","Fleet_catch_in_own_national_waters",7744
2022,"SPC Member","French Polynesia","Fleet_catch_in_own_national_waters",8539
2023,"SPC Member","French Polynesia","Fleet_catch_in_own_national_waters",9647
2024,"SPC Member","French Polynesia","Fleet_catch_in_own_national_waters",11754
1997,"SPC Member","Mathew and Hunter","Fleet_catch_in_own_national_waters",0
1998,"SPC Member","Mathew and Hunter","Fleet_catch_in_own_national_waters",0
1999,"SPC Member","Mathew and Hunter","Fleet_catch_in_own_national_waters",0
2000,"SPC Member","Mathew and Hunter","Fleet_catch_in_own_national_waters",0
2001,"SPC Member","Mathew and Hunter","Fleet_catch_in_own_national_waters",0
2002,"SPC Member","Mathew and Hunter","Fleet_catch_in_own_national_waters",0
2003,"SPC Member","Mathew and Hunter","Fleet_catch_in_own_national_waters",0
2004,"SPC Member","Mathew and Hunter","Fleet_catch_in_own_national_waters",0
2005,"SPC Member","Mathew and Hunter","Fleet_catch_in_own_national_waters",0
2006,"SPC Member","Mathew and Hunter","Fleet_catch_in_own_national_waters",0
2007,"SPC Member","Mathew and Hunter","Fleet_catch_in_own_national_waters",0
2008,"SPC Member","Mathew and Hunter","Fleet_catch_in_own_national_waters",0
2009,"SPC Member","Mathew and Hunter","Fleet_catch_in_own_national_waters",0
2010,"SPC Member","Mathew and Hunter","Fleet_catch_in_own_national_waters",0
2011,"SPC Member","Mathew and Hunter","Fleet_catch_in_own_national_waters",0
2012,"SPC Member","Mathew and Hunter","Fleet_catch_in_own_national_waters",0
2013,"SPC Member","Mathew and Hunter","Fleet_catch_in_own_national_waters",0
2014,"SPC Member","Mathew and Hunter","Fleet_catch_in_own_national_waters",0
2015,"SPC Member","Mathew and Hunter","Fleet_catch_in_own_national_waters",0
2016,"SPC Member","Mathew and Hunter","Fleet_catch_in_own_national_waters",0
2017,"SPC Member","Mathew and Hunter","Fleet_catch_in_own_national_waters",0
2018,"SPC Member","Mathew and Hunter","Fleet_catch_in_own_national_waters",0
2019,"SPC Member","Mathew and Hunter","Fleet_catch_in_own_national_waters",0
2020,"SPC Member","Mathew and Hunter","Fleet_catch_in_own_national_waters",0
2021,"SPC Member","Mathew and Hunter","Fleet_catch_in_own_national_waters",0
2022,"SPC Member","Mathew and Hunter","Fleet_catch_in_own_national_waters",0
2023,"SPC Member","Mathew and Hunter","Fleet_catch_in_own_national_waters",0
2024,"SPC Member","Mathew and Hunter","Fleet_catch_in_own_national_waters",0
1997,"SPC Member","New Caledonia","Fleet_catch_in_own_national_waters",875
1998,"SPC Member","New Caledonia","Fleet_catch_in_own_national_waters",1497
1999,"SPC Member","New Caledonia","Fleet_catch_in_own_national_waters",1567
2000,"SPC Member","New Caledonia","Fleet_catch_in_own_national_waters",1653
2001,"SPC Member","New Caledonia","Fleet_catch_in_own_national_waters",1713
2002,"SPC Member","New Caledonia","Fleet_catch_in_own_national_waters",1925
2003,"SPC Member","New Caledonia","Fleet_catch_in_own_national_waters",2000
2004,"SPC Member","New Caledonia","Fleet_catch_in_own_national_waters",2161
2005,"SPC Member","New Caledonia","Fleet_catch_in_own_national_waters",2109
2006,"SPC Member","New Caledonia","Fleet_catch_in_own_national_waters",1802
2007,"SPC Member","New Caledonia","Fleet_catch_in_own_national_waters",1764
2008,"SPC Member","New Caledonia","Fleet_catch_in_own_national_waters",1982
2009,"SPC Member","New Caledonia","Fleet_catch_in_own_national_waters",2178
2010,"SPC Member","New Caledonia","Fleet_catch_in_own_national_waters",2481
2011,"SPC Member","New Caledonia","Fleet_catch_in_own_national_waters",2360
2012,"SPC Member","New Caledonia","Fleet_catch_in_own_national_waters",2332
2013,"SPC Member","New Caledonia","Fleet_catch_in_own_national_waters",2290
2014,"SPC Member","New Caledonia","Fleet_catch_in_own_national_waters",2426
2015,"SPC Member","New Caledonia","Fleet_catch_in_own_national_waters",2497
2016,"SPC Member","New Caledonia","Fleet_catch_in_own_national_waters",2359
2017,"SPC Member","New Caledonia","Fleet_catch_in_own_national_waters",2363
2018,"SPC Member","New Caledonia","Fleet_catch_in_own_national_waters",2270
2019,"SPC Member","New Caledonia","Fleet_catch_in_own_national_waters",2747
2020,"SPC Member","New Caledonia","Fleet_catch_in_own_national_waters",2467
2021,"SPC Member","New Caledonia","Fleet_catch_in_own_national_waters",2434
2022,"SPC Member","New Caledonia","Fleet_catch_in_own_national_waters",2879
2023,"SPC Member","New Caledonia","Fleet_catch_in_own_national_waters",2515
2024,"SPC Member","New Caledonia","Fleet_catch_in_own_national_waters",2798
1997,"SPC Member","Northern Mariana Islands","Fleet_catch_in_own_national_waters",0
1998,"SPC Member","Northern Mariana Islands","Fleet_catch_in_own_national_waters",0
1999,"SPC Member","Northern Mariana Islands","Fleet_catch_in_own_national_waters",0
2000,"SPC Member","Northern Mariana Islands","Fleet_catch_in_own_national_waters",0
2001,"SPC Member","Northern Mariana Islands","Fleet_catch_in_own_national_waters",0
2002,"SPC Member","Northern Mariana Islands","Fleet_catch_in_own_national_waters",0
2003,"SPC Member","Northern Mariana Islands","Fleet_catch_in_own_national_waters",0
2004,"SPC Member","Northern Mariana Islands","Fleet_catch_in_own_national_waters",0
2005,"SPC Member","Northern Mariana Islands","Fleet_catch_in_own_national_waters",0
2006,"SPC Member","Northern Mariana Islands","Fleet_catch_in_own_national_waters",0
2007,"SPC Member","Northern Mariana Islands","Fleet_catch_in_own_national_waters",0
2008,"SPC Member","Northern Mariana Islands","Fleet_catch_in_own_national_waters",0
2009,"SPC Member","Northern Mariana Islands","Fleet_catch_in_own_national_waters",0
2010,"SPC Member","Northern Mariana Islands","Fleet_catch_in_own_national_waters",0
2011,"SPC Member","Northern Mariana Islands","Fleet_catch_in_own_national_waters",0
2012,"SPC Member","Northern Mariana Islands","Fleet_catch_in_own_national_waters",0
2013,"SPC Member","Northern Mariana Islands","Fleet_catch_in_own_national_waters",0
2014,"SPC Member","Northern Mariana Islands","Fleet_catch_in_own_national_waters",0
2015,"SPC Member","Northern Mariana Islands","Fleet_catch_in_own_national_waters",0
2016,"SPC Member","Northern Mariana Islands","Fleet_catch_in_own_national_waters",0
2017,"SPC Member","Northern Mariana Islands","Fleet_catch_in_own_national_waters",0
2018,"SPC Member","Northern Mariana Islands","Fleet_catch_in_own_national_waters",0
2019,"SPC Member","Northern Mariana Islands","Fleet_catch_in_own_national_waters",0
2020,"SPC Member","Northern Mariana Islands","Fleet_catch_in_own_national_waters",0
2021,"SPC Member","Northern Mariana Islands","Fleet_catch_in_own_national_waters",0
2022,"SPC Member","Northern Mariana Islands","Fleet_catch_in_own_national_waters",0
2023,"SPC Member","Northern Mariana Islands","Fleet_catch_in_own_national_waters",0
2024,"SPC Member","Northern Mariana Islands","Fleet_catch_in_own_national_waters",0
1997,"SPC Member","US","Fleet_catch_in_own_national_waters",3437
1998,"SPC Member","US","Fleet_catch_in_own_national_waters",3437
1999,"SPC Member","US","Fleet_catch_in_own_national_waters",2681
2000,"SPC Member","US","Fleet_catch_in_own_national_waters",3101
2001,"SPC Member","US","Fleet_catch_in_own_national_waters",6097
2002,"SPC Member","US","Fleet_catch_in_own_national_waters",9292
2003,"SPC Member","US","Fleet_catch_in_own_national_waters",6186
2004,"SPC Member","US","Fleet_catch_in_own_national_waters",5489
2005,"SPC Member","US","Fleet_catch_in_own_national_waters",6164
2006,"SPC Member","US","Fleet_catch_in_own_national_waters",7822
2007,"SPC Member","US","Fleet_catch_in_own_national_waters",8199
2008,"SPC Member","US","Fleet_catch_in_own_national_waters",5741
2009,"SPC Member","US","Fleet_catch_in_own_national_waters",5459
2010,"SPC Member","US","Fleet_catch_in_own_national_waters",4686
2011,"SPC Member","US","Fleet_catch_in_own_national_waters",4733
2012,"SPC Member","US","Fleet_catch_in_own_national_waters",5494
2013,"SPC Member","US","Fleet_catch_in_own_national_waters",4554
2014,"SPC Member","US","Fleet_catch_in_own_national_waters",4177
2015,"SPC Member","US","Fleet_catch_in_own_national_waters",6147
2016,"SPC Member","US","Fleet_catch_in_own_national_waters",6173
2017,"SPC Member","US","Fleet_catch_in_own_national_waters",6713
2018,"SPC Member","US","Fleet_catch_in_own_national_waters",5944
2019,"SPC Member","US","Fleet_catch_in_own_national_waters",6730
2020,"SPC Member","US","Fleet_catch_in_own_national_waters",5818
2021,"SPC Member","US","Fleet_catch_in_own_national_waters",6112
2022,"SPC Member","US","Fleet_catch_in_own_national_waters",5722
2023,"SPC Member","US","Fleet_catch_in_own_national_waters",4822
2024,"SPC Member","US","Fleet_catch_in_own_national_waters",3917
1997,"SPC Member","US (includes territories, ex Am Samoa)","Fleet_catch_in_own_national_waters",0
1998,"SPC Member","US (includes territories, ex Am Samoa)","Fleet_catch_in_own_national_waters",0
1999,"SPC Member","US (includes territories, ex Am Samoa)","Fleet_catch_in_own_national_waters",0
2000,"SPC Member","US (includes territories, ex Am Samoa)","Fleet_catch_in_own_national_waters",0
2001,"SPC Member","US (includes territories, ex Am Samoa)","Fleet_catch_in_own_national_waters",0
2002,"SPC Member","US (includes territories, ex Am Samoa)","Fleet_catch_in_own_national_waters",0
2003,"SPC Member","US (includes territories, ex Am Samoa)","Fleet_catch_in_own_national_waters",0
2004,"SPC Member","US (includes territories, ex Am Samoa)","Fleet_catch_in_own_national_waters",0
2005,"SPC Member","US (includes territories, ex Am Samoa)","Fleet_catch_in_own_national_waters",0
2006,"SPC Member","US (includes territories, ex Am Samoa)","Fleet_catch_in_own_national_waters",0
2007,"SPC Member","US (includes territories, ex Am Samoa)","Fleet_catch_in_own_national_waters",0
2008,"SPC Member","US (includes territories, ex Am Samoa)","Fleet_catch_in_own_national_waters",0
2009,"SPC Member","US (includes territories, ex Am Samoa)","Fleet_catch_in_own_national_waters",0
2010,"SPC Member","US (includes territories, ex Am Samoa)","Fleet_catch_in_own_national_waters",0
2011,"SPC Member","US (includes territories, ex Am Samoa)","Fleet_catch_in_own_national_waters",0
2012,"SPC Member","US (includes territories, ex Am Samoa)","Fleet_catch_in_own_national_waters",0
2013,"SPC Member","US (includes territories, ex Am Samoa)","Fleet_catch_in_own_national_waters",0
2014,"SPC Member","US (includes territories, ex Am Samoa)","Fleet_catch_in_own_national_waters",0
2015,"SPC Member","US (includes territories, ex Am Samoa)","Fleet_catch_in_own_national_waters",0
2016,"SPC Member","US (includes territories, ex Am Samoa)","Fleet_catch_in_own_national_waters",0
2017,"SPC Member","US (includes territories, ex Am Samoa)","Fleet_catch_in_own_national_waters",0
2018,"SPC Member","US (includes territories, ex Am Samoa)","Fleet_catch_in_own_national_waters",0
2019,"SPC Member","US (includes territories, ex Am Samoa)","Fleet_catch_in_own_national_waters",0
2020,"SPC Member","US (includes territories, ex Am Samoa)","Fleet_catch_in_own_national_waters",0
2021,"SPC Member","US (includes territories, ex Am Samoa)","Fleet_catch_in_own_national_waters",0
2022,"SPC Member","US (includes territories, ex Am Samoa)","Fleet_catch_in_own_national_waters",0
2023,"SPC Member","US (includes territories, ex Am Samoa)","Fleet_catch_in_own_national_waters",0
2024,"SPC Member","US (includes territories, ex Am Samoa)","Fleet_catch_in_own_national_waters",0
1997,"SPC Member","US (includes territories, incl Am Samoa)","Fleet_catch_in_own_national_waters",39412
1998,"SPC Member","US (includes territories, incl Am Samoa)","Fleet_catch_in_own_national_waters",23480
1999,"SPC Member","US (includes territories, incl Am Samoa)","Fleet_catch_in_own_national_waters",14284
2000,"SPC Member","US (includes territories, incl Am Samoa)","Fleet_catch_in_own_national_waters",4775
2001,"SPC Member","US (includes territories, incl Am Samoa)","Fleet_catch_in_own_national_waters",8726
2002,"SPC Member","US (includes territories, incl Am Samoa)","Fleet_catch_in_own_national_waters",9954
2003,"SPC Member","US (includes territories, incl Am Samoa)","Fleet_catch_in_own_national_waters",6159
2004,"SPC Member","US (includes territories, incl Am Samoa)","Fleet_catch_in_own_national_waters",6766
2005,"SPC Member","US (includes territories, incl Am Samoa)","Fleet_catch_in_own_national_waters",5401
2006,"SPC Member","US (includes territories, incl Am Samoa)","Fleet_catch_in_own_national_waters",7916
2007,"SPC Member","US (includes territories, incl Am Samoa)","Fleet_catch_in_own_national_waters",3377
2008,"SPC Member","US (includes territories, incl Am Samoa)","Fleet_catch_in_own_national_waters",2315
2009,"SPC Member","US (includes territories, incl Am Samoa)","Fleet_catch_in_own_national_waters",4558
2010,"SPC Member","US (includes territories, incl Am Samoa)","Fleet_catch_in_own_national_waters",2200
2011,"SPC Member","US (includes territories, incl Am Samoa)","Fleet_catch_in_own_national_waters",2521
2012,"SPC Member","US (includes territories, incl Am Samoa)","Fleet_catch_in_own_national_waters",7900
2013,"SPC Member","US (includes territories, incl Am Samoa)","Fleet_catch_in_own_national_waters",6843
2014,"SPC Member","US (includes territories, incl Am Samoa)","Fleet_catch_in_own_national_waters",9559
2015,"SPC Member","US (includes territories, incl Am Samoa)","Fleet_catch_in_own_national_waters",2673
2016,"SPC Member","US (includes territories, incl Am Samoa)","Fleet_catch_in_own_national_waters",5488
2017,"SPC Member","US (includes territories, incl Am Samoa)","Fleet_catch_in_own_national_waters",6623
2018,"SPC Member","US (includes territories, incl Am Samoa)","Fleet_catch_in_own_national_waters",4528
2019,"SPC Member","US (includes territories, incl Am Samoa)","Fleet_catch_in_own_national_waters",2954
2020,"SPC Member","US (includes territories, incl Am Samoa)","Fleet_catch_in_own_national_waters",7334
2021,"SPC Member","US (includes territories, incl Am Samoa)","Fleet_catch_in_own_national_waters",6874
2022,"SPC Member","US (includes territories, incl Am Samoa)","Fleet_catch_in_own_national_waters",8323
2023,"SPC Member","US (includes territories, incl Am Samoa)","Fleet_catch_in_own_national_waters",3173
2024,"SPC Member","US (includes territories, incl Am Samoa)","Fleet_catch_in_own_national_waters",7335
1997,"SPC Member","Wallis and Futuna","Fleet_catch_in_own_national_waters",0
1998,"SPC Member","Wallis and Futuna","Fleet_catch_in_own_national_waters",0
1999,"SPC Member","Wallis and Futuna","Fleet_catch_in_own_national_waters",0
2000,"SPC Member","Wallis and Futuna","Fleet_catch_in_own_national_waters",0
2001,"SPC Member","Wallis and Futuna","Fleet_catch_in_own_national_waters",0
2002,"SPC Member","Wallis and Futuna","Fleet_catch_in_own_national_waters",0
2003,"SPC Member","Wallis and Futuna","Fleet_catch_in_own_national_waters",0
2004,"SPC Member","Wallis and Futuna","Fleet_catch_in_own_national_waters",0
2005,"SPC Member","Wallis and Futuna","Fleet_catch_in_own_national_waters",0
2006,"SPC Member","Wallis and Futuna","Fleet_catch_in_own_national_waters",0
2007,"SPC Member","Wallis and Futuna","Fleet_catch_in_own_national_waters",0
2008,"SPC Member","Wallis and Futuna","Fleet_catch_in_own_national_waters",0
2009,"SPC Member","Wallis and Futuna","Fleet_catch_in_own_national_waters",0
2010,"SPC Member","Wallis and Futuna","Fleet_catch_in_own_national_waters",0
2011,"SPC Member","Wallis and Futuna","Fleet_catch_in_own_national_waters",13
2012,"SPC Member","Wallis and Futuna","Fleet_catch_in_own_national_waters",0
2013,"SPC Member","Wallis and Futuna","Fleet_catch_in_own_national_waters",9
2014,"SPC Member","Wallis and Futuna","Fleet_catch_in_own_national_waters",7
2015,"SPC Member","Wallis and Futuna","Fleet_catch_in_own_national_waters",6
2016,"SPC Member","Wallis and Futuna","Fleet_catch_in_own_national_waters",7
2017,"SPC Member","Wallis and Futuna","Fleet_catch_in_own_national_waters",5
2018,"SPC Member","Wallis and Futuna","Fleet_catch_in_own_national_waters",11
2019,"SPC Member","Wallis and Futuna","Fleet_catch_in_own_national_waters",19
2020,"SPC Member","Wallis and Futuna","Fleet_catch_in_own_national_waters",13
2021,"SPC Member","Wallis and Futuna","Fleet_catch_in_own_national_waters",13
2022,"SPC Member","Wallis and Futuna","Fleet_catch_in_own_national_waters",4
2023,"SPC Member","Wallis and Futuna","Fleet_catch_in_own_national_waters",4
2024,"SPC Member","Wallis and Futuna","Fleet_catch_in_own_national_waters",0
1997,"DWFN","Belize","Fleet_catch_in_national_waters_of_FFA_members",68
1998,"DWFN","Belize","Fleet_catch_in_national_waters_of_FFA_members",100
1999,"DWFN","Belize","Fleet_catch_in_national_waters_of_FFA_members",79
2000,"DWFN","Belize","Fleet_catch_in_national_waters_of_FFA_members",170
2001,"DWFN","Belize","Fleet_catch_in_national_waters_of_FFA_members",167
2002,"DWFN","Belize","Fleet_catch_in_national_waters_of_FFA_members",49
2003,"DWFN","Belize","Fleet_catch_in_national_waters_of_FFA_members",49
2004,"DWFN","Belize","Fleet_catch_in_national_waters_of_FFA_members",262
2005,"DWFN","Belize","Fleet_catch_in_national_waters_of_FFA_members",425
2006,"DWFN","Belize","Fleet_catch_in_national_waters_of_FFA_members",332
2007,"DWFN","Belize","Fleet_catch_in_national_waters_of_FFA_members",97
2008,"DWFN","Belize","Fleet_catch_in_national_waters_of_FFA_members",70
2009,"DWFN","Belize","Fleet_catch_in_national_waters_of_FFA_members",69
2010,"DWFN","Belize","Fleet_catch_in_national_waters_of_FFA_members",0
2011,"DWFN","Belize","Fleet_catch_in_national_waters_of_FFA_members",0
2012,"DWFN","Belize","Fleet_catch_in_national_waters_of_FFA_members",60
2013,"DWFN","Belize","Fleet_catch_in_national_waters_of_FFA_members",6
2014,"DWFN","Belize","Fleet_catch_in_national_waters_of_FFA_members",0
2015,"DWFN","Belize","Fleet_catch_in_national_waters_of_FFA_members",0
2016,"DWFN","Belize","Fleet_catch_in_national_waters_of_FFA_members",0
2017,"DWFN","Belize","Fleet_catch_in_national_waters_of_FFA_members",0
2018,"DWFN","Belize","Fleet_catch_in_national_waters_of_FFA_members",0
2019,"DWFN","Belize","Fleet_catch_in_national_waters_of_FFA_members",0
2020,"DWFN","Belize","Fleet_catch_in_national_waters_of_FFA_members",0
2021,"DWFN","Belize","Fleet_catch_in_national_waters_of_FFA_members",0
2022,"DWFN","Belize","Fleet_catch_in_national_waters_of_FFA_members",0
2023,"DWFN","Belize","Fleet_catch_in_national_waters_of_FFA_members",0
2024,"DWFN","Belize","Fleet_catch_in_national_waters_of_FFA_members",0
1997,"DWFN","Canada","Fleet_catch_in_national_waters_of_FFA_members",0
1998,"DWFN","Canada","Fleet_catch_in_national_waters_of_FFA_members",0
1999,"DWFN","Canada","Fleet_catch_in_national_waters_of_FFA_members",0
2000,"DWFN","Canada","Fleet_catch_in_national_waters_of_FFA_members",0
2001,"DWFN","Canada","Fleet_catch_in_national_waters_of_FFA_members",0
2002,"DWFN","Canada","Fleet_catch_in_national_waters_of_FFA_members",0
2003,"DWFN","Canada","Fleet_catch_in_national_waters_of_FFA_members",0
2004,"DWFN","Canada","Fleet_catch_in_national_waters_of_FFA_members",0
2005,"DWFN","Canada","Fleet_catch_in_national_waters_of_FFA_members",0
2006,"DWFN","Canada","Fleet_catch_in_national_waters_of_FFA_members",0
2007,"DWFN","Canada","Fleet_catch_in_national_waters_of_FFA_members",0
2008,"DWFN","Canada","Fleet_catch_in_national_waters_of_FFA_members",0
2009,"DWFN","Canada","Fleet_catch_in_national_waters_of_FFA_members",0
2010,"DWFN","Canada","Fleet_catch_in_national_waters_of_FFA_members",0
2011,"DWFN","Canada","Fleet_catch_in_national_waters_of_FFA_members",0
2012,"DWFN","Canada","Fleet_catch_in_national_waters_of_FFA_members",0
2013,"DWFN","Canada","Fleet_catch_in_national_waters_of_FFA_members",0
2014,"DWFN","Canada","Fleet_catch_in_national_waters_of_FFA_members",0
2015,"DWFN","Canada","Fleet_catch_in_national_waters_of_FFA_members",0
2016,"DWFN","Canada","Fleet_catch_in_national_waters_of_FFA_members",0
2017,"DWFN","Canada","Fleet_catch_in_national_waters_of_FFA_members",0
2018,"DWFN","Canada","Fleet_catch_in_national_waters_of_FFA_members",0
2019,"DWFN","Canada","Fleet_catch_in_national_waters_of_FFA_members",0
2020,"DWFN","Canada","Fleet_catch_in_national_waters_of_FFA_members",0
2021,"DWFN","Canada","Fleet_catch_in_national_waters_of_FFA_members",0
2022,"DWFN","Canada","Fleet_catch_in_national_waters_of_FFA_members",0
2023,"DWFN","Canada","Fleet_catch_in_national_waters_of_FFA_members",0
2024,"DWFN","Canada","Fleet_catch_in_national_waters_of_FFA_members",0
1997,"DWFN","China","Fleet_catch_in_national_waters_of_FFA_members",2662
1998,"DWFN","China","Fleet_catch_in_national_waters_of_FFA_members",1798
1999,"DWFN","China","Fleet_catch_in_national_waters_of_FFA_members",1892
2000,"DWFN","China","Fleet_catch_in_national_waters_of_FFA_members",2176
2001,"DWFN","China","Fleet_catch_in_national_waters_of_FFA_members",3452
2002,"DWFN","China","Fleet_catch_in_national_waters_of_FFA_members",8435
2003,"DWFN","China","Fleet_catch_in_national_waters_of_FFA_members",23158
2004,"DWFN","China","Fleet_catch_in_national_waters_of_FFA_members",16189
2005,"DWFN","China","Fleet_catch_in_national_waters_of_FFA_members",39585
2006,"DWFN","China","Fleet_catch_in_national_waters_of_FFA_members",54967
2007,"DWFN","China","Fleet_catch_in_national_waters_of_FFA_members",55776
2008,"DWFN","China","Fleet_catch_in_national_waters_of_FFA_members",58632
2009,"DWFN","China","Fleet_catch_in_national_waters_of_FFA_members",63026
2010,"DWFN","China","Fleet_catch_in_national_waters_of_FFA_members",61066
2011,"DWFN","China","Fleet_catch_in_national_waters_of_FFA_members",89227
2012,"DWFN","China","Fleet_catch_in_national_waters_of_FFA_members",68003
2013,"DWFN","China","Fleet_catch_in_national_waters_of_FFA_members",101914
2014,"DWFN","China","Fleet_catch_in_national_waters_of_FFA_members",95895
2015,"DWFN","China","Fleet_catch_in_national_waters_of_FFA_members",60052
2016,"DWFN","China","Fleet_catch_in_national_waters_of_FFA_members",32872
2017,"DWFN","China","Fleet_catch_in_national_waters_of_FFA_members",33293
2018,"DWFN","China","Fleet_catch_in_national_waters_of_FFA_members",30237
2019,"DWFN","China","Fleet_catch_in_national_waters_of_FFA_members",22717
2020,"DWFN","China","Fleet_catch_in_national_waters_of_FFA_members",18074
2021,"DWFN","China","Fleet_catch_in_national_waters_of_FFA_members",7138
2022,"DWFN","China","Fleet_catch_in_national_waters_of_FFA_members",29847
2023,"DWFN","China","Fleet_catch_in_national_waters_of_FFA_members",30618
2024,"DWFN","China","Fleet_catch_in_national_waters_of_FFA_members",27390
1997,"DWFN","Eastern Pacific fleet","Fleet_catch_in_national_waters_of_FFA_members",0
1998,"DWFN","Eastern Pacific fleet","Fleet_catch_in_national_waters_of_FFA_members",0
1999,"DWFN","Eastern Pacific fleet","Fleet_catch_in_national_waters_of_FFA_members",0
2000,"DWFN","Eastern Pacific fleet","Fleet_catch_in_national_waters_of_FFA_members",0
2001,"DWFN","Eastern Pacific fleet","Fleet_catch_in_national_waters_of_FFA_members",0
2002,"DWFN","Eastern Pacific fleet","Fleet_catch_in_national_waters_of_FFA_members",0
2003,"DWFN","Eastern Pacific fleet","Fleet_catch_in_national_waters_of_FFA_members",0
2004,"DWFN","Eastern Pacific fleet","Fleet_catch_in_national_waters_of_FFA_members",0
2005,"DWFN","Eastern Pacific fleet","Fleet_catch_in_national_waters_of_FFA_members",0
2006,"DWFN","Eastern Pacific fleet","Fleet_catch_in_national_waters_of_FFA_members",0
2007,"DWFN","Eastern Pacific fleet","Fleet_catch_in_national_waters_of_FFA_members",0
2008,"DWFN","Eastern Pacific fleet","Fleet_catch_in_national_waters_of_FFA_members",0
2009,"DWFN","Eastern Pacific fleet","Fleet_catch_in_national_waters_of_FFA_members",0
2010,"DWFN","Eastern Pacific fleet","Fleet_catch_in_national_waters_of_FFA_members",0
2011,"DWFN","Eastern Pacific fleet","Fleet_catch_in_national_waters_of_FFA_members",0
2012,"DWFN","Eastern Pacific fleet","Fleet_catch_in_national_waters_of_FFA_members",0
2013,"DWFN","Eastern Pacific fleet","Fleet_catch_in_national_waters_of_FFA_members",0
2014,"DWFN","Eastern Pacific fleet","Fleet_catch_in_national_waters_of_FFA_members",0
2015,"DWFN","Eastern Pacific fleet","Fleet_catch_in_national_waters_of_FFA_members",0
2016,"DWFN","Eastern Pacific fleet","Fleet_catch_in_national_waters_of_FFA_members",0
2017,"DWFN","Eastern Pacific fleet","Fleet_catch_in_national_waters_of_FFA_members",0
2018,"DWFN","Eastern Pacific fleet","Fleet_catch_in_national_waters_of_FFA_members",0
2019,"DWFN","Eastern Pacific fleet","Fleet_catch_in_national_waters_of_FFA_members",0
2020,"DWFN","Eastern Pacific fleet","Fleet_catch_in_national_waters_of_FFA_members",0
2021,"DWFN","Eastern Pacific fleet","Fleet_catch_in_national_waters_of_FFA_members",0
2022,"DWFN","Eastern Pacific fleet","Fleet_catch_in_national_waters_of_FFA_members",0
2023,"DWFN","Eastern Pacific fleet","Fleet_catch_in_national_waters_of_FFA_members",0
2024,"DWFN","Eastern Pacific fleet","Fleet_catch_in_national_waters_of_FFA_members",0
1997,"DWFN","Ecuador","Fleet_catch_in_national_waters_of_FFA_members",0
1998,"DWFN","Ecuador","Fleet_catch_in_national_waters_of_FFA_members",0
1999,"DWFN","Ecuador","Fleet_catch_in_national_waters_of_FFA_members",0
2000,"DWFN","Ecuador","Fleet_catch_in_national_waters_of_FFA_members",0
2001,"DWFN","Ecuador","Fleet_catch_in_national_waters_of_FFA_members",0
2002,"DWFN","Ecuador","Fleet_catch_in_national_waters_of_FFA_members",0
2003,"DWFN","Ecuador","Fleet_catch_in_national_waters_of_FFA_members",0
2004,"DWFN","Ecuador","Fleet_catch_in_national_waters_of_FFA_members",0
2005,"DWFN","Ecuador","Fleet_catch_in_national_waters_of_FFA_members",0
2006,"DWFN","Ecuador","Fleet_catch_in_national_waters_of_FFA_members",0
2007,"DWFN","Ecuador","Fleet_catch_in_national_waters_of_FFA_members",7642
2008,"DWFN","Ecuador","Fleet_catch_in_national_waters_of_FFA_members",21463
2009,"DWFN","Ecuador","Fleet_catch_in_national_waters_of_FFA_members",6912
2010,"DWFN","Ecuador","Fleet_catch_in_national_waters_of_FFA_members",9831
2011,"DWFN","Ecuador","Fleet_catch_in_national_waters_of_FFA_members",27908
2012,"DWFN","Ecuador","Fleet_catch_in_national_waters_of_FFA_members",19635
2013,"DWFN","Ecuador","Fleet_catch_in_national_waters_of_FFA_members",17730
2014,"DWFN","Ecuador","Fleet_catch_in_national_waters_of_FFA_members",18698
2015,"DWFN","Ecuador","Fleet_catch_in_national_waters_of_FFA_members",7543
2016,"DWFN","Ecuador","Fleet_catch_in_national_waters_of_FFA_members",3790
2017,"DWFN","Ecuador","Fleet_catch_in_national_waters_of_FFA_members",8480
2018,"DWFN","Ecuador","Fleet_catch_in_national_waters_of_FFA_members",12861
2019,"DWFN","Ecuador","Fleet_catch_in_national_waters_of_FFA_members",20821
2020,"DWFN","Ecuador","Fleet_catch_in_national_waters_of_FFA_members",9555
2021,"DWFN","Ecuador","Fleet_catch_in_national_waters_of_FFA_members",10760
2022,"DWFN","Ecuador","Fleet_catch_in_national_waters_of_FFA_members",14363
2023,"DWFN","Ecuador","Fleet_catch_in_national_waters_of_FFA_members",10029
2024,"DWFN","Ecuador","Fleet_catch_in_national_waters_of_FFA_members",19615
1997,"DWFN","El Salvador","Fleet_catch_in_national_waters_of_FFA_members",0
1998,"DWFN","El Salvador","Fleet_catch_in_national_waters_of_FFA_members",0
1999,"DWFN","El Salvador","Fleet_catch_in_national_waters_of_FFA_members",0
2000,"DWFN","El Salvador","Fleet_catch_in_national_waters_of_FFA_members",0
2001,"DWFN","El Salvador","Fleet_catch_in_national_waters_of_FFA_members",0
2002,"DWFN","El Salvador","Fleet_catch_in_national_waters_of_FFA_members",0
2003,"DWFN","El Salvador","Fleet_catch_in_national_waters_of_FFA_members",0
2004,"DWFN","El Salvador","Fleet_catch_in_national_waters_of_FFA_members",0
2005,"DWFN","El Salvador","Fleet_catch_in_national_waters_of_FFA_members",0
2006,"DWFN","El Salvador","Fleet_catch_in_national_waters_of_FFA_members",0
2007,"DWFN","El Salvador","Fleet_catch_in_national_waters_of_FFA_members",0
2008,"DWFN","El Salvador","Fleet_catch_in_national_waters_of_FFA_members",0
2009,"DWFN","El Salvador","Fleet_catch_in_national_waters_of_FFA_members",5987
2010,"DWFN","El Salvador","Fleet_catch_in_national_waters_of_FFA_members",5384
2011,"DWFN","El Salvador","Fleet_catch_in_national_waters_of_FFA_members",10217
2012,"DWFN","El Salvador","Fleet_catch_in_national_waters_of_FFA_members",11839
2013,"DWFN","El Salvador","Fleet_catch_in_national_waters_of_FFA_members",10160
2014,"DWFN","El Salvador","Fleet_catch_in_national_waters_of_FFA_members",13216
2015,"DWFN","El Salvador","Fleet_catch_in_national_waters_of_FFA_members",5954
2016,"DWFN","El Salvador","Fleet_catch_in_national_waters_of_FFA_members",1058
2017,"DWFN","El Salvador","Fleet_catch_in_national_waters_of_FFA_members",2671
2018,"DWFN","El Salvador","Fleet_catch_in_national_waters_of_FFA_members",1419
2019,"DWFN","El Salvador","Fleet_catch_in_national_waters_of_FFA_members",1066
2020,"DWFN","El Salvador","Fleet_catch_in_national_waters_of_FFA_members",581
2021,"DWFN","El Salvador","Fleet_catch_in_national_waters_of_FFA_members",2221
2022,"DWFN","El Salvador","Fleet_catch_in_national_waters_of_FFA_members",1338
2023,"DWFN","El Salvador","Fleet_catch_in_national_waters_of_FFA_members",1615
2024,"DWFN","El Salvador","Fleet_catch_in_national_waters_of_FFA_members",0
1997,"DWFN","Indonesia","Fleet_catch_in_national_waters_of_FFA_members",0
1998,"DWFN","Indonesia","Fleet_catch_in_national_waters_of_FFA_members",0
1999,"DWFN","Indonesia","Fleet_catch_in_national_waters_of_FFA_members",0
2000,"DWFN","Indonesia","Fleet_catch_in_national_waters_of_FFA_members",0
2001,"DWFN","Indonesia","Fleet_catch_in_national_waters_of_FFA_members",0
2002,"DWFN","Indonesia","Fleet_catch_in_national_waters_of_FFA_members",0
2003,"DWFN","Indonesia","Fleet_catch_in_national_waters_of_FFA_members",0
2004,"DWFN","Indonesia","Fleet_catch_in_national_waters_of_FFA_members",0
2005,"DWFN","Indonesia","Fleet_catch_in_national_waters_of_FFA_members",0
2006,"DWFN","Indonesia","Fleet_catch_in_national_waters_of_FFA_members",0
2007,"DWFN","Indonesia","Fleet_catch_in_national_waters_of_FFA_members",0
2008,"DWFN","Indonesia","Fleet_catch_in_national_waters_of_FFA_members",0
2009,"DWFN","Indonesia","Fleet_catch_in_national_waters_of_FFA_members",0
2010,"DWFN","Indonesia","Fleet_catch_in_national_waters_of_FFA_members",0
2011,"DWFN","Indonesia","Fleet_catch_in_national_waters_of_FFA_members",0
2012,"DWFN","Indonesia","Fleet_catch_in_national_waters_of_FFA_members",0
2013,"DWFN","Indonesia","Fleet_catch_in_national_waters_of_FFA_members",0
2014,"DWFN","Indonesia","Fleet_catch_in_national_waters_of_FFA_members",0
2015,"DWFN","Indonesia","Fleet_catch_in_national_waters_of_FFA_members",0
2016,"DWFN","Indonesia","Fleet_catch_in_national_waters_of_FFA_members",0
2017,"DWFN","Indonesia","Fleet_catch_in_national_waters_of_FFA_members",0
2018,"DWFN","Indonesia","Fleet_catch_in_national_waters_of_FFA_members",0
2019,"DWFN","Indonesia","Fleet_catch_in_national_waters_of_FFA_members",0
2020,"DWFN","Indonesia","Fleet_catch_in_national_waters_of_FFA_members",0
2021,"DWFN","Indonesia","Fleet_catch_in_national_waters_of_FFA_members",0
2022,"DWFN","Indonesia","Fleet_catch_in_national_waters_of_FFA_members",0
2023,"DWFN","Indonesia","Fleet_catch_in_national_waters_of_FFA_members",0
2024,"DWFN","Indonesia","Fleet_catch_in_national_waters_of_FFA_members",0
1997,"DWFN","Japan","Fleet_catch_in_national_waters_of_FFA_members",110197
1998,"DWFN","Japan","Fleet_catch_in_national_waters_of_FFA_members",124283
1999,"DWFN","Japan","Fleet_catch_in_national_waters_of_FFA_members",113832
2000,"DWFN","Japan","Fleet_catch_in_national_waters_of_FFA_members",116276
2001,"DWFN","Japan","Fleet_catch_in_national_waters_of_FFA_members",135827
2002,"DWFN","Japan","Fleet_catch_in_national_waters_of_FFA_members",135557
2003,"DWFN","Japan","Fleet_catch_in_national_waters_of_FFA_members",134057
2004,"DWFN","Japan","Fleet_catch_in_national_waters_of_FFA_members",106534
2005,"DWFN","Japan","Fleet_catch_in_national_waters_of_FFA_members",126574
2006,"DWFN","Japan","Fleet_catch_in_national_waters_of_FFA_members",143424
2007,"DWFN","Japan","Fleet_catch_in_national_waters_of_FFA_members",136254
2008,"DWFN","Japan","Fleet_catch_in_national_waters_of_FFA_members",168098
2009,"DWFN","Japan","Fleet_catch_in_national_waters_of_FFA_members",148399
2010,"DWFN","Japan","Fleet_catch_in_national_waters_of_FFA_members",221373
2011,"DWFN","Japan","Fleet_catch_in_national_waters_of_FFA_members",184262
2012,"DWFN","Japan","Fleet_catch_in_national_waters_of_FFA_members",209987
2013,"DWFN","Japan","Fleet_catch_in_national_waters_of_FFA_members",187086
2014,"DWFN","Japan","Fleet_catch_in_national_waters_of_FFA_members",179431
2015,"DWFN","Japan","Fleet_catch_in_national_waters_of_FFA_members",158591
2016,"DWFN","Japan","Fleet_catch_in_national_waters_of_FFA_members",161155
2017,"DWFN","Japan","Fleet_catch_in_national_waters_of_FFA_members",150331
2018,"DWFN","Japan","Fleet_catch_in_national_waters_of_FFA_members",173522
2019,"DWFN","Japan","Fleet_catch_in_national_waters_of_FFA_members",174963
2020,"DWFN","Japan","Fleet_catch_in_national_waters_of_FFA_members",155031
2021,"DWFN","Japan","Fleet_catch_in_national_waters_of_FFA_members",140953
2022,"DWFN","Japan","Fleet_catch_in_national_waters_of_FFA_members",150482
2023,"DWFN","Japan","Fleet_catch_in_national_waters_of_FFA_members",137671
2024,"DWFN","Japan","Fleet_catch_in_national_waters_of_FFA_members",148745
1997,"DWFN","Korea","Fleet_catch_in_national_waters_of_FFA_members",124564
1998,"DWFN","Korea","Fleet_catch_in_national_waters_of_FFA_members",159777
1999,"DWFN","Korea","Fleet_catch_in_national_waters_of_FFA_members",99539
2000,"DWFN","Korea","Fleet_catch_in_national_waters_of_FFA_members",159209
2001,"DWFN","Korea","Fleet_catch_in_national_waters_of_FFA_members",150780
2002,"DWFN","Korea","Fleet_catch_in_national_waters_of_FFA_members",179302
2003,"DWFN","Korea","Fleet_catch_in_national_waters_of_FFA_members",162167
2004,"DWFN","Korea","Fleet_catch_in_national_waters_of_FFA_members",165827
2005,"DWFN","Korea","Fleet_catch_in_national_waters_of_FFA_members",174067
2006,"DWFN","Korea","Fleet_catch_in_national_waters_of_FFA_members",239693
2007,"DWFN","Korea","Fleet_catch_in_national_waters_of_FFA_members",223335
2008,"DWFN","Korea","Fleet_catch_in_national_waters_of_FFA_members",209997
2009,"DWFN","Korea","Fleet_catch_in_national_waters_of_FFA_members",219608
2010,"DWFN","Korea","Fleet_catch_in_national_waters_of_FFA_members",278143
2011,"DWFN","Korea","Fleet_catch_in_national_waters_of_FFA_members",213557
2012,"DWFN","Korea","Fleet_catch_in_national_waters_of_FFA_members",269639
2013,"DWFN","Korea","Fleet_catch_in_national_waters_of_FFA_members",230617
2014,"DWFN","Korea","Fleet_catch_in_national_waters_of_FFA_members",273292
2015,"DWFN","Korea","Fleet_catch_in_national_waters_of_FFA_members",269217
2016,"DWFN","Korea","Fleet_catch_in_national_waters_of_FFA_members",272449
2017,"DWFN","Korea","Fleet_catch_in_national_waters_of_FFA_members",243158
2018,"DWFN","Korea","Fleet_catch_in_national_waters_of_FFA_members",260588
2019,"DWFN","Korea","Fleet_catch_in_national_waters_of_FFA_members",305109
2020,"DWFN","Korea","Fleet_catch_in_national_waters_of_FFA_members",243554
2021,"DWFN","Korea","Fleet_catch_in_national_waters_of_FFA_members",225312
2022,"DWFN","Korea","Fleet_catch_in_national_waters_of_FFA_members",227377
2023,"DWFN","Korea","Fleet_catch_in_national_waters_of_FFA_members",227119
2024,"DWFN","Korea","Fleet_catch_in_national_waters_of_FFA_members",255884
1997,"DWFN","Philippines","Fleet_catch_in_national_waters_of_FFA_members",32957
1998,"DWFN","Philippines","Fleet_catch_in_national_waters_of_FFA_members",43011
1999,"DWFN","Philippines","Fleet_catch_in_national_waters_of_FFA_members",31226
2000,"DWFN","Philippines","Fleet_catch_in_national_waters_of_FFA_members",35457
2001,"DWFN","Philippines","Fleet_catch_in_national_waters_of_FFA_members",25651
2002,"DWFN","Philippines","Fleet_catch_in_national_waters_of_FFA_members",28185
2003,"DWFN","Philippines","Fleet_catch_in_national_waters_of_FFA_members",27611
2004,"DWFN","Philippines","Fleet_catch_in_national_waters_of_FFA_members",28799
2005,"DWFN","Philippines","Fleet_catch_in_national_waters_of_FFA_members",30061
2006,"DWFN","Philippines","Fleet_catch_in_national_waters_of_FFA_members",31625
2007,"DWFN","Philippines","Fleet_catch_in_national_waters_of_FFA_members",34060
2008,"DWFN","Philippines","Fleet_catch_in_national_waters_of_FFA_members",49203
2009,"DWFN","Philippines","Fleet_catch_in_national_waters_of_FFA_members",61022
2010,"DWFN","Philippines","Fleet_catch_in_national_waters_of_FFA_members",73300
2011,"DWFN","Philippines","Fleet_catch_in_national_waters_of_FFA_members",80724
2012,"DWFN","Philippines","Fleet_catch_in_national_waters_of_FFA_members",110139
2013,"DWFN","Philippines","Fleet_catch_in_national_waters_of_FFA_members",84719
2014,"DWFN","Philippines","Fleet_catch_in_national_waters_of_FFA_members",106981
2015,"DWFN","Philippines","Fleet_catch_in_national_waters_of_FFA_members",75213
2016,"DWFN","Philippines","Fleet_catch_in_national_waters_of_FFA_members",71393
2017,"DWFN","Philippines","Fleet_catch_in_national_waters_of_FFA_members",30011
2018,"DWFN","Philippines","Fleet_catch_in_national_waters_of_FFA_members",11390
2019,"DWFN","Philippines","Fleet_catch_in_national_waters_of_FFA_members",6449
2020,"DWFN","Philippines","Fleet_catch_in_national_waters_of_FFA_members",28162
2021,"DWFN","Philippines","Fleet_catch_in_national_waters_of_FFA_members",0
2022,"DWFN","Philippines","Fleet_catch_in_national_waters_of_FFA_members",0
2023,"DWFN","Philippines","Fleet_catch_in_national_waters_of_FFA_members",0
2024,"DWFN","Philippines","Fleet_catch_in_national_waters_of_FFA_members",317
1997,"DWFN","Portugal","Fleet_catch_in_national_waters_of_FFA_members",0
1998,"DWFN","Portugal","Fleet_catch_in_national_waters_of_FFA_members",0
1999,"DWFN","Portugal","Fleet_catch_in_national_waters_of_FFA_members",0
2000,"DWFN","Portugal","Fleet_catch_in_national_waters_of_FFA_members",0
2001,"DWFN","Portugal","Fleet_catch_in_national_waters_of_FFA_members",0
2002,"DWFN","Portugal","Fleet_catch_in_national_waters_of_FFA_members",0
2003,"DWFN","Portugal","Fleet_catch_in_national_waters_of_FFA_members",0
2004,"DWFN","Portugal","Fleet_catch_in_national_waters_of_FFA_members",0
2005,"DWFN","Portugal","Fleet_catch_in_national_waters_of_FFA_members",0
2006,"DWFN","Portugal","Fleet_catch_in_national_waters_of_FFA_members",0
2007,"DWFN","Portugal","Fleet_catch_in_national_waters_of_FFA_members",0
2008,"DWFN","Portugal","Fleet_catch_in_national_waters_of_FFA_members",0
2009,"DWFN","Portugal","Fleet_catch_in_national_waters_of_FFA_members",0
2010,"DWFN","Portugal","Fleet_catch_in_national_waters_of_FFA_members",0
2011,"DWFN","Portugal","Fleet_catch_in_national_waters_of_FFA_members",0
2012,"DWFN","Portugal","Fleet_catch_in_national_waters_of_FFA_members",0
2013,"DWFN","Portugal","Fleet_catch_in_national_waters_of_FFA_members",0
2014,"DWFN","Portugal","Fleet_catch_in_national_waters_of_FFA_members",0
2015,"DWFN","Portugal","Fleet_catch_in_national_waters_of_FFA_members",0
2016,"DWFN","Portugal","Fleet_catch_in_national_waters_of_FFA_members",0
2017,"DWFN","Portugal","Fleet_catch_in_national_waters_of_FFA_members",0
2018,"DWFN","Portugal","Fleet_catch_in_national_waters_of_FFA_members",0
2019,"DWFN","Portugal","Fleet_catch_in_national_waters_of_FFA_members",0
2020,"DWFN","Portugal","Fleet_catch_in_national_waters_of_FFA_members",0
2021,"DWFN","Portugal","Fleet_catch_in_national_waters_of_FFA_members",0
2022,"DWFN","Portugal","Fleet_catch_in_national_waters_of_FFA_members",0
2023,"DWFN","Portugal","Fleet_catch_in_national_waters_of_FFA_members",0
2024,"DWFN","Portugal","Fleet_catch_in_national_waters_of_FFA_members",0
1997,"DWFN","Senegal","Fleet_catch_in_national_waters_of_FFA_members",0
1998,"DWFN","Senegal","Fleet_catch_in_national_waters_of_FFA_members",0
1999,"DWFN","Senegal","Fleet_catch_in_national_waters_of_FFA_members",0
2000,"DWFN","Senegal","Fleet_catch_in_national_waters_of_FFA_members",0
2001,"DWFN","Senegal","Fleet_catch_in_national_waters_of_FFA_members",0
2002,"DWFN","Senegal","Fleet_catch_in_national_waters_of_FFA_members",0
2003,"DWFN","Senegal","Fleet_catch_in_national_waters_of_FFA_members",0
2004,"DWFN","Senegal","Fleet_catch_in_national_waters_of_FFA_members",0
2005,"DWFN","Senegal","Fleet_catch_in_national_waters_of_FFA_members",0
2006,"DWFN","Senegal","Fleet_catch_in_national_waters_of_FFA_members",0
2007,"DWFN","Senegal","Fleet_catch_in_national_waters_of_FFA_members",0
2008,"DWFN","Senegal","Fleet_catch_in_national_waters_of_FFA_members",0
2009,"DWFN","Senegal","Fleet_catch_in_national_waters_of_FFA_members",0
2010,"DWFN","Senegal","Fleet_catch_in_national_waters_of_FFA_members",0
2011,"DWFN","Senegal","Fleet_catch_in_national_waters_of_FFA_members",0
2012,"DWFN","Senegal","Fleet_catch_in_national_waters_of_FFA_members",0
2013,"DWFN","Senegal","Fleet_catch_in_national_waters_of_FFA_members",0
2014,"DWFN","Senegal","Fleet_catch_in_national_waters_of_FFA_members",0
2015,"DWFN","Senegal","Fleet_catch_in_national_waters_of_FFA_members",0
2016,"DWFN","Senegal","Fleet_catch_in_national_waters_of_FFA_members",0
2017,"DWFN","Senegal","Fleet_catch_in_national_waters_of_FFA_members",0
2018,"DWFN","Senegal","Fleet_catch_in_national_waters_of_FFA_members",0
2019,"DWFN","Senegal","Fleet_catch_in_national_waters_of_FFA_members",0
2020,"DWFN","Senegal","Fleet_catch_in_national_waters_of_FFA_members",0
2021,"DWFN","Senegal","Fleet_catch_in_national_waters_of_FFA_members",0
2022,"DWFN","Senegal","Fleet_catch_in_national_waters_of_FFA_members",0
2023,"DWFN","Senegal","Fleet_catch_in_national_waters_of_FFA_members",0
2024,"DWFN","Senegal","Fleet_catch_in_national_waters_of_FFA_members",0
1997,"DWFN","Spain","Fleet_catch_in_national_waters_of_FFA_members",0
1998,"DWFN","Spain","Fleet_catch_in_national_waters_of_FFA_members",0
1999,"DWFN","Spain","Fleet_catch_in_national_waters_of_FFA_members",0
2000,"DWFN","Spain","Fleet_catch_in_national_waters_of_FFA_members",2091
2001,"DWFN","Spain","Fleet_catch_in_national_waters_of_FFA_members",0
2002,"DWFN","Spain","Fleet_catch_in_national_waters_of_FFA_members",0
2003,"DWFN","Spain","Fleet_catch_in_national_waters_of_FFA_members",0
2004,"DWFN","Spain","Fleet_catch_in_national_waters_of_FFA_members",1476
2005,"DWFN","Spain","Fleet_catch_in_national_waters_of_FFA_members",0
2006,"DWFN","Spain","Fleet_catch_in_national_waters_of_FFA_members",0
2007,"DWFN","Spain","Fleet_catch_in_national_waters_of_FFA_members",10120
2008,"DWFN","Spain","Fleet_catch_in_national_waters_of_FFA_members",12970
2009,"DWFN","Spain","Fleet_catch_in_national_waters_of_FFA_members",12235
2010,"DWFN","Spain","Fleet_catch_in_national_waters_of_FFA_members",17234
2011,"DWFN","Spain","Fleet_catch_in_national_waters_of_FFA_members",23074
2012,"DWFN","Spain","Fleet_catch_in_national_waters_of_FFA_members",14281
2013,"DWFN","Spain","Fleet_catch_in_national_waters_of_FFA_members",23549
2014,"DWFN","Spain","Fleet_catch_in_national_waters_of_FFA_members",19319
2015,"DWFN","Spain","Fleet_catch_in_national_waters_of_FFA_members",13912
2016,"DWFN","Spain","Fleet_catch_in_national_waters_of_FFA_members",0
2017,"DWFN","Spain","Fleet_catch_in_national_waters_of_FFA_members",836
2018,"DWFN","Spain","Fleet_catch_in_national_waters_of_FFA_members",2441
2019,"DWFN","Spain","Fleet_catch_in_national_waters_of_FFA_members",2651
2020,"DWFN","Spain","Fleet_catch_in_national_waters_of_FFA_members",1349
2021,"DWFN","Spain","Fleet_catch_in_national_waters_of_FFA_members",453
2022,"DWFN","Spain","Fleet_catch_in_national_waters_of_FFA_members",526
2023,"DWFN","Spain","Fleet_catch_in_national_waters_of_FFA_members",1399
2024,"DWFN","Spain","Fleet_catch_in_national_waters_of_FFA_members",10571
1997,"DWFN","Taiwan","Fleet_catch_in_national_waters_of_FFA_members",133400
1998,"DWFN","Taiwan","Fleet_catch_in_national_waters_of_FFA_members",181252
1999,"DWFN","Taiwan","Fleet_catch_in_national_waters_of_FFA_members",138813
2000,"DWFN","Taiwan","Fleet_catch_in_national_waters_of_FFA_members",198261
2001,"DWFN","Taiwan","Fleet_catch_in_national_waters_of_FFA_members",174950
2002,"DWFN","Taiwan","Fleet_catch_in_national_waters_of_FFA_members",206866
2003,"DWFN","Taiwan","Fleet_catch_in_national_waters_of_FFA_members",168296
2004,"DWFN","Taiwan","Fleet_catch_in_national_waters_of_FFA_members",158351
2005,"DWFN","Taiwan","Fleet_catch_in_national_waters_of_FFA_members",173584
2006,"DWFN","Taiwan","Fleet_catch_in_national_waters_of_FFA_members",190192
2007,"DWFN","Taiwan","Fleet_catch_in_national_waters_of_FFA_members",200217
2008,"DWFN","Taiwan","Fleet_catch_in_national_waters_of_FFA_members",178041
2009,"DWFN","Taiwan","Fleet_catch_in_national_waters_of_FFA_members",167392
2010,"DWFN","Taiwan","Fleet_catch_in_national_waters_of_FFA_members",203051
2011,"DWFN","Taiwan","Fleet_catch_in_national_waters_of_FFA_members",188218
2012,"DWFN","Taiwan","Fleet_catch_in_national_waters_of_FFA_members",216102
2013,"DWFN","Taiwan","Fleet_catch_in_national_waters_of_FFA_members",223086
2014,"DWFN","Taiwan","Fleet_catch_in_national_waters_of_FFA_members",242864
2015,"DWFN","Taiwan","Fleet_catch_in_national_waters_of_FFA_members",193587
2016,"DWFN","Taiwan","Fleet_catch_in_national_waters_of_FFA_members",195305
2017,"DWFN","Taiwan","Fleet_catch_in_national_waters_of_FFA_members",176457
2018,"DWFN","Taiwan","Fleet_catch_in_national_waters_of_FFA_members",200466
2019,"DWFN","Taiwan","Fleet_catch_in_national_waters_of_FFA_members",236549
2020,"DWFN","Taiwan","Fleet_catch_in_national_waters_of_FFA_members",175788
2021,"DWFN","Taiwan","Fleet_catch_in_national_waters_of_FFA_members",215005
2022,"DWFN","Taiwan","Fleet_catch_in_national_waters_of_FFA_members",211341
2023,"DWFN","Taiwan","Fleet_catch_in_national_waters_of_FFA_members",170260
2024,"DWFN","Taiwan","Fleet_catch_in_national_waters_of_FFA_members",225639
1997,"DWFN","Vietnam","Fleet_catch_in_national_waters_of_FFA_members",0
1998,"DWFN","Vietnam","Fleet_catch_in_national_waters_of_FFA_members",0
1999,"DWFN","Vietnam","Fleet_catch_in_national_waters_of_FFA_members",0
2000,"DWFN","Vietnam","Fleet_catch_in_national_waters_of_FFA_members",0
2001,"DWFN","Vietnam","Fleet_catch_in_national_waters_of_FFA_members",0
2002,"DWFN","Vietnam","Fleet_catch_in_national_waters_of_FFA_members",0
2003,"DWFN","Vietnam","Fleet_catch_in_national_waters_of_FFA_members",0
2004,"DWFN","Vietnam","Fleet_catch_in_national_waters_of_FFA_members",0
2005,"DWFN","Vietnam","Fleet_catch_in_national_waters_of_FFA_members",0
2006,"DWFN","Vietnam","Fleet_catch_in_national_waters_of_FFA_members",0
2007,"DWFN","Vietnam","Fleet_catch_in_national_waters_of_FFA_members",0
2008,"DWFN","Vietnam","Fleet_catch_in_national_waters_of_FFA_members",0
2009,"DWFN","Vietnam","Fleet_catch_in_national_waters_of_FFA_members",0
2010,"DWFN","Vietnam","Fleet_catch_in_national_waters_of_FFA_members",0
2011,"DWFN","Vietnam","Fleet_catch_in_national_waters_of_FFA_members",0
2012,"DWFN","Vietnam","Fleet_catch_in_national_waters_of_FFA_members",0
2013,"DWFN","Vietnam","Fleet_catch_in_national_waters_of_FFA_members",0
2014,"DWFN","Vietnam","Fleet_catch_in_national_waters_of_FFA_members",0
2015,"DWFN","Vietnam","Fleet_catch_in_national_waters_of_FFA_members",0
2016,"DWFN","Vietnam","Fleet_catch_in_national_waters_of_FFA_members",0
2017,"DWFN","Vietnam","Fleet_catch_in_national_waters_of_FFA_members",0
2018,"DWFN","Vietnam","Fleet_catch_in_national_waters_of_FFA_members",0
2019,"DWFN","Vietnam","Fleet_catch_in_national_waters_of_FFA_members",0
2020,"DWFN","Vietnam","Fleet_catch_in_national_waters_of_FFA_members",0
2021,"DWFN","Vietnam","Fleet_catch_in_national_waters_of_FFA_members",0
2022,"DWFN","Vietnam","Fleet_catch_in_national_waters_of_FFA_members",0
2023,"DWFN","Vietnam","Fleet_catch_in_national_waters_of_FFA_members",0
2024,"DWFN","Vietnam","Fleet_catch_in_national_waters_of_FFA_members",0
1997,"FFA Member","Australia","Fleet_catch_in_national_waters_of_FFA_members",0
1998,"FFA Member","Australia","Fleet_catch_in_national_waters_of_FFA_members",0
1999,"FFA Member","Australia","Fleet_catch_in_national_waters_of_FFA_members",0
2000,"FFA Member","Australia","Fleet_catch_in_national_waters_of_FFA_members",0
2001,"FFA Member","Australia","Fleet_catch_in_national_waters_of_FFA_members",0
2002,"FFA Member","Australia","Fleet_catch_in_national_waters_of_FFA_members",0
2003,"FFA Member","Australia","Fleet_catch_in_national_waters_of_FFA_members",0
2004,"FFA Member","Australia","Fleet_catch_in_national_waters_of_FFA_members",0
2005,"FFA Member","Australia","Fleet_catch_in_national_waters_of_FFA_members",0
2006,"FFA Member","Australia","Fleet_catch_in_national_waters_of_FFA_members",0
2007,"FFA Member","Australia","Fleet_catch_in_national_waters_of_FFA_members",0
2008,"FFA Member","Australia","Fleet_catch_in_national_waters_of_FFA_members",0
2009,"FFA Member","Australia","Fleet_catch_in_national_waters_of_FFA_members",0
2010,"FFA Member","Australia","Fleet_catch_in_national_waters_of_FFA_members",0
2011,"FFA Member","Australia","Fleet_catch_in_national_waters_of_FFA_members",0
2012,"FFA Member","Australia","Fleet_catch_in_national_waters_of_FFA_members",0
2013,"FFA Member","Australia","Fleet_catch_in_national_waters_of_FFA_members",0
2014,"FFA Member","Australia","Fleet_catch_in_national_waters_of_FFA_members",0
2015,"FFA Member","Australia","Fleet_catch_in_national_waters_of_FFA_members",0
2016,"FFA Member","Australia","Fleet_catch_in_national_waters_of_FFA_members",0
2017,"FFA Member","Australia","Fleet_catch_in_national_waters_of_FFA_members",0
2018,"FFA Member","Australia","Fleet_catch_in_national_waters_of_FFA_members",0
2019,"FFA Member","Australia","Fleet_catch_in_national_waters_of_FFA_members",0
2020,"FFA Member","Australia","Fleet_catch_in_national_waters_of_FFA_members",0
2021,"FFA Member","Australia","Fleet_catch_in_national_waters_of_FFA_members",0
2022,"FFA Member","Australia","Fleet_catch_in_national_waters_of_FFA_members",0
2023,"FFA Member","Australia","Fleet_catch_in_national_waters_of_FFA_members",0
2024,"FFA Member","Australia","Fleet_catch_in_national_waters_of_FFA_members",0
1997,"FFA Member","Cook Islands","Fleet_catch_in_national_waters_of_FFA_members",0
1998,"FFA Member","Cook Islands","Fleet_catch_in_national_waters_of_FFA_members",0
1999,"FFA Member","Cook Islands","Fleet_catch_in_national_waters_of_FFA_members",0
2000,"FFA Member","Cook Islands","Fleet_catch_in_national_waters_of_FFA_members",0
2001,"FFA Member","Cook Islands","Fleet_catch_in_national_waters_of_FFA_members",0
2002,"FFA Member","Cook Islands","Fleet_catch_in_national_waters_of_FFA_members",0
2003,"FFA Member","Cook Islands","Fleet_catch_in_national_waters_of_FFA_members",0
2004,"FFA Member","Cook Islands","Fleet_catch_in_national_waters_of_FFA_members",0
2005,"FFA Member","Cook Islands","Fleet_catch_in_national_waters_of_FFA_members",108
2006,"FFA Member","Cook Islands","Fleet_catch_in_national_waters_of_FFA_members",211
2007,"FFA Member","Cook Islands","Fleet_catch_in_national_waters_of_FFA_members",203
2008,"FFA Member","Cook Islands","Fleet_catch_in_national_waters_of_FFA_members",244
2009,"FFA Member","Cook Islands","Fleet_catch_in_national_waters_of_FFA_members",254
2010,"FFA Member","Cook Islands","Fleet_catch_in_national_waters_of_FFA_members",229
2011,"FFA Member","Cook Islands","Fleet_catch_in_national_waters_of_FFA_members",0
2012,"FFA Member","Cook Islands","Fleet_catch_in_national_waters_of_FFA_members",62
2013,"FFA Member","Cook Islands","Fleet_catch_in_national_waters_of_FFA_members",150
2014,"FFA Member","Cook Islands","Fleet_catch_in_national_waters_of_FFA_members",56
2015,"FFA Member","Cook Islands","Fleet_catch_in_national_waters_of_FFA_members",207
2016,"FFA Member","Cook Islands","Fleet_catch_in_national_waters_of_FFA_members",146
2017,"FFA Member","Cook Islands","Fleet_catch_in_national_waters_of_FFA_members",232
2018,"FFA Member","Cook Islands","Fleet_catch_in_national_waters_of_FFA_members",676
2019,"FFA Member","Cook Islands","Fleet_catch_in_national_waters_of_FFA_members",1235
2020,"FFA Member","Cook Islands","Fleet_catch_in_national_waters_of_FFA_members",807
2021,"FFA Member","Cook Islands","Fleet_catch_in_national_waters_of_FFA_members",530
2022,"FFA Member","Cook Islands","Fleet_catch_in_national_waters_of_FFA_members",825
2023,"FFA Member","Cook Islands","Fleet_catch_in_national_waters_of_FFA_members",0
2024,"FFA Member","Cook Islands","Fleet_catch_in_national_waters_of_FFA_members",4
1997,"FFA Member","Fiji","Fleet_catch_in_national_waters_of_FFA_members",0
1998,"FFA Member","Fiji","Fleet_catch_in_national_waters_of_FFA_members",43
1999,"FFA Member","Fiji","Fleet_catch_in_national_waters_of_FFA_members",168
2000,"FFA Member","Fiji","Fleet_catch_in_national_waters_of_FFA_members",1145
2001,"FFA Member","Fiji","Fleet_catch_in_national_waters_of_FFA_members",670
2002,"FFA Member","Fiji","Fleet_catch_in_national_waters_of_FFA_members",1524
2003,"FFA Member","Fiji","Fleet_catch_in_national_waters_of_FFA_members",2062
2004,"FFA Member","Fiji","Fleet_catch_in_national_waters_of_FFA_members",4119
2005,"FFA Member","Fiji","Fleet_catch_in_national_waters_of_FFA_members",4381
2006,"FFA Member","Fiji","Fleet_catch_in_national_waters_of_FFA_members",5272
2007,"FFA Member","Fiji","Fleet_catch_in_national_waters_of_FFA_members",3226
2008,"FFA Member","Fiji","Fleet_catch_in_national_waters_of_FFA_members",5042
2009,"FFA Member","Fiji","Fleet_catch_in_national_waters_of_FFA_members",6725
2010,"FFA Member","Fiji","Fleet_catch_in_national_waters_of_FFA_members",2458
2011,"FFA Member","Fiji","Fleet_catch_in_national_waters_of_FFA_members",6771
2012,"FFA Member","Fiji","Fleet_catch_in_national_waters_of_FFA_members",5363
2013,"FFA Member","Fiji","Fleet_catch_in_national_waters_of_FFA_members",5020
2014,"FFA Member","Fiji","Fleet_catch_in_national_waters_of_FFA_members",3608
2015,"FFA Member","Fiji","Fleet_catch_in_national_waters_of_FFA_members",1752
2016,"FFA Member","Fiji","Fleet_catch_in_national_waters_of_FFA_members",4488
2017,"FFA Member","Fiji","Fleet_catch_in_national_waters_of_FFA_members",4420
2018,"FFA Member","Fiji","Fleet_catch_in_national_waters_of_FFA_members",2834
2019,"FFA Member","Fiji","Fleet_catch_in_national_waters_of_FFA_members",4037
2020,"FFA Member","Fiji","Fleet_catch_in_national_waters_of_FFA_members",2520
2021,"FFA Member","Fiji","Fleet_catch_in_national_waters_of_FFA_members",1833
2022,"FFA Member","Fiji","Fleet_catch_in_national_waters_of_FFA_members",1970
2023,"FFA Member","Fiji","Fleet_catch_in_national_waters_of_FFA_members",1637
2024,"FFA Member","Fiji","Fleet_catch_in_national_waters_of_FFA_members",1808
1997,"FFA Member","New Zealand","Fleet_catch_in_national_waters_of_FFA_members",0
1998,"FFA Member","New Zealand","Fleet_catch_in_national_waters_of_FFA_members",0
1999,"FFA Member","New Zealand","Fleet_catch_in_national_waters_of_FFA_members",0
2000,"FFA Member","New Zealand","Fleet_catch_in_national_waters_of_FFA_members",3263
2001,"FFA Member","New Zealand","Fleet_catch_in_national_waters_of_FFA_members",7104
2002,"FFA Member","New Zealand","Fleet_catch_in_national_waters_of_FFA_members",21479
2003,"FFA Member","New Zealand","Fleet_catch_in_national_waters_of_FFA_members",12529
2004,"FFA Member","New Zealand","Fleet_catch_in_national_waters_of_FFA_members",15163
2005,"FFA Member","New Zealand","Fleet_catch_in_national_waters_of_FFA_members",11500
2006,"FFA Member","New Zealand","Fleet_catch_in_national_waters_of_FFA_members",14464
2007,"FFA Member","New Zealand","Fleet_catch_in_national_waters_of_FFA_members",19523
2008,"FFA Member","New Zealand","Fleet_catch_in_national_waters_of_FFA_members",16315
2009,"FFA Member","New Zealand","Fleet_catch_in_national_waters_of_FFA_members",16672
2010,"FFA Member","New Zealand","Fleet_catch_in_national_waters_of_FFA_members",16544
2011,"FFA Member","New Zealand","Fleet_catch_in_national_waters_of_FFA_members",11449
2012,"FFA Member","New Zealand","Fleet_catch_in_national_waters_of_FFA_members",9464
2013,"FFA Member","New Zealand","Fleet_catch_in_national_waters_of_FFA_members",12074
2014,"FFA Member","New Zealand","Fleet_catch_in_national_waters_of_FFA_members",10337
2015,"FFA Member","New Zealand","Fleet_catch_in_national_waters_of_FFA_members",1757
2016,"FFA Member","New Zealand","Fleet_catch_in_national_waters_of_FFA_members",2127
2017,"FFA Member","New Zealand","Fleet_catch_in_national_waters_of_FFA_members",0
2018,"FFA Member","New Zealand","Fleet_catch_in_national_waters_of_FFA_members",0
2019,"FFA Member","New Zealand","Fleet_catch_in_national_waters_of_FFA_members",0
2020,"FFA Member","New Zealand","Fleet_catch_in_national_waters_of_FFA_members",0
2021,"FFA Member","New Zealand","Fleet_catch_in_national_waters_of_FFA_members",0
2022,"FFA Member","New Zealand","Fleet_catch_in_national_waters_of_FFA_members",0
2023,"FFA Member","New Zealand","Fleet_catch_in_national_waters_of_FFA_members",0
2024,"FFA Member","New Zealand","Fleet_catch_in_national_waters_of_FFA_members",77
1997,"FFA Member","Niue","Fleet_catch_in_national_waters_of_FFA_members",0
1998,"FFA Member","Niue","Fleet_catch_in_national_waters_of_FFA_members",0
1999,"FFA Member","Niue","Fleet_catch_in_national_waters_of_FFA_members",0
2000,"FFA Member","Niue","Fleet_catch_in_national_waters_of_FFA_members",0
2001,"FFA Member","Niue","Fleet_catch_in_national_waters_of_FFA_members",0
2002,"FFA Member","Niue","Fleet_catch_in_national_waters_of_FFA_members",0
2003,"FFA Member","Niue","Fleet_catch_in_national_waters_of_FFA_members",0
2004,"FFA Member","Niue","Fleet_catch_in_national_waters_of_FFA_members",0
2005,"FFA Member","Niue","Fleet_catch_in_national_waters_of_FFA_members",0
2006,"FFA Member","Niue","Fleet_catch_in_national_waters_of_FFA_members",0
2007,"FFA Member","Niue","Fleet_catch_in_national_waters_of_FFA_members",0
2008,"FFA Member","Niue","Fleet_catch_in_national_waters_of_FFA_members",0
2009,"FFA Member","Niue","Fleet_catch_in_national_waters_of_FFA_members",0
2010,"FFA Member","Niue","Fleet_catch_in_national_waters_of_FFA_members",0
2011,"FFA Member","Niue","Fleet_catch_in_national_waters_of_FFA_members",0
2012,"FFA Member","Niue","Fleet_catch_in_national_waters_of_FFA_members",0
2013,"FFA Member","Niue","Fleet_catch_in_national_waters_of_FFA_members",0
2014,"FFA Member","Niue","Fleet_catch_in_national_waters_of_FFA_members",0
2015,"FFA Member","Niue","Fleet_catch_in_national_waters_of_FFA_members",0
2016,"FFA Member","Niue","Fleet_catch_in_national_waters_of_FFA_members",0
2017,"FFA Member","Niue","Fleet_catch_in_national_waters_of_FFA_members",0
2018,"FFA Member","Niue","Fleet_catch_in_national_waters_of_FFA_members",0
2019,"FFA Member","Niue","Fleet_catch_in_national_waters_of_FFA_members",0
2020,"FFA Member","Niue","Fleet_catch_in_national_waters_of_FFA_members",0
2021,"FFA Member","Niue","Fleet_catch_in_national_waters_of_FFA_members",0
2022,"FFA Member","Niue","Fleet_catch_in_national_waters_of_FFA_members",0
2023,"FFA Member","Niue","Fleet_catch_in_national_waters_of_FFA_members",0
2024,"FFA Member","Niue","Fleet_catch_in_national_waters_of_FFA_members",0
1997,"FFA Member","Samoa","Fleet_catch_in_national_waters_of_FFA_members",0
1998,"FFA Member","Samoa","Fleet_catch_in_national_waters_of_FFA_members",0
1999,"FFA Member","Samoa","Fleet_catch_in_national_waters_of_FFA_members",0
2000,"FFA Member","Samoa","Fleet_catch_in_national_waters_of_FFA_members",0
2001,"FFA Member","Samoa","Fleet_catch_in_national_waters_of_FFA_members",0
2002,"FFA Member","Samoa","Fleet_catch_in_national_waters_of_FFA_members",19
2003,"FFA Member","Samoa","Fleet_catch_in_national_waters_of_FFA_members",0
2004,"FFA Member","Samoa","Fleet_catch_in_national_waters_of_FFA_members",0
2005,"FFA Member","Samoa","Fleet_catch_in_national_waters_of_FFA_members",0
2006,"FFA Member","Samoa","Fleet_catch_in_national_waters_of_FFA_members",0
2007,"FFA Member","Samoa","Fleet_catch_in_national_waters_of_FFA_members",0
2008,"FFA Member","Samoa","Fleet_catch_in_national_waters_of_FFA_members",0
2009,"FFA Member","Samoa","Fleet_catch_in_national_waters_of_FFA_members",0
2010,"FFA Member","Samoa","Fleet_catch_in_national_waters_of_FFA_members",0
2011,"FFA Member","Samoa","Fleet_catch_in_national_waters_of_FFA_members",0
2012,"FFA Member","Samoa","Fleet_catch_in_national_waters_of_FFA_members",0
2013,"FFA Member","Samoa","Fleet_catch_in_national_waters_of_FFA_members",0
2014,"FFA Member","Samoa","Fleet_catch_in_national_waters_of_FFA_members",0
2015,"FFA Member","Samoa","Fleet_catch_in_national_waters_of_FFA_members",0
2016,"FFA Member","Samoa","Fleet_catch_in_national_waters_of_FFA_members",168
2017,"FFA Member","Samoa","Fleet_catch_in_national_waters_of_FFA_members",932
2018,"FFA Member","Samoa","Fleet_catch_in_national_waters_of_FFA_members",294
2019,"FFA Member","Samoa","Fleet_catch_in_national_waters_of_FFA_members",1628
2020,"FFA Member","Samoa","Fleet_catch_in_national_waters_of_FFA_members",943
2021,"FFA Member","Samoa","Fleet_catch_in_national_waters_of_FFA_members",470
2022,"FFA Member","Samoa","Fleet_catch_in_national_waters_of_FFA_members",1133
2023,"FFA Member","Samoa","Fleet_catch_in_national_waters_of_FFA_members",1152
2024,"FFA Member","Samoa","Fleet_catch_in_national_waters_of_FFA_members",31
1997,"FFA Member","Tonga","Fleet_catch_in_national_waters_of_FFA_members",0
1998,"FFA Member","Tonga","Fleet_catch_in_national_waters_of_FFA_members",0
1999,"FFA Member","Tonga","Fleet_catch_in_national_waters_of_FFA_members",0
2000,"FFA Member","Tonga","Fleet_catch_in_national_waters_of_FFA_members",0
2001,"FFA Member","Tonga","Fleet_catch_in_national_waters_of_FFA_members",0
2002,"FFA Member","Tonga","Fleet_catch_in_national_waters_of_FFA_members",0
2003,"FFA Member","Tonga","Fleet_catch_in_national_waters_of_FFA_members",0
2004,"FFA Member","Tonga","Fleet_catch_in_national_waters_of_FFA_members",0
2005,"FFA Member","Tonga","Fleet_catch_in_national_waters_of_FFA_members",0
2006,"FFA Member","Tonga","Fleet_catch_in_national_waters_of_FFA_members",0
2007,"FFA Member","Tonga","Fleet_catch_in_national_waters_of_FFA_members",0
2008,"FFA Member","Tonga","Fleet_catch_in_national_waters_of_FFA_members",0
2009,"FFA Member","Tonga","Fleet_catch_in_national_waters_of_FFA_members",0
2010,"FFA Member","Tonga","Fleet_catch_in_national_waters_of_FFA_members",0
2011,"FFA Member","Tonga","Fleet_catch_in_national_waters_of_FFA_members",0
2012,"FFA Member","Tonga","Fleet_catch_in_national_waters_of_FFA_members",0
2013,"FFA Member","Tonga","Fleet_catch_in_national_waters_of_FFA_members",0
2014,"FFA Member","Tonga","Fleet_catch_in_national_waters_of_FFA_members",0
2015,"FFA Member","Tonga","Fleet_catch_in_national_waters_of_FFA_members",0
2016,"FFA Member","Tonga","Fleet_catch_in_national_waters_of_FFA_members",0
2017,"FFA Member","Tonga","Fleet_catch_in_national_waters_of_FFA_members",0
2018,"FFA Member","Tonga","Fleet_catch_in_national_waters_of_FFA_members",0
2019,"FFA Member","Tonga","Fleet_catch_in_national_waters_of_FFA_members",0
2020,"FFA Member","Tonga","Fleet_catch_in_national_waters_of_FFA_members",0
2021,"FFA Member","Tonga","Fleet_catch_in_national_waters_of_FFA_members",0
2022,"FFA Member","Tonga","Fleet_catch_in_national_waters_of_FFA_members",0
2023,"FFA Member","Tonga","Fleet_catch_in_national_waters_of_FFA_members",0
2024,"FFA Member","Tonga","Fleet_catch_in_national_waters_of_FFA_members",0
1997,"FFA Member","Vanuatu","Fleet_catch_in_national_waters_of_FFA_members",453
1998,"FFA Member","Vanuatu","Fleet_catch_in_national_waters_of_FFA_members",32
1999,"FFA Member","Vanuatu","Fleet_catch_in_national_waters_of_FFA_members",0
2000,"FFA Member","Vanuatu","Fleet_catch_in_national_waters_of_FFA_members",12
2001,"FFA Member","Vanuatu","Fleet_catch_in_national_waters_of_FFA_members",240
2002,"FFA Member","Vanuatu","Fleet_catch_in_national_waters_of_FFA_members",1111
2003,"FFA Member","Vanuatu","Fleet_catch_in_national_waters_of_FFA_members",1487
2004,"FFA Member","Vanuatu","Fleet_catch_in_national_waters_of_FFA_members",2439
2005,"FFA Member","Vanuatu","Fleet_catch_in_national_waters_of_FFA_members",1451
2006,"FFA Member","Vanuatu","Fleet_catch_in_national_waters_of_FFA_members",2539
2007,"FFA Member","Vanuatu","Fleet_catch_in_national_waters_of_FFA_members",1588
2008,"FFA Member","Vanuatu","Fleet_catch_in_national_waters_of_FFA_members",1253
2009,"FFA Member","Vanuatu","Fleet_catch_in_national_waters_of_FFA_members",3627
2010,"FFA Member","Vanuatu","Fleet_catch_in_national_waters_of_FFA_members",2924
2011,"FFA Member","Vanuatu","Fleet_catch_in_national_waters_of_FFA_members",4173
2012,"FFA Member","Vanuatu","Fleet_catch_in_national_waters_of_FFA_members",7161
2013,"FFA Member","Vanuatu","Fleet_catch_in_national_waters_of_FFA_members",5707
2014,"FFA Member","Vanuatu","Fleet_catch_in_national_waters_of_FFA_members",3518
2015,"FFA Member","Vanuatu","Fleet_catch_in_national_waters_of_FFA_members",5711
2016,"FFA Member","Vanuatu","Fleet_catch_in_national_waters_of_FFA_members",4159
2017,"FFA Member","Vanuatu","Fleet_catch_in_national_waters_of_FFA_members",1057
2018,"FFA Member","Vanuatu","Fleet_catch_in_national_waters_of_FFA_members",828
2019,"FFA Member","Vanuatu","Fleet_catch_in_national_waters_of_FFA_members",710
2020,"FFA Member","Vanuatu","Fleet_catch_in_national_waters_of_FFA_members",635
2021,"FFA Member","Vanuatu","Fleet_catch_in_national_waters_of_FFA_members",210
2022,"FFA Member","Vanuatu","Fleet_catch_in_national_waters_of_FFA_members",39
2023,"FFA Member","Vanuatu","Fleet_catch_in_national_waters_of_FFA_members",1
2024,"FFA Member","Vanuatu","Fleet_catch_in_national_waters_of_FFA_members",0
1997,"High Seas","H4","Fleet_catch_in_national_waters_of_FFA_members",0
1998,"High Seas","H4","Fleet_catch_in_national_waters_of_FFA_members",0
1999,"High Seas","H4","Fleet_catch_in_national_waters_of_FFA_members",0
2000,"High Seas","H4","Fleet_catch_in_national_waters_of_FFA_members",0
2001,"High Seas","H4","Fleet_catch_in_national_waters_of_FFA_members",0
2002,"High Seas","H4","Fleet_catch_in_national_waters_of_FFA_members",0
2003,"High Seas","H4","Fleet_catch_in_national_waters_of_FFA_members",0
2004,"High Seas","H4","Fleet_catch_in_national_waters_of_FFA_members",0
2005,"High Seas","H4","Fleet_catch_in_national_waters_of_FFA_members",0
2006,"High Seas","H4","Fleet_catch_in_national_waters_of_FFA_members",0
2007,"High Seas","H4","Fleet_catch_in_national_waters_of_FFA_members",0
2008,"High Seas","H4","Fleet_catch_in_national_waters_of_FFA_members",0
2009,"High Seas","H4","Fleet_catch_in_national_waters_of_FFA_members",0
2010,"High Seas","H4","Fleet_catch_in_national_waters_of_FFA_members",0
2011,"High Seas","H4","Fleet_catch_in_national_waters_of_FFA_members",0
2012,"High Seas","H4","Fleet_catch_in_national_waters_of_FFA_members",0
2013,"High Seas","H4","Fleet_catch_in_national_waters_of_FFA_members",0
2014,"High Seas","H4","Fleet_catch_in_national_waters_of_FFA_members",0
2015,"High Seas","H4","Fleet_catch_in_national_waters_of_FFA_members",0
2016,"High Seas","H4","Fleet_catch_in_national_waters_of_FFA_members",0
2017,"High Seas","H4","Fleet_catch_in_national_waters_of_FFA_members",0
2018,"High Seas","H4","Fleet_catch_in_national_waters_of_FFA_members",0
2019,"High Seas","H4","Fleet_catch_in_national_waters_of_FFA_members",0
2020,"High Seas","H4","Fleet_catch_in_national_waters_of_FFA_members",0
2021,"High Seas","H4","Fleet_catch_in_national_waters_of_FFA_members",0
2022,"High Seas","H4","Fleet_catch_in_national_waters_of_FFA_members",0
2023,"High Seas","H4","Fleet_catch_in_national_waters_of_FFA_members",0
2024,"High Seas","H4","Fleet_catch_in_national_waters_of_FFA_members",0
1997,"High Seas","H5","Fleet_catch_in_national_waters_of_FFA_members",0
1998,"High Seas","H5","Fleet_catch_in_national_waters_of_FFA_members",0
1999,"High Seas","H5","Fleet_catch_in_national_waters_of_FFA_members",0
2000,"High Seas","H5","Fleet_catch_in_national_waters_of_FFA_members",0
2001,"High Seas","H5","Fleet_catch_in_national_waters_of_FFA_members",0
2002,"High Seas","H5","Fleet_catch_in_national_waters_of_FFA_members",0
2003,"High Seas","H5","Fleet_catch_in_national_waters_of_FFA_members",0
2004,"High Seas","H5","Fleet_catch_in_national_waters_of_FFA_members",0
2005,"High Seas","H5","Fleet_catch_in_national_waters_of_FFA_members",0
2006,"High Seas","H5","Fleet_catch_in_national_waters_of_FFA_members",0
2007,"High Seas","H5","Fleet_catch_in_national_waters_of_FFA_members",0
2008,"High Seas","H5","Fleet_catch_in_national_waters_of_FFA_members",0
2009,"High Seas","H5","Fleet_catch_in_national_waters_of_FFA_members",0
2010,"High Seas","H5","Fleet_catch_in_national_waters_of_FFA_members",0
2011,"High Seas","H5","Fleet_catch_in_national_waters_of_FFA_members",0
2012,"High Seas","H5","Fleet_catch_in_national_waters_of_FFA_members",0
2013,"High Seas","H5","Fleet_catch_in_national_waters_of_FFA_members",0
2014,"High Seas","H5","Fleet_catch_in_national_waters_of_FFA_members",0
2015,"High Seas","H5","Fleet_catch_in_national_waters_of_FFA_members",0
2016,"High Seas","H5","Fleet_catch_in_national_waters_of_FFA_members",0
2017,"High Seas","H5","Fleet_catch_in_national_waters_of_FFA_members",0
2018,"High Seas","H5","Fleet_catch_in_national_waters_of_FFA_members",0
2019,"High Seas","H5","Fleet_catch_in_national_waters_of_FFA_members",0
2020,"High Seas","H5","Fleet_catch_in_national_waters_of_FFA_members",0
2021,"High Seas","H5","Fleet_catch_in_national_waters_of_FFA_members",0
2022,"High Seas","H5","Fleet_catch_in_national_waters_of_FFA_members",0
2023,"High Seas","H5","Fleet_catch_in_national_waters_of_FFA_members",0
2024,"High Seas","H5","Fleet_catch_in_national_waters_of_FFA_members",0
1997,"High Seas","I1","Fleet_catch_in_national_waters_of_FFA_members",0
1998,"High Seas","I1","Fleet_catch_in_national_waters_of_FFA_members",0
1999,"High Seas","I1","Fleet_catch_in_national_waters_of_FFA_members",0
2000,"High Seas","I1","Fleet_catch_in_national_waters_of_FFA_members",0
2001,"High Seas","I1","Fleet_catch_in_national_waters_of_FFA_members",0
2002,"High Seas","I1","Fleet_catch_in_national_waters_of_FFA_members",0
2003,"High Seas","I1","Fleet_catch_in_national_waters_of_FFA_members",0
2004,"High Seas","I1","Fleet_catch_in_national_waters_of_FFA_members",0
2005,"High Seas","I1","Fleet_catch_in_national_waters_of_FFA_members",0
2006,"High Seas","I1","Fleet_catch_in_national_waters_of_FFA_members",0
2007,"High Seas","I1","Fleet_catch_in_national_waters_of_FFA_members",0
2008,"High Seas","I1","Fleet_catch_in_national_waters_of_FFA_members",0
2009,"High Seas","I1","Fleet_catch_in_national_waters_of_FFA_members",0
2010,"High Seas","I1","Fleet_catch_in_national_waters_of_FFA_members",0
2011,"High Seas","I1","Fleet_catch_in_national_waters_of_FFA_members",0
2012,"High Seas","I1","Fleet_catch_in_national_waters_of_FFA_members",0
2013,"High Seas","I1","Fleet_catch_in_national_waters_of_FFA_members",0
2014,"High Seas","I1","Fleet_catch_in_national_waters_of_FFA_members",0
2015,"High Seas","I1","Fleet_catch_in_national_waters_of_FFA_members",0
2016,"High Seas","I1","Fleet_catch_in_national_waters_of_FFA_members",0
2017,"High Seas","I1","Fleet_catch_in_national_waters_of_FFA_members",0
2018,"High Seas","I1","Fleet_catch_in_national_waters_of_FFA_members",0
2019,"High Seas","I1","Fleet_catch_in_national_waters_of_FFA_members",0
2020,"High Seas","I1","Fleet_catch_in_national_waters_of_FFA_members",0
2021,"High Seas","I1","Fleet_catch_in_national_waters_of_FFA_members",0
2022,"High Seas","I1","Fleet_catch_in_national_waters_of_FFA_members",0
2023,"High Seas","I1","Fleet_catch_in_national_waters_of_FFA_members",0
2024,"High Seas","I1","Fleet_catch_in_national_waters_of_FFA_members",0
1997,"High Seas","I2","Fleet_catch_in_national_waters_of_FFA_members",0
1998,"High Seas","I2","Fleet_catch_in_national_waters_of_FFA_members",0
1999,"High Seas","I2","Fleet_catch_in_national_waters_of_FFA_members",0
2000,"High Seas","I2","Fleet_catch_in_national_waters_of_FFA_members",0
2001,"High Seas","I2","Fleet_catch_in_national_waters_of_FFA_members",0
2002,"High Seas","I2","Fleet_catch_in_national_waters_of_FFA_members",0
2003,"High Seas","I2","Fleet_catch_in_national_waters_of_FFA_members",0
2004,"High Seas","I2","Fleet_catch_in_national_waters_of_FFA_members",0
2005,"High Seas","I2","Fleet_catch_in_national_waters_of_FFA_members",0
2006,"High Seas","I2","Fleet_catch_in_national_waters_of_FFA_members",0
2007,"High Seas","I2","Fleet_catch_in_national_waters_of_FFA_members",0
2008,"High Seas","I2","Fleet_catch_in_national_waters_of_FFA_members",0
2009,"High Seas","I2","Fleet_catch_in_national_waters_of_FFA_members",0
2010,"High Seas","I2","Fleet_catch_in_national_waters_of_FFA_members",0
2011,"High Seas","I2","Fleet_catch_in_national_waters_of_FFA_members",0
2012,"High Seas","I2","Fleet_catch_in_national_waters_of_FFA_members",0
2013,"High Seas","I2","Fleet_catch_in_national_waters_of_FFA_members",0
2014,"High Seas","I2","Fleet_catch_in_national_waters_of_FFA_members",0
2015,"High Seas","I2","Fleet_catch_in_national_waters_of_FFA_members",0
2016,"High Seas","I2","Fleet_catch_in_national_waters_of_FFA_members",0
2017,"High Seas","I2","Fleet_catch_in_national_waters_of_FFA_members",0
2018,"High Seas","I2","Fleet_catch_in_national_waters_of_FFA_members",0
2019,"High Seas","I2","Fleet_catch_in_national_waters_of_FFA_members",0
2020,"High Seas","I2","Fleet_catch_in_national_waters_of_FFA_members",0
2021,"High Seas","I2","Fleet_catch_in_national_waters_of_FFA_members",0
2022,"High Seas","I2","Fleet_catch_in_national_waters_of_FFA_members",0
2023,"High Seas","I2","Fleet_catch_in_national_waters_of_FFA_members",0
2024,"High Seas","I2","Fleet_catch_in_national_waters_of_FFA_members",0
1997,"High Seas","I3","Fleet_catch_in_national_waters_of_FFA_members",0
1998,"High Seas","I3","Fleet_catch_in_national_waters_of_FFA_members",0
1999,"High Seas","I3","Fleet_catch_in_national_waters_of_FFA_members",0
2000,"High Seas","I3","Fleet_catch_in_national_waters_of_FFA_members",0
2001,"High Seas","I3","Fleet_catch_in_national_waters_of_FFA_members",0
2002,"High Seas","I3","Fleet_catch_in_national_waters_of_FFA_members",0
2003,"High Seas","I3","Fleet_catch_in_national_waters_of_FFA_members",0
2004,"High Seas","I3","Fleet_catch_in_national_waters_of_FFA_members",0
2005,"High Seas","I3","Fleet_catch_in_national_waters_of_FFA_members",0
2006,"High Seas","I3","Fleet_catch_in_national_waters_of_FFA_members",0
2007,"High Seas","I3","Fleet_catch_in_national_waters_of_FFA_members",0
2008,"High Seas","I3","Fleet_catch_in_national_waters_of_FFA_members",0
2009,"High Seas","I3","Fleet_catch_in_national_waters_of_FFA_members",0
2010,"High Seas","I3","Fleet_catch_in_national_waters_of_FFA_members",0
2011,"High Seas","I3","Fleet_catch_in_national_waters_of_FFA_members",0
2012,"High Seas","I3","Fleet_catch_in_national_waters_of_FFA_members",0
2013,"High Seas","I3","Fleet_catch_in_national_waters_of_FFA_members",0
2014,"High Seas","I3","Fleet_catch_in_national_waters_of_FFA_members",0
2015,"High Seas","I3","Fleet_catch_in_national_waters_of_FFA_members",0
2016,"High Seas","I3","Fleet_catch_in_national_waters_of_FFA_members",0
2017,"High Seas","I3","Fleet_catch_in_national_waters_of_FFA_members",0
2018,"High Seas","I3","Fleet_catch_in_national_waters_of_FFA_members",0
2019,"High Seas","I3","Fleet_catch_in_national_waters_of_FFA_members",0
2020,"High Seas","I3","Fleet_catch_in_national_waters_of_FFA_members",0
2021,"High Seas","I3","Fleet_catch_in_national_waters_of_FFA_members",0
2022,"High Seas","I3","Fleet_catch_in_national_waters_of_FFA_members",0
2023,"High Seas","I3","Fleet_catch_in_national_waters_of_FFA_members",0
2024,"High Seas","I3","Fleet_catch_in_national_waters_of_FFA_members",0
1997,"High Seas","I4","Fleet_catch_in_national_waters_of_FFA_members",0
1998,"High Seas","I4","Fleet_catch_in_national_waters_of_FFA_members",0
1999,"High Seas","I4","Fleet_catch_in_national_waters_of_FFA_members",0
2000,"High Seas","I4","Fleet_catch_in_national_waters_of_FFA_members",0
2001,"High Seas","I4","Fleet_catch_in_national_waters_of_FFA_members",0
2002,"High Seas","I4","Fleet_catch_in_national_waters_of_FFA_members",0
2003,"High Seas","I4","Fleet_catch_in_national_waters_of_FFA_members",0
2004,"High Seas","I4","Fleet_catch_in_national_waters_of_FFA_members",0
2005,"High Seas","I4","Fleet_catch_in_national_waters_of_FFA_members",0
2006,"High Seas","I4","Fleet_catch_in_national_waters_of_FFA_members",0
2007,"High Seas","I4","Fleet_catch_in_national_waters_of_FFA_members",0
2008,"High Seas","I4","Fleet_catch_in_national_waters_of_FFA_members",0
2009,"High Seas","I4","Fleet_catch_in_national_waters_of_FFA_members",0
2010,"High Seas","I4","Fleet_catch_in_national_waters_of_FFA_members",0
2011,"High Seas","I4","Fleet_catch_in_national_waters_of_FFA_members",0
2012,"High Seas","I4","Fleet_catch_in_national_waters_of_FFA_members",0
2013,"High Seas","I4","Fleet_catch_in_national_waters_of_FFA_members",0
2014,"High Seas","I4","Fleet_catch_in_national_waters_of_FFA_members",0
2015,"High Seas","I4","Fleet_catch_in_national_waters_of_FFA_members",0
2016,"High Seas","I4","Fleet_catch_in_national_waters_of_FFA_members",0
2017,"High Seas","I4","Fleet_catch_in_national_waters_of_FFA_members",0
2018,"High Seas","I4","Fleet_catch_in_national_waters_of_FFA_members",0
2019,"High Seas","I4","Fleet_catch_in_national_waters_of_FFA_members",0
2020,"High Seas","I4","Fleet_catch_in_national_waters_of_FFA_members",0
2021,"High Seas","I4","Fleet_catch_in_national_waters_of_FFA_members",0
2022,"High Seas","I4","Fleet_catch_in_national_waters_of_FFA_members",0
2023,"High Seas","I4","Fleet_catch_in_national_waters_of_FFA_members",0
2024,"High Seas","I4","Fleet_catch_in_national_waters_of_FFA_members",0
1997,"High Seas","I5","Fleet_catch_in_national_waters_of_FFA_members",0
1998,"High Seas","I5","Fleet_catch_in_national_waters_of_FFA_members",0
1999,"High Seas","I5","Fleet_catch_in_national_waters_of_FFA_members",0
2000,"High Seas","I5","Fleet_catch_in_national_waters_of_FFA_members",0
2001,"High Seas","I5","Fleet_catch_in_national_waters_of_FFA_members",0
2002,"High Seas","I5","Fleet_catch_in_national_waters_of_FFA_members",0
2003,"High Seas","I5","Fleet_catch_in_national_waters_of_FFA_members",0
2004,"High Seas","I5","Fleet_catch_in_national_waters_of_FFA_members",0
2005,"High Seas","I5","Fleet_catch_in_national_waters_of_FFA_members",0
2006,"High Seas","I5","Fleet_catch_in_national_waters_of_FFA_members",0
2007,"High Seas","I5","Fleet_catch_in_national_waters_of_FFA_members",0
2008,"High Seas","I5","Fleet_catch_in_national_waters_of_FFA_members",0
2009,"High Seas","I5","Fleet_catch_in_national_waters_of_FFA_members",0
2010,"High Seas","I5","Fleet_catch_in_national_waters_of_FFA_members",0
2011,"High Seas","I5","Fleet_catch_in_national_waters_of_FFA_members",0
2012,"High Seas","I5","Fleet_catch_in_national_waters_of_FFA_members",0
2013,"High Seas","I5","Fleet_catch_in_national_waters_of_FFA_members",0
2014,"High Seas","I5","Fleet_catch_in_national_waters_of_FFA_members",0
2015,"High Seas","I5","Fleet_catch_in_national_waters_of_FFA_members",0
2016,"High Seas","I5","Fleet_catch_in_national_waters_of_FFA_members",0
2017,"High Seas","I5","Fleet_catch_in_national_waters_of_FFA_members",0
2018,"High Seas","I5","Fleet_catch_in_national_waters_of_FFA_members",0
2019,"High Seas","I5","Fleet_catch_in_national_waters_of_FFA_members",0
2020,"High Seas","I5","Fleet_catch_in_national_waters_of_FFA_members",0
2021,"High Seas","I5","Fleet_catch_in_national_waters_of_FFA_members",0
2022,"High Seas","I5","Fleet_catch_in_national_waters_of_FFA_members",0
2023,"High Seas","I5","Fleet_catch_in_national_waters_of_FFA_members",0
2024,"High Seas","I5","Fleet_catch_in_national_waters_of_FFA_members",0
1997,"High Seas","I6","Fleet_catch_in_national_waters_of_FFA_members",0
1998,"High Seas","I6","Fleet_catch_in_national_waters_of_FFA_members",0
1999,"High Seas","I6","Fleet_catch_in_national_waters_of_FFA_members",0
2000,"High Seas","I6","Fleet_catch_in_national_waters_of_FFA_members",0
2001,"High Seas","I6","Fleet_catch_in_national_waters_of_FFA_members",0
2002,"High Seas","I6","Fleet_catch_in_national_waters_of_FFA_members",0
2003,"High Seas","I6","Fleet_catch_in_national_waters_of_FFA_members",0
2004,"High Seas","I6","Fleet_catch_in_national_waters_of_FFA_members",0
2005,"High Seas","I6","Fleet_catch_in_national_waters_of_FFA_members",0
2006,"High Seas","I6","Fleet_catch_in_national_waters_of_FFA_members",0
2007,"High Seas","I6","Fleet_catch_in_national_waters_of_FFA_members",0
2008,"High Seas","I6","Fleet_catch_in_national_waters_of_FFA_members",0
2009,"High Seas","I6","Fleet_catch_in_national_waters_of_FFA_members",0
2010,"High Seas","I6","Fleet_catch_in_national_waters_of_FFA_members",0
2011,"High Seas","I6","Fleet_catch_in_national_waters_of_FFA_members",0
2012,"High Seas","I6","Fleet_catch_in_national_waters_of_FFA_members",0
2013,"High Seas","I6","Fleet_catch_in_national_waters_of_FFA_members",0
2014,"High Seas","I6","Fleet_catch_in_national_waters_of_FFA_members",0
2015,"High Seas","I6","Fleet_catch_in_national_waters_of_FFA_members",0
2016,"High Seas","I6","Fleet_catch_in_national_waters_of_FFA_members",0
2017,"High Seas","I6","Fleet_catch_in_national_waters_of_FFA_members",0
2018,"High Seas","I6","Fleet_catch_in_national_waters_of_FFA_members",0
2019,"High Seas","I6","Fleet_catch_in_national_waters_of_FFA_members",0
2020,"High Seas","I6","Fleet_catch_in_national_waters_of_FFA_members",0
2021,"High Seas","I6","Fleet_catch_in_national_waters_of_FFA_members",0
2022,"High Seas","I6","Fleet_catch_in_national_waters_of_FFA_members",0
2023,"High Seas","I6","Fleet_catch_in_national_waters_of_FFA_members",0
2024,"High Seas","I6","Fleet_catch_in_national_waters_of_FFA_members",0
1997,"High Seas","I7","Fleet_catch_in_national_waters_of_FFA_members",0
1998,"High Seas","I7","Fleet_catch_in_national_waters_of_FFA_members",0
1999,"High Seas","I7","Fleet_catch_in_national_waters_of_FFA_members",0
2000,"High Seas","I7","Fleet_catch_in_national_waters_of_FFA_members",0
2001,"High Seas","I7","Fleet_catch_in_national_waters_of_FFA_members",0
2002,"High Seas","I7","Fleet_catch_in_national_waters_of_FFA_members",0
2003,"High Seas","I7","Fleet_catch_in_national_waters_of_FFA_members",0
2004,"High Seas","I7","Fleet_catch_in_national_waters_of_FFA_members",0
2005,"High Seas","I7","Fleet_catch_in_national_waters_of_FFA_members",0
2006,"High Seas","I7","Fleet_catch_in_national_waters_of_FFA_members",0
2007,"High Seas","I7","Fleet_catch_in_national_waters_of_FFA_members",0
2008,"High Seas","I7","Fleet_catch_in_national_waters_of_FFA_members",0
2009,"High Seas","I7","Fleet_catch_in_national_waters_of_FFA_members",0
2010,"High Seas","I7","Fleet_catch_in_national_waters_of_FFA_members",0
2011,"High Seas","I7","Fleet_catch_in_national_waters_of_FFA_members",0
2012,"High Seas","I7","Fleet_catch_in_national_waters_of_FFA_members",0
2013,"High Seas","I7","Fleet_catch_in_national_waters_of_FFA_members",0
2014,"High Seas","I7","Fleet_catch_in_national_waters_of_FFA_members",0
2015,"High Seas","I7","Fleet_catch_in_national_waters_of_FFA_members",0
2016,"High Seas","I7","Fleet_catch_in_national_waters_of_FFA_members",0
2017,"High Seas","I7","Fleet_catch_in_national_waters_of_FFA_members",0
2018,"High Seas","I7","Fleet_catch_in_national_waters_of_FFA_members",0
2019,"High Seas","I7","Fleet_catch_in_national_waters_of_FFA_members",0
2020,"High Seas","I7","Fleet_catch_in_national_waters_of_FFA_members",0
2021,"High Seas","I7","Fleet_catch_in_national_waters_of_FFA_members",0
2022,"High Seas","I7","Fleet_catch_in_national_waters_of_FFA_members",0
2023,"High Seas","I7","Fleet_catch_in_national_waters_of_FFA_members",0
2024,"High Seas","I7","Fleet_catch_in_national_waters_of_FFA_members",0
1997,"High Seas","I8","Fleet_catch_in_national_waters_of_FFA_members",0
1998,"High Seas","I8","Fleet_catch_in_national_waters_of_FFA_members",0
1999,"High Seas","I8","Fleet_catch_in_national_waters_of_FFA_members",0
2000,"High Seas","I8","Fleet_catch_in_national_waters_of_FFA_members",0
2001,"High Seas","I8","Fleet_catch_in_national_waters_of_FFA_members",0
2002,"High Seas","I8","Fleet_catch_in_national_waters_of_FFA_members",0
2003,"High Seas","I8","Fleet_catch_in_national_waters_of_FFA_members",0
2004,"High Seas","I8","Fleet_catch_in_national_waters_of_FFA_members",0
2005,"High Seas","I8","Fleet_catch_in_national_waters_of_FFA_members",0
2006,"High Seas","I8","Fleet_catch_in_national_waters_of_FFA_members",0
2007,"High Seas","I8","Fleet_catch_in_national_waters_of_FFA_members",0
2008,"High Seas","I8","Fleet_catch_in_national_waters_of_FFA_members",0
2009,"High Seas","I8","Fleet_catch_in_national_waters_of_FFA_members",0
2010,"High Seas","I8","Fleet_catch_in_national_waters_of_FFA_members",0
2011,"High Seas","I8","Fleet_catch_in_national_waters_of_FFA_members",0
2012,"High Seas","I8","Fleet_catch_in_national_waters_of_FFA_members",0
2013,"High Seas","I8","Fleet_catch_in_national_waters_of_FFA_members",0
2014,"High Seas","I8","Fleet_catch_in_national_waters_of_FFA_members",0
2015,"High Seas","I8","Fleet_catch_in_national_waters_of_FFA_members",0
2016,"High Seas","I8","Fleet_catch_in_national_waters_of_FFA_members",0
2017,"High Seas","I8","Fleet_catch_in_national_waters_of_FFA_members",0
2018,"High Seas","I8","Fleet_catch_in_national_waters_of_FFA_members",0
2019,"High Seas","I8","Fleet_catch_in_national_waters_of_FFA_members",0
2020,"High Seas","I8","Fleet_catch_in_national_waters_of_FFA_members",0
2021,"High Seas","I8","Fleet_catch_in_national_waters_of_FFA_members",0
2022,"High Seas","I8","Fleet_catch_in_national_waters_of_FFA_members",0
2023,"High Seas","I8","Fleet_catch_in_national_waters_of_FFA_members",0
2024,"High Seas","I8","Fleet_catch_in_national_waters_of_FFA_members",0
1997,"High Seas","I9","Fleet_catch_in_national_waters_of_FFA_members",0
1998,"High Seas","I9","Fleet_catch_in_national_waters_of_FFA_members",0
1999,"High Seas","I9","Fleet_catch_in_national_waters_of_FFA_members",0
2000,"High Seas","I9","Fleet_catch_in_national_waters_of_FFA_members",0
2001,"High Seas","I9","Fleet_catch_in_national_waters_of_FFA_members",0
2002,"High Seas","I9","Fleet_catch_in_national_waters_of_FFA_members",0
2003,"High Seas","I9","Fleet_catch_in_national_waters_of_FFA_members",0
2004,"High Seas","I9","Fleet_catch_in_national_waters_of_FFA_members",0
2005,"High Seas","I9","Fleet_catch_in_national_waters_of_FFA_members",0
2006,"High Seas","I9","Fleet_catch_in_national_waters_of_FFA_members",0
2007,"High Seas","I9","Fleet_catch_in_national_waters_of_FFA_members",0
2008,"High Seas","I9","Fleet_catch_in_national_waters_of_FFA_members",0
2009,"High Seas","I9","Fleet_catch_in_national_waters_of_FFA_members",0
2010,"High Seas","I9","Fleet_catch_in_national_waters_of_FFA_members",0
2011,"High Seas","I9","Fleet_catch_in_national_waters_of_FFA_members",0
2012,"High Seas","I9","Fleet_catch_in_national_waters_of_FFA_members",0
2013,"High Seas","I9","Fleet_catch_in_national_waters_of_FFA_members",0
2014,"High Seas","I9","Fleet_catch_in_national_waters_of_FFA_members",0
2015,"High Seas","I9","Fleet_catch_in_national_waters_of_FFA_members",0
2016,"High Seas","I9","Fleet_catch_in_national_waters_of_FFA_members",0
2017,"High Seas","I9","Fleet_catch_in_national_waters_of_FFA_members",0
2018,"High Seas","I9","Fleet_catch_in_national_waters_of_FFA_members",0
2019,"High Seas","I9","Fleet_catch_in_national_waters_of_FFA_members",0
2020,"High Seas","I9","Fleet_catch_in_national_waters_of_FFA_members",0
2021,"High Seas","I9","Fleet_catch_in_national_waters_of_FFA_members",0
2022,"High Seas","I9","Fleet_catch_in_national_waters_of_FFA_members",0
2023,"High Seas","I9","Fleet_catch_in_national_waters_of_FFA_members",0
2024,"High Seas","I9","Fleet_catch_in_national_waters_of_FFA_members",0
1997,"High Seas","IW","Fleet_catch_in_national_waters_of_FFA_members",0
1998,"High Seas","IW","Fleet_catch_in_national_waters_of_FFA_members",0
1999,"High Seas","IW","Fleet_catch_in_national_waters_of_FFA_members",0
2000,"High Seas","IW","Fleet_catch_in_national_waters_of_FFA_members",0
2001,"High Seas","IW","Fleet_catch_in_national_waters_of_FFA_members",0
2002,"High Seas","IW","Fleet_catch_in_national_waters_of_FFA_members",0
2003,"High Seas","IW","Fleet_catch_in_national_waters_of_FFA_members",0
2004,"High Seas","IW","Fleet_catch_in_national_waters_of_FFA_members",0
2005,"High Seas","IW","Fleet_catch_in_national_waters_of_FFA_members",0
2006,"High Seas","IW","Fleet_catch_in_national_waters_of_FFA_members",0
2007,"High Seas","IW","Fleet_catch_in_national_waters_of_FFA_members",0
2008,"High Seas","IW","Fleet_catch_in_national_waters_of_FFA_members",0
2009,"High Seas","IW","Fleet_catch_in_national_waters_of_FFA_members",0
2010,"High Seas","IW","Fleet_catch_in_national_waters_of_FFA_members",0
2011,"High Seas","IW","Fleet_catch_in_national_waters_of_FFA_members",0
2012,"High Seas","IW","Fleet_catch_in_national_waters_of_FFA_members",0
2013,"High Seas","IW","Fleet_catch_in_national_waters_of_FFA_members",0
2014,"High Seas","IW","Fleet_catch_in_national_waters_of_FFA_members",0
2015,"High Seas","IW","Fleet_catch_in_national_waters_of_FFA_members",0
2016,"High Seas","IW","Fleet_catch_in_national_waters_of_FFA_members",0
2017,"High Seas","IW","Fleet_catch_in_national_waters_of_FFA_members",0
2018,"High Seas","IW","Fleet_catch_in_national_waters_of_FFA_members",0
2019,"High Seas","IW","Fleet_catch_in_national_waters_of_FFA_members",0
2020,"High Seas","IW","Fleet_catch_in_national_waters_of_FFA_members",0
2021,"High Seas","IW","Fleet_catch_in_national_waters_of_FFA_members",0
2022,"High Seas","IW","Fleet_catch_in_national_waters_of_FFA_members",0
2023,"High Seas","IW","Fleet_catch_in_national_waters_of_FFA_members",0
2024,"High Seas","IW","Fleet_catch_in_national_waters_of_FFA_members",0
1997,"PNA Member","FSM","Fleet_catch_in_national_waters_of_FFA_members",2861
1998,"PNA Member","FSM","Fleet_catch_in_national_waters_of_FFA_members",8464
1999,"PNA Member","FSM","Fleet_catch_in_national_waters_of_FFA_members",5258
2000,"PNA Member","FSM","Fleet_catch_in_national_waters_of_FFA_members",14060
2001,"PNA Member","FSM","Fleet_catch_in_national_waters_of_FFA_members",10940
2002,"PNA Member","FSM","Fleet_catch_in_national_waters_of_FFA_members",12415
2003,"PNA Member","FSM","Fleet_catch_in_national_waters_of_FFA_members",22760
2004,"PNA Member","FSM","Fleet_catch_in_national_waters_of_FFA_members",20024
2005,"PNA Member","FSM","Fleet_catch_in_national_waters_of_FFA_members",16071
2006,"PNA Member","FSM","Fleet_catch_in_national_waters_of_FFA_members",5781
2007,"PNA Member","FSM","Fleet_catch_in_national_waters_of_FFA_members",8767
2008,"PNA Member","FSM","Fleet_catch_in_national_waters_of_FFA_members",11856
2009,"PNA Member","FSM","Fleet_catch_in_national_waters_of_FFA_members",12727
2010,"PNA Member","FSM","Fleet_catch_in_national_waters_of_FFA_members",19197
2011,"PNA Member","FSM","Fleet_catch_in_national_waters_of_FFA_members",19028
2012,"PNA Member","FSM","Fleet_catch_in_national_waters_of_FFA_members",26378
2013,"PNA Member","FSM","Fleet_catch_in_national_waters_of_FFA_members",20485
2014,"PNA Member","FSM","Fleet_catch_in_national_waters_of_FFA_members",25116
2015,"PNA Member","FSM","Fleet_catch_in_national_waters_of_FFA_members",36965
2016,"PNA Member","FSM","Fleet_catch_in_national_waters_of_FFA_members",33738
2017,"PNA Member","FSM","Fleet_catch_in_national_waters_of_FFA_members",45303
2018,"PNA Member","FSM","Fleet_catch_in_national_waters_of_FFA_members",57417
2019,"PNA Member","FSM","Fleet_catch_in_national_waters_of_FFA_members",93793
2020,"PNA Member","FSM","Fleet_catch_in_national_waters_of_FFA_members",92503
2021,"PNA Member","FSM","Fleet_catch_in_national_waters_of_FFA_members",101887
2022,"PNA Member","FSM","Fleet_catch_in_national_waters_of_FFA_members",96990
2023,"PNA Member","FSM","Fleet_catch_in_national_waters_of_FFA_members",99052
2024,"PNA Member","FSM","Fleet_catch_in_national_waters_of_FFA_members",116204
1997,"PNA Member","Kiribati","Fleet_catch_in_national_waters_of_FFA_members",2750
1998,"PNA Member","Kiribati","Fleet_catch_in_national_waters_of_FFA_members",4348
1999,"PNA Member","Kiribati","Fleet_catch_in_national_waters_of_FFA_members",5308
2000,"PNA Member","Kiribati","Fleet_catch_in_national_waters_of_FFA_members",4128
2001,"PNA Member","Kiribati","Fleet_catch_in_national_waters_of_FFA_members",2949
2002,"PNA Member","Kiribati","Fleet_catch_in_national_waters_of_FFA_members",2953
2003,"PNA Member","Kiribati","Fleet_catch_in_national_waters_of_FFA_members",3224
2004,"PNA Member","Kiribati","Fleet_catch_in_national_waters_of_FFA_members",3827
2005,"PNA Member","Kiribati","Fleet_catch_in_national_waters_of_FFA_members",5532
2006,"PNA Member","Kiribati","Fleet_catch_in_national_waters_of_FFA_members",3129
2007,"PNA Member","Kiribati","Fleet_catch_in_national_waters_of_FFA_members",3996
2008,"PNA Member","Kiribati","Fleet_catch_in_national_waters_of_FFA_members",6210
2009,"PNA Member","Kiribati","Fleet_catch_in_national_waters_of_FFA_members",8567
2010,"PNA Member","Kiribati","Fleet_catch_in_national_waters_of_FFA_members",13713
2011,"PNA Member","Kiribati","Fleet_catch_in_national_waters_of_FFA_members",22551
2012,"PNA Member","Kiribati","Fleet_catch_in_national_waters_of_FFA_members",25240
2013,"PNA Member","Kiribati","Fleet_catch_in_national_waters_of_FFA_members",45958
2014,"PNA Member","Kiribati","Fleet_catch_in_national_waters_of_FFA_members",24351
2015,"PNA Member","Kiribati","Fleet_catch_in_national_waters_of_FFA_members",15257
2016,"PNA Member","Kiribati","Fleet_catch_in_national_waters_of_FFA_members",54936
2017,"PNA Member","Kiribati","Fleet_catch_in_national_waters_of_FFA_members",41245
2018,"PNA Member","Kiribati","Fleet_catch_in_national_waters_of_FFA_members",50619
2019,"PNA Member","Kiribati","Fleet_catch_in_national_waters_of_FFA_members",31406
2020,"PNA Member","Kiribati","Fleet_catch_in_national_waters_of_FFA_members",47543
2021,"PNA Member","Kiribati","Fleet_catch_in_national_waters_of_FFA_members",50413
2022,"PNA Member","Kiribati","Fleet_catch_in_national_waters_of_FFA_members",73921
2023,"PNA Member","Kiribati","Fleet_catch_in_national_waters_of_FFA_members",40731
2024,"PNA Member","Kiribati","Fleet_catch_in_national_waters_of_FFA_members",150154
1997,"PNA Member","Marshall Islands","Fleet_catch_in_national_waters_of_FFA_members",0
1998,"PNA Member","Marshall Islands","Fleet_catch_in_national_waters_of_FFA_members",0
1999,"PNA Member","Marshall Islands","Fleet_catch_in_national_waters_of_FFA_members",0
2000,"PNA Member","Marshall Islands","Fleet_catch_in_national_waters_of_FFA_members",5641
2001,"PNA Member","Marshall Islands","Fleet_catch_in_national_waters_of_FFA_members",25084
2002,"PNA Member","Marshall Islands","Fleet_catch_in_national_waters_of_FFA_members",30618
2003,"PNA Member","Marshall Islands","Fleet_catch_in_national_waters_of_FFA_members",24970
2004,"PNA Member","Marshall Islands","Fleet_catch_in_national_waters_of_FFA_members",28681
2005,"PNA Member","Marshall Islands","Fleet_catch_in_national_waters_of_FFA_members",34072
2006,"PNA Member","Marshall Islands","Fleet_catch_in_national_waters_of_FFA_members",34831
2007,"PNA Member","Marshall Islands","Fleet_catch_in_national_waters_of_FFA_members",44902
2008,"PNA Member","Marshall Islands","Fleet_catch_in_national_waters_of_FFA_members",19933
2009,"PNA Member","Marshall Islands","Fleet_catch_in_national_waters_of_FFA_members",32120
2010,"PNA Member","Marshall Islands","Fleet_catch_in_national_waters_of_FFA_members",50254
2011,"PNA Member","Marshall Islands","Fleet_catch_in_national_waters_of_FFA_members",83740
2012,"PNA Member","Marshall Islands","Fleet_catch_in_national_waters_of_FFA_members",60817
2013,"PNA Member","Marshall Islands","Fleet_catch_in_national_waters_of_FFA_members",64334
2014,"PNA Member","Marshall Islands","Fleet_catch_in_national_waters_of_FFA_members",61826
2015,"PNA Member","Marshall Islands","Fleet_catch_in_national_waters_of_FFA_members",50915
2016,"PNA Member","Marshall Islands","Fleet_catch_in_national_waters_of_FFA_members",39626
2017,"PNA Member","Marshall Islands","Fleet_catch_in_national_waters_of_FFA_members",35449
2018,"PNA Member","Marshall Islands","Fleet_catch_in_national_waters_of_FFA_members",56276
2019,"PNA Member","Marshall Islands","Fleet_catch_in_national_waters_of_FFA_members",52345
2020,"PNA Member","Marshall Islands","Fleet_catch_in_national_waters_of_FFA_members",49763
2021,"PNA Member","Marshall Islands","Fleet_catch_in_national_waters_of_FFA_members",58264
2022,"PNA Member","Marshall Islands","Fleet_catch_in_national_waters_of_FFA_members",61876
2023,"PNA Member","Marshall Islands","Fleet_catch_in_national_waters_of_FFA_members",41253
2024,"PNA Member","Marshall Islands","Fleet_catch_in_national_waters_of_FFA_members",77868
1997,"PNA Member","Nauru","Fleet_catch_in_national_waters_of_FFA_members",0
1998,"PNA Member","Nauru","Fleet_catch_in_national_waters_of_FFA_members",0
1999,"PNA Member","Nauru","Fleet_catch_in_national_waters_of_FFA_members",0
2000,"PNA Member","Nauru","Fleet_catch_in_national_waters_of_FFA_members",0
2001,"PNA Member","Nauru","Fleet_catch_in_national_waters_of_FFA_members",0
2002,"PNA Member","Nauru","Fleet_catch_in_national_waters_of_FFA_members",0
2003,"PNA Member","Nauru","Fleet_catch_in_national_waters_of_FFA_members",0
2004,"PNA Member","Nauru","Fleet_catch_in_national_waters_of_FFA_members",0
2005,"PNA Member","Nauru","Fleet_catch_in_national_waters_of_FFA_members",0
2006,"PNA Member","Nauru","Fleet_catch_in_national_waters_of_FFA_members",0
2007,"PNA Member","Nauru","Fleet_catch_in_national_waters_of_FFA_members",0
2008,"PNA Member","Nauru","Fleet_catch_in_national_waters_of_FFA_members",0
2009,"PNA Member","Nauru","Fleet_catch_in_national_waters_of_FFA_members",0
2010,"PNA Member","Nauru","Fleet_catch_in_national_waters_of_FFA_members",0
2011,"PNA Member","Nauru","Fleet_catch_in_national_waters_of_FFA_members",0
2012,"PNA Member","Nauru","Fleet_catch_in_national_waters_of_FFA_members",0
2013,"PNA Member","Nauru","Fleet_catch_in_national_waters_of_FFA_members",0
2014,"PNA Member","Nauru","Fleet_catch_in_national_waters_of_FFA_members",0
2015,"PNA Member","Nauru","Fleet_catch_in_national_waters_of_FFA_members",0
2016,"PNA Member","Nauru","Fleet_catch_in_national_waters_of_FFA_members",0
2017,"PNA Member","Nauru","Fleet_catch_in_national_waters_of_FFA_members",0
2018,"PNA Member","Nauru","Fleet_catch_in_national_waters_of_FFA_members",2867
2019,"PNA Member","Nauru","Fleet_catch_in_national_waters_of_FFA_members",19098
2020,"PNA Member","Nauru","Fleet_catch_in_national_waters_of_FFA_members",54442
2021,"PNA Member","Nauru","Fleet_catch_in_national_waters_of_FFA_members",79820
2022,"PNA Member","Nauru","Fleet_catch_in_national_waters_of_FFA_members",79830
2023,"PNA Member","Nauru","Fleet_catch_in_national_waters_of_FFA_members",57253
2024,"PNA Member","Nauru","Fleet_catch_in_national_waters_of_FFA_members",70613
1997,"PNA Member","Palau","Fleet_catch_in_national_waters_of_FFA_members",0
1998,"PNA Member","Palau","Fleet_catch_in_national_waters_of_FFA_members",0
1999,"PNA Member","Palau","Fleet_catch_in_national_waters_of_FFA_members",0
2000,"PNA Member","Palau","Fleet_catch_in_national_waters_of_FFA_members",47
2001,"PNA Member","Palau","Fleet_catch_in_national_waters_of_FFA_members",0
2002,"PNA Member","Palau","Fleet_catch_in_national_waters_of_FFA_members",0
2003,"PNA Member","Palau","Fleet_catch_in_national_waters_of_FFA_members",0
2004,"PNA Member","Palau","Fleet_catch_in_national_waters_of_FFA_members",0
2005,"PNA Member","Palau","Fleet_catch_in_national_waters_of_FFA_members",0
2006,"PNA Member","Palau","Fleet_catch_in_national_waters_of_FFA_members",0
2007,"PNA Member","Palau","Fleet_catch_in_national_waters_of_FFA_members",0
2008,"PNA Member","Palau","Fleet_catch_in_national_waters_of_FFA_members",0
2009,"PNA Member","Palau","Fleet_catch_in_national_waters_of_FFA_members",0
2010,"PNA Member","Palau","Fleet_catch_in_national_waters_of_FFA_members",0
2011,"PNA Member","Palau","Fleet_catch_in_national_waters_of_FFA_members",0
2012,"PNA Member","Palau","Fleet_catch_in_national_waters_of_FFA_members",0
2013,"PNA Member","Palau","Fleet_catch_in_national_waters_of_FFA_members",0
2014,"PNA Member","Palau","Fleet_catch_in_national_waters_of_FFA_members",0
2015,"PNA Member","Palau","Fleet_catch_in_national_waters_of_FFA_members",0
2016,"PNA Member","Palau","Fleet_catch_in_national_waters_of_FFA_members",0
2017,"PNA Member","Palau","Fleet_catch_in_national_waters_of_FFA_members",0
2018,"PNA Member","Palau","Fleet_catch_in_national_waters_of_FFA_members",1
2019,"PNA Member","Palau","Fleet_catch_in_national_waters_of_FFA_members",5
2020,"PNA Member","Palau","Fleet_catch_in_national_waters_of_FFA_members",0
2021,"PNA Member","Palau","Fleet_catch_in_national_waters_of_FFA_members",0
2022,"PNA Member","Palau","Fleet_catch_in_national_waters_of_FFA_members",0
2023,"PNA Member","Palau","Fleet_catch_in_national_waters_of_FFA_members",0
2024,"PNA Member","Palau","Fleet_catch_in_national_waters_of_FFA_members",0
1997,"PNA Member","PNG","Fleet_catch_in_national_waters_of_FFA_members",842
1998,"PNA Member","PNG","Fleet_catch_in_national_waters_of_FFA_members",9435
1999,"PNA Member","PNG","Fleet_catch_in_national_waters_of_FFA_members",4256
2000,"PNA Member","PNG","Fleet_catch_in_national_waters_of_FFA_members",15200
2001,"PNA Member","PNG","Fleet_catch_in_national_waters_of_FFA_members",25099
2002,"PNA Member","PNG","Fleet_catch_in_national_waters_of_FFA_members",36425
2003,"PNA Member","PNG","Fleet_catch_in_national_waters_of_FFA_members",25332
2004,"PNA Member","PNG","Fleet_catch_in_national_waters_of_FFA_members",60275
2005,"PNA Member","PNG","Fleet_catch_in_national_waters_of_FFA_members",77924
2006,"PNA Member","PNG","Fleet_catch_in_national_waters_of_FFA_members",77221
2007,"PNA Member","PNG","Fleet_catch_in_national_waters_of_FFA_members",66596
2008,"PNA Member","PNG","Fleet_catch_in_national_waters_of_FFA_members",60424
2009,"PNA Member","PNG","Fleet_catch_in_national_waters_of_FFA_members",53149
2010,"PNA Member","PNG","Fleet_catch_in_national_waters_of_FFA_members",76393
2011,"PNA Member","PNG","Fleet_catch_in_national_waters_of_FFA_members",42482
2012,"PNA Member","PNG","Fleet_catch_in_national_waters_of_FFA_members",75362
2013,"PNA Member","PNG","Fleet_catch_in_national_waters_of_FFA_members",73645
2014,"PNA Member","PNG","Fleet_catch_in_national_waters_of_FFA_members",122409
2015,"PNA Member","PNG","Fleet_catch_in_national_waters_of_FFA_members",114025
2016,"PNA Member","PNG","Fleet_catch_in_national_waters_of_FFA_members",174171
2017,"PNA Member","PNG","Fleet_catch_in_national_waters_of_FFA_members",104394
2018,"PNA Member","PNG","Fleet_catch_in_national_waters_of_FFA_members",121097
2019,"PNA Member","PNG","Fleet_catch_in_national_waters_of_FFA_members",114014
2020,"PNA Member","PNG","Fleet_catch_in_national_waters_of_FFA_members",8695
2021,"PNA Member","PNG","Fleet_catch_in_national_waters_of_FFA_members",13711
2022,"PNA Member","PNG","Fleet_catch_in_national_waters_of_FFA_members",4781
2023,"PNA Member","PNG","Fleet_catch_in_national_waters_of_FFA_members",3456
2024,"PNA Member","PNG","Fleet_catch_in_national_waters_of_FFA_members",18712
1997,"PNA Member","Solomon  Islands","Fleet_catch_in_national_waters_of_FFA_members",416
1998,"PNA Member","Solomon  Islands","Fleet_catch_in_national_waters_of_FFA_members",89
1999,"PNA Member","Solomon  Islands","Fleet_catch_in_national_waters_of_FFA_members",838
2000,"PNA Member","Solomon  Islands","Fleet_catch_in_national_waters_of_FFA_members",3270
2001,"PNA Member","Solomon  Islands","Fleet_catch_in_national_waters_of_FFA_members",1339
2002,"PNA Member","Solomon  Islands","Fleet_catch_in_national_waters_of_FFA_members",451
2003,"PNA Member","Solomon  Islands","Fleet_catch_in_national_waters_of_FFA_members",0
2004,"PNA Member","Solomon  Islands","Fleet_catch_in_national_waters_of_FFA_members",0
2005,"PNA Member","Solomon  Islands","Fleet_catch_in_national_waters_of_FFA_members",2028
2006,"PNA Member","Solomon  Islands","Fleet_catch_in_national_waters_of_FFA_members",2140
2007,"PNA Member","Solomon  Islands","Fleet_catch_in_national_waters_of_FFA_members",26
2008,"PNA Member","Solomon  Islands","Fleet_catch_in_national_waters_of_FFA_members",1028
2009,"PNA Member","Solomon  Islands","Fleet_catch_in_national_waters_of_FFA_members",78
2010,"PNA Member","Solomon  Islands","Fleet_catch_in_national_waters_of_FFA_members",2743
2011,"PNA Member","Solomon  Islands","Fleet_catch_in_national_waters_of_FFA_members",42
2012,"PNA Member","Solomon  Islands","Fleet_catch_in_national_waters_of_FFA_members",0
2013,"PNA Member","Solomon  Islands","Fleet_catch_in_national_waters_of_FFA_members",16
2014,"PNA Member","Solomon  Islands","Fleet_catch_in_national_waters_of_FFA_members",1129
2015,"PNA Member","Solomon  Islands","Fleet_catch_in_national_waters_of_FFA_members",4298
2016,"PNA Member","Solomon  Islands","Fleet_catch_in_national_waters_of_FFA_members",14507
2017,"PNA Member","Solomon  Islands","Fleet_catch_in_national_waters_of_FFA_members",11142
2018,"PNA Member","Solomon  Islands","Fleet_catch_in_national_waters_of_FFA_members",17899
2019,"PNA Member","Solomon  Islands","Fleet_catch_in_national_waters_of_FFA_members",24537
2020,"PNA Member","Solomon  Islands","Fleet_catch_in_national_waters_of_FFA_members",9498
2021,"PNA Member","Solomon  Islands","Fleet_catch_in_national_waters_of_FFA_members",15177
2022,"PNA Member","Solomon  Islands","Fleet_catch_in_national_waters_of_FFA_members",9664
2023,"PNA Member","Solomon  Islands","Fleet_catch_in_national_waters_of_FFA_members",7000
2024,"PNA Member","Solomon  Islands","Fleet_catch_in_national_waters_of_FFA_members",19418
1997,"PNA Member","Tokelau","Fleet_catch_in_national_waters_of_FFA_members",0
1998,"PNA Member","Tokelau","Fleet_catch_in_national_waters_of_FFA_members",0
1999,"PNA Member","Tokelau","Fleet_catch_in_national_waters_of_FFA_members",0
2000,"PNA Member","Tokelau","Fleet_catch_in_national_waters_of_FFA_members",0
2001,"PNA Member","Tokelau","Fleet_catch_in_national_waters_of_FFA_members",0
2002,"PNA Member","Tokelau","Fleet_catch_in_national_waters_of_FFA_members",0
2003,"PNA Member","Tokelau","Fleet_catch_in_national_waters_of_FFA_members",0
2004,"PNA Member","Tokelau","Fleet_catch_in_national_waters_of_FFA_members",0
2005,"PNA Member","Tokelau","Fleet_catch_in_national_waters_of_FFA_members",0
2006,"PNA Member","Tokelau","Fleet_catch_in_national_waters_of_FFA_members",0
2007,"PNA Member","Tokelau","Fleet_catch_in_national_waters_of_FFA_members",0
2008,"PNA Member","Tokelau","Fleet_catch_in_national_waters_of_FFA_members",0
2009,"PNA Member","Tokelau","Fleet_catch_in_national_waters_of_FFA_members",0
2010,"PNA Member","Tokelau","Fleet_catch_in_national_waters_of_FFA_members",0
2011,"PNA Member","Tokelau","Fleet_catch_in_national_waters_of_FFA_members",0
2012,"PNA Member","Tokelau","Fleet_catch_in_national_waters_of_FFA_members",0
2013,"PNA Member","Tokelau","Fleet_catch_in_national_waters_of_FFA_members",0
2014,"PNA Member","Tokelau","Fleet_catch_in_national_waters_of_FFA_members",0
2015,"PNA Member","Tokelau","Fleet_catch_in_national_waters_of_FFA_members",0
2016,"PNA Member","Tokelau","Fleet_catch_in_national_waters_of_FFA_members",0
2017,"PNA Member","Tokelau","Fleet_catch_in_national_waters_of_FFA_members",0
2018,"PNA Member","Tokelau","Fleet_catch_in_national_waters_of_FFA_members",0
2019,"PNA Member","Tokelau","Fleet_catch_in_national_waters_of_FFA_members",0
2020,"PNA Member","Tokelau","Fleet_catch_in_national_waters_of_FFA_members",0
2021,"PNA Member","Tokelau","Fleet_catch_in_national_waters_of_FFA_members",0
2022,"PNA Member","Tokelau","Fleet_catch_in_national_waters_of_FFA_members",0
2023,"PNA Member","Tokelau","Fleet_catch_in_national_waters_of_FFA_members",0
2024,"PNA Member","Tokelau","Fleet_catch_in_national_waters_of_FFA_members",0
1997,"PNA Member","Tuvalu","Fleet_catch_in_national_waters_of_FFA_members",0
1998,"PNA Member","Tuvalu","Fleet_catch_in_national_waters_of_FFA_members",0
1999,"PNA Member","Tuvalu","Fleet_catch_in_national_waters_of_FFA_members",0
2000,"PNA Member","Tuvalu","Fleet_catch_in_national_waters_of_FFA_members",0
2001,"PNA Member","Tuvalu","Fleet_catch_in_national_waters_of_FFA_members",0
2002,"PNA Member","Tuvalu","Fleet_catch_in_national_waters_of_FFA_members",0
2003,"PNA Member","Tuvalu","Fleet_catch_in_national_waters_of_FFA_members",0
2004,"PNA Member","Tuvalu","Fleet_catch_in_national_waters_of_FFA_members",0
2005,"PNA Member","Tuvalu","Fleet_catch_in_national_waters_of_FFA_members",0
2006,"PNA Member","Tuvalu","Fleet_catch_in_national_waters_of_FFA_members",0
2007,"PNA Member","Tuvalu","Fleet_catch_in_national_waters_of_FFA_members",0
2008,"PNA Member","Tuvalu","Fleet_catch_in_national_waters_of_FFA_members",0
2009,"PNA Member","Tuvalu","Fleet_catch_in_national_waters_of_FFA_members",2187
2010,"PNA Member","Tuvalu","Fleet_catch_in_national_waters_of_FFA_members",10211
2011,"PNA Member","Tuvalu","Fleet_catch_in_national_waters_of_FFA_members",7516
2012,"PNA Member","Tuvalu","Fleet_catch_in_national_waters_of_FFA_members",12200
2013,"PNA Member","Tuvalu","Fleet_catch_in_national_waters_of_FFA_members",11418
2014,"PNA Member","Tuvalu","Fleet_catch_in_national_waters_of_FFA_members",4868
2015,"PNA Member","Tuvalu","Fleet_catch_in_national_waters_of_FFA_members",1904
2016,"PNA Member","Tuvalu","Fleet_catch_in_national_waters_of_FFA_members",1
2017,"PNA Member","Tuvalu","Fleet_catch_in_national_waters_of_FFA_members",3001
2018,"PNA Member","Tuvalu","Fleet_catch_in_national_waters_of_FFA_members",6676
2019,"PNA Member","Tuvalu","Fleet_catch_in_national_waters_of_FFA_members",2654
2020,"PNA Member","Tuvalu","Fleet_catch_in_national_waters_of_FFA_members",3432
2021,"PNA Member","Tuvalu","Fleet_catch_in_national_waters_of_FFA_members",13278
2022,"PNA Member","Tuvalu","Fleet_catch_in_national_waters_of_FFA_members",35555
2023,"PNA Member","Tuvalu","Fleet_catch_in_national_waters_of_FFA_members",30579
2024,"PNA Member","Tuvalu","Fleet_catch_in_national_waters_of_FFA_members",39195
1997,"SPC Member","American Samoa","Fleet_catch_in_national_waters_of_FFA_members",0
1998,"SPC Member","American Samoa","Fleet_catch_in_national_waters_of_FFA_members",0
1999,"SPC Member","American Samoa","Fleet_catch_in_national_waters_of_FFA_members",0
2000,"SPC Member","American Samoa","Fleet_catch_in_national_waters_of_FFA_members",0
2001,"SPC Member","American Samoa","Fleet_catch_in_national_waters_of_FFA_members",0
2002,"SPC Member","American Samoa","Fleet_catch_in_national_waters_of_FFA_members",0
2003,"SPC Member","American Samoa","Fleet_catch_in_national_waters_of_FFA_members",0
2004,"SPC Member","American Samoa","Fleet_catch_in_national_waters_of_FFA_members",0
2005,"SPC Member","American Samoa","Fleet_catch_in_national_waters_of_FFA_members",0
2006,"SPC Member","American Samoa","Fleet_catch_in_national_waters_of_FFA_members",0
2007,"SPC Member","American Samoa","Fleet_catch_in_national_waters_of_FFA_members",0
2008,"SPC Member","American Samoa","Fleet_catch_in_national_waters_of_FFA_members",0
2009,"SPC Member","American Samoa","Fleet_catch_in_national_waters_of_FFA_members",0
2010,"SPC Member","American Samoa","Fleet_catch_in_national_waters_of_FFA_members",0
2011,"SPC Member","American Samoa","Fleet_catch_in_national_waters_of_FFA_members",0
2012,"SPC Member","American Samoa","Fleet_catch_in_national_waters_of_FFA_members",0
2013,"SPC Member","American Samoa","Fleet_catch_in_national_waters_of_FFA_members",0
2014,"SPC Member","American Samoa","Fleet_catch_in_national_waters_of_FFA_members",0
2015,"SPC Member","American Samoa","Fleet_catch_in_national_waters_of_FFA_members",0
2016,"SPC Member","American Samoa","Fleet_catch_in_national_waters_of_FFA_members",0
2017,"SPC Member","American Samoa","Fleet_catch_in_national_waters_of_FFA_members",0
2018,"SPC Member","American Samoa","Fleet_catch_in_national_waters_of_FFA_members",0
2019,"SPC Member","American Samoa","Fleet_catch_in_national_waters_of_FFA_members",0
2020,"SPC Member","American Samoa","Fleet_catch_in_national_waters_of_FFA_members",0
2021,"SPC Member","American Samoa","Fleet_catch_in_national_waters_of_FFA_members",0
2022,"SPC Member","American Samoa","Fleet_catch_in_national_waters_of_FFA_members",0
2023,"SPC Member","American Samoa","Fleet_catch_in_national_waters_of_FFA_members",0
2024,"SPC Member","American Samoa","Fleet_catch_in_national_waters_of_FFA_members",0
1997,"SPC Member","French Polynesia","Fleet_catch_in_national_waters_of_FFA_members",0
1998,"SPC Member","French Polynesia","Fleet_catch_in_national_waters_of_FFA_members",0
1999,"SPC Member","French Polynesia","Fleet_catch_in_national_waters_of_FFA_members",0
2000,"SPC Member","French Polynesia","Fleet_catch_in_national_waters_of_FFA_members",0
2001,"SPC Member","French Polynesia","Fleet_catch_in_national_waters_of_FFA_members",0
2002,"SPC Member","French Polynesia","Fleet_catch_in_national_waters_of_FFA_members",0
2003,"SPC Member","French Polynesia","Fleet_catch_in_national_waters_of_FFA_members",16
2004,"SPC Member","French Polynesia","Fleet_catch_in_national_waters_of_FFA_members",0
2005,"SPC Member","French Polynesia","Fleet_catch_in_national_waters_of_FFA_members",0
2006,"SPC Member","French Polynesia","Fleet_catch_in_national_waters_of_FFA_members",0
2007,"SPC Member","French Polynesia","Fleet_catch_in_national_waters_of_FFA_members",0
2008,"SPC Member","French Polynesia","Fleet_catch_in_national_waters_of_FFA_members",0
2009,"SPC Member","French Polynesia","Fleet_catch_in_national_waters_of_FFA_members",0
2010,"SPC Member","French Polynesia","Fleet_catch_in_national_waters_of_FFA_members",0
2011,"SPC Member","French Polynesia","Fleet_catch_in_national_waters_of_FFA_members",0
2012,"SPC Member","French Polynesia","Fleet_catch_in_national_waters_of_FFA_members",0
2013,"SPC Member","French Polynesia","Fleet_catch_in_national_waters_of_FFA_members",0
2014,"SPC Member","French Polynesia","Fleet_catch_in_national_waters_of_FFA_members",0
2015,"SPC Member","French Polynesia","Fleet_catch_in_national_waters_of_FFA_members",0
2016,"SPC Member","French Polynesia","Fleet_catch_in_national_waters_of_FFA_members",0
2017,"SPC Member","French Polynesia","Fleet_catch_in_national_waters_of_FFA_members",0
2018,"SPC Member","French Polynesia","Fleet_catch_in_national_waters_of_FFA_members",0
2019,"SPC Member","French Polynesia","Fleet_catch_in_national_waters_of_FFA_members",0
2020,"SPC Member","French Polynesia","Fleet_catch_in_national_waters_of_FFA_members",0
2021,"SPC Member","French Polynesia","Fleet_catch_in_national_waters_of_FFA_members",0
2022,"SPC Member","French Polynesia","Fleet_catch_in_national_waters_of_FFA_members",0
2023,"SPC Member","French Polynesia","Fleet_catch_in_national_waters_of_FFA_members",0
2024,"SPC Member","French Polynesia","Fleet_catch_in_national_waters_of_FFA_members",0
1997,"SPC Member","Mathew and Hunter","Fleet_catch_in_national_waters_of_FFA_members",0
1998,"SPC Member","Mathew and Hunter","Fleet_catch_in_national_waters_of_FFA_members",0
1999,"SPC Member","Mathew and Hunter","Fleet_catch_in_national_waters_of_FFA_members",0
2000,"SPC Member","Mathew and Hunter","Fleet_catch_in_national_waters_of_FFA_members",0
2001,"SPC Member","Mathew and Hunter","Fleet_catch_in_national_waters_of_FFA_members",0
2002,"SPC Member","Mathew and Hunter","Fleet_catch_in_national_waters_of_FFA_members",0
2003,"SPC Member","Mathew and Hunter","Fleet_catch_in_national_waters_of_FFA_members",0
2004,"SPC Member","Mathew and Hunter","Fleet_catch_in_national_waters_of_FFA_members",0
2005,"SPC Member","Mathew and Hunter","Fleet_catch_in_national_waters_of_FFA_members",0
2006,"SPC Member","Mathew and Hunter","Fleet_catch_in_national_waters_of_FFA_members",0
2007,"SPC Member","Mathew and Hunter","Fleet_catch_in_national_waters_of_FFA_members",0
2008,"SPC Member","Mathew and Hunter","Fleet_catch_in_national_waters_of_FFA_members",0
2009,"SPC Member","Mathew and Hunter","Fleet_catch_in_national_waters_of_FFA_members",0
2010,"SPC Member","Mathew and Hunter","Fleet_catch_in_national_waters_of_FFA_members",0
2011,"SPC Member","Mathew and Hunter","Fleet_catch_in_national_waters_of_FFA_members",0
2012,"SPC Member","Mathew and Hunter","Fleet_catch_in_national_waters_of_FFA_members",0
2013,"SPC Member","Mathew and Hunter","Fleet_catch_in_national_waters_of_FFA_members",0
2014,"SPC Member","Mathew and Hunter","Fleet_catch_in_national_waters_of_FFA_members",0
2015,"SPC Member","Mathew and Hunter","Fleet_catch_in_national_waters_of_FFA_members",0
2016,"SPC Member","Mathew and Hunter","Fleet_catch_in_national_waters_of_FFA_members",0
2017,"SPC Member","Mathew and Hunter","Fleet_catch_in_national_waters_of_FFA_members",0
2018,"SPC Member","Mathew and Hunter","Fleet_catch_in_national_waters_of_FFA_members",0
2019,"SPC Member","Mathew and Hunter","Fleet_catch_in_national_waters_of_FFA_members",0
2020,"SPC Member","Mathew and Hunter","Fleet_catch_in_national_waters_of_FFA_members",0
2021,"SPC Member","Mathew and Hunter","Fleet_catch_in_national_waters_of_FFA_members",0
2022,"SPC Member","Mathew and Hunter","Fleet_catch_in_national_waters_of_FFA_members",0
2023,"SPC Member","Mathew and Hunter","Fleet_catch_in_national_waters_of_FFA_members",0
2024,"SPC Member","Mathew and Hunter","Fleet_catch_in_national_waters_of_FFA_members",0
1997,"SPC Member","New Caledonia","Fleet_catch_in_national_waters_of_FFA_members",0
1998,"SPC Member","New Caledonia","Fleet_catch_in_national_waters_of_FFA_members",0
1999,"SPC Member","New Caledonia","Fleet_catch_in_national_waters_of_FFA_members",0
2000,"SPC Member","New Caledonia","Fleet_catch_in_national_waters_of_FFA_members",0
2001,"SPC Member","New Caledonia","Fleet_catch_in_national_waters_of_FFA_members",0
2002,"SPC Member","New Caledonia","Fleet_catch_in_national_waters_of_FFA_members",0
2003,"SPC Member","New Caledonia","Fleet_catch_in_national_waters_of_FFA_members",0
2004,"SPC Member","New Caledonia","Fleet_catch_in_national_waters_of_FFA_members",0
2005,"SPC Member","New Caledonia","Fleet_catch_in_national_waters_of_FFA_members",0
2006,"SPC Member","New Caledonia","Fleet_catch_in_national_waters_of_FFA_members",0
2007,"SPC Member","New Caledonia","Fleet_catch_in_national_waters_of_FFA_members",0
2008,"SPC Member","New Caledonia","Fleet_catch_in_national_waters_of_FFA_members",0
2009,"SPC Member","New Caledonia","Fleet_catch_in_national_waters_of_FFA_members",0
2010,"SPC Member","New Caledonia","Fleet_catch_in_national_waters_of_FFA_members",0
2011,"SPC Member","New Caledonia","Fleet_catch_in_national_waters_of_FFA_members",0
2012,"SPC Member","New Caledonia","Fleet_catch_in_national_waters_of_FFA_members",0
2013,"SPC Member","New Caledonia","Fleet_catch_in_national_waters_of_FFA_members",0
2014,"SPC Member","New Caledonia","Fleet_catch_in_national_waters_of_FFA_members",0
2015,"SPC Member","New Caledonia","Fleet_catch_in_national_waters_of_FFA_members",0
2016,"SPC Member","New Caledonia","Fleet_catch_in_national_waters_of_FFA_members",0
2017,"SPC Member","New Caledonia","Fleet_catch_in_national_waters_of_FFA_members",0
2018,"SPC Member","New Caledonia","Fleet_catch_in_national_waters_of_FFA_members",0
2019,"SPC Member","New Caledonia","Fleet_catch_in_national_waters_of_FFA_members",0
2020,"SPC Member","New Caledonia","Fleet_catch_in_national_waters_of_FFA_members",0
2021,"SPC Member","New Caledonia","Fleet_catch_in_national_waters_of_FFA_members",0
2022,"SPC Member","New Caledonia","Fleet_catch_in_national_waters_of_FFA_members",0
2023,"SPC Member","New Caledonia","Fleet_catch_in_national_waters_of_FFA_members",0
2024,"SPC Member","New Caledonia","Fleet_catch_in_national_waters_of_FFA_members",0
1997,"SPC Member","Northern Mariana Islands","Fleet_catch_in_national_waters_of_FFA_members",0
1998,"SPC Member","Northern Mariana Islands","Fleet_catch_in_national_waters_of_FFA_members",0
1999,"SPC Member","Northern Mariana Islands","Fleet_catch_in_national_waters_of_FFA_members",0
2000,"SPC Member","Northern Mariana Islands","Fleet_catch_in_national_waters_of_FFA_members",0
2001,"SPC Member","Northern Mariana Islands","Fleet_catch_in_national_waters_of_FFA_members",0
2002,"SPC Member","Northern Mariana Islands","Fleet_catch_in_national_waters_of_FFA_members",0
2003,"SPC Member","Northern Mariana Islands","Fleet_catch_in_national_waters_of_FFA_members",0
2004,"SPC Member","Northern Mariana Islands","Fleet_catch_in_national_waters_of_FFA_members",0
2005,"SPC Member","Northern Mariana Islands","Fleet_catch_in_national_waters_of_FFA_members",0
2006,"SPC Member","Northern Mariana Islands","Fleet_catch_in_national_waters_of_FFA_members",0
2007,"SPC Member","Northern Mariana Islands","Fleet_catch_in_national_waters_of_FFA_members",0
2008,"SPC Member","Northern Mariana Islands","Fleet_catch_in_national_waters_of_FFA_members",0
2009,"SPC Member","Northern Mariana Islands","Fleet_catch_in_national_waters_of_FFA_members",0
2010,"SPC Member","Northern Mariana Islands","Fleet_catch_in_national_waters_of_FFA_members",0
2011,"SPC Member","Northern Mariana Islands","Fleet_catch_in_national_waters_of_FFA_members",0
2012,"SPC Member","Northern Mariana Islands","Fleet_catch_in_national_waters_of_FFA_members",0
2013,"SPC Member","Northern Mariana Islands","Fleet_catch_in_national_waters_of_FFA_members",0
2014,"SPC Member","Northern Mariana Islands","Fleet_catch_in_national_waters_of_FFA_members",0
2015,"SPC Member","Northern Mariana Islands","Fleet_catch_in_national_waters_of_FFA_members",0
2016,"SPC Member","Northern Mariana Islands","Fleet_catch_in_national_waters_of_FFA_members",0
2017,"SPC Member","Northern Mariana Islands","Fleet_catch_in_national_waters_of_FFA_members",0
2018,"SPC Member","Northern Mariana Islands","Fleet_catch_in_national_waters_of_FFA_members",0
2019,"SPC Member","Northern Mariana Islands","Fleet_catch_in_national_waters_of_FFA_members",0
2020,"SPC Member","Northern Mariana Islands","Fleet_catch_in_national_waters_of_FFA_members",0
2021,"SPC Member","Northern Mariana Islands","Fleet_catch_in_national_waters_of_FFA_members",0
2022,"SPC Member","Northern Mariana Islands","Fleet_catch_in_national_waters_of_FFA_members",0
2023,"SPC Member","Northern Mariana Islands","Fleet_catch_in_national_waters_of_FFA_members",0
2024,"SPC Member","Northern Mariana Islands","Fleet_catch_in_national_waters_of_FFA_members",0
1997,"SPC Member","US","Fleet_catch_in_national_waters_of_FFA_members",80772
1998,"SPC Member","US","Fleet_catch_in_national_waters_of_FFA_members",101089
1999,"SPC Member","US","Fleet_catch_in_national_waters_of_FFA_members",122836
2000,"SPC Member","US","Fleet_catch_in_national_waters_of_FFA_members",99801
2001,"SPC Member","US","Fleet_catch_in_national_waters_of_FFA_members",88459
2002,"SPC Member","US","Fleet_catch_in_national_waters_of_FFA_members",88433
2003,"SPC Member","US","Fleet_catch_in_national_waters_of_FFA_members",69613
2004,"SPC Member","US","Fleet_catch_in_national_waters_of_FFA_members",48661
2005,"SPC Member","US","Fleet_catch_in_national_waters_of_FFA_members",62310
2006,"SPC Member","US","Fleet_catch_in_national_waters_of_FFA_members",48146
2007,"SPC Member","US","Fleet_catch_in_national_waters_of_FFA_members",61110
2008,"SPC Member","US","Fleet_catch_in_national_waters_of_FFA_members",168157
2009,"SPC Member","US","Fleet_catch_in_national_waters_of_FFA_members",224214
2010,"SPC Member","US","Fleet_catch_in_national_waters_of_FFA_members",235986
2011,"SPC Member","US","Fleet_catch_in_national_waters_of_FFA_members",190334
2012,"SPC Member","US","Fleet_catch_in_national_waters_of_FFA_members",219465
2013,"SPC Member","US","Fleet_catch_in_national_waters_of_FFA_members",217255
2014,"SPC Member","US","Fleet_catch_in_national_waters_of_FFA_members",264766
2015,"SPC Member","US","Fleet_catch_in_national_waters_of_FFA_members",159716
2016,"SPC Member","US","Fleet_catch_in_national_waters_of_FFA_members",142515
2017,"SPC Member","US","Fleet_catch_in_national_waters_of_FFA_members",141424
2018,"SPC Member","US","Fleet_catch_in_national_waters_of_FFA_members",138170
2019,"SPC Member","US","Fleet_catch_in_national_waters_of_FFA_members",89775
2020,"SPC Member","US","Fleet_catch_in_national_waters_of_FFA_members",70271
2021,"SPC Member","US","Fleet_catch_in_national_waters_of_FFA_members",18398
2022,"SPC Member","US","Fleet_catch_in_national_waters_of_FFA_members",23200
2023,"SPC Member","US","Fleet_catch_in_national_waters_of_FFA_members",29131
2024,"SPC Member","US","Fleet_catch_in_national_waters_of_FFA_members",15925
1997,"SPC Member","US (includes territories, ex Am Samoa)","Fleet_catch_in_national_waters_of_FFA_members",0
1998,"SPC Member","US (includes territories, ex Am Samoa)","Fleet_catch_in_national_waters_of_FFA_members",0
1999,"SPC Member","US (includes territories, ex Am Samoa)","Fleet_catch_in_national_waters_of_FFA_members",0
2000,"SPC Member","US (includes territories, ex Am Samoa)","Fleet_catch_in_national_waters_of_FFA_members",0
2001,"SPC Member","US (includes territories, ex Am Samoa)","Fleet_catch_in_national_waters_of_FFA_members",0
2002,"SPC Member","US (includes territories, ex Am Samoa)","Fleet_catch_in_national_waters_of_FFA_members",0
2003,"SPC Member","US (includes territories, ex Am Samoa)","Fleet_catch_in_national_waters_of_FFA_members",0
2004,"SPC Member","US (includes territories, ex Am Samoa)","Fleet_catch_in_national_waters_of_FFA_members",0
2005,"SPC Member","US (includes territories, ex Am Samoa)","Fleet_catch_in_national_waters_of_FFA_members",0
2006,"SPC Member","US (includes territories, ex Am Samoa)","Fleet_catch_in_national_waters_of_FFA_members",0
2007,"SPC Member","US (includes territories, ex Am Samoa)","Fleet_catch_in_national_waters_of_FFA_members",0
2008,"SPC Member","US (includes territories, ex Am Samoa)","Fleet_catch_in_national_waters_of_FFA_members",0
2009,"SPC Member","US (includes territories, ex Am Samoa)","Fleet_catch_in_national_waters_of_FFA_members",0
2010,"SPC Member","US (includes territories, ex Am Samoa)","Fleet_catch_in_national_waters_of_FFA_members",0
2011,"SPC Member","US (includes territories, ex Am Samoa)","Fleet_catch_in_national_waters_of_FFA_members",0
2012,"SPC Member","US (includes territories, ex Am Samoa)","Fleet_catch_in_national_waters_of_FFA_members",0
2013,"SPC Member","US (includes territories, ex Am Samoa)","Fleet_catch_in_national_waters_of_FFA_members",0
2014,"SPC Member","US (includes territories, ex Am Samoa)","Fleet_catch_in_national_waters_of_FFA_members",0
2015,"SPC Member","US (includes territories, ex Am Samoa)","Fleet_catch_in_national_waters_of_FFA_members",0
2016,"SPC Member","US (includes territories, ex Am Samoa)","Fleet_catch_in_national_waters_of_FFA_members",0
2017,"SPC Member","US (includes territories, ex Am Samoa)","Fleet_catch_in_national_waters_of_FFA_members",0
2018,"SPC Member","US (includes territories, ex Am Samoa)","Fleet_catch_in_national_waters_of_FFA_members",0
2019,"SPC Member","US (includes territories, ex Am Samoa)","Fleet_catch_in_national_waters_of_FFA_members",0
2020,"SPC Member","US (includes territories, ex Am Samoa)","Fleet_catch_in_national_waters_of_FFA_members",0
2021,"SPC Member","US (includes territories, ex Am Samoa)","Fleet_catch_in_national_waters_of_FFA_members",0
2022,"SPC Member","US (includes territories, ex Am Samoa)","Fleet_catch_in_national_waters_of_FFA_members",0
2023,"SPC Member","US (includes territories, ex Am Samoa)","Fleet_catch_in_national_waters_of_FFA_members",0
2024,"SPC Member","US (includes territories, ex Am Samoa)","Fleet_catch_in_national_waters_of_FFA_members",0
1997,"SPC Member","US (includes territories, incl Am Samoa)","Fleet_catch_in_national_waters_of_FFA_members",0
1998,"SPC Member","US (includes territories, incl Am Samoa)","Fleet_catch_in_national_waters_of_FFA_members",0
1999,"SPC Member","US (includes territories, incl Am Samoa)","Fleet_catch_in_national_waters_of_FFA_members",0
2000,"SPC Member","US (includes territories, incl Am Samoa)","Fleet_catch_in_national_waters_of_FFA_members",0
2001,"SPC Member","US (includes territories, incl Am Samoa)","Fleet_catch_in_national_waters_of_FFA_members",0
2002,"SPC Member","US (includes territories, incl Am Samoa)","Fleet_catch_in_national_waters_of_FFA_members",0
2003,"SPC Member","US (includes territories, incl Am Samoa)","Fleet_catch_in_national_waters_of_FFA_members",0
2004,"SPC Member","US (includes territories, incl Am Samoa)","Fleet_catch_in_national_waters_of_FFA_members",0
2005,"SPC Member","US (includes territories, incl Am Samoa)","Fleet_catch_in_national_waters_of_FFA_members",0
2006,"SPC Member","US (includes territories, incl Am Samoa)","Fleet_catch_in_national_waters_of_FFA_members",0
2007,"SPC Member","US (includes territories, incl Am Samoa)","Fleet_catch_in_national_waters_of_FFA_members",0
2008,"SPC Member","US (includes territories, incl Am Samoa)","Fleet_catch_in_national_waters_of_FFA_members",0
2009,"SPC Member","US (includes territories, incl Am Samoa)","Fleet_catch_in_national_waters_of_FFA_members",0
2010,"SPC Member","US (includes territories, incl Am Samoa)","Fleet_catch_in_national_waters_of_FFA_members",0
2011,"SPC Member","US (includes territories, incl Am Samoa)","Fleet_catch_in_national_waters_of_FFA_members",0
2012,"SPC Member","US (includes territories, incl Am Samoa)","Fleet_catch_in_national_waters_of_FFA_members",0
2013,"SPC Member","US (includes territories, incl Am Samoa)","Fleet_catch_in_national_waters_of_FFA_members",0
2014,"SPC Member","US (includes territories, incl Am Samoa)","Fleet_catch_in_national_waters_of_FFA_members",0
2015,"SPC Member","US (includes territories, incl Am Samoa)","Fleet_catch_in_national_waters_of_FFA_members",0
2016,"SPC Member","US (includes territories, incl Am Samoa)","Fleet_catch_in_national_waters_of_FFA_members",0
2017,"SPC Member","US (includes territories, incl Am Samoa)","Fleet_catch_in_national_waters_of_FFA_members",0
2018,"SPC Member","US (includes territories, incl Am Samoa)","Fleet_catch_in_national_waters_of_FFA_members",0
2019,"SPC Member","US (includes territories, incl Am Samoa)","Fleet_catch_in_national_waters_of_FFA_members",0
2020,"SPC Member","US (includes territories, incl Am Samoa)","Fleet_catch_in_national_waters_of_FFA_members",0
2021,"SPC Member","US (includes territories, incl Am Samoa)","Fleet_catch_in_national_waters_of_FFA_members",0
2022,"SPC Member","US (includes territories, incl Am Samoa)","Fleet_catch_in_national_waters_of_FFA_members",0
2023,"SPC Member","US (includes territories, incl Am Samoa)","Fleet_catch_in_national_waters_of_FFA_members",0
2024,"SPC Member","US (includes territories, incl Am Samoa)","Fleet_catch_in_national_waters_of_FFA_members",0
1997,"SPC Member","Wallis and Futuna","Fleet_catch_in_national_waters_of_FFA_members",0
1998,"SPC Member","Wallis and Futuna","Fleet_catch_in_national_waters_of_FFA_members",0
1999,"SPC Member","Wallis and Futuna","Fleet_catch_in_national_waters_of_FFA_members",0
2000,"SPC Member","Wallis and Futuna","Fleet_catch_in_national_waters_of_FFA_members",0
2001,"SPC Member","Wallis and Futuna","Fleet_catch_in_national_waters_of_FFA_members",0
2002,"SPC Member","Wallis and Futuna","Fleet_catch_in_national_waters_of_FFA_members",0
2003,"SPC Member","Wallis and Futuna","Fleet_catch_in_national_waters_of_FFA_members",0
2004,"SPC Member","Wallis and Futuna","Fleet_catch_in_national_waters_of_FFA_members",0
2005,"SPC Member","Wallis and Futuna","Fleet_catch_in_national_waters_of_FFA_members",0
2006,"SPC Member","Wallis and Futuna","Fleet_catch_in_national_waters_of_FFA_members",0
2007,"SPC Member","Wallis and Futuna","Fleet_catch_in_national_waters_of_FFA_members",0
2008,"SPC Member","Wallis and Futuna","Fleet_catch_in_national_waters_of_FFA_members",0
2009,"SPC Member","Wallis and Futuna","Fleet_catch_in_national_waters_of_FFA_members",0
2010,"SPC Member","Wallis and Futuna","Fleet_catch_in_national_waters_of_FFA_members",0
2011,"SPC Member","Wallis and Futuna","Fleet_catch_in_national_waters_of_FFA_members",0
2012,"SPC Member","Wallis and Futuna","Fleet_catch_in_national_waters_of_FFA_members",0
2013,"SPC Member","Wallis and Futuna","Fleet_catch_in_national_waters_of_FFA_members",0
2014,"SPC Member","Wallis and Futuna","Fleet_catch_in_national_waters_of_FFA_members",0
2015,"SPC Member","Wallis and Futuna","Fleet_catch_in_national_waters_of_FFA_members",0
2016,"SPC Member","Wallis and Futuna","Fleet_catch_in_national_waters_of_FFA_members",0
2017,"SPC Member","Wallis and Futuna","Fleet_catch_in_national_waters_of_FFA_members",0
2018,"SPC Member","Wallis and Futuna","Fleet_catch_in_national_waters_of_FFA_members",0
2019,"SPC Member","Wallis and Futuna","Fleet_catch_in_national_waters_of_FFA_members",0
2020,"SPC Member","Wallis and Futuna","Fleet_catch_in_national_waters_of_FFA_members",0
2021,"SPC Member","Wallis and Futuna","Fleet_catch_in_national_waters_of_FFA_members",0
2022,"SPC Member","Wallis and Futuna","Fleet_catch_in_national_waters_of_FFA_members",0
2023,"SPC Member","Wallis and Futuna","Fleet_catch_in_national_waters_of_FFA_members",0
2024,"SPC Member","Wallis and Futuna","Fleet_catch_in_national_waters_of_FFA_members",0
1997,"DWFN","Belize","Fleet_catch_in_highseas_non_FFA_Member",-68
1998,"DWFN","Belize","Fleet_catch_in_highseas_non_FFA_Member",-100
1999,"DWFN","Belize","Fleet_catch_in_highseas_non_FFA_Member",-79
2000,"DWFN","Belize","Fleet_catch_in_highseas_non_FFA_Member",-170
2001,"DWFN","Belize","Fleet_catch_in_highseas_non_FFA_Member",-167
2002,"DWFN","Belize","Fleet_catch_in_highseas_non_FFA_Member",-49
2003,"DWFN","Belize","Fleet_catch_in_highseas_non_FFA_Member",-49
2004,"DWFN","Belize","Fleet_catch_in_highseas_non_FFA_Member",-262
2005,"DWFN","Belize","Fleet_catch_in_highseas_non_FFA_Member",-425
2006,"DWFN","Belize","Fleet_catch_in_highseas_non_FFA_Member",-332
2007,"DWFN","Belize","Fleet_catch_in_highseas_non_FFA_Member",-97
2008,"DWFN","Belize","Fleet_catch_in_highseas_non_FFA_Member",-70
2009,"DWFN","Belize","Fleet_catch_in_highseas_non_FFA_Member",-69
2010,"DWFN","Belize","Fleet_catch_in_highseas_non_FFA_Member",0
2011,"DWFN","Belize","Fleet_catch_in_highseas_non_FFA_Member",0
2012,"DWFN","Belize","Fleet_catch_in_highseas_non_FFA_Member",-60
2013,"DWFN","Belize","Fleet_catch_in_highseas_non_FFA_Member",-6
2014,"DWFN","Belize","Fleet_catch_in_highseas_non_FFA_Member",0
2015,"DWFN","Belize","Fleet_catch_in_highseas_non_FFA_Member",0
2016,"DWFN","Belize","Fleet_catch_in_highseas_non_FFA_Member",0
2017,"DWFN","Belize","Fleet_catch_in_highseas_non_FFA_Member",0
2018,"DWFN","Belize","Fleet_catch_in_highseas_non_FFA_Member",0
2019,"DWFN","Belize","Fleet_catch_in_highseas_non_FFA_Member",0
2020,"DWFN","Belize","Fleet_catch_in_highseas_non_FFA_Member",0
2021,"DWFN","Belize","Fleet_catch_in_highseas_non_FFA_Member",0
2022,"DWFN","Belize","Fleet_catch_in_highseas_non_FFA_Member",0
2023,"DWFN","Belize","Fleet_catch_in_highseas_non_FFA_Member",0
2024,"DWFN","Belize","Fleet_catch_in_highseas_non_FFA_Member",0
1997,"DWFN","Canada","Fleet_catch_in_highseas_non_FFA_Member",0
1998,"DWFN","Canada","Fleet_catch_in_highseas_non_FFA_Member",0
1999,"DWFN","Canada","Fleet_catch_in_highseas_non_FFA_Member",0
2000,"DWFN","Canada","Fleet_catch_in_highseas_non_FFA_Member",0
2001,"DWFN","Canada","Fleet_catch_in_highseas_non_FFA_Member",0
2002,"DWFN","Canada","Fleet_catch_in_highseas_non_FFA_Member",0
2003,"DWFN","Canada","Fleet_catch_in_highseas_non_FFA_Member",0
2004,"DWFN","Canada","Fleet_catch_in_highseas_non_FFA_Member",0
2005,"DWFN","Canada","Fleet_catch_in_highseas_non_FFA_Member",0
2006,"DWFN","Canada","Fleet_catch_in_highseas_non_FFA_Member",0
2007,"DWFN","Canada","Fleet_catch_in_highseas_non_FFA_Member",0
2008,"DWFN","Canada","Fleet_catch_in_highseas_non_FFA_Member",0
2009,"DWFN","Canada","Fleet_catch_in_highseas_non_FFA_Member",0
2010,"DWFN","Canada","Fleet_catch_in_highseas_non_FFA_Member",0
2011,"DWFN","Canada","Fleet_catch_in_highseas_non_FFA_Member",0
2012,"DWFN","Canada","Fleet_catch_in_highseas_non_FFA_Member",0
2013,"DWFN","Canada","Fleet_catch_in_highseas_non_FFA_Member",0
2014,"DWFN","Canada","Fleet_catch_in_highseas_non_FFA_Member",0
2015,"DWFN","Canada","Fleet_catch_in_highseas_non_FFA_Member",0
2016,"DWFN","Canada","Fleet_catch_in_highseas_non_FFA_Member",0
2017,"DWFN","Canada","Fleet_catch_in_highseas_non_FFA_Member",0
2018,"DWFN","Canada","Fleet_catch_in_highseas_non_FFA_Member",0
2019,"DWFN","Canada","Fleet_catch_in_highseas_non_FFA_Member",0
2020,"DWFN","Canada","Fleet_catch_in_highseas_non_FFA_Member",0
2021,"DWFN","Canada","Fleet_catch_in_highseas_non_FFA_Member",0
2022,"DWFN","Canada","Fleet_catch_in_highseas_non_FFA_Member",0
2023,"DWFN","Canada","Fleet_catch_in_highseas_non_FFA_Member",0
2024,"DWFN","Canada","Fleet_catch_in_highseas_non_FFA_Member",0
1997,"DWFN","China","Fleet_catch_in_highseas_non_FFA_Member",1011
1998,"DWFN","China","Fleet_catch_in_highseas_non_FFA_Member",2015
1999,"DWFN","China","Fleet_catch_in_highseas_non_FFA_Member",5624
2000,"DWFN","China","Fleet_catch_in_highseas_non_FFA_Member",4067
2001,"DWFN","China","Fleet_catch_in_highseas_non_FFA_Member",6494
2002,"DWFN","China","Fleet_catch_in_highseas_non_FFA_Member",7194
2003,"DWFN","China","Fleet_catch_in_highseas_non_FFA_Member",19051
2004,"DWFN","China","Fleet_catch_in_highseas_non_FFA_Member",26418
2005,"DWFN","China","Fleet_catch_in_highseas_non_FFA_Member",23146
2006,"DWFN","China","Fleet_catch_in_highseas_non_FFA_Member",22428
2007,"DWFN","China","Fleet_catch_in_highseas_non_FFA_Member",17942
2008,"DWFN","China","Fleet_catch_in_highseas_non_FFA_Member",27851
2009,"DWFN","China","Fleet_catch_in_highseas_non_FFA_Member",56699
2010,"DWFN","China","Fleet_catch_in_highseas_non_FFA_Member",22192
2011,"DWFN","China","Fleet_catch_in_highseas_non_FFA_Member",16228
2012,"DWFN","China","Fleet_catch_in_highseas_non_FFA_Member",23565
2013,"DWFN","China","Fleet_catch_in_highseas_non_FFA_Member",19614
2014,"DWFN","China","Fleet_catch_in_highseas_non_FFA_Member",9964
2015,"DWFN","China","Fleet_catch_in_highseas_non_FFA_Member",12961
2016,"DWFN","China","Fleet_catch_in_highseas_non_FFA_Member",10692
2017,"DWFN","China","Fleet_catch_in_highseas_non_FFA_Member",27308
2018,"DWFN","China","Fleet_catch_in_highseas_non_FFA_Member",23979
2019,"DWFN","China","Fleet_catch_in_highseas_non_FFA_Member",19479
2020,"DWFN","China","Fleet_catch_in_highseas_non_FFA_Member",20503
2021,"DWFN","China","Fleet_catch_in_highseas_non_FFA_Member",24123
2022,"DWFN","China","Fleet_catch_in_highseas_non_FFA_Member",21061
2023,"DWFN","China","Fleet_catch_in_highseas_non_FFA_Member",31019
2024,"DWFN","China","Fleet_catch_in_highseas_non_FFA_Member",24941
1997,"DWFN","Eastern Pacific fleet","Fleet_catch_in_highseas_non_FFA_Member",0
1998,"DWFN","Eastern Pacific fleet","Fleet_catch_in_highseas_non_FFA_Member",0
1999,"DWFN","Eastern Pacific fleet","Fleet_catch_in_highseas_non_FFA_Member",0
2000,"DWFN","Eastern Pacific fleet","Fleet_catch_in_highseas_non_FFA_Member",0
2001,"DWFN","Eastern Pacific fleet","Fleet_catch_in_highseas_non_FFA_Member",0
2002,"DWFN","Eastern Pacific fleet","Fleet_catch_in_highseas_non_FFA_Member",0
2003,"DWFN","Eastern Pacific fleet","Fleet_catch_in_highseas_non_FFA_Member",0
2004,"DWFN","Eastern Pacific fleet","Fleet_catch_in_highseas_non_FFA_Member",0
2005,"DWFN","Eastern Pacific fleet","Fleet_catch_in_highseas_non_FFA_Member",0
2006,"DWFN","Eastern Pacific fleet","Fleet_catch_in_highseas_non_FFA_Member",0
2007,"DWFN","Eastern Pacific fleet","Fleet_catch_in_highseas_non_FFA_Member",0
2008,"DWFN","Eastern Pacific fleet","Fleet_catch_in_highseas_non_FFA_Member",0
2009,"DWFN","Eastern Pacific fleet","Fleet_catch_in_highseas_non_FFA_Member",0
2010,"DWFN","Eastern Pacific fleet","Fleet_catch_in_highseas_non_FFA_Member",0
2011,"DWFN","Eastern Pacific fleet","Fleet_catch_in_highseas_non_FFA_Member",0
2012,"DWFN","Eastern Pacific fleet","Fleet_catch_in_highseas_non_FFA_Member",0
2013,"DWFN","Eastern Pacific fleet","Fleet_catch_in_highseas_non_FFA_Member",0
2014,"DWFN","Eastern Pacific fleet","Fleet_catch_in_highseas_non_FFA_Member",0
2015,"DWFN","Eastern Pacific fleet","Fleet_catch_in_highseas_non_FFA_Member",0
2016,"DWFN","Eastern Pacific fleet","Fleet_catch_in_highseas_non_FFA_Member",0
2017,"DWFN","Eastern Pacific fleet","Fleet_catch_in_highseas_non_FFA_Member",0
2018,"DWFN","Eastern Pacific fleet","Fleet_catch_in_highseas_non_FFA_Member",0
2019,"DWFN","Eastern Pacific fleet","Fleet_catch_in_highseas_non_FFA_Member",0
2020,"DWFN","Eastern Pacific fleet","Fleet_catch_in_highseas_non_FFA_Member",0
2021,"DWFN","Eastern Pacific fleet","Fleet_catch_in_highseas_non_FFA_Member",0
2022,"DWFN","Eastern Pacific fleet","Fleet_catch_in_highseas_non_FFA_Member",0
2023,"DWFN","Eastern Pacific fleet","Fleet_catch_in_highseas_non_FFA_Member",0
2024,"DWFN","Eastern Pacific fleet","Fleet_catch_in_highseas_non_FFA_Member",0
1997,"DWFN","Ecuador","Fleet_catch_in_highseas_non_FFA_Member",0
1998,"DWFN","Ecuador","Fleet_catch_in_highseas_non_FFA_Member",0
1999,"DWFN","Ecuador","Fleet_catch_in_highseas_non_FFA_Member",0
2000,"DWFN","Ecuador","Fleet_catch_in_highseas_non_FFA_Member",0
2001,"DWFN","Ecuador","Fleet_catch_in_highseas_non_FFA_Member",0
2002,"DWFN","Ecuador","Fleet_catch_in_highseas_non_FFA_Member",0
2003,"DWFN","Ecuador","Fleet_catch_in_highseas_non_FFA_Member",0
2004,"DWFN","Ecuador","Fleet_catch_in_highseas_non_FFA_Member",0
2005,"DWFN","Ecuador","Fleet_catch_in_highseas_non_FFA_Member",0
2006,"DWFN","Ecuador","Fleet_catch_in_highseas_non_FFA_Member",0
2007,"DWFN","Ecuador","Fleet_catch_in_highseas_non_FFA_Member",-7642
2008,"DWFN","Ecuador","Fleet_catch_in_highseas_non_FFA_Member",-21463
2009,"DWFN","Ecuador","Fleet_catch_in_highseas_non_FFA_Member",-6912
2010,"DWFN","Ecuador","Fleet_catch_in_highseas_non_FFA_Member",-9831
2011,"DWFN","Ecuador","Fleet_catch_in_highseas_non_FFA_Member",-27908
2012,"DWFN","Ecuador","Fleet_catch_in_highseas_non_FFA_Member",-19635
2013,"DWFN","Ecuador","Fleet_catch_in_highseas_non_FFA_Member",-17730
2014,"DWFN","Ecuador","Fleet_catch_in_highseas_non_FFA_Member",-18698
2015,"DWFN","Ecuador","Fleet_catch_in_highseas_non_FFA_Member",-7543
2016,"DWFN","Ecuador","Fleet_catch_in_highseas_non_FFA_Member",-3790
2017,"DWFN","Ecuador","Fleet_catch_in_highseas_non_FFA_Member",-8480
2018,"DWFN","Ecuador","Fleet_catch_in_highseas_non_FFA_Member",-12861
2019,"DWFN","Ecuador","Fleet_catch_in_highseas_non_FFA_Member",-20821
2020,"DWFN","Ecuador","Fleet_catch_in_highseas_non_FFA_Member",-9555
2021,"DWFN","Ecuador","Fleet_catch_in_highseas_non_FFA_Member",-10760
2022,"DWFN","Ecuador","Fleet_catch_in_highseas_non_FFA_Member",-14363
2023,"DWFN","Ecuador","Fleet_catch_in_highseas_non_FFA_Member",-10029
2024,"DWFN","Ecuador","Fleet_catch_in_highseas_non_FFA_Member",-19615
1997,"DWFN","El Salvador","Fleet_catch_in_highseas_non_FFA_Member",0
1998,"DWFN","El Salvador","Fleet_catch_in_highseas_non_FFA_Member",0
1999,"DWFN","El Salvador","Fleet_catch_in_highseas_non_FFA_Member",0
2000,"DWFN","El Salvador","Fleet_catch_in_highseas_non_FFA_Member",0
2001,"DWFN","El Salvador","Fleet_catch_in_highseas_non_FFA_Member",0
2002,"DWFN","El Salvador","Fleet_catch_in_highseas_non_FFA_Member",0
2003,"DWFN","El Salvador","Fleet_catch_in_highseas_non_FFA_Member",0
2004,"DWFN","El Salvador","Fleet_catch_in_highseas_non_FFA_Member",0
2005,"DWFN","El Salvador","Fleet_catch_in_highseas_non_FFA_Member",0
2006,"DWFN","El Salvador","Fleet_catch_in_highseas_non_FFA_Member",0
2007,"DWFN","El Salvador","Fleet_catch_in_highseas_non_FFA_Member",0
2008,"DWFN","El Salvador","Fleet_catch_in_highseas_non_FFA_Member",0
2009,"DWFN","El Salvador","Fleet_catch_in_highseas_non_FFA_Member",-5987
2010,"DWFN","El Salvador","Fleet_catch_in_highseas_non_FFA_Member",-5384
2011,"DWFN","El Salvador","Fleet_catch_in_highseas_non_FFA_Member",-10217
2012,"DWFN","El Salvador","Fleet_catch_in_highseas_non_FFA_Member",-11839
2013,"DWFN","El Salvador","Fleet_catch_in_highseas_non_FFA_Member",-10160
2014,"DWFN","El Salvador","Fleet_catch_in_highseas_non_FFA_Member",-13216
2015,"DWFN","El Salvador","Fleet_catch_in_highseas_non_FFA_Member",-5954
2016,"DWFN","El Salvador","Fleet_catch_in_highseas_non_FFA_Member",-1058
2017,"DWFN","El Salvador","Fleet_catch_in_highseas_non_FFA_Member",-2671
2018,"DWFN","El Salvador","Fleet_catch_in_highseas_non_FFA_Member",-1419
2019,"DWFN","El Salvador","Fleet_catch_in_highseas_non_FFA_Member",-1066
2020,"DWFN","El Salvador","Fleet_catch_in_highseas_non_FFA_Member",-581
2021,"DWFN","El Salvador","Fleet_catch_in_highseas_non_FFA_Member",-2221
2022,"DWFN","El Salvador","Fleet_catch_in_highseas_non_FFA_Member",-1338
2023,"DWFN","El Salvador","Fleet_catch_in_highseas_non_FFA_Member",-1615
2024,"DWFN","El Salvador","Fleet_catch_in_highseas_non_FFA_Member",0
1997,"DWFN","Indonesia","Fleet_catch_in_highseas_non_FFA_Member",0
1998,"DWFN","Indonesia","Fleet_catch_in_highseas_non_FFA_Member",0
1999,"DWFN","Indonesia","Fleet_catch_in_highseas_non_FFA_Member",0
2000,"DWFN","Indonesia","Fleet_catch_in_highseas_non_FFA_Member",0
2001,"DWFN","Indonesia","Fleet_catch_in_highseas_non_FFA_Member",0
2002,"DWFN","Indonesia","Fleet_catch_in_highseas_non_FFA_Member",0
2003,"DWFN","Indonesia","Fleet_catch_in_highseas_non_FFA_Member",0
2004,"DWFN","Indonesia","Fleet_catch_in_highseas_non_FFA_Member",0
2005,"DWFN","Indonesia","Fleet_catch_in_highseas_non_FFA_Member",0
2006,"DWFN","Indonesia","Fleet_catch_in_highseas_non_FFA_Member",0
2007,"DWFN","Indonesia","Fleet_catch_in_highseas_non_FFA_Member",0
2008,"DWFN","Indonesia","Fleet_catch_in_highseas_non_FFA_Member",0
2009,"DWFN","Indonesia","Fleet_catch_in_highseas_non_FFA_Member",0
2010,"DWFN","Indonesia","Fleet_catch_in_highseas_non_FFA_Member",0
2011,"DWFN","Indonesia","Fleet_catch_in_highseas_non_FFA_Member",0
2012,"DWFN","Indonesia","Fleet_catch_in_highseas_non_FFA_Member",0
2013,"DWFN","Indonesia","Fleet_catch_in_highseas_non_FFA_Member",0
2014,"DWFN","Indonesia","Fleet_catch_in_highseas_non_FFA_Member",0
2015,"DWFN","Indonesia","Fleet_catch_in_highseas_non_FFA_Member",0
2016,"DWFN","Indonesia","Fleet_catch_in_highseas_non_FFA_Member",0
2017,"DWFN","Indonesia","Fleet_catch_in_highseas_non_FFA_Member",0
2018,"DWFN","Indonesia","Fleet_catch_in_highseas_non_FFA_Member",0
2019,"DWFN","Indonesia","Fleet_catch_in_highseas_non_FFA_Member",0
2020,"DWFN","Indonesia","Fleet_catch_in_highseas_non_FFA_Member",0
2021,"DWFN","Indonesia","Fleet_catch_in_highseas_non_FFA_Member",0
2022,"DWFN","Indonesia","Fleet_catch_in_highseas_non_FFA_Member",0
2023,"DWFN","Indonesia","Fleet_catch_in_highseas_non_FFA_Member",0
2024,"DWFN","Indonesia","Fleet_catch_in_highseas_non_FFA_Member",0
1997,"DWFN","Japan","Fleet_catch_in_highseas_non_FFA_Member",251256
1998,"DWFN","Japan","Fleet_catch_in_highseas_non_FFA_Member",271076
1999,"DWFN","Japan","Fleet_catch_in_highseas_non_FFA_Member",219470
2000,"DWFN","Japan","Fleet_catch_in_highseas_non_FFA_Member",234032
2001,"DWFN","Japan","Fleet_catch_in_highseas_non_FFA_Member",221226
2002,"DWFN","Japan","Fleet_catch_in_highseas_non_FFA_Member",240627
2003,"DWFN","Japan","Fleet_catch_in_highseas_non_FFA_Member",245290
2004,"DWFN","Japan","Fleet_catch_in_highseas_non_FFA_Member",230483
2005,"DWFN","Japan","Fleet_catch_in_highseas_non_FFA_Member",244420
2006,"DWFN","Japan","Fleet_catch_in_highseas_non_FFA_Member",200747
2007,"DWFN","Japan","Fleet_catch_in_highseas_non_FFA_Member",209104
2008,"DWFN","Japan","Fleet_catch_in_highseas_non_FFA_Member",163446
2009,"DWFN","Japan","Fleet_catch_in_highseas_non_FFA_Member",148299
2010,"DWFN","Japan","Fleet_catch_in_highseas_non_FFA_Member",121815
2011,"DWFN","Japan","Fleet_catch_in_highseas_non_FFA_Member",107454
2012,"DWFN","Japan","Fleet_catch_in_highseas_non_FFA_Member",112099
2013,"DWFN","Japan","Fleet_catch_in_highseas_non_FFA_Member",95526
2014,"DWFN","Japan","Fleet_catch_in_highseas_non_FFA_Member",99954
2015,"DWFN","Japan","Fleet_catch_in_highseas_non_FFA_Member",84796
2016,"DWFN","Japan","Fleet_catch_in_highseas_non_FFA_Member",68088
2017,"DWFN","Japan","Fleet_catch_in_highseas_non_FFA_Member",73557
2018,"DWFN","Japan","Fleet_catch_in_highseas_non_FFA_Member",60417
2019,"DWFN","Japan","Fleet_catch_in_highseas_non_FFA_Member",58749
2020,"DWFN","Japan","Fleet_catch_in_highseas_non_FFA_Member",58852
2021,"DWFN","Japan","Fleet_catch_in_highseas_non_FFA_Member",103191
2022,"DWFN","Japan","Fleet_catch_in_highseas_non_FFA_Member",29831
2023,"DWFN","Japan","Fleet_catch_in_highseas_non_FFA_Member",24216
2024,"DWFN","Japan","Fleet_catch_in_highseas_non_FFA_Member",49144
1997,"DWFN","Korea","Fleet_catch_in_highseas_non_FFA_Member",34410
1998,"DWFN","Korea","Fleet_catch_in_highseas_non_FFA_Member",41128
1999,"DWFN","Korea","Fleet_catch_in_highseas_non_FFA_Member",42307
2000,"DWFN","Korea","Fleet_catch_in_highseas_non_FFA_Member",10589
2001,"DWFN","Korea","Fleet_catch_in_highseas_non_FFA_Member",27295
2002,"DWFN","Korea","Fleet_catch_in_highseas_non_FFA_Member",26835
2003,"DWFN","Korea","Fleet_catch_in_highseas_non_FFA_Member",27158
2004,"DWFN","Korea","Fleet_catch_in_highseas_non_FFA_Member",17665
2005,"DWFN","Korea","Fleet_catch_in_highseas_non_FFA_Member",30415
2006,"DWFN","Korea","Fleet_catch_in_highseas_non_FFA_Member",12098
2007,"DWFN","Korea","Fleet_catch_in_highseas_non_FFA_Member",35945
2008,"DWFN","Korea","Fleet_catch_in_highseas_non_FFA_Member",38806
2009,"DWFN","Korea","Fleet_catch_in_highseas_non_FFA_Member",63659
2010,"DWFN","Korea","Fleet_catch_in_highseas_non_FFA_Member",-833
2011,"DWFN","Korea","Fleet_catch_in_highseas_non_FFA_Member",-5855
2012,"DWFN","Korea","Fleet_catch_in_highseas_non_FFA_Member",-7448
2013,"DWFN","Korea","Fleet_catch_in_highseas_non_FFA_Member",-4983
2014,"DWFN","Korea","Fleet_catch_in_highseas_non_FFA_Member",-3244
2015,"DWFN","Korea","Fleet_catch_in_highseas_non_FFA_Member",-972
2016,"DWFN","Korea","Fleet_catch_in_highseas_non_FFA_Member",6007
2017,"DWFN","Korea","Fleet_catch_in_highseas_non_FFA_Member",3674
2018,"DWFN","Korea","Fleet_catch_in_highseas_non_FFA_Member",6961
2019,"DWFN","Korea","Fleet_catch_in_highseas_non_FFA_Member",9709
2020,"DWFN","Korea","Fleet_catch_in_highseas_non_FFA_Member",8757
2021,"DWFN","Korea","Fleet_catch_in_highseas_non_FFA_Member",4943
2022,"DWFN","Korea","Fleet_catch_in_highseas_non_FFA_Member",435
2023,"DWFN","Korea","Fleet_catch_in_highseas_non_FFA_Member",14742
2024,"DWFN","Korea","Fleet_catch_in_highseas_non_FFA_Member",21016
1997,"DWFN","Philippines","Fleet_catch_in_highseas_non_FFA_Member",2053
1998,"DWFN","Philippines","Fleet_catch_in_highseas_non_FFA_Member",831
1999,"DWFN","Philippines","Fleet_catch_in_highseas_non_FFA_Member",59
2000,"DWFN","Philippines","Fleet_catch_in_highseas_non_FFA_Member",0
2001,"DWFN","Philippines","Fleet_catch_in_highseas_non_FFA_Member",54
2002,"DWFN","Philippines","Fleet_catch_in_highseas_non_FFA_Member",566
2003,"DWFN","Philippines","Fleet_catch_in_highseas_non_FFA_Member",4493
2004,"DWFN","Philippines","Fleet_catch_in_highseas_non_FFA_Member",6622
2005,"DWFN","Philippines","Fleet_catch_in_highseas_non_FFA_Member",2982
2006,"DWFN","Philippines","Fleet_catch_in_highseas_non_FFA_Member",2593
2007,"DWFN","Philippines","Fleet_catch_in_highseas_non_FFA_Member",158
2008,"DWFN","Philippines","Fleet_catch_in_highseas_non_FFA_Member",673
2009,"DWFN","Philippines","Fleet_catch_in_highseas_non_FFA_Member",0
2010,"DWFN","Philippines","Fleet_catch_in_highseas_non_FFA_Member",103
2011,"DWFN","Philippines","Fleet_catch_in_highseas_non_FFA_Member",89
2012,"DWFN","Philippines","Fleet_catch_in_highseas_non_FFA_Member",2153
2013,"DWFN","Philippines","Fleet_catch_in_highseas_non_FFA_Member",12279
2014,"DWFN","Philippines","Fleet_catch_in_highseas_non_FFA_Member",25391
2015,"DWFN","Philippines","Fleet_catch_in_highseas_non_FFA_Member",24550
2016,"DWFN","Philippines","Fleet_catch_in_highseas_non_FFA_Member",22518
2017,"DWFN","Philippines","Fleet_catch_in_highseas_non_FFA_Member",24202
2018,"DWFN","Philippines","Fleet_catch_in_highseas_non_FFA_Member",21611
2019,"DWFN","Philippines","Fleet_catch_in_highseas_non_FFA_Member",22705
2020,"DWFN","Philippines","Fleet_catch_in_highseas_non_FFA_Member",32144
2021,"DWFN","Philippines","Fleet_catch_in_highseas_non_FFA_Member",21090
2022,"DWFN","Philippines","Fleet_catch_in_highseas_non_FFA_Member",21310
2023,"DWFN","Philippines","Fleet_catch_in_highseas_non_FFA_Member",21245
2024,"DWFN","Philippines","Fleet_catch_in_highseas_non_FFA_Member",32034
1997,"DWFN","Portugal","Fleet_catch_in_highseas_non_FFA_Member",0
1998,"DWFN","Portugal","Fleet_catch_in_highseas_non_FFA_Member",0
1999,"DWFN","Portugal","Fleet_catch_in_highseas_non_FFA_Member",0
2000,"DWFN","Portugal","Fleet_catch_in_highseas_non_FFA_Member",0
2001,"DWFN","Portugal","Fleet_catch_in_highseas_non_FFA_Member",0
2002,"DWFN","Portugal","Fleet_catch_in_highseas_non_FFA_Member",0
2003,"DWFN","Portugal","Fleet_catch_in_highseas_non_FFA_Member",0
2004,"DWFN","Portugal","Fleet_catch_in_highseas_non_FFA_Member",0
2005,"DWFN","Portugal","Fleet_catch_in_highseas_non_FFA_Member",0
2006,"DWFN","Portugal","Fleet_catch_in_highseas_non_FFA_Member",0
2007,"DWFN","Portugal","Fleet_catch_in_highseas_non_FFA_Member",0
2008,"DWFN","Portugal","Fleet_catch_in_highseas_non_FFA_Member",0
2009,"DWFN","Portugal","Fleet_catch_in_highseas_non_FFA_Member",0
2010,"DWFN","Portugal","Fleet_catch_in_highseas_non_FFA_Member",0
2011,"DWFN","Portugal","Fleet_catch_in_highseas_non_FFA_Member",0
2012,"DWFN","Portugal","Fleet_catch_in_highseas_non_FFA_Member",0
2013,"DWFN","Portugal","Fleet_catch_in_highseas_non_FFA_Member",0
2014,"DWFN","Portugal","Fleet_catch_in_highseas_non_FFA_Member",0
2015,"DWFN","Portugal","Fleet_catch_in_highseas_non_FFA_Member",0
2016,"DWFN","Portugal","Fleet_catch_in_highseas_non_FFA_Member",0
2017,"DWFN","Portugal","Fleet_catch_in_highseas_non_FFA_Member",0
2018,"DWFN","Portugal","Fleet_catch_in_highseas_non_FFA_Member",0
2019,"DWFN","Portugal","Fleet_catch_in_highseas_non_FFA_Member",0
2020,"DWFN","Portugal","Fleet_catch_in_highseas_non_FFA_Member",0
2021,"DWFN","Portugal","Fleet_catch_in_highseas_non_FFA_Member",0
2022,"DWFN","Portugal","Fleet_catch_in_highseas_non_FFA_Member",0
2023,"DWFN","Portugal","Fleet_catch_in_highseas_non_FFA_Member",0
2024,"DWFN","Portugal","Fleet_catch_in_highseas_non_FFA_Member",0
1997,"DWFN","Senegal","Fleet_catch_in_highseas_non_FFA_Member",0
1998,"DWFN","Senegal","Fleet_catch_in_highseas_non_FFA_Member",0
1999,"DWFN","Senegal","Fleet_catch_in_highseas_non_FFA_Member",0
2000,"DWFN","Senegal","Fleet_catch_in_highseas_non_FFA_Member",0
2001,"DWFN","Senegal","Fleet_catch_in_highseas_non_FFA_Member",0
2002,"DWFN","Senegal","Fleet_catch_in_highseas_non_FFA_Member",0
2003,"DWFN","Senegal","Fleet_catch_in_highseas_non_FFA_Member",0
2004,"DWFN","Senegal","Fleet_catch_in_highseas_non_FFA_Member",0
2005,"DWFN","Senegal","Fleet_catch_in_highseas_non_FFA_Member",0
2006,"DWFN","Senegal","Fleet_catch_in_highseas_non_FFA_Member",0
2007,"DWFN","Senegal","Fleet_catch_in_highseas_non_FFA_Member",0
2008,"DWFN","Senegal","Fleet_catch_in_highseas_non_FFA_Member",0
2009,"DWFN","Senegal","Fleet_catch_in_highseas_non_FFA_Member",0
2010,"DWFN","Senegal","Fleet_catch_in_highseas_non_FFA_Member",0
2011,"DWFN","Senegal","Fleet_catch_in_highseas_non_FFA_Member",0
2012,"DWFN","Senegal","Fleet_catch_in_highseas_non_FFA_Member",0
2013,"DWFN","Senegal","Fleet_catch_in_highseas_non_FFA_Member",0
2014,"DWFN","Senegal","Fleet_catch_in_highseas_non_FFA_Member",0
2015,"DWFN","Senegal","Fleet_catch_in_highseas_non_FFA_Member",0
2016,"DWFN","Senegal","Fleet_catch_in_highseas_non_FFA_Member",0
2017,"DWFN","Senegal","Fleet_catch_in_highseas_non_FFA_Member",0
2018,"DWFN","Senegal","Fleet_catch_in_highseas_non_FFA_Member",0
2019,"DWFN","Senegal","Fleet_catch_in_highseas_non_FFA_Member",0
2020,"DWFN","Senegal","Fleet_catch_in_highseas_non_FFA_Member",0
2021,"DWFN","Senegal","Fleet_catch_in_highseas_non_FFA_Member",0
2022,"DWFN","Senegal","Fleet_catch_in_highseas_non_FFA_Member",0
2023,"DWFN","Senegal","Fleet_catch_in_highseas_non_FFA_Member",0
2024,"DWFN","Senegal","Fleet_catch_in_highseas_non_FFA_Member",0
1997,"DWFN","Spain","Fleet_catch_in_highseas_non_FFA_Member",0
1998,"DWFN","Spain","Fleet_catch_in_highseas_non_FFA_Member",0
1999,"DWFN","Spain","Fleet_catch_in_highseas_non_FFA_Member",0
2000,"DWFN","Spain","Fleet_catch_in_highseas_non_FFA_Member",-2091
2001,"DWFN","Spain","Fleet_catch_in_highseas_non_FFA_Member",0
2002,"DWFN","Spain","Fleet_catch_in_highseas_non_FFA_Member",0
2003,"DWFN","Spain","Fleet_catch_in_highseas_non_FFA_Member",0
2004,"DWFN","Spain","Fleet_catch_in_highseas_non_FFA_Member",-1476
2005,"DWFN","Spain","Fleet_catch_in_highseas_non_FFA_Member",0
2006,"DWFN","Spain","Fleet_catch_in_highseas_non_FFA_Member",0
2007,"DWFN","Spain","Fleet_catch_in_highseas_non_FFA_Member",-10120
2008,"DWFN","Spain","Fleet_catch_in_highseas_non_FFA_Member",-12970
2009,"DWFN","Spain","Fleet_catch_in_highseas_non_FFA_Member",-12235
2010,"DWFN","Spain","Fleet_catch_in_highseas_non_FFA_Member",-17234
2011,"DWFN","Spain","Fleet_catch_in_highseas_non_FFA_Member",-23074
2012,"DWFN","Spain","Fleet_catch_in_highseas_non_FFA_Member",-14281
2013,"DWFN","Spain","Fleet_catch_in_highseas_non_FFA_Member",-23549
2014,"DWFN","Spain","Fleet_catch_in_highseas_non_FFA_Member",-19319
2015,"DWFN","Spain","Fleet_catch_in_highseas_non_FFA_Member",-13912
2016,"DWFN","Spain","Fleet_catch_in_highseas_non_FFA_Member",0
2017,"DWFN","Spain","Fleet_catch_in_highseas_non_FFA_Member",-836
2018,"DWFN","Spain","Fleet_catch_in_highseas_non_FFA_Member",-2441
2019,"DWFN","Spain","Fleet_catch_in_highseas_non_FFA_Member",-2651
2020,"DWFN","Spain","Fleet_catch_in_highseas_non_FFA_Member",-1349
2021,"DWFN","Spain","Fleet_catch_in_highseas_non_FFA_Member",-453
2022,"DWFN","Spain","Fleet_catch_in_highseas_non_FFA_Member",-526
2023,"DWFN","Spain","Fleet_catch_in_highseas_non_FFA_Member",-1399
2024,"DWFN","Spain","Fleet_catch_in_highseas_non_FFA_Member",-10571
1997,"DWFN","Taiwan","Fleet_catch_in_highseas_non_FFA_Member",82098
1998,"DWFN","Taiwan","Fleet_catch_in_highseas_non_FFA_Member",124097
1999,"DWFN","Taiwan","Fleet_catch_in_highseas_non_FFA_Member",112217
2000,"DWFN","Taiwan","Fleet_catch_in_highseas_non_FFA_Member",80931
2001,"DWFN","Taiwan","Fleet_catch_in_highseas_non_FFA_Member",109479
2002,"DWFN","Taiwan","Fleet_catch_in_highseas_non_FFA_Member",110446
2003,"DWFN","Taiwan","Fleet_catch_in_highseas_non_FFA_Member",88257
2004,"DWFN","Taiwan","Fleet_catch_in_highseas_non_FFA_Member",100217
2005,"DWFN","Taiwan","Fleet_catch_in_highseas_non_FFA_Member",70345
2006,"DWFN","Taiwan","Fleet_catch_in_highseas_non_FFA_Member",64182
2007,"DWFN","Taiwan","Fleet_catch_in_highseas_non_FFA_Member",74741
2008,"DWFN","Taiwan","Fleet_catch_in_highseas_non_FFA_Member",66676
2009,"DWFN","Taiwan","Fleet_catch_in_highseas_non_FFA_Member",72117
2010,"DWFN","Taiwan","Fleet_catch_in_highseas_non_FFA_Member",50586
2011,"DWFN","Taiwan","Fleet_catch_in_highseas_non_FFA_Member",36918
2012,"DWFN","Taiwan","Fleet_catch_in_highseas_non_FFA_Member",27075
2013,"DWFN","Taiwan","Fleet_catch_in_highseas_non_FFA_Member",32850
2014,"DWFN","Taiwan","Fleet_catch_in_highseas_non_FFA_Member",27984
2015,"DWFN","Taiwan","Fleet_catch_in_highseas_non_FFA_Member",35658
2016,"DWFN","Taiwan","Fleet_catch_in_highseas_non_FFA_Member",36298
2017,"DWFN","Taiwan","Fleet_catch_in_highseas_non_FFA_Member",44342
2018,"DWFN","Taiwan","Fleet_catch_in_highseas_non_FFA_Member",36992
2019,"DWFN","Taiwan","Fleet_catch_in_highseas_non_FFA_Member",48371
2020,"DWFN","Taiwan","Fleet_catch_in_highseas_non_FFA_Member",35900
2021,"DWFN","Taiwan","Fleet_catch_in_highseas_non_FFA_Member",31067
2022,"DWFN","Taiwan","Fleet_catch_in_highseas_non_FFA_Member",39860
2023,"DWFN","Taiwan","Fleet_catch_in_highseas_non_FFA_Member",38062
2024,"DWFN","Taiwan","Fleet_catch_in_highseas_non_FFA_Member",46466
1997,"DWFN","Vietnam","Fleet_catch_in_highseas_non_FFA_Member",0
1998,"DWFN","Vietnam","Fleet_catch_in_highseas_non_FFA_Member",0
1999,"DWFN","Vietnam","Fleet_catch_in_highseas_non_FFA_Member",0
2000,"DWFN","Vietnam","Fleet_catch_in_highseas_non_FFA_Member",0
2001,"DWFN","Vietnam","Fleet_catch_in_highseas_non_FFA_Member",0
2002,"DWFN","Vietnam","Fleet_catch_in_highseas_non_FFA_Member",0
2003,"DWFN","Vietnam","Fleet_catch_in_highseas_non_FFA_Member",0
2004,"DWFN","Vietnam","Fleet_catch_in_highseas_non_FFA_Member",0
2005,"DWFN","Vietnam","Fleet_catch_in_highseas_non_FFA_Member",0
2006,"DWFN","Vietnam","Fleet_catch_in_highseas_non_FFA_Member",0
2007,"DWFN","Vietnam","Fleet_catch_in_highseas_non_FFA_Member",0
2008,"DWFN","Vietnam","Fleet_catch_in_highseas_non_FFA_Member",0
2009,"DWFN","Vietnam","Fleet_catch_in_highseas_non_FFA_Member",0
2010,"DWFN","Vietnam","Fleet_catch_in_highseas_non_FFA_Member",0
2011,"DWFN","Vietnam","Fleet_catch_in_highseas_non_FFA_Member",0
2012,"DWFN","Vietnam","Fleet_catch_in_highseas_non_FFA_Member",0
2013,"DWFN","Vietnam","Fleet_catch_in_highseas_non_FFA_Member",0
2014,"DWFN","Vietnam","Fleet_catch_in_highseas_non_FFA_Member",0
2015,"DWFN","Vietnam","Fleet_catch_in_highseas_non_FFA_Member",0
2016,"DWFN","Vietnam","Fleet_catch_in_highseas_non_FFA_Member",0
2017,"DWFN","Vietnam","Fleet_catch_in_highseas_non_FFA_Member",0
2018,"DWFN","Vietnam","Fleet_catch_in_highseas_non_FFA_Member",0
2019,"DWFN","Vietnam","Fleet_catch_in_highseas_non_FFA_Member",0
2020,"DWFN","Vietnam","Fleet_catch_in_highseas_non_FFA_Member",0
2021,"DWFN","Vietnam","Fleet_catch_in_highseas_non_FFA_Member",0
2022,"DWFN","Vietnam","Fleet_catch_in_highseas_non_FFA_Member",0
2023,"DWFN","Vietnam","Fleet_catch_in_highseas_non_FFA_Member",0
2024,"DWFN","Vietnam","Fleet_catch_in_highseas_non_FFA_Member",0
1997,"FFA Member","Australia","Fleet_catch_in_highseas_non_FFA_Member",5
1998,"FFA Member","Australia","Fleet_catch_in_highseas_non_FFA_Member",99
1999,"FFA Member","Australia","Fleet_catch_in_highseas_non_FFA_Member",29
2000,"FFA Member","Australia","Fleet_catch_in_highseas_non_FFA_Member",26
2001,"FFA Member","Australia","Fleet_catch_in_highseas_non_FFA_Member",43
2002,"FFA Member","Australia","Fleet_catch_in_highseas_non_FFA_Member",46
2003,"FFA Member","Australia","Fleet_catch_in_highseas_non_FFA_Member",123
2004,"FFA Member","Australia","Fleet_catch_in_highseas_non_FFA_Member",93
2005,"FFA Member","Australia","Fleet_catch_in_highseas_non_FFA_Member",73
2006,"FFA Member","Australia","Fleet_catch_in_highseas_non_FFA_Member",69
2007,"FFA Member","Australia","Fleet_catch_in_highseas_non_FFA_Member",27
2008,"FFA Member","Australia","Fleet_catch_in_highseas_non_FFA_Member",13
2009,"FFA Member","Australia","Fleet_catch_in_highseas_non_FFA_Member",10
2010,"FFA Member","Australia","Fleet_catch_in_highseas_non_FFA_Member",6
2011,"FFA Member","Australia","Fleet_catch_in_highseas_non_FFA_Member",8
2012,"FFA Member","Australia","Fleet_catch_in_highseas_non_FFA_Member",19
2013,"FFA Member","Australia","Fleet_catch_in_highseas_non_FFA_Member",29
2014,"FFA Member","Australia","Fleet_catch_in_highseas_non_FFA_Member",25
2015,"FFA Member","Australia","Fleet_catch_in_highseas_non_FFA_Member",9
2016,"FFA Member","Australia","Fleet_catch_in_highseas_non_FFA_Member",23
2017,"FFA Member","Australia","Fleet_catch_in_highseas_non_FFA_Member",10
2018,"FFA Member","Australia","Fleet_catch_in_highseas_non_FFA_Member",5
2019,"FFA Member","Australia","Fleet_catch_in_highseas_non_FFA_Member",5
2020,"FFA Member","Australia","Fleet_catch_in_highseas_non_FFA_Member",14
2021,"FFA Member","Australia","Fleet_catch_in_highseas_non_FFA_Member",1
2022,"FFA Member","Australia","Fleet_catch_in_highseas_non_FFA_Member",0
2023,"FFA Member","Australia","Fleet_catch_in_highseas_non_FFA_Member",20
2024,"FFA Member","Australia","Fleet_catch_in_highseas_non_FFA_Member",8
1997,"FFA Member","Cook Islands","Fleet_catch_in_highseas_non_FFA_Member",0
1998,"FFA Member","Cook Islands","Fleet_catch_in_highseas_non_FFA_Member",0
1999,"FFA Member","Cook Islands","Fleet_catch_in_highseas_non_FFA_Member",0
2000,"FFA Member","Cook Islands","Fleet_catch_in_highseas_non_FFA_Member",0
2001,"FFA Member","Cook Islands","Fleet_catch_in_highseas_non_FFA_Member",0
2002,"FFA Member","Cook Islands","Fleet_catch_in_highseas_non_FFA_Member",0
2003,"FFA Member","Cook Islands","Fleet_catch_in_highseas_non_FFA_Member",17
2004,"FFA Member","Cook Islands","Fleet_catch_in_highseas_non_FFA_Member",5
2005,"FFA Member","Cook Islands","Fleet_catch_in_highseas_non_FFA_Member",17
2006,"FFA Member","Cook Islands","Fleet_catch_in_highseas_non_FFA_Member",90
2007,"FFA Member","Cook Islands","Fleet_catch_in_highseas_non_FFA_Member",213
2008,"FFA Member","Cook Islands","Fleet_catch_in_highseas_non_FFA_Member",237
2009,"FFA Member","Cook Islands","Fleet_catch_in_highseas_non_FFA_Member",57
2010,"FFA Member","Cook Islands","Fleet_catch_in_highseas_non_FFA_Member",64
2011,"FFA Member","Cook Islands","Fleet_catch_in_highseas_non_FFA_Member",7
2012,"FFA Member","Cook Islands","Fleet_catch_in_highseas_non_FFA_Member",52
2013,"FFA Member","Cook Islands","Fleet_catch_in_highseas_non_FFA_Member",84
2014,"FFA Member","Cook Islands","Fleet_catch_in_highseas_non_FFA_Member",0
2015,"FFA Member","Cook Islands","Fleet_catch_in_highseas_non_FFA_Member",1
2016,"FFA Member","Cook Islands","Fleet_catch_in_highseas_non_FFA_Member",33
2017,"FFA Member","Cook Islands","Fleet_catch_in_highseas_non_FFA_Member",124
2018,"FFA Member","Cook Islands","Fleet_catch_in_highseas_non_FFA_Member",316
2019,"FFA Member","Cook Islands","Fleet_catch_in_highseas_non_FFA_Member",2400
2020,"FFA Member","Cook Islands","Fleet_catch_in_highseas_non_FFA_Member",724
2021,"FFA Member","Cook Islands","Fleet_catch_in_highseas_non_FFA_Member",4026
2022,"FFA Member","Cook Islands","Fleet_catch_in_highseas_non_FFA_Member",4737
2023,"FFA Member","Cook Islands","Fleet_catch_in_highseas_non_FFA_Member",2356
2024,"FFA Member","Cook Islands","Fleet_catch_in_highseas_non_FFA_Member",5920
1997,"FFA Member","Fiji","Fleet_catch_in_highseas_non_FFA_Member",45
1998,"FFA Member","Fiji","Fleet_catch_in_highseas_non_FFA_Member",135
1999,"FFA Member","Fiji","Fleet_catch_in_highseas_non_FFA_Member",105
2000,"FFA Member","Fiji","Fleet_catch_in_highseas_non_FFA_Member",456
2001,"FFA Member","Fiji","Fleet_catch_in_highseas_non_FFA_Member",231
2002,"FFA Member","Fiji","Fleet_catch_in_highseas_non_FFA_Member",995
2003,"FFA Member","Fiji","Fleet_catch_in_highseas_non_FFA_Member",1634
2004,"FFA Member","Fiji","Fleet_catch_in_highseas_non_FFA_Member",3383
2005,"FFA Member","Fiji","Fleet_catch_in_highseas_non_FFA_Member",2972
2006,"FFA Member","Fiji","Fleet_catch_in_highseas_non_FFA_Member",2344
2007,"FFA Member","Fiji","Fleet_catch_in_highseas_non_FFA_Member",1291
2008,"FFA Member","Fiji","Fleet_catch_in_highseas_non_FFA_Member",1684
2009,"FFA Member","Fiji","Fleet_catch_in_highseas_non_FFA_Member",2551
2010,"FFA Member","Fiji","Fleet_catch_in_highseas_non_FFA_Member",1544
2011,"FFA Member","Fiji","Fleet_catch_in_highseas_non_FFA_Member",3160
2012,"FFA Member","Fiji","Fleet_catch_in_highseas_non_FFA_Member",3798
2013,"FFA Member","Fiji","Fleet_catch_in_highseas_non_FFA_Member",2999
2014,"FFA Member","Fiji","Fleet_catch_in_highseas_non_FFA_Member",3355
2015,"FFA Member","Fiji","Fleet_catch_in_highseas_non_FFA_Member",2173
2016,"FFA Member","Fiji","Fleet_catch_in_highseas_non_FFA_Member",1852
2017,"FFA Member","Fiji","Fleet_catch_in_highseas_non_FFA_Member",2088
2018,"FFA Member","Fiji","Fleet_catch_in_highseas_non_FFA_Member",2031
2019,"FFA Member","Fiji","Fleet_catch_in_highseas_non_FFA_Member",1606
2020,"FFA Member","Fiji","Fleet_catch_in_highseas_non_FFA_Member",1817
2021,"FFA Member","Fiji","Fleet_catch_in_highseas_non_FFA_Member",1137
2022,"FFA Member","Fiji","Fleet_catch_in_highseas_non_FFA_Member",629
2023,"FFA Member","Fiji","Fleet_catch_in_highseas_non_FFA_Member",1684
2024,"FFA Member","Fiji","Fleet_catch_in_highseas_non_FFA_Member",1637
1997,"FFA Member","New Zealand","Fleet_catch_in_highseas_non_FFA_Member",0
1998,"FFA Member","New Zealand","Fleet_catch_in_highseas_non_FFA_Member",9
1999,"FFA Member","New Zealand","Fleet_catch_in_highseas_non_FFA_Member",3
2000,"FFA Member","New Zealand","Fleet_catch_in_highseas_non_FFA_Member",1478
2001,"FFA Member","New Zealand","Fleet_catch_in_highseas_non_FFA_Member",354
2002,"FFA Member","New Zealand","Fleet_catch_in_highseas_non_FFA_Member",6524
2003,"FFA Member","New Zealand","Fleet_catch_in_highseas_non_FFA_Member",7902
2004,"FFA Member","New Zealand","Fleet_catch_in_highseas_non_FFA_Member",3151
2005,"FFA Member","New Zealand","Fleet_catch_in_highseas_non_FFA_Member",2191
2006,"FFA Member","New Zealand","Fleet_catch_in_highseas_non_FFA_Member",8043
2007,"FFA Member","New Zealand","Fleet_catch_in_highseas_non_FFA_Member",7879
2008,"FFA Member","New Zealand","Fleet_catch_in_highseas_non_FFA_Member",5942
2009,"FFA Member","New Zealand","Fleet_catch_in_highseas_non_FFA_Member",7599
2010,"FFA Member","New Zealand","Fleet_catch_in_highseas_non_FFA_Member",1019
2011,"FFA Member","New Zealand","Fleet_catch_in_highseas_non_FFA_Member",1059
2012,"FFA Member","New Zealand","Fleet_catch_in_highseas_non_FFA_Member",1698
2013,"FFA Member","New Zealand","Fleet_catch_in_highseas_non_FFA_Member",26
2014,"FFA Member","New Zealand","Fleet_catch_in_highseas_non_FFA_Member",641
2015,"FFA Member","New Zealand","Fleet_catch_in_highseas_non_FFA_Member",6123
2016,"FFA Member","New Zealand","Fleet_catch_in_highseas_non_FFA_Member",3734
2017,"FFA Member","New Zealand","Fleet_catch_in_highseas_non_FFA_Member",3935
2018,"FFA Member","New Zealand","Fleet_catch_in_highseas_non_FFA_Member",3119
2019,"FFA Member","New Zealand","Fleet_catch_in_highseas_non_FFA_Member",4456
2020,"FFA Member","New Zealand","Fleet_catch_in_highseas_non_FFA_Member",1096
2021,"FFA Member","New Zealand","Fleet_catch_in_highseas_non_FFA_Member",0
2022,"FFA Member","New Zealand","Fleet_catch_in_highseas_non_FFA_Member",0
2023,"FFA Member","New Zealand","Fleet_catch_in_highseas_non_FFA_Member",0
2024,"FFA Member","New Zealand","Fleet_catch_in_highseas_non_FFA_Member",1
1997,"FFA Member","Niue","Fleet_catch_in_highseas_non_FFA_Member",0
1998,"FFA Member","Niue","Fleet_catch_in_highseas_non_FFA_Member",0
1999,"FFA Member","Niue","Fleet_catch_in_highseas_non_FFA_Member",0
2000,"FFA Member","Niue","Fleet_catch_in_highseas_non_FFA_Member",0
2001,"FFA Member","Niue","Fleet_catch_in_highseas_non_FFA_Member",0
2002,"FFA Member","Niue","Fleet_catch_in_highseas_non_FFA_Member",0
2003,"FFA Member","Niue","Fleet_catch_in_highseas_non_FFA_Member",0
2004,"FFA Member","Niue","Fleet_catch_in_highseas_non_FFA_Member",0
2005,"FFA Member","Niue","Fleet_catch_in_highseas_non_FFA_Member",0
2006,"FFA Member","Niue","Fleet_catch_in_highseas_non_FFA_Member",1
2007,"FFA Member","Niue","Fleet_catch_in_highseas_non_FFA_Member",0
2008,"FFA Member","Niue","Fleet_catch_in_highseas_non_FFA_Member",0
2009,"FFA Member","Niue","Fleet_catch_in_highseas_non_FFA_Member",0
2010,"FFA Member","Niue","Fleet_catch_in_highseas_non_FFA_Member",0
2011,"FFA Member","Niue","Fleet_catch_in_highseas_non_FFA_Member",0
2012,"FFA Member","Niue","Fleet_catch_in_highseas_non_FFA_Member",0
2013,"FFA Member","Niue","Fleet_catch_in_highseas_non_FFA_Member",0
2014,"FFA Member","Niue","Fleet_catch_in_highseas_non_FFA_Member",0
2015,"FFA Member","Niue","Fleet_catch_in_highseas_non_FFA_Member",0
2016,"FFA Member","Niue","Fleet_catch_in_highseas_non_FFA_Member",0
2017,"FFA Member","Niue","Fleet_catch_in_highseas_non_FFA_Member",0
2018,"FFA Member","Niue","Fleet_catch_in_highseas_non_FFA_Member",0
2019,"FFA Member","Niue","Fleet_catch_in_highseas_non_FFA_Member",0
2020,"FFA Member","Niue","Fleet_catch_in_highseas_non_FFA_Member",0
2021,"FFA Member","Niue","Fleet_catch_in_highseas_non_FFA_Member",0
2022,"FFA Member","Niue","Fleet_catch_in_highseas_non_FFA_Member",0
2023,"FFA Member","Niue","Fleet_catch_in_highseas_non_FFA_Member",0
2024,"FFA Member","Niue","Fleet_catch_in_highseas_non_FFA_Member",0
1997,"FFA Member","Samoa","Fleet_catch_in_highseas_non_FFA_Member",0
1998,"FFA Member","Samoa","Fleet_catch_in_highseas_non_FFA_Member",0
1999,"FFA Member","Samoa","Fleet_catch_in_highseas_non_FFA_Member",0
2000,"FFA Member","Samoa","Fleet_catch_in_highseas_non_FFA_Member",0
2001,"FFA Member","Samoa","Fleet_catch_in_highseas_non_FFA_Member",0
2002,"FFA Member","Samoa","Fleet_catch_in_highseas_non_FFA_Member",0
2003,"FFA Member","Samoa","Fleet_catch_in_highseas_non_FFA_Member",0
2004,"FFA Member","Samoa","Fleet_catch_in_highseas_non_FFA_Member",0
2005,"FFA Member","Samoa","Fleet_catch_in_highseas_non_FFA_Member",0
2006,"FFA Member","Samoa","Fleet_catch_in_highseas_non_FFA_Member",0
2007,"FFA Member","Samoa","Fleet_catch_in_highseas_non_FFA_Member",0
2008,"FFA Member","Samoa","Fleet_catch_in_highseas_non_FFA_Member",0
2009,"FFA Member","Samoa","Fleet_catch_in_highseas_non_FFA_Member",0
2010,"FFA Member","Samoa","Fleet_catch_in_highseas_non_FFA_Member",0
2011,"FFA Member","Samoa","Fleet_catch_in_highseas_non_FFA_Member",0
2012,"FFA Member","Samoa","Fleet_catch_in_highseas_non_FFA_Member",0
2013,"FFA Member","Samoa","Fleet_catch_in_highseas_non_FFA_Member",0
2014,"FFA Member","Samoa","Fleet_catch_in_highseas_non_FFA_Member",12
2015,"FFA Member","Samoa","Fleet_catch_in_highseas_non_FFA_Member",0
2016,"FFA Member","Samoa","Fleet_catch_in_highseas_non_FFA_Member",19
2017,"FFA Member","Samoa","Fleet_catch_in_highseas_non_FFA_Member",80
2018,"FFA Member","Samoa","Fleet_catch_in_highseas_non_FFA_Member",125
2019,"FFA Member","Samoa","Fleet_catch_in_highseas_non_FFA_Member",25
2020,"FFA Member","Samoa","Fleet_catch_in_highseas_non_FFA_Member",11
2021,"FFA Member","Samoa","Fleet_catch_in_highseas_non_FFA_Member",0
2022,"FFA Member","Samoa","Fleet_catch_in_highseas_non_FFA_Member",3
2023,"FFA Member","Samoa","Fleet_catch_in_highseas_non_FFA_Member",96
2024,"FFA Member","Samoa","Fleet_catch_in_highseas_non_FFA_Member",79
1997,"FFA Member","Tonga","Fleet_catch_in_highseas_non_FFA_Member",0
1998,"FFA Member","Tonga","Fleet_catch_in_highseas_non_FFA_Member",8
1999,"FFA Member","Tonga","Fleet_catch_in_highseas_non_FFA_Member",41
2000,"FFA Member","Tonga","Fleet_catch_in_highseas_non_FFA_Member",3
2001,"FFA Member","Tonga","Fleet_catch_in_highseas_non_FFA_Member",205
2002,"FFA Member","Tonga","Fleet_catch_in_highseas_non_FFA_Member",420
2003,"FFA Member","Tonga","Fleet_catch_in_highseas_non_FFA_Member",319
2004,"FFA Member","Tonga","Fleet_catch_in_highseas_non_FFA_Member",5
2005,"FFA Member","Tonga","Fleet_catch_in_highseas_non_FFA_Member",31
2006,"FFA Member","Tonga","Fleet_catch_in_highseas_non_FFA_Member",6
2007,"FFA Member","Tonga","Fleet_catch_in_highseas_non_FFA_Member",39
2008,"FFA Member","Tonga","Fleet_catch_in_highseas_non_FFA_Member",0
2009,"FFA Member","Tonga","Fleet_catch_in_highseas_non_FFA_Member",0
2010,"FFA Member","Tonga","Fleet_catch_in_highseas_non_FFA_Member",0
2011,"FFA Member","Tonga","Fleet_catch_in_highseas_non_FFA_Member",0
2012,"FFA Member","Tonga","Fleet_catch_in_highseas_non_FFA_Member",0
2013,"FFA Member","Tonga","Fleet_catch_in_highseas_non_FFA_Member",0
2014,"FFA Member","Tonga","Fleet_catch_in_highseas_non_FFA_Member",6
2015,"FFA Member","Tonga","Fleet_catch_in_highseas_non_FFA_Member",0
2016,"FFA Member","Tonga","Fleet_catch_in_highseas_non_FFA_Member",0
2017,"FFA Member","Tonga","Fleet_catch_in_highseas_non_FFA_Member",3
2018,"FFA Member","Tonga","Fleet_catch_in_highseas_non_FFA_Member",3
2019,"FFA Member","Tonga","Fleet_catch_in_highseas_non_FFA_Member",0
2020,"FFA Member","Tonga","Fleet_catch_in_highseas_non_FFA_Member",0
2021,"FFA Member","Tonga","Fleet_catch_in_highseas_non_FFA_Member",0
2022,"FFA Member","Tonga","Fleet_catch_in_highseas_non_FFA_Member",0
2023,"FFA Member","Tonga","Fleet_catch_in_highseas_non_FFA_Member",3
2024,"FFA Member","Tonga","Fleet_catch_in_highseas_non_FFA_Member",0
1997,"FFA Member","Vanuatu","Fleet_catch_in_highseas_non_FFA_Member",25712
1998,"FFA Member","Vanuatu","Fleet_catch_in_highseas_non_FFA_Member",39392
1999,"FFA Member","Vanuatu","Fleet_catch_in_highseas_non_FFA_Member",46158
2000,"FFA Member","Vanuatu","Fleet_catch_in_highseas_non_FFA_Member",37773
2001,"FFA Member","Vanuatu","Fleet_catch_in_highseas_non_FFA_Member",11523
2002,"FFA Member","Vanuatu","Fleet_catch_in_highseas_non_FFA_Member",26259
2003,"FFA Member","Vanuatu","Fleet_catch_in_highseas_non_FFA_Member",25520
2004,"FFA Member","Vanuatu","Fleet_catch_in_highseas_non_FFA_Member",63616
2005,"FFA Member","Vanuatu","Fleet_catch_in_highseas_non_FFA_Member",85835
2006,"FFA Member","Vanuatu","Fleet_catch_in_highseas_non_FFA_Member",71833
2007,"FFA Member","Vanuatu","Fleet_catch_in_highseas_non_FFA_Member",79855
2008,"FFA Member","Vanuatu","Fleet_catch_in_highseas_non_FFA_Member",45577
2009,"FFA Member","Vanuatu","Fleet_catch_in_highseas_non_FFA_Member",49289
2010,"FFA Member","Vanuatu","Fleet_catch_in_highseas_non_FFA_Member",36467
2011,"FFA Member","Vanuatu","Fleet_catch_in_highseas_non_FFA_Member",30069
2012,"FFA Member","Vanuatu","Fleet_catch_in_highseas_non_FFA_Member",32765
2013,"FFA Member","Vanuatu","Fleet_catch_in_highseas_non_FFA_Member",35141
2014,"FFA Member","Vanuatu","Fleet_catch_in_highseas_non_FFA_Member",28769
2015,"FFA Member","Vanuatu","Fleet_catch_in_highseas_non_FFA_Member",22068
2016,"FFA Member","Vanuatu","Fleet_catch_in_highseas_non_FFA_Member",11596
2017,"FFA Member","Vanuatu","Fleet_catch_in_highseas_non_FFA_Member",17869
2018,"FFA Member","Vanuatu","Fleet_catch_in_highseas_non_FFA_Member",23323
2019,"FFA Member","Vanuatu","Fleet_catch_in_highseas_non_FFA_Member",44380
2020,"FFA Member","Vanuatu","Fleet_catch_in_highseas_non_FFA_Member",53985
2021,"FFA Member","Vanuatu","Fleet_catch_in_highseas_non_FFA_Member",55345
2022,"FFA Member","Vanuatu","Fleet_catch_in_highseas_non_FFA_Member",74724
2023,"FFA Member","Vanuatu","Fleet_catch_in_highseas_non_FFA_Member",59642
2024,"FFA Member","Vanuatu","Fleet_catch_in_highseas_non_FFA_Member",34530
1997,"High Seas","H4","Fleet_catch_in_highseas_non_FFA_Member",0
1998,"High Seas","H4","Fleet_catch_in_highseas_non_FFA_Member",0
1999,"High Seas","H4","Fleet_catch_in_highseas_non_FFA_Member",0
2000,"High Seas","H4","Fleet_catch_in_highseas_non_FFA_Member",0
2001,"High Seas","H4","Fleet_catch_in_highseas_non_FFA_Member",0
2002,"High Seas","H4","Fleet_catch_in_highseas_non_FFA_Member",0
2003,"High Seas","H4","Fleet_catch_in_highseas_non_FFA_Member",0
2004,"High Seas","H4","Fleet_catch_in_highseas_non_FFA_Member",0
2005,"High Seas","H4","Fleet_catch_in_highseas_non_FFA_Member",0
2006,"High Seas","H4","Fleet_catch_in_highseas_non_FFA_Member",0
2007,"High Seas","H4","Fleet_catch_in_highseas_non_FFA_Member",0
2008,"High Seas","H4","Fleet_catch_in_highseas_non_FFA_Member",0
2009,"High Seas","H4","Fleet_catch_in_highseas_non_FFA_Member",0
2010,"High Seas","H4","Fleet_catch_in_highseas_non_FFA_Member",0
2011,"High Seas","H4","Fleet_catch_in_highseas_non_FFA_Member",0
2012,"High Seas","H4","Fleet_catch_in_highseas_non_FFA_Member",0
2013,"High Seas","H4","Fleet_catch_in_highseas_non_FFA_Member",0
2014,"High Seas","H4","Fleet_catch_in_highseas_non_FFA_Member",0
2015,"High Seas","H4","Fleet_catch_in_highseas_non_FFA_Member",0
2016,"High Seas","H4","Fleet_catch_in_highseas_non_FFA_Member",0
2017,"High Seas","H4","Fleet_catch_in_highseas_non_FFA_Member",0
2018,"High Seas","H4","Fleet_catch_in_highseas_non_FFA_Member",0
2019,"High Seas","H4","Fleet_catch_in_highseas_non_FFA_Member",0
2020,"High Seas","H4","Fleet_catch_in_highseas_non_FFA_Member",0
2021,"High Seas","H4","Fleet_catch_in_highseas_non_FFA_Member",0
2022,"High Seas","H4","Fleet_catch_in_highseas_non_FFA_Member",0
2023,"High Seas","H4","Fleet_catch_in_highseas_non_FFA_Member",0
2024,"High Seas","H4","Fleet_catch_in_highseas_non_FFA_Member",0
1997,"High Seas","H5","Fleet_catch_in_highseas_non_FFA_Member",0
1998,"High Seas","H5","Fleet_catch_in_highseas_non_FFA_Member",0
1999,"High Seas","H5","Fleet_catch_in_highseas_non_FFA_Member",0
2000,"High Seas","H5","Fleet_catch_in_highseas_non_FFA_Member",0
2001,"High Seas","H5","Fleet_catch_in_highseas_non_FFA_Member",0
2002,"High Seas","H5","Fleet_catch_in_highseas_non_FFA_Member",0
2003,"High Seas","H5","Fleet_catch_in_highseas_non_FFA_Member",0
2004,"High Seas","H5","Fleet_catch_in_highseas_non_FFA_Member",0
2005,"High Seas","H5","Fleet_catch_in_highseas_non_FFA_Member",0
2006,"High Seas","H5","Fleet_catch_in_highseas_non_FFA_Member",0
2007,"High Seas","H5","Fleet_catch_in_highseas_non_FFA_Member",0
2008,"High Seas","H5","Fleet_catch_in_highseas_non_FFA_Member",0
2009,"High Seas","H5","Fleet_catch_in_highseas_non_FFA_Member",0
2010,"High Seas","H5","Fleet_catch_in_highseas_non_FFA_Member",0
2011,"High Seas","H5","Fleet_catch_in_highseas_non_FFA_Member",0
2012,"High Seas","H5","Fleet_catch_in_highseas_non_FFA_Member",0
2013,"High Seas","H5","Fleet_catch_in_highseas_non_FFA_Member",0
2014,"High Seas","H5","Fleet_catch_in_highseas_non_FFA_Member",0
2015,"High Seas","H5","Fleet_catch_in_highseas_non_FFA_Member",0
2016,"High Seas","H5","Fleet_catch_in_highseas_non_FFA_Member",0
2017,"High Seas","H5","Fleet_catch_in_highseas_non_FFA_Member",0
2018,"High Seas","H5","Fleet_catch_in_highseas_non_FFA_Member",0
2019,"High Seas","H5","Fleet_catch_in_highseas_non_FFA_Member",0
2020,"High Seas","H5","Fleet_catch_in_highseas_non_FFA_Member",0
2021,"High Seas","H5","Fleet_catch_in_highseas_non_FFA_Member",0
2022,"High Seas","H5","Fleet_catch_in_highseas_non_FFA_Member",0
2023,"High Seas","H5","Fleet_catch_in_highseas_non_FFA_Member",0
2024,"High Seas","H5","Fleet_catch_in_highseas_non_FFA_Member",0
1997,"High Seas","I1","Fleet_catch_in_highseas_non_FFA_Member",0
1998,"High Seas","I1","Fleet_catch_in_highseas_non_FFA_Member",0
1999,"High Seas","I1","Fleet_catch_in_highseas_non_FFA_Member",0
2000,"High Seas","I1","Fleet_catch_in_highseas_non_FFA_Member",0
2001,"High Seas","I1","Fleet_catch_in_highseas_non_FFA_Member",0
2002,"High Seas","I1","Fleet_catch_in_highseas_non_FFA_Member",0
2003,"High Seas","I1","Fleet_catch_in_highseas_non_FFA_Member",0
2004,"High Seas","I1","Fleet_catch_in_highseas_non_FFA_Member",0
2005,"High Seas","I1","Fleet_catch_in_highseas_non_FFA_Member",0
2006,"High Seas","I1","Fleet_catch_in_highseas_non_FFA_Member",0
2007,"High Seas","I1","Fleet_catch_in_highseas_non_FFA_Member",0
2008,"High Seas","I1","Fleet_catch_in_highseas_non_FFA_Member",0
2009,"High Seas","I1","Fleet_catch_in_highseas_non_FFA_Member",0
2010,"High Seas","I1","Fleet_catch_in_highseas_non_FFA_Member",0
2011,"High Seas","I1","Fleet_catch_in_highseas_non_FFA_Member",0
2012,"High Seas","I1","Fleet_catch_in_highseas_non_FFA_Member",0
2013,"High Seas","I1","Fleet_catch_in_highseas_non_FFA_Member",0
2014,"High Seas","I1","Fleet_catch_in_highseas_non_FFA_Member",0
2015,"High Seas","I1","Fleet_catch_in_highseas_non_FFA_Member",0
2016,"High Seas","I1","Fleet_catch_in_highseas_non_FFA_Member",0
2017,"High Seas","I1","Fleet_catch_in_highseas_non_FFA_Member",0
2018,"High Seas","I1","Fleet_catch_in_highseas_non_FFA_Member",0
2019,"High Seas","I1","Fleet_catch_in_highseas_non_FFA_Member",0
2020,"High Seas","I1","Fleet_catch_in_highseas_non_FFA_Member",0
2021,"High Seas","I1","Fleet_catch_in_highseas_non_FFA_Member",0
2022,"High Seas","I1","Fleet_catch_in_highseas_non_FFA_Member",0
2023,"High Seas","I1","Fleet_catch_in_highseas_non_FFA_Member",0
2024,"High Seas","I1","Fleet_catch_in_highseas_non_FFA_Member",0
1997,"High Seas","I2","Fleet_catch_in_highseas_non_FFA_Member",0
1998,"High Seas","I2","Fleet_catch_in_highseas_non_FFA_Member",0
1999,"High Seas","I2","Fleet_catch_in_highseas_non_FFA_Member",0
2000,"High Seas","I2","Fleet_catch_in_highseas_non_FFA_Member",0
2001,"High Seas","I2","Fleet_catch_in_highseas_non_FFA_Member",0
2002,"High Seas","I2","Fleet_catch_in_highseas_non_FFA_Member",0
2003,"High Seas","I2","Fleet_catch_in_highseas_non_FFA_Member",0
2004,"High Seas","I2","Fleet_catch_in_highseas_non_FFA_Member",0
2005,"High Seas","I2","Fleet_catch_in_highseas_non_FFA_Member",0
2006,"High Seas","I2","Fleet_catch_in_highseas_non_FFA_Member",0
2007,"High Seas","I2","Fleet_catch_in_highseas_non_FFA_Member",0
2008,"High Seas","I2","Fleet_catch_in_highseas_non_FFA_Member",0
2009,"High Seas","I2","Fleet_catch_in_highseas_non_FFA_Member",0
2010,"High Seas","I2","Fleet_catch_in_highseas_non_FFA_Member",0
2011,"High Seas","I2","Fleet_catch_in_highseas_non_FFA_Member",0
2012,"High Seas","I2","Fleet_catch_in_highseas_non_FFA_Member",0
2013,"High Seas","I2","Fleet_catch_in_highseas_non_FFA_Member",0
2014,"High Seas","I2","Fleet_catch_in_highseas_non_FFA_Member",0
2015,"High Seas","I2","Fleet_catch_in_highseas_non_FFA_Member",0
2016,"High Seas","I2","Fleet_catch_in_highseas_non_FFA_Member",0
2017,"High Seas","I2","Fleet_catch_in_highseas_non_FFA_Member",0
2018,"High Seas","I2","Fleet_catch_in_highseas_non_FFA_Member",0
2019,"High Seas","I2","Fleet_catch_in_highseas_non_FFA_Member",0
2020,"High Seas","I2","Fleet_catch_in_highseas_non_FFA_Member",0
2021,"High Seas","I2","Fleet_catch_in_highseas_non_FFA_Member",0
2022,"High Seas","I2","Fleet_catch_in_highseas_non_FFA_Member",0
2023,"High Seas","I2","Fleet_catch_in_highseas_non_FFA_Member",0
2024,"High Seas","I2","Fleet_catch_in_highseas_non_FFA_Member",0
1997,"High Seas","I3","Fleet_catch_in_highseas_non_FFA_Member",0
1998,"High Seas","I3","Fleet_catch_in_highseas_non_FFA_Member",0
1999,"High Seas","I3","Fleet_catch_in_highseas_non_FFA_Member",0
2000,"High Seas","I3","Fleet_catch_in_highseas_non_FFA_Member",0
2001,"High Seas","I3","Fleet_catch_in_highseas_non_FFA_Member",0
2002,"High Seas","I3","Fleet_catch_in_highseas_non_FFA_Member",0
2003,"High Seas","I3","Fleet_catch_in_highseas_non_FFA_Member",0
2004,"High Seas","I3","Fleet_catch_in_highseas_non_FFA_Member",0
2005,"High Seas","I3","Fleet_catch_in_highseas_non_FFA_Member",0
2006,"High Seas","I3","Fleet_catch_in_highseas_non_FFA_Member",0
2007,"High Seas","I3","Fleet_catch_in_highseas_non_FFA_Member",0
2008,"High Seas","I3","Fleet_catch_in_highseas_non_FFA_Member",0
2009,"High Seas","I3","Fleet_catch_in_highseas_non_FFA_Member",0
2010,"High Seas","I3","Fleet_catch_in_highseas_non_FFA_Member",0
2011,"High Seas","I3","Fleet_catch_in_highseas_non_FFA_Member",0
2012,"High Seas","I3","Fleet_catch_in_highseas_non_FFA_Member",0
2013,"High Seas","I3","Fleet_catch_in_highseas_non_FFA_Member",0
2014,"High Seas","I3","Fleet_catch_in_highseas_non_FFA_Member",0
2015,"High Seas","I3","Fleet_catch_in_highseas_non_FFA_Member",0
2016,"High Seas","I3","Fleet_catch_in_highseas_non_FFA_Member",0
2017,"High Seas","I3","Fleet_catch_in_highseas_non_FFA_Member",0
2018,"High Seas","I3","Fleet_catch_in_highseas_non_FFA_Member",0
2019,"High Seas","I3","Fleet_catch_in_highseas_non_FFA_Member",0
2020,"High Seas","I3","Fleet_catch_in_highseas_non_FFA_Member",0
2021,"High Seas","I3","Fleet_catch_in_highseas_non_FFA_Member",0
2022,"High Seas","I3","Fleet_catch_in_highseas_non_FFA_Member",0
2023,"High Seas","I3","Fleet_catch_in_highseas_non_FFA_Member",0
2024,"High Seas","I3","Fleet_catch_in_highseas_non_FFA_Member",0
1997,"High Seas","I4","Fleet_catch_in_highseas_non_FFA_Member",0
1998,"High Seas","I4","Fleet_catch_in_highseas_non_FFA_Member",0
1999,"High Seas","I4","Fleet_catch_in_highseas_non_FFA_Member",0
2000,"High Seas","I4","Fleet_catch_in_highseas_non_FFA_Member",0
2001,"High Seas","I4","Fleet_catch_in_highseas_non_FFA_Member",0
2002,"High Seas","I4","Fleet_catch_in_highseas_non_FFA_Member",0
2003,"High Seas","I4","Fleet_catch_in_highseas_non_FFA_Member",0
2004,"High Seas","I4","Fleet_catch_in_highseas_non_FFA_Member",0
2005,"High Seas","I4","Fleet_catch_in_highseas_non_FFA_Member",0
2006,"High Seas","I4","Fleet_catch_in_highseas_non_FFA_Member",0
2007,"High Seas","I4","Fleet_catch_in_highseas_non_FFA_Member",0
2008,"High Seas","I4","Fleet_catch_in_highseas_non_FFA_Member",0
2009,"High Seas","I4","Fleet_catch_in_highseas_non_FFA_Member",0
2010,"High Seas","I4","Fleet_catch_in_highseas_non_FFA_Member",0
2011,"High Seas","I4","Fleet_catch_in_highseas_non_FFA_Member",0
2012,"High Seas","I4","Fleet_catch_in_highseas_non_FFA_Member",0
2013,"High Seas","I4","Fleet_catch_in_highseas_non_FFA_Member",0
2014,"High Seas","I4","Fleet_catch_in_highseas_non_FFA_Member",0
2015,"High Seas","I4","Fleet_catch_in_highseas_non_FFA_Member",0
2016,"High Seas","I4","Fleet_catch_in_highseas_non_FFA_Member",0
2017,"High Seas","I4","Fleet_catch_in_highseas_non_FFA_Member",0
2018,"High Seas","I4","Fleet_catch_in_highseas_non_FFA_Member",0
2019,"High Seas","I4","Fleet_catch_in_highseas_non_FFA_Member",0
2020,"High Seas","I4","Fleet_catch_in_highseas_non_FFA_Member",0
2021,"High Seas","I4","Fleet_catch_in_highseas_non_FFA_Member",0
2022,"High Seas","I4","Fleet_catch_in_highseas_non_FFA_Member",0
2023,"High Seas","I4","Fleet_catch_in_highseas_non_FFA_Member",0
2024,"High Seas","I4","Fleet_catch_in_highseas_non_FFA_Member",0
1997,"High Seas","I5","Fleet_catch_in_highseas_non_FFA_Member",0
1998,"High Seas","I5","Fleet_catch_in_highseas_non_FFA_Member",0
1999,"High Seas","I5","Fleet_catch_in_highseas_non_FFA_Member",0
2000,"High Seas","I5","Fleet_catch_in_highseas_non_FFA_Member",0
2001,"High Seas","I5","Fleet_catch_in_highseas_non_FFA_Member",0
2002,"High Seas","I5","Fleet_catch_in_highseas_non_FFA_Member",0
2003,"High Seas","I5","Fleet_catch_in_highseas_non_FFA_Member",0
2004,"High Seas","I5","Fleet_catch_in_highseas_non_FFA_Member",0
2005,"High Seas","I5","Fleet_catch_in_highseas_non_FFA_Member",0
2006,"High Seas","I5","Fleet_catch_in_highseas_non_FFA_Member",0
2007,"High Seas","I5","Fleet_catch_in_highseas_non_FFA_Member",0
2008,"High Seas","I5","Fleet_catch_in_highseas_non_FFA_Member",0
2009,"High Seas","I5","Fleet_catch_in_highseas_non_FFA_Member",0
2010,"High Seas","I5","Fleet_catch_in_highseas_non_FFA_Member",0
2011,"High Seas","I5","Fleet_catch_in_highseas_non_FFA_Member",0
2012,"High Seas","I5","Fleet_catch_in_highseas_non_FFA_Member",0
2013,"High Seas","I5","Fleet_catch_in_highseas_non_FFA_Member",0
2014,"High Seas","I5","Fleet_catch_in_highseas_non_FFA_Member",0
2015,"High Seas","I5","Fleet_catch_in_highseas_non_FFA_Member",0
2016,"High Seas","I5","Fleet_catch_in_highseas_non_FFA_Member",0
2017,"High Seas","I5","Fleet_catch_in_highseas_non_FFA_Member",0
2018,"High Seas","I5","Fleet_catch_in_highseas_non_FFA_Member",0
2019,"High Seas","I5","Fleet_catch_in_highseas_non_FFA_Member",0
2020,"High Seas","I5","Fleet_catch_in_highseas_non_FFA_Member",0
2021,"High Seas","I5","Fleet_catch_in_highseas_non_FFA_Member",0
2022,"High Seas","I5","Fleet_catch_in_highseas_non_FFA_Member",0
2023,"High Seas","I5","Fleet_catch_in_highseas_non_FFA_Member",0
2024,"High Seas","I5","Fleet_catch_in_highseas_non_FFA_Member",0
1997,"High Seas","I6","Fleet_catch_in_highseas_non_FFA_Member",0
1998,"High Seas","I6","Fleet_catch_in_highseas_non_FFA_Member",0
1999,"High Seas","I6","Fleet_catch_in_highseas_non_FFA_Member",0
2000,"High Seas","I6","Fleet_catch_in_highseas_non_FFA_Member",0
2001,"High Seas","I6","Fleet_catch_in_highseas_non_FFA_Member",0
2002,"High Seas","I6","Fleet_catch_in_highseas_non_FFA_Member",0
2003,"High Seas","I6","Fleet_catch_in_highseas_non_FFA_Member",0
2004,"High Seas","I6","Fleet_catch_in_highseas_non_FFA_Member",0
2005,"High Seas","I6","Fleet_catch_in_highseas_non_FFA_Member",0
2006,"High Seas","I6","Fleet_catch_in_highseas_non_FFA_Member",0
2007,"High Seas","I6","Fleet_catch_in_highseas_non_FFA_Member",0
2008,"High Seas","I6","Fleet_catch_in_highseas_non_FFA_Member",0
2009,"High Seas","I6","Fleet_catch_in_highseas_non_FFA_Member",0
2010,"High Seas","I6","Fleet_catch_in_highseas_non_FFA_Member",0
2011,"High Seas","I6","Fleet_catch_in_highseas_non_FFA_Member",0
2012,"High Seas","I6","Fleet_catch_in_highseas_non_FFA_Member",0
2013,"High Seas","I6","Fleet_catch_in_highseas_non_FFA_Member",0
2014,"High Seas","I6","Fleet_catch_in_highseas_non_FFA_Member",0
2015,"High Seas","I6","Fleet_catch_in_highseas_non_FFA_Member",0
2016,"High Seas","I6","Fleet_catch_in_highseas_non_FFA_Member",0
2017,"High Seas","I6","Fleet_catch_in_highseas_non_FFA_Member",0
2018,"High Seas","I6","Fleet_catch_in_highseas_non_FFA_Member",0
2019,"High Seas","I6","Fleet_catch_in_highseas_non_FFA_Member",0
2020,"High Seas","I6","Fleet_catch_in_highseas_non_FFA_Member",0
2021,"High Seas","I6","Fleet_catch_in_highseas_non_FFA_Member",0
2022,"High Seas","I6","Fleet_catch_in_highseas_non_FFA_Member",0
2023,"High Seas","I6","Fleet_catch_in_highseas_non_FFA_Member",0
2024,"High Seas","I6","Fleet_catch_in_highseas_non_FFA_Member",0
1997,"High Seas","I7","Fleet_catch_in_highseas_non_FFA_Member",0
1998,"High Seas","I7","Fleet_catch_in_highseas_non_FFA_Member",0
1999,"High Seas","I7","Fleet_catch_in_highseas_non_FFA_Member",0
2000,"High Seas","I7","Fleet_catch_in_highseas_non_FFA_Member",0
2001,"High Seas","I7","Fleet_catch_in_highseas_non_FFA_Member",0
2002,"High Seas","I7","Fleet_catch_in_highseas_non_FFA_Member",0
2003,"High Seas","I7","Fleet_catch_in_highseas_non_FFA_Member",0
2004,"High Seas","I7","Fleet_catch_in_highseas_non_FFA_Member",0
2005,"High Seas","I7","Fleet_catch_in_highseas_non_FFA_Member",0
2006,"High Seas","I7","Fleet_catch_in_highseas_non_FFA_Member",0
2007,"High Seas","I7","Fleet_catch_in_highseas_non_FFA_Member",0
2008,"High Seas","I7","Fleet_catch_in_highseas_non_FFA_Member",0
2009,"High Seas","I7","Fleet_catch_in_highseas_non_FFA_Member",0
2010,"High Seas","I7","Fleet_catch_in_highseas_non_FFA_Member",0
2011,"High Seas","I7","Fleet_catch_in_highseas_non_FFA_Member",0
2012,"High Seas","I7","Fleet_catch_in_highseas_non_FFA_Member",0
2013,"High Seas","I7","Fleet_catch_in_highseas_non_FFA_Member",0
2014,"High Seas","I7","Fleet_catch_in_highseas_non_FFA_Member",0
2015,"High Seas","I7","Fleet_catch_in_highseas_non_FFA_Member",0
2016,"High Seas","I7","Fleet_catch_in_highseas_non_FFA_Member",0
2017,"High Seas","I7","Fleet_catch_in_highseas_non_FFA_Member",0
2018,"High Seas","I7","Fleet_catch_in_highseas_non_FFA_Member",0
2019,"High Seas","I7","Fleet_catch_in_highseas_non_FFA_Member",0
2020,"High Seas","I7","Fleet_catch_in_highseas_non_FFA_Member",0
2021,"High Seas","I7","Fleet_catch_in_highseas_non_FFA_Member",0
2022,"High Seas","I7","Fleet_catch_in_highseas_non_FFA_Member",0
2023,"High Seas","I7","Fleet_catch_in_highseas_non_FFA_Member",0
2024,"High Seas","I7","Fleet_catch_in_highseas_non_FFA_Member",0
1997,"High Seas","I8","Fleet_catch_in_highseas_non_FFA_Member",0
1998,"High Seas","I8","Fleet_catch_in_highseas_non_FFA_Member",0
1999,"High Seas","I8","Fleet_catch_in_highseas_non_FFA_Member",0
2000,"High Seas","I8","Fleet_catch_in_highseas_non_FFA_Member",0
2001,"High Seas","I8","Fleet_catch_in_highseas_non_FFA_Member",0
2002,"High Seas","I8","Fleet_catch_in_highseas_non_FFA_Member",0
2003,"High Seas","I8","Fleet_catch_in_highseas_non_FFA_Member",0
2004,"High Seas","I8","Fleet_catch_in_highseas_non_FFA_Member",0
2005,"High Seas","I8","Fleet_catch_in_highseas_non_FFA_Member",0
2006,"High Seas","I8","Fleet_catch_in_highseas_non_FFA_Member",0
2007,"High Seas","I8","Fleet_catch_in_highseas_non_FFA_Member",0
2008,"High Seas","I8","Fleet_catch_in_highseas_non_FFA_Member",0
2009,"High Seas","I8","Fleet_catch_in_highseas_non_FFA_Member",0
2010,"High Seas","I8","Fleet_catch_in_highseas_non_FFA_Member",0
2011,"High Seas","I8","Fleet_catch_in_highseas_non_FFA_Member",0
2012,"High Seas","I8","Fleet_catch_in_highseas_non_FFA_Member",0
2013,"High Seas","I8","Fleet_catch_in_highseas_non_FFA_Member",0
2014,"High Seas","I8","Fleet_catch_in_highseas_non_FFA_Member",0
2015,"High Seas","I8","Fleet_catch_in_highseas_non_FFA_Member",0
2016,"High Seas","I8","Fleet_catch_in_highseas_non_FFA_Member",0
2017,"High Seas","I8","Fleet_catch_in_highseas_non_FFA_Member",0
2018,"High Seas","I8","Fleet_catch_in_highseas_non_FFA_Member",0
2019,"High Seas","I8","Fleet_catch_in_highseas_non_FFA_Member",0
2020,"High Seas","I8","Fleet_catch_in_highseas_non_FFA_Member",0
2021,"High Seas","I8","Fleet_catch_in_highseas_non_FFA_Member",0
2022,"High Seas","I8","Fleet_catch_in_highseas_non_FFA_Member",0
2023,"High Seas","I8","Fleet_catch_in_highseas_non_FFA_Member",0
2024,"High Seas","I8","Fleet_catch_in_highseas_non_FFA_Member",0
1997,"High Seas","I9","Fleet_catch_in_highseas_non_FFA_Member",0
1998,"High Seas","I9","Fleet_catch_in_highseas_non_FFA_Member",0
1999,"High Seas","I9","Fleet_catch_in_highseas_non_FFA_Member",0
2000,"High Seas","I9","Fleet_catch_in_highseas_non_FFA_Member",0
2001,"High Seas","I9","Fleet_catch_in_highseas_non_FFA_Member",0
2002,"High Seas","I9","Fleet_catch_in_highseas_non_FFA_Member",0
2003,"High Seas","I9","Fleet_catch_in_highseas_non_FFA_Member",0
2004,"High Seas","I9","Fleet_catch_in_highseas_non_FFA_Member",0
2005,"High Seas","I9","Fleet_catch_in_highseas_non_FFA_Member",0
2006,"High Seas","I9","Fleet_catch_in_highseas_non_FFA_Member",0
2007,"High Seas","I9","Fleet_catch_in_highseas_non_FFA_Member",0
2008,"High Seas","I9","Fleet_catch_in_highseas_non_FFA_Member",0
2009,"High Seas","I9","Fleet_catch_in_highseas_non_FFA_Member",0
2010,"High Seas","I9","Fleet_catch_in_highseas_non_FFA_Member",0
2011,"High Seas","I9","Fleet_catch_in_highseas_non_FFA_Member",0
2012,"High Seas","I9","Fleet_catch_in_highseas_non_FFA_Member",0
2013,"High Seas","I9","Fleet_catch_in_highseas_non_FFA_Member",0
2014,"High Seas","I9","Fleet_catch_in_highseas_non_FFA_Member",0
2015,"High Seas","I9","Fleet_catch_in_highseas_non_FFA_Member",0
2016,"High Seas","I9","Fleet_catch_in_highseas_non_FFA_Member",0
2017,"High Seas","I9","Fleet_catch_in_highseas_non_FFA_Member",0
2018,"High Seas","I9","Fleet_catch_in_highseas_non_FFA_Member",0
2019,"High Seas","I9","Fleet_catch_in_highseas_non_FFA_Member",0
2020,"High Seas","I9","Fleet_catch_in_highseas_non_FFA_Member",0
2021,"High Seas","I9","Fleet_catch_in_highseas_non_FFA_Member",0
2022,"High Seas","I9","Fleet_catch_in_highseas_non_FFA_Member",0
2023,"High Seas","I9","Fleet_catch_in_highseas_non_FFA_Member",0
2024,"High Seas","I9","Fleet_catch_in_highseas_non_FFA_Member",0
1997,"High Seas","IW","Fleet_catch_in_highseas_non_FFA_Member",0
1998,"High Seas","IW","Fleet_catch_in_highseas_non_FFA_Member",0
1999,"High Seas","IW","Fleet_catch_in_highseas_non_FFA_Member",0
2000,"High Seas","IW","Fleet_catch_in_highseas_non_FFA_Member",0
2001,"High Seas","IW","Fleet_catch_in_highseas_non_FFA_Member",0
2002,"High Seas","IW","Fleet_catch_in_highseas_non_FFA_Member",0
2003,"High Seas","IW","Fleet_catch_in_highseas_non_FFA_Member",0
2004,"High Seas","IW","Fleet_catch_in_highseas_non_FFA_Member",0
2005,"High Seas","IW","Fleet_catch_in_highseas_non_FFA_Member",0
2006,"High Seas","IW","Fleet_catch_in_highseas_non_FFA_Member",0
2007,"High Seas","IW","Fleet_catch_in_highseas_non_FFA_Member",0
2008,"High Seas","IW","Fleet_catch_in_highseas_non_FFA_Member",0
2009,"High Seas","IW","Fleet_catch_in_highseas_non_FFA_Member",0
2010,"High Seas","IW","Fleet_catch_in_highseas_non_FFA_Member",0
2011,"High Seas","IW","Fleet_catch_in_highseas_non_FFA_Member",0
2012,"High Seas","IW","Fleet_catch_in_highseas_non_FFA_Member",0
2013,"High Seas","IW","Fleet_catch_in_highseas_non_FFA_Member",0
2014,"High Seas","IW","Fleet_catch_in_highseas_non_FFA_Member",0
2015,"High Seas","IW","Fleet_catch_in_highseas_non_FFA_Member",0
2016,"High Seas","IW","Fleet_catch_in_highseas_non_FFA_Member",0
2017,"High Seas","IW","Fleet_catch_in_highseas_non_FFA_Member",0
2018,"High Seas","IW","Fleet_catch_in_highseas_non_FFA_Member",0
2019,"High Seas","IW","Fleet_catch_in_highseas_non_FFA_Member",0
2020,"High Seas","IW","Fleet_catch_in_highseas_non_FFA_Member",0
2021,"High Seas","IW","Fleet_catch_in_highseas_non_FFA_Member",0
2022,"High Seas","IW","Fleet_catch_in_highseas_non_FFA_Member",0
2023,"High Seas","IW","Fleet_catch_in_highseas_non_FFA_Member",0
2024,"High Seas","IW","Fleet_catch_in_highseas_non_FFA_Member",0
1997,"PNA Member","FSM","Fleet_catch_in_highseas_non_FFA_Member",2865
1998,"PNA Member","FSM","Fleet_catch_in_highseas_non_FFA_Member",1946
1999,"PNA Member","FSM","Fleet_catch_in_highseas_non_FFA_Member",2577
2000,"PNA Member","FSM","Fleet_catch_in_highseas_non_FFA_Member",4518
2001,"PNA Member","FSM","Fleet_catch_in_highseas_non_FFA_Member",4043
2002,"PNA Member","FSM","Fleet_catch_in_highseas_non_FFA_Member",5355
2003,"PNA Member","FSM","Fleet_catch_in_highseas_non_FFA_Member",3357
2004,"PNA Member","FSM","Fleet_catch_in_highseas_non_FFA_Member",6903
2005,"PNA Member","FSM","Fleet_catch_in_highseas_non_FFA_Member",5220
2006,"PNA Member","FSM","Fleet_catch_in_highseas_non_FFA_Member",1033
2007,"PNA Member","FSM","Fleet_catch_in_highseas_non_FFA_Member",2739
2008,"PNA Member","FSM","Fleet_catch_in_highseas_non_FFA_Member",2825
2009,"PNA Member","FSM","Fleet_catch_in_highseas_non_FFA_Member",7995
2010,"PNA Member","FSM","Fleet_catch_in_highseas_non_FFA_Member",156
2011,"PNA Member","FSM","Fleet_catch_in_highseas_non_FFA_Member",249
2012,"PNA Member","FSM","Fleet_catch_in_highseas_non_FFA_Member",803
2013,"PNA Member","FSM","Fleet_catch_in_highseas_non_FFA_Member",252
2014,"PNA Member","FSM","Fleet_catch_in_highseas_non_FFA_Member",700
2015,"PNA Member","FSM","Fleet_catch_in_highseas_non_FFA_Member",15469
2016,"PNA Member","FSM","Fleet_catch_in_highseas_non_FFA_Member",8183
2017,"PNA Member","FSM","Fleet_catch_in_highseas_non_FFA_Member",13676
2018,"PNA Member","FSM","Fleet_catch_in_highseas_non_FFA_Member",19117
2019,"PNA Member","FSM","Fleet_catch_in_highseas_non_FFA_Member",42031
2020,"PNA Member","FSM","Fleet_catch_in_highseas_non_FFA_Member",20127
2021,"PNA Member","FSM","Fleet_catch_in_highseas_non_FFA_Member",22958
2022,"PNA Member","FSM","Fleet_catch_in_highseas_non_FFA_Member",8598
2023,"PNA Member","FSM","Fleet_catch_in_highseas_non_FFA_Member",25871
2024,"PNA Member","FSM","Fleet_catch_in_highseas_non_FFA_Member",10811
1997,"PNA Member","Kiribati","Fleet_catch_in_highseas_non_FFA_Member",566
1998,"PNA Member","Kiribati","Fleet_catch_in_highseas_non_FFA_Member",1954
1999,"PNA Member","Kiribati","Fleet_catch_in_highseas_non_FFA_Member",766
2000,"PNA Member","Kiribati","Fleet_catch_in_highseas_non_FFA_Member",846
2001,"PNA Member","Kiribati","Fleet_catch_in_highseas_non_FFA_Member",766
2002,"PNA Member","Kiribati","Fleet_catch_in_highseas_non_FFA_Member",1590
2003,"PNA Member","Kiribati","Fleet_catch_in_highseas_non_FFA_Member",1540
2004,"PNA Member","Kiribati","Fleet_catch_in_highseas_non_FFA_Member",520
2005,"PNA Member","Kiribati","Fleet_catch_in_highseas_non_FFA_Member",1573
2006,"PNA Member","Kiribati","Fleet_catch_in_highseas_non_FFA_Member",1315
2007,"PNA Member","Kiribati","Fleet_catch_in_highseas_non_FFA_Member",291
2008,"PNA Member","Kiribati","Fleet_catch_in_highseas_non_FFA_Member",517
2009,"PNA Member","Kiribati","Fleet_catch_in_highseas_non_FFA_Member",6643
2010,"PNA Member","Kiribati","Fleet_catch_in_highseas_non_FFA_Member",5135
2011,"PNA Member","Kiribati","Fleet_catch_in_highseas_non_FFA_Member",12221
2012,"PNA Member","Kiribati","Fleet_catch_in_highseas_non_FFA_Member",6723
2013,"PNA Member","Kiribati","Fleet_catch_in_highseas_non_FFA_Member",6522
2014,"PNA Member","Kiribati","Fleet_catch_in_highseas_non_FFA_Member",31291
2015,"PNA Member","Kiribati","Fleet_catch_in_highseas_non_FFA_Member",34338
2016,"PNA Member","Kiribati","Fleet_catch_in_highseas_non_FFA_Member",33149
2017,"PNA Member","Kiribati","Fleet_catch_in_highseas_non_FFA_Member",26883
2018,"PNA Member","Kiribati","Fleet_catch_in_highseas_non_FFA_Member",35935
2019,"PNA Member","Kiribati","Fleet_catch_in_highseas_non_FFA_Member",46364
2020,"PNA Member","Kiribati","Fleet_catch_in_highseas_non_FFA_Member",28074
2021,"PNA Member","Kiribati","Fleet_catch_in_highseas_non_FFA_Member",19151
2022,"PNA Member","Kiribati","Fleet_catch_in_highseas_non_FFA_Member",12973
2023,"PNA Member","Kiribati","Fleet_catch_in_highseas_non_FFA_Member",44818
2024,"PNA Member","Kiribati","Fleet_catch_in_highseas_non_FFA_Member",15633
1997,"PNA Member","Marshall Islands","Fleet_catch_in_highseas_non_FFA_Member",0
1998,"PNA Member","Marshall Islands","Fleet_catch_in_highseas_non_FFA_Member",0
1999,"PNA Member","Marshall Islands","Fleet_catch_in_highseas_non_FFA_Member",0
2000,"PNA Member","Marshall Islands","Fleet_catch_in_highseas_non_FFA_Member",1610
2001,"PNA Member","Marshall Islands","Fleet_catch_in_highseas_non_FFA_Member",5395
2002,"PNA Member","Marshall Islands","Fleet_catch_in_highseas_non_FFA_Member",5824
2003,"PNA Member","Marshall Islands","Fleet_catch_in_highseas_non_FFA_Member",11067
2004,"PNA Member","Marshall Islands","Fleet_catch_in_highseas_non_FFA_Member",12698
2005,"PNA Member","Marshall Islands","Fleet_catch_in_highseas_non_FFA_Member",17921
2006,"PNA Member","Marshall Islands","Fleet_catch_in_highseas_non_FFA_Member",5951
2007,"PNA Member","Marshall Islands","Fleet_catch_in_highseas_non_FFA_Member",9367
2008,"PNA Member","Marshall Islands","Fleet_catch_in_highseas_non_FFA_Member",9272
2009,"PNA Member","Marshall Islands","Fleet_catch_in_highseas_non_FFA_Member",7409
2010,"PNA Member","Marshall Islands","Fleet_catch_in_highseas_non_FFA_Member",2498
2011,"PNA Member","Marshall Islands","Fleet_catch_in_highseas_non_FFA_Member",117
2012,"PNA Member","Marshall Islands","Fleet_catch_in_highseas_non_FFA_Member",66
2013,"PNA Member","Marshall Islands","Fleet_catch_in_highseas_non_FFA_Member",85
2014,"PNA Member","Marshall Islands","Fleet_catch_in_highseas_non_FFA_Member",18
2015,"PNA Member","Marshall Islands","Fleet_catch_in_highseas_non_FFA_Member",31727
2016,"PNA Member","Marshall Islands","Fleet_catch_in_highseas_non_FFA_Member",13059
2017,"PNA Member","Marshall Islands","Fleet_catch_in_highseas_non_FFA_Member",20986
2018,"PNA Member","Marshall Islands","Fleet_catch_in_highseas_non_FFA_Member",10609
2019,"PNA Member","Marshall Islands","Fleet_catch_in_highseas_non_FFA_Member",41792
2020,"PNA Member","Marshall Islands","Fleet_catch_in_highseas_non_FFA_Member",24594
2021,"PNA Member","Marshall Islands","Fleet_catch_in_highseas_non_FFA_Member",16445
2022,"PNA Member","Marshall Islands","Fleet_catch_in_highseas_non_FFA_Member",6966
2023,"PNA Member","Marshall Islands","Fleet_catch_in_highseas_non_FFA_Member",17274
2024,"PNA Member","Marshall Islands","Fleet_catch_in_highseas_non_FFA_Member",6478
1997,"PNA Member","Nauru","Fleet_catch_in_highseas_non_FFA_Member",0
1998,"PNA Member","Nauru","Fleet_catch_in_highseas_non_FFA_Member",0
1999,"PNA Member","Nauru","Fleet_catch_in_highseas_non_FFA_Member",0
2000,"PNA Member","Nauru","Fleet_catch_in_highseas_non_FFA_Member",0
2001,"PNA Member","Nauru","Fleet_catch_in_highseas_non_FFA_Member",0
2002,"PNA Member","Nauru","Fleet_catch_in_highseas_non_FFA_Member",0
2003,"PNA Member","Nauru","Fleet_catch_in_highseas_non_FFA_Member",0
2004,"PNA Member","Nauru","Fleet_catch_in_highseas_non_FFA_Member",0
2005,"PNA Member","Nauru","Fleet_catch_in_highseas_non_FFA_Member",0
2006,"PNA Member","Nauru","Fleet_catch_in_highseas_non_FFA_Member",0
2007,"PNA Member","Nauru","Fleet_catch_in_highseas_non_FFA_Member",0
2008,"PNA Member","Nauru","Fleet_catch_in_highseas_non_FFA_Member",0
2009,"PNA Member","Nauru","Fleet_catch_in_highseas_non_FFA_Member",0
2010,"PNA Member","Nauru","Fleet_catch_in_highseas_non_FFA_Member",0
2011,"PNA Member","Nauru","Fleet_catch_in_highseas_non_FFA_Member",0
2012,"PNA Member","Nauru","Fleet_catch_in_highseas_non_FFA_Member",0
2013,"PNA Member","Nauru","Fleet_catch_in_highseas_non_FFA_Member",0
2014,"PNA Member","Nauru","Fleet_catch_in_highseas_non_FFA_Member",0
2015,"PNA Member","Nauru","Fleet_catch_in_highseas_non_FFA_Member",0
2016,"PNA Member","Nauru","Fleet_catch_in_highseas_non_FFA_Member",0
2017,"PNA Member","Nauru","Fleet_catch_in_highseas_non_FFA_Member",0
2018,"PNA Member","Nauru","Fleet_catch_in_highseas_non_FFA_Member",5994
2019,"PNA Member","Nauru","Fleet_catch_in_highseas_non_FFA_Member",11502
2020,"PNA Member","Nauru","Fleet_catch_in_highseas_non_FFA_Member",15713
2021,"PNA Member","Nauru","Fleet_catch_in_highseas_non_FFA_Member",3710
2022,"PNA Member","Nauru","Fleet_catch_in_highseas_non_FFA_Member",3154
2023,"PNA Member","Nauru","Fleet_catch_in_highseas_non_FFA_Member",21378
2024,"PNA Member","Nauru","Fleet_catch_in_highseas_non_FFA_Member",10123
1997,"PNA Member","Palau","Fleet_catch_in_highseas_non_FFA_Member",0
1998,"PNA Member","Palau","Fleet_catch_in_highseas_non_FFA_Member",0
1999,"PNA Member","Palau","Fleet_catch_in_highseas_non_FFA_Member",0
2000,"PNA Member","Palau","Fleet_catch_in_highseas_non_FFA_Member",24
2001,"PNA Member","Palau","Fleet_catch_in_highseas_non_FFA_Member",0
2002,"PNA Member","Palau","Fleet_catch_in_highseas_non_FFA_Member",0
2003,"PNA Member","Palau","Fleet_catch_in_highseas_non_FFA_Member",0
2004,"PNA Member","Palau","Fleet_catch_in_highseas_non_FFA_Member",0
2005,"PNA Member","Palau","Fleet_catch_in_highseas_non_FFA_Member",0
2006,"PNA Member","Palau","Fleet_catch_in_highseas_non_FFA_Member",0
2007,"PNA Member","Palau","Fleet_catch_in_highseas_non_FFA_Member",0
2008,"PNA Member","Palau","Fleet_catch_in_highseas_non_FFA_Member",0
2009,"PNA Member","Palau","Fleet_catch_in_highseas_non_FFA_Member",0
2010,"PNA Member","Palau","Fleet_catch_in_highseas_non_FFA_Member",0
2011,"PNA Member","Palau","Fleet_catch_in_highseas_non_FFA_Member",0
2012,"PNA Member","Palau","Fleet_catch_in_highseas_non_FFA_Member",0
2013,"PNA Member","Palau","Fleet_catch_in_highseas_non_FFA_Member",0
2014,"PNA Member","Palau","Fleet_catch_in_highseas_non_FFA_Member",0
2015,"PNA Member","Palau","Fleet_catch_in_highseas_non_FFA_Member",0
2016,"PNA Member","Palau","Fleet_catch_in_highseas_non_FFA_Member",0
2017,"PNA Member","Palau","Fleet_catch_in_highseas_non_FFA_Member",210
2018,"PNA Member","Palau","Fleet_catch_in_highseas_non_FFA_Member",259
2019,"PNA Member","Palau","Fleet_catch_in_highseas_non_FFA_Member",173
2020,"PNA Member","Palau","Fleet_catch_in_highseas_non_FFA_Member",0
2021,"PNA Member","Palau","Fleet_catch_in_highseas_non_FFA_Member",0
2022,"PNA Member","Palau","Fleet_catch_in_highseas_non_FFA_Member",0
2023,"PNA Member","Palau","Fleet_catch_in_highseas_non_FFA_Member",0
2024,"PNA Member","Palau","Fleet_catch_in_highseas_non_FFA_Member",0
1997,"PNA Member","PNG","Fleet_catch_in_highseas_non_FFA_Member",1489
1998,"PNA Member","PNG","Fleet_catch_in_highseas_non_FFA_Member",3615
1999,"PNA Member","PNG","Fleet_catch_in_highseas_non_FFA_Member",6015
2000,"PNA Member","PNG","Fleet_catch_in_highseas_non_FFA_Member",8291
2001,"PNA Member","PNG","Fleet_catch_in_highseas_non_FFA_Member",11008
2002,"PNA Member","PNG","Fleet_catch_in_highseas_non_FFA_Member",15389
2003,"PNA Member","PNG","Fleet_catch_in_highseas_non_FFA_Member",17739
2004,"PNA Member","PNG","Fleet_catch_in_highseas_non_FFA_Member",32644
2005,"PNA Member","PNG","Fleet_catch_in_highseas_non_FFA_Member",32804
2006,"PNA Member","PNG","Fleet_catch_in_highseas_non_FFA_Member",11684
2007,"PNA Member","PNG","Fleet_catch_in_highseas_non_FFA_Member",31053
2008,"PNA Member","PNG","Fleet_catch_in_highseas_non_FFA_Member",18936
2009,"PNA Member","PNG","Fleet_catch_in_highseas_non_FFA_Member",22173
2010,"PNA Member","PNG","Fleet_catch_in_highseas_non_FFA_Member",743
2011,"PNA Member","PNG","Fleet_catch_in_highseas_non_FFA_Member",231
2012,"PNA Member","PNG","Fleet_catch_in_highseas_non_FFA_Member",105
2013,"PNA Member","PNG","Fleet_catch_in_highseas_non_FFA_Member",0
2014,"PNA Member","PNG","Fleet_catch_in_highseas_non_FFA_Member",1705
2015,"PNA Member","PNG","Fleet_catch_in_highseas_non_FFA_Member",40729
2016,"PNA Member","PNG","Fleet_catch_in_highseas_non_FFA_Member",2039
2017,"PNA Member","PNG","Fleet_catch_in_highseas_non_FFA_Member",348
2018,"PNA Member","PNG","Fleet_catch_in_highseas_non_FFA_Member",0
2019,"PNA Member","PNG","Fleet_catch_in_highseas_non_FFA_Member",475
2020,"PNA Member","PNG","Fleet_catch_in_highseas_non_FFA_Member",0
2021,"PNA Member","PNG","Fleet_catch_in_highseas_non_FFA_Member",45
2022,"PNA Member","PNG","Fleet_catch_in_highseas_non_FFA_Member",0
2023,"PNA Member","PNG","Fleet_catch_in_highseas_non_FFA_Member",421
2024,"PNA Member","PNG","Fleet_catch_in_highseas_non_FFA_Member",255
1997,"PNA Member","Solomon  Islands","Fleet_catch_in_highseas_non_FFA_Member",65
1998,"PNA Member","Solomon  Islands","Fleet_catch_in_highseas_non_FFA_Member",71
1999,"PNA Member","Solomon  Islands","Fleet_catch_in_highseas_non_FFA_Member",1273
2000,"PNA Member","Solomon  Islands","Fleet_catch_in_highseas_non_FFA_Member",1404
2001,"PNA Member","Solomon  Islands","Fleet_catch_in_highseas_non_FFA_Member",719
2002,"PNA Member","Solomon  Islands","Fleet_catch_in_highseas_non_FFA_Member",724
2003,"PNA Member","Solomon  Islands","Fleet_catch_in_highseas_non_FFA_Member",0
2004,"PNA Member","Solomon  Islands","Fleet_catch_in_highseas_non_FFA_Member",0
2005,"PNA Member","Solomon  Islands","Fleet_catch_in_highseas_non_FFA_Member",213
2006,"PNA Member","Solomon  Islands","Fleet_catch_in_highseas_non_FFA_Member",85
2007,"PNA Member","Solomon  Islands","Fleet_catch_in_highseas_non_FFA_Member",112
2008,"PNA Member","Solomon  Islands","Fleet_catch_in_highseas_non_FFA_Member",0
2009,"PNA Member","Solomon  Islands","Fleet_catch_in_highseas_non_FFA_Member",0
2010,"PNA Member","Solomon  Islands","Fleet_catch_in_highseas_non_FFA_Member",2342
2011,"PNA Member","Solomon  Islands","Fleet_catch_in_highseas_non_FFA_Member",208
2012,"PNA Member","Solomon  Islands","Fleet_catch_in_highseas_non_FFA_Member",0
2013,"PNA Member","Solomon  Islands","Fleet_catch_in_highseas_non_FFA_Member",0
2014,"PNA Member","Solomon  Islands","Fleet_catch_in_highseas_non_FFA_Member",2448
2015,"PNA Member","Solomon  Islands","Fleet_catch_in_highseas_non_FFA_Member",3605
2016,"PNA Member","Solomon  Islands","Fleet_catch_in_highseas_non_FFA_Member",2143
2017,"PNA Member","Solomon  Islands","Fleet_catch_in_highseas_non_FFA_Member",1704
2018,"PNA Member","Solomon  Islands","Fleet_catch_in_highseas_non_FFA_Member",2462
2019,"PNA Member","Solomon  Islands","Fleet_catch_in_highseas_non_FFA_Member",3537
2020,"PNA Member","Solomon  Islands","Fleet_catch_in_highseas_non_FFA_Member",1538
2021,"PNA Member","Solomon  Islands","Fleet_catch_in_highseas_non_FFA_Member",64
2022,"PNA Member","Solomon  Islands","Fleet_catch_in_highseas_non_FFA_Member",96
2023,"PNA Member","Solomon  Islands","Fleet_catch_in_highseas_non_FFA_Member",839
2024,"PNA Member","Solomon  Islands","Fleet_catch_in_highseas_non_FFA_Member",1919
1997,"PNA Member","Tokelau","Fleet_catch_in_highseas_non_FFA_Member",0
1998,"PNA Member","Tokelau","Fleet_catch_in_highseas_non_FFA_Member",0
1999,"PNA Member","Tokelau","Fleet_catch_in_highseas_non_FFA_Member",0
2000,"PNA Member","Tokelau","Fleet_catch_in_highseas_non_FFA_Member",0
2001,"PNA Member","Tokelau","Fleet_catch_in_highseas_non_FFA_Member",0
2002,"PNA Member","Tokelau","Fleet_catch_in_highseas_non_FFA_Member",0
2003,"PNA Member","Tokelau","Fleet_catch_in_highseas_non_FFA_Member",0
2004,"PNA Member","Tokelau","Fleet_catch_in_highseas_non_FFA_Member",0
2005,"PNA Member","Tokelau","Fleet_catch_in_highseas_non_FFA_Member",0
2006,"PNA Member","Tokelau","Fleet_catch_in_highseas_non_FFA_Member",0
2007,"PNA Member","Tokelau","Fleet_catch_in_highseas_non_FFA_Member",0
2008,"PNA Member","Tokelau","Fleet_catch_in_highseas_non_FFA_Member",0
2009,"PNA Member","Tokelau","Fleet_catch_in_highseas_non_FFA_Member",0
2010,"PNA Member","Tokelau","Fleet_catch_in_highseas_non_FFA_Member",0
2011,"PNA Member","Tokelau","Fleet_catch_in_highseas_non_FFA_Member",0
2012,"PNA Member","Tokelau","Fleet_catch_in_highseas_non_FFA_Member",0
2013,"PNA Member","Tokelau","Fleet_catch_in_highseas_non_FFA_Member",0
2014,"PNA Member","Tokelau","Fleet_catch_in_highseas_non_FFA_Member",0
2015,"PNA Member","Tokelau","Fleet_catch_in_highseas_non_FFA_Member",0
2016,"PNA Member","Tokelau","Fleet_catch_in_highseas_non_FFA_Member",0
2017,"PNA Member","Tokelau","Fleet_catch_in_highseas_non_FFA_Member",0
2018,"PNA Member","Tokelau","Fleet_catch_in_highseas_non_FFA_Member",0
2019,"PNA Member","Tokelau","Fleet_catch_in_highseas_non_FFA_Member",0
2020,"PNA Member","Tokelau","Fleet_catch_in_highseas_non_FFA_Member",0
2021,"PNA Member","Tokelau","Fleet_catch_in_highseas_non_FFA_Member",0
2022,"PNA Member","Tokelau","Fleet_catch_in_highseas_non_FFA_Member",0
2023,"PNA Member","Tokelau","Fleet_catch_in_highseas_non_FFA_Member",0
2024,"PNA Member","Tokelau","Fleet_catch_in_highseas_non_FFA_Member",0
1997,"PNA Member","Tuvalu","Fleet_catch_in_highseas_non_FFA_Member",0
1998,"PNA Member","Tuvalu","Fleet_catch_in_highseas_non_FFA_Member",0
1999,"PNA Member","Tuvalu","Fleet_catch_in_highseas_non_FFA_Member",0
2000,"PNA Member","Tuvalu","Fleet_catch_in_highseas_non_FFA_Member",0
2001,"PNA Member","Tuvalu","Fleet_catch_in_highseas_non_FFA_Member",0
2002,"PNA Member","Tuvalu","Fleet_catch_in_highseas_non_FFA_Member",0
2003,"PNA Member","Tuvalu","Fleet_catch_in_highseas_non_FFA_Member",0
2004,"PNA Member","Tuvalu","Fleet_catch_in_highseas_non_FFA_Member",0
2005,"PNA Member","Tuvalu","Fleet_catch_in_highseas_non_FFA_Member",0
2006,"PNA Member","Tuvalu","Fleet_catch_in_highseas_non_FFA_Member",0
2007,"PNA Member","Tuvalu","Fleet_catch_in_highseas_non_FFA_Member",0
2008,"PNA Member","Tuvalu","Fleet_catch_in_highseas_non_FFA_Member",0
2009,"PNA Member","Tuvalu","Fleet_catch_in_highseas_non_FFA_Member",1821
2010,"PNA Member","Tuvalu","Fleet_catch_in_highseas_non_FFA_Member",130
2011,"PNA Member","Tuvalu","Fleet_catch_in_highseas_non_FFA_Member",84
2012,"PNA Member","Tuvalu","Fleet_catch_in_highseas_non_FFA_Member",470
2013,"PNA Member","Tuvalu","Fleet_catch_in_highseas_non_FFA_Member",45
2014,"PNA Member","Tuvalu","Fleet_catch_in_highseas_non_FFA_Member",24
2015,"PNA Member","Tuvalu","Fleet_catch_in_highseas_non_FFA_Member",2322
2016,"PNA Member","Tuvalu","Fleet_catch_in_highseas_non_FFA_Member",4008
2017,"PNA Member","Tuvalu","Fleet_catch_in_highseas_non_FFA_Member",2441
2018,"PNA Member","Tuvalu","Fleet_catch_in_highseas_non_FFA_Member",3194
2019,"PNA Member","Tuvalu","Fleet_catch_in_highseas_non_FFA_Member",2988
2020,"PNA Member","Tuvalu","Fleet_catch_in_highseas_non_FFA_Member",5297
2021,"PNA Member","Tuvalu","Fleet_catch_in_highseas_non_FFA_Member",9861
2022,"PNA Member","Tuvalu","Fleet_catch_in_highseas_non_FFA_Member",1800
2023,"PNA Member","Tuvalu","Fleet_catch_in_highseas_non_FFA_Member",15738
2024,"PNA Member","Tuvalu","Fleet_catch_in_highseas_non_FFA_Member",2353
1997,"SPC Member","American Samoa","Fleet_catch_in_highseas_non_FFA_Member",0
1998,"SPC Member","American Samoa","Fleet_catch_in_highseas_non_FFA_Member",0
1999,"SPC Member","American Samoa","Fleet_catch_in_highseas_non_FFA_Member",0
2000,"SPC Member","American Samoa","Fleet_catch_in_highseas_non_FFA_Member",0
2001,"SPC Member","American Samoa","Fleet_catch_in_highseas_non_FFA_Member",0
2002,"SPC Member","American Samoa","Fleet_catch_in_highseas_non_FFA_Member",0
2003,"SPC Member","American Samoa","Fleet_catch_in_highseas_non_FFA_Member",0
2004,"SPC Member","American Samoa","Fleet_catch_in_highseas_non_FFA_Member",0
2005,"SPC Member","American Samoa","Fleet_catch_in_highseas_non_FFA_Member",0
2006,"SPC Member","American Samoa","Fleet_catch_in_highseas_non_FFA_Member",0
2007,"SPC Member","American Samoa","Fleet_catch_in_highseas_non_FFA_Member",0
2008,"SPC Member","American Samoa","Fleet_catch_in_highseas_non_FFA_Member",0
2009,"SPC Member","American Samoa","Fleet_catch_in_highseas_non_FFA_Member",0
2010,"SPC Member","American Samoa","Fleet_catch_in_highseas_non_FFA_Member",0
2011,"SPC Member","American Samoa","Fleet_catch_in_highseas_non_FFA_Member",0
2012,"SPC Member","American Samoa","Fleet_catch_in_highseas_non_FFA_Member",0
2013,"SPC Member","American Samoa","Fleet_catch_in_highseas_non_FFA_Member",0
2014,"SPC Member","American Samoa","Fleet_catch_in_highseas_non_FFA_Member",0
2015,"SPC Member","American Samoa","Fleet_catch_in_highseas_non_FFA_Member",0
2016,"SPC Member","American Samoa","Fleet_catch_in_highseas_non_FFA_Member",0
2017,"SPC Member","American Samoa","Fleet_catch_in_highseas_non_FFA_Member",0
2018,"SPC Member","American Samoa","Fleet_catch_in_highseas_non_FFA_Member",0
2019,"SPC Member","American Samoa","Fleet_catch_in_highseas_non_FFA_Member",0
2020,"SPC Member","American Samoa","Fleet_catch_in_highseas_non_FFA_Member",0
2021,"SPC Member","American Samoa","Fleet_catch_in_highseas_non_FFA_Member",0
2022,"SPC Member","American Samoa","Fleet_catch_in_highseas_non_FFA_Member",0
2023,"SPC Member","American Samoa","Fleet_catch_in_highseas_non_FFA_Member",0
2024,"SPC Member","American Samoa","Fleet_catch_in_highseas_non_FFA_Member",0
1997,"SPC Member","French Polynesia","Fleet_catch_in_highseas_non_FFA_Member",1
1998,"SPC Member","French Polynesia","Fleet_catch_in_highseas_non_FFA_Member",0
1999,"SPC Member","French Polynesia","Fleet_catch_in_highseas_non_FFA_Member",0
2000,"SPC Member","French Polynesia","Fleet_catch_in_highseas_non_FFA_Member",56
2001,"SPC Member","French Polynesia","Fleet_catch_in_highseas_non_FFA_Member",1
2002,"SPC Member","French Polynesia","Fleet_catch_in_highseas_non_FFA_Member",1
2003,"SPC Member","French Polynesia","Fleet_catch_in_highseas_non_FFA_Member",29
2004,"SPC Member","French Polynesia","Fleet_catch_in_highseas_non_FFA_Member",12
2005,"SPC Member","French Polynesia","Fleet_catch_in_highseas_non_FFA_Member",271
2006,"SPC Member","French Polynesia","Fleet_catch_in_highseas_non_FFA_Member",116
2007,"SPC Member","French Polynesia","Fleet_catch_in_highseas_non_FFA_Member",43
2008,"SPC Member","French Polynesia","Fleet_catch_in_highseas_non_FFA_Member",16
2009,"SPC Member","French Polynesia","Fleet_catch_in_highseas_non_FFA_Member",5
2010,"SPC Member","French Polynesia","Fleet_catch_in_highseas_non_FFA_Member",1
2011,"SPC Member","French Polynesia","Fleet_catch_in_highseas_non_FFA_Member",1
2012,"SPC Member","French Polynesia","Fleet_catch_in_highseas_non_FFA_Member",6
2013,"SPC Member","French Polynesia","Fleet_catch_in_highseas_non_FFA_Member",20
2014,"SPC Member","French Polynesia","Fleet_catch_in_highseas_non_FFA_Member",0
2015,"SPC Member","French Polynesia","Fleet_catch_in_highseas_non_FFA_Member",0
2016,"SPC Member","French Polynesia","Fleet_catch_in_highseas_non_FFA_Member",2
2017,"SPC Member","French Polynesia","Fleet_catch_in_highseas_non_FFA_Member",0
2018,"SPC Member","French Polynesia","Fleet_catch_in_highseas_non_FFA_Member",0
2019,"SPC Member","French Polynesia","Fleet_catch_in_highseas_non_FFA_Member",0
2020,"SPC Member","French Polynesia","Fleet_catch_in_highseas_non_FFA_Member",0
2021,"SPC Member","French Polynesia","Fleet_catch_in_highseas_non_FFA_Member",0
2022,"SPC Member","French Polynesia","Fleet_catch_in_highseas_non_FFA_Member",0
2023,"SPC Member","French Polynesia","Fleet_catch_in_highseas_non_FFA_Member",0
2024,"SPC Member","French Polynesia","Fleet_catch_in_highseas_non_FFA_Member",0
1997,"SPC Member","Mathew and Hunter","Fleet_catch_in_highseas_non_FFA_Member",0
1998,"SPC Member","Mathew and Hunter","Fleet_catch_in_highseas_non_FFA_Member",0
1999,"SPC Member","Mathew and Hunter","Fleet_catch_in_highseas_non_FFA_Member",0
2000,"SPC Member","Mathew and Hunter","Fleet_catch_in_highseas_non_FFA_Member",0
2001,"SPC Member","Mathew and Hunter","Fleet_catch_in_highseas_non_FFA_Member",0
2002,"SPC Member","Mathew and Hunter","Fleet_catch_in_highseas_non_FFA_Member",0
2003,"SPC Member","Mathew and Hunter","Fleet_catch_in_highseas_non_FFA_Member",0
2004,"SPC Member","Mathew and Hunter","Fleet_catch_in_highseas_non_FFA_Member",0
2005,"SPC Member","Mathew and Hunter","Fleet_catch_in_highseas_non_FFA_Member",0
2006,"SPC Member","Mathew and Hunter","Fleet_catch_in_highseas_non_FFA_Member",0
2007,"SPC Member","Mathew and Hunter","Fleet_catch_in_highseas_non_FFA_Member",0
2008,"SPC Member","Mathew and Hunter","Fleet_catch_in_highseas_non_FFA_Member",0
2009,"SPC Member","Mathew and Hunter","Fleet_catch_in_highseas_non_FFA_Member",0
2010,"SPC Member","Mathew and Hunter","Fleet_catch_in_highseas_non_FFA_Member",0
2011,"SPC Member","Mathew and Hunter","Fleet_catch_in_highseas_non_FFA_Member",0
2012,"SPC Member","Mathew and Hunter","Fleet_catch_in_highseas_non_FFA_Member",0
2013,"SPC Member","Mathew and Hunter","Fleet_catch_in_highseas_non_FFA_Member",0
2014,"SPC Member","Mathew and Hunter","Fleet_catch_in_highseas_non_FFA_Member",0
2015,"SPC Member","Mathew and Hunter","Fleet_catch_in_highseas_non_FFA_Member",0
2016,"SPC Member","Mathew and Hunter","Fleet_catch_in_highseas_non_FFA_Member",0
2017,"SPC Member","Mathew and Hunter","Fleet_catch_in_highseas_non_FFA_Member",0
2018,"SPC Member","Mathew and Hunter","Fleet_catch_in_highseas_non_FFA_Member",0
2019,"SPC Member","Mathew and Hunter","Fleet_catch_in_highseas_non_FFA_Member",0
2020,"SPC Member","Mathew and Hunter","Fleet_catch_in_highseas_non_FFA_Member",0
2021,"SPC Member","Mathew and Hunter","Fleet_catch_in_highseas_non_FFA_Member",0
2022,"SPC Member","Mathew and Hunter","Fleet_catch_in_highseas_non_FFA_Member",0
2023,"SPC Member","Mathew and Hunter","Fleet_catch_in_highseas_non_FFA_Member",0
2024,"SPC Member","Mathew and Hunter","Fleet_catch_in_highseas_non_FFA_Member",0
1997,"SPC Member","New Caledonia","Fleet_catch_in_highseas_non_FFA_Member",101
1998,"SPC Member","New Caledonia","Fleet_catch_in_highseas_non_FFA_Member",46
1999,"SPC Member","New Caledonia","Fleet_catch_in_highseas_non_FFA_Member",48
2000,"SPC Member","New Caledonia","Fleet_catch_in_highseas_non_FFA_Member",9
2001,"SPC Member","New Caledonia","Fleet_catch_in_highseas_non_FFA_Member",5
2002,"SPC Member","New Caledonia","Fleet_catch_in_highseas_non_FFA_Member",1
2003,"SPC Member","New Caledonia","Fleet_catch_in_highseas_non_FFA_Member",5
2004,"SPC Member","New Caledonia","Fleet_catch_in_highseas_non_FFA_Member",28
2005,"SPC Member","New Caledonia","Fleet_catch_in_highseas_non_FFA_Member",5
2006,"SPC Member","New Caledonia","Fleet_catch_in_highseas_non_FFA_Member",5
2007,"SPC Member","New Caledonia","Fleet_catch_in_highseas_non_FFA_Member",6
2008,"SPC Member","New Caledonia","Fleet_catch_in_highseas_non_FFA_Member",11
2009,"SPC Member","New Caledonia","Fleet_catch_in_highseas_non_FFA_Member",9
2010,"SPC Member","New Caledonia","Fleet_catch_in_highseas_non_FFA_Member",7
2011,"SPC Member","New Caledonia","Fleet_catch_in_highseas_non_FFA_Member",2
2012,"SPC Member","New Caledonia","Fleet_catch_in_highseas_non_FFA_Member",5
2013,"SPC Member","New Caledonia","Fleet_catch_in_highseas_non_FFA_Member",23
2014,"SPC Member","New Caledonia","Fleet_catch_in_highseas_non_FFA_Member",3
2015,"SPC Member","New Caledonia","Fleet_catch_in_highseas_non_FFA_Member",7
2016,"SPC Member","New Caledonia","Fleet_catch_in_highseas_non_FFA_Member",2
2017,"SPC Member","New Caledonia","Fleet_catch_in_highseas_non_FFA_Member",19
2018,"SPC Member","New Caledonia","Fleet_catch_in_highseas_non_FFA_Member",10
2019,"SPC Member","New Caledonia","Fleet_catch_in_highseas_non_FFA_Member",3
2020,"SPC Member","New Caledonia","Fleet_catch_in_highseas_non_FFA_Member",1
2021,"SPC Member","New Caledonia","Fleet_catch_in_highseas_non_FFA_Member",35
2022,"SPC Member","New Caledonia","Fleet_catch_in_highseas_non_FFA_Member",26
2023,"SPC Member","New Caledonia","Fleet_catch_in_highseas_non_FFA_Member",6
2024,"SPC Member","New Caledonia","Fleet_catch_in_highseas_non_FFA_Member",2
1997,"SPC Member","Northern Mariana Islands","Fleet_catch_in_highseas_non_FFA_Member",0
1998,"SPC Member","Northern Mariana Islands","Fleet_catch_in_highseas_non_FFA_Member",0
1999,"SPC Member","Northern Mariana Islands","Fleet_catch_in_highseas_non_FFA_Member",0
2000,"SPC Member","Northern Mariana Islands","Fleet_catch_in_highseas_non_FFA_Member",0
2001,"SPC Member","Northern Mariana Islands","Fleet_catch_in_highseas_non_FFA_Member",0
2002,"SPC Member","Northern Mariana Islands","Fleet_catch_in_highseas_non_FFA_Member",0
2003,"SPC Member","Northern Mariana Islands","Fleet_catch_in_highseas_non_FFA_Member",0
2004,"SPC Member","Northern Mariana Islands","Fleet_catch_in_highseas_non_FFA_Member",0
2005,"SPC Member","Northern Mariana Islands","Fleet_catch_in_highseas_non_FFA_Member",0
2006,"SPC Member","Northern Mariana Islands","Fleet_catch_in_highseas_non_FFA_Member",0
2007,"SPC Member","Northern Mariana Islands","Fleet_catch_in_highseas_non_FFA_Member",0
2008,"SPC Member","Northern Mariana Islands","Fleet_catch_in_highseas_non_FFA_Member",0
2009,"SPC Member","Northern Mariana Islands","Fleet_catch_in_highseas_non_FFA_Member",0
2010,"SPC Member","Northern Mariana Islands","Fleet_catch_in_highseas_non_FFA_Member",0
2011,"SPC Member","Northern Mariana Islands","Fleet_catch_in_highseas_non_FFA_Member",0
2012,"SPC Member","Northern Mariana Islands","Fleet_catch_in_highseas_non_FFA_Member",0
2013,"SPC Member","Northern Mariana Islands","Fleet_catch_in_highseas_non_FFA_Member",0
2014,"SPC Member","Northern Mariana Islands","Fleet_catch_in_highseas_non_FFA_Member",0
2015,"SPC Member","Northern Mariana Islands","Fleet_catch_in_highseas_non_FFA_Member",0
2016,"SPC Member","Northern Mariana Islands","Fleet_catch_in_highseas_non_FFA_Member",0
2017,"SPC Member","Northern Mariana Islands","Fleet_catch_in_highseas_non_FFA_Member",0
2018,"SPC Member","Northern Mariana Islands","Fleet_catch_in_highseas_non_FFA_Member",0
2019,"SPC Member","Northern Mariana Islands","Fleet_catch_in_highseas_non_FFA_Member",0
2020,"SPC Member","Northern Mariana Islands","Fleet_catch_in_highseas_non_FFA_Member",0
2021,"SPC Member","Northern Mariana Islands","Fleet_catch_in_highseas_non_FFA_Member",0
2022,"SPC Member","Northern Mariana Islands","Fleet_catch_in_highseas_non_FFA_Member",0
2023,"SPC Member","Northern Mariana Islands","Fleet_catch_in_highseas_non_FFA_Member",0
2024,"SPC Member","Northern Mariana Islands","Fleet_catch_in_highseas_non_FFA_Member",0
1997,"SPC Member","US","Fleet_catch_in_highseas_non_FFA_Member",-84209
1998,"SPC Member","US","Fleet_catch_in_highseas_non_FFA_Member",-104526
1999,"SPC Member","US","Fleet_catch_in_highseas_non_FFA_Member",-125517
2000,"SPC Member","US","Fleet_catch_in_highseas_non_FFA_Member",-102902
2001,"SPC Member","US","Fleet_catch_in_highseas_non_FFA_Member",-94556
2002,"SPC Member","US","Fleet_catch_in_highseas_non_FFA_Member",-97725
2003,"SPC Member","US","Fleet_catch_in_highseas_non_FFA_Member",-75799
2004,"SPC Member","US","Fleet_catch_in_highseas_non_FFA_Member",-54150
2005,"SPC Member","US","Fleet_catch_in_highseas_non_FFA_Member",-68474
2006,"SPC Member","US","Fleet_catch_in_highseas_non_FFA_Member",-55968
2007,"SPC Member","US","Fleet_catch_in_highseas_non_FFA_Member",-69309
2008,"SPC Member","US","Fleet_catch_in_highseas_non_FFA_Member",-173898
2009,"SPC Member","US","Fleet_catch_in_highseas_non_FFA_Member",-229673
2010,"SPC Member","US","Fleet_catch_in_highseas_non_FFA_Member",-240672
2011,"SPC Member","US","Fleet_catch_in_highseas_non_FFA_Member",-195067
2012,"SPC Member","US","Fleet_catch_in_highseas_non_FFA_Member",-224959
2013,"SPC Member","US","Fleet_catch_in_highseas_non_FFA_Member",-221809
2014,"SPC Member","US","Fleet_catch_in_highseas_non_FFA_Member",-268943
2015,"SPC Member","US","Fleet_catch_in_highseas_non_FFA_Member",-165863
2016,"SPC Member","US","Fleet_catch_in_highseas_non_FFA_Member",-148688
2017,"SPC Member","US","Fleet_catch_in_highseas_non_FFA_Member",-148137
2018,"SPC Member","US","Fleet_catch_in_highseas_non_FFA_Member",-144114
2019,"SPC Member","US","Fleet_catch_in_highseas_non_FFA_Member",-96505
2020,"SPC Member","US","Fleet_catch_in_highseas_non_FFA_Member",-76089
2021,"SPC Member","US","Fleet_catch_in_highseas_non_FFA_Member",-24510
2022,"SPC Member","US","Fleet_catch_in_highseas_non_FFA_Member",-28922
2023,"SPC Member","US","Fleet_catch_in_highseas_non_FFA_Member",-33953
2024,"SPC Member","US","Fleet_catch_in_highseas_non_FFA_Member",-19842
1997,"SPC Member","US (includes territories, ex Am Samoa)","Fleet_catch_in_highseas_non_FFA_Member",0
1998,"SPC Member","US (includes territories, ex Am Samoa)","Fleet_catch_in_highseas_non_FFA_Member",0
1999,"SPC Member","US (includes territories, ex Am Samoa)","Fleet_catch_in_highseas_non_FFA_Member",0
2000,"SPC Member","US (includes territories, ex Am Samoa)","Fleet_catch_in_highseas_non_FFA_Member",0
2001,"SPC Member","US (includes territories, ex Am Samoa)","Fleet_catch_in_highseas_non_FFA_Member",0
2002,"SPC Member","US (includes territories, ex Am Samoa)","Fleet_catch_in_highseas_non_FFA_Member",0
2003,"SPC Member","US (includes territories, ex Am Samoa)","Fleet_catch_in_highseas_non_FFA_Member",0
2004,"SPC Member","US (includes territories, ex Am Samoa)","Fleet_catch_in_highseas_non_FFA_Member",0
2005,"SPC Member","US (includes territories, ex Am Samoa)","Fleet_catch_in_highseas_non_FFA_Member",0
2006,"SPC Member","US (includes territories, ex Am Samoa)","Fleet_catch_in_highseas_non_FFA_Member",0
2007,"SPC Member","US (includes territories, ex Am Samoa)","Fleet_catch_in_highseas_non_FFA_Member",0
2008,"SPC Member","US (includes territories, ex Am Samoa)","Fleet_catch_in_highseas_non_FFA_Member",0
2009,"SPC Member","US (includes territories, ex Am Samoa)","Fleet_catch_in_highseas_non_FFA_Member",0
2010,"SPC Member","US (includes territories, ex Am Samoa)","Fleet_catch_in_highseas_non_FFA_Member",0
2011,"SPC Member","US (includes territories, ex Am Samoa)","Fleet_catch_in_highseas_non_FFA_Member",0
2012,"SPC Member","US (includes territories, ex Am Samoa)","Fleet_catch_in_highseas_non_FFA_Member",0
2013,"SPC Member","US (includes territories, ex Am Samoa)","Fleet_catch_in_highseas_non_FFA_Member",0
2014,"SPC Member","US (includes territories, ex Am Samoa)","Fleet_catch_in_highseas_non_FFA_Member",0
2015,"SPC Member","US (includes territories, ex Am Samoa)","Fleet_catch_in_highseas_non_FFA_Member",0
2016,"SPC Member","US (includes territories, ex Am Samoa)","Fleet_catch_in_highseas_non_FFA_Member",0
2017,"SPC Member","US (includes territories, ex Am Samoa)","Fleet_catch_in_highseas_non_FFA_Member",0
2018,"SPC Member","US (includes territories, ex Am Samoa)","Fleet_catch_in_highseas_non_FFA_Member",0
2019,"SPC Member","US (includes territories, ex Am Samoa)","Fleet_catch_in_highseas_non_FFA_Member",0
2020,"SPC Member","US (includes territories, ex Am Samoa)","Fleet_catch_in_highseas_non_FFA_Member",0
2021,"SPC Member","US (includes territories, ex Am Samoa)","Fleet_catch_in_highseas_non_FFA_Member",0
2022,"SPC Member","US (includes territories, ex Am Samoa)","Fleet_catch_in_highseas_non_FFA_Member",0
2023,"SPC Member","US (includes territories, ex Am Samoa)","Fleet_catch_in_highseas_non_FFA_Member",0
2024,"SPC Member","US (includes territories, ex Am Samoa)","Fleet_catch_in_highseas_non_FFA_Member",0
1997,"SPC Member","US (includes territories, incl Am Samoa)","Fleet_catch_in_highseas_non_FFA_Member",0
1998,"SPC Member","US (includes territories, incl Am Samoa)","Fleet_catch_in_highseas_non_FFA_Member",0
1999,"SPC Member","US (includes territories, incl Am Samoa)","Fleet_catch_in_highseas_non_FFA_Member",0
2000,"SPC Member","US (includes territories, incl Am Samoa)","Fleet_catch_in_highseas_non_FFA_Member",0
2001,"SPC Member","US (includes territories, incl Am Samoa)","Fleet_catch_in_highseas_non_FFA_Member",0
2002,"SPC Member","US (includes territories, incl Am Samoa)","Fleet_catch_in_highseas_non_FFA_Member",0
2003,"SPC Member","US (includes territories, incl Am Samoa)","Fleet_catch_in_highseas_non_FFA_Member",0
2004,"SPC Member","US (includes territories, incl Am Samoa)","Fleet_catch_in_highseas_non_FFA_Member",0
2005,"SPC Member","US (includes territories, incl Am Samoa)","Fleet_catch_in_highseas_non_FFA_Member",0
2006,"SPC Member","US (includes territories, incl Am Samoa)","Fleet_catch_in_highseas_non_FFA_Member",0
2007,"SPC Member","US (includes territories, incl Am Samoa)","Fleet_catch_in_highseas_non_FFA_Member",0
2008,"SPC Member","US (includes territories, incl Am Samoa)","Fleet_catch_in_highseas_non_FFA_Member",0
2009,"SPC Member","US (includes territories, incl Am Samoa)","Fleet_catch_in_highseas_non_FFA_Member",0
2010,"SPC Member","US (includes territories, incl Am Samoa)","Fleet_catch_in_highseas_non_FFA_Member",0
2011,"SPC Member","US (includes territories, incl Am Samoa)","Fleet_catch_in_highseas_non_FFA_Member",0
2012,"SPC Member","US (includes territories, incl Am Samoa)","Fleet_catch_in_highseas_non_FFA_Member",0
2013,"SPC Member","US (includes territories, incl Am Samoa)","Fleet_catch_in_highseas_non_FFA_Member",0
2014,"SPC Member","US (includes territories, incl Am Samoa)","Fleet_catch_in_highseas_non_FFA_Member",0
2015,"SPC Member","US (includes territories, incl Am Samoa)","Fleet_catch_in_highseas_non_FFA_Member",0
2016,"SPC Member","US (includes territories, incl Am Samoa)","Fleet_catch_in_highseas_non_FFA_Member",0
2017,"SPC Member","US (includes territories, incl Am Samoa)","Fleet_catch_in_highseas_non_FFA_Member",0
2018,"SPC Member","US (includes territories, incl Am Samoa)","Fleet_catch_in_highseas_non_FFA_Member",0
2019,"SPC Member","US (includes territories, incl Am Samoa)","Fleet_catch_in_highseas_non_FFA_Member",0
2020,"SPC Member","US (includes territories, incl Am Samoa)","Fleet_catch_in_highseas_non_FFA_Member",0
2021,"SPC Member","US (includes territories, incl Am Samoa)","Fleet_catch_in_highseas_non_FFA_Member",0
2022,"SPC Member","US (includes territories, incl Am Samoa)","Fleet_catch_in_highseas_non_FFA_Member",0
2023,"SPC Member","US (includes territories, incl Am Samoa)","Fleet_catch_in_highseas_non_FFA_Member",0
2024,"SPC Member","US (includes territories, incl Am Samoa)","Fleet_catch_in_highseas_non_FFA_Member",0
1997,"SPC Member","Wallis and Futuna","Fleet_catch_in_highseas_non_FFA_Member",0
1998,"SPC Member","Wallis and Futuna","Fleet_catch_in_highseas_non_FFA_Member",0
1999,"SPC Member","Wallis and Futuna","Fleet_catch_in_highseas_non_FFA_Member",0
2000,"SPC Member","Wallis and Futuna","Fleet_catch_in_highseas_non_FFA_Member",0
2001,"SPC Member","Wallis and Futuna","Fleet_catch_in_highseas_non_FFA_Member",0
2002,"SPC Member","Wallis and Futuna","Fleet_catch_in_highseas_non_FFA_Member",0
2003,"SPC Member","Wallis and Futuna","Fleet_catch_in_highseas_non_FFA_Member",0
2004,"SPC Member","Wallis and Futuna","Fleet_catch_in_highseas_non_FFA_Member",0
2005,"SPC Member","Wallis and Futuna","Fleet_catch_in_highseas_non_FFA_Member",0
2006,"SPC Member","Wallis and Futuna","Fleet_catch_in_highseas_non_FFA_Member",0
2007,"SPC Member","Wallis and Futuna","Fleet_catch_in_highseas_non_FFA_Member",0
2008,"SPC Member","Wallis and Futuna","Fleet_catch_in_highseas_non_FFA_Member",0
2009,"SPC Member","Wallis and Futuna","Fleet_catch_in_highseas_non_FFA_Member",0
2010,"SPC Member","Wallis and Futuna","Fleet_catch_in_highseas_non_FFA_Member",0
2011,"SPC Member","Wallis and Futuna","Fleet_catch_in_highseas_non_FFA_Member",0
2012,"SPC Member","Wallis and Futuna","Fleet_catch_in_highseas_non_FFA_Member",0
2013,"SPC Member","Wallis and Futuna","Fleet_catch_in_highseas_non_FFA_Member",0
2014,"SPC Member","Wallis and Futuna","Fleet_catch_in_highseas_non_FFA_Member",0
2015,"SPC Member","Wallis and Futuna","Fleet_catch_in_highseas_non_FFA_Member",0
2016,"SPC Member","Wallis and Futuna","Fleet_catch_in_highseas_non_FFA_Member",0
2017,"SPC Member","Wallis and Futuna","Fleet_catch_in_highseas_non_FFA_Member",0
2018,"SPC Member","Wallis and Futuna","Fleet_catch_in_highseas_non_FFA_Member",0
2019,"SPC Member","Wallis and Futuna","Fleet_catch_in_highseas_non_FFA_Member",0
2020,"SPC Member","Wallis and Futuna","Fleet_catch_in_highseas_non_FFA_Member",0
2021,"SPC Member","Wallis and Futuna","Fleet_catch_in_highseas_non_FFA_Member",0
2022,"SPC Member","Wallis and Futuna","Fleet_catch_in_highseas_non_FFA_Member",0
2023,"SPC Member","Wallis and Futuna","Fleet_catch_in_highseas_non_FFA_Member",0
2024,"SPC Member","Wallis and Futuna","Fleet_catch_in_highseas_non_FFA_Member",0
1997,"DWFN","Belize","Other_Country_Catch_in_National_Waters",0
1998,"DWFN","Belize","Other_Country_Catch_in_National_Waters",0
1999,"DWFN","Belize","Other_Country_Catch_in_National_Waters",0
2000,"DWFN","Belize","Other_Country_Catch_in_National_Waters",0
2001,"DWFN","Belize","Other_Country_Catch_in_National_Waters",0
2002,"DWFN","Belize","Other_Country_Catch_in_National_Waters",0
2003,"DWFN","Belize","Other_Country_Catch_in_National_Waters",0
2004,"DWFN","Belize","Other_Country_Catch_in_National_Waters",0
2005,"DWFN","Belize","Other_Country_Catch_in_National_Waters",0
2006,"DWFN","Belize","Other_Country_Catch_in_National_Waters",0
2007,"DWFN","Belize","Other_Country_Catch_in_National_Waters",0
2008,"DWFN","Belize","Other_Country_Catch_in_National_Waters",0
2009,"DWFN","Belize","Other_Country_Catch_in_National_Waters",0
2010,"DWFN","Belize","Other_Country_Catch_in_National_Waters",0
2011,"DWFN","Belize","Other_Country_Catch_in_National_Waters",0
2012,"DWFN","Belize","Other_Country_Catch_in_National_Waters",0
2013,"DWFN","Belize","Other_Country_Catch_in_National_Waters",0
2014,"DWFN","Belize","Other_Country_Catch_in_National_Waters",0
2015,"DWFN","Belize","Other_Country_Catch_in_National_Waters",0
2016,"DWFN","Belize","Other_Country_Catch_in_National_Waters",0
2017,"DWFN","Belize","Other_Country_Catch_in_National_Waters",0
2018,"DWFN","Belize","Other_Country_Catch_in_National_Waters",0
2019,"DWFN","Belize","Other_Country_Catch_in_National_Waters",0
2020,"DWFN","Belize","Other_Country_Catch_in_National_Waters",0
2021,"DWFN","Belize","Other_Country_Catch_in_National_Waters",0
2022,"DWFN","Belize","Other_Country_Catch_in_National_Waters",0
2023,"DWFN","Belize","Other_Country_Catch_in_National_Waters",0
2024,"DWFN","Belize","Other_Country_Catch_in_National_Waters",0
1997,"DWFN","Canada","Other_Country_Catch_in_National_Waters",0
1998,"DWFN","Canada","Other_Country_Catch_in_National_Waters",0
1999,"DWFN","Canada","Other_Country_Catch_in_National_Waters",0
2000,"DWFN","Canada","Other_Country_Catch_in_National_Waters",0
2001,"DWFN","Canada","Other_Country_Catch_in_National_Waters",0
2002,"DWFN","Canada","Other_Country_Catch_in_National_Waters",0
2003,"DWFN","Canada","Other_Country_Catch_in_National_Waters",0
2004,"DWFN","Canada","Other_Country_Catch_in_National_Waters",0
2005,"DWFN","Canada","Other_Country_Catch_in_National_Waters",0
2006,"DWFN","Canada","Other_Country_Catch_in_National_Waters",0
2007,"DWFN","Canada","Other_Country_Catch_in_National_Waters",0
2008,"DWFN","Canada","Other_Country_Catch_in_National_Waters",0
2009,"DWFN","Canada","Other_Country_Catch_in_National_Waters",0
2010,"DWFN","Canada","Other_Country_Catch_in_National_Waters",0
2011,"DWFN","Canada","Other_Country_Catch_in_National_Waters",0
2012,"DWFN","Canada","Other_Country_Catch_in_National_Waters",0
2013,"DWFN","Canada","Other_Country_Catch_in_National_Waters",0
2014,"DWFN","Canada","Other_Country_Catch_in_National_Waters",0
2015,"DWFN","Canada","Other_Country_Catch_in_National_Waters",0
2016,"DWFN","Canada","Other_Country_Catch_in_National_Waters",0
2017,"DWFN","Canada","Other_Country_Catch_in_National_Waters",0
2018,"DWFN","Canada","Other_Country_Catch_in_National_Waters",0
2019,"DWFN","Canada","Other_Country_Catch_in_National_Waters",0
2020,"DWFN","Canada","Other_Country_Catch_in_National_Waters",0
2021,"DWFN","Canada","Other_Country_Catch_in_National_Waters",0
2022,"DWFN","Canada","Other_Country_Catch_in_National_Waters",0
2023,"DWFN","Canada","Other_Country_Catch_in_National_Waters",0
2024,"DWFN","Canada","Other_Country_Catch_in_National_Waters",0
1997,"DWFN","China","Other_Country_Catch_in_National_Waters",25
1998,"DWFN","China","Other_Country_Catch_in_National_Waters",5
1999,"DWFN","China","Other_Country_Catch_in_National_Waters",0
2000,"DWFN","China","Other_Country_Catch_in_National_Waters",9
2001,"DWFN","China","Other_Country_Catch_in_National_Waters",9
2002,"DWFN","China","Other_Country_Catch_in_National_Waters",8
2003,"DWFN","China","Other_Country_Catch_in_National_Waters",1
2004,"DWFN","China","Other_Country_Catch_in_National_Waters",20
2005,"DWFN","China","Other_Country_Catch_in_National_Waters",5
2006,"DWFN","China","Other_Country_Catch_in_National_Waters",8
2007,"DWFN","China","Other_Country_Catch_in_National_Waters",12
2008,"DWFN","China","Other_Country_Catch_in_National_Waters",0
2009,"DWFN","China","Other_Country_Catch_in_National_Waters",1
2010,"DWFN","China","Other_Country_Catch_in_National_Waters",0
2011,"DWFN","China","Other_Country_Catch_in_National_Waters",1
2012,"DWFN","China","Other_Country_Catch_in_National_Waters",0
2013,"DWFN","China","Other_Country_Catch_in_National_Waters",1
2014,"DWFN","China","Other_Country_Catch_in_National_Waters",0
2015,"DWFN","China","Other_Country_Catch_in_National_Waters",5
2016,"DWFN","China","Other_Country_Catch_in_National_Waters",3
2017,"DWFN","China","Other_Country_Catch_in_National_Waters",2
2018,"DWFN","China","Other_Country_Catch_in_National_Waters",2
2019,"DWFN","China","Other_Country_Catch_in_National_Waters",0
2020,"DWFN","China","Other_Country_Catch_in_National_Waters",0
2021,"DWFN","China","Other_Country_Catch_in_National_Waters",0
2022,"DWFN","China","Other_Country_Catch_in_National_Waters",0
2023,"DWFN","China","Other_Country_Catch_in_National_Waters",4
2024,"DWFN","China","Other_Country_Catch_in_National_Waters",0
1997,"DWFN","Eastern Pacific fleet","Other_Country_Catch_in_National_Waters",0
1998,"DWFN","Eastern Pacific fleet","Other_Country_Catch_in_National_Waters",0
1999,"DWFN","Eastern Pacific fleet","Other_Country_Catch_in_National_Waters",0
2000,"DWFN","Eastern Pacific fleet","Other_Country_Catch_in_National_Waters",0
2001,"DWFN","Eastern Pacific fleet","Other_Country_Catch_in_National_Waters",0
2002,"DWFN","Eastern Pacific fleet","Other_Country_Catch_in_National_Waters",0
2003,"DWFN","Eastern Pacific fleet","Other_Country_Catch_in_National_Waters",0
2004,"DWFN","Eastern Pacific fleet","Other_Country_Catch_in_National_Waters",0
2005,"DWFN","Eastern Pacific fleet","Other_Country_Catch_in_National_Waters",0
2006,"DWFN","Eastern Pacific fleet","Other_Country_Catch_in_National_Waters",0
2007,"DWFN","Eastern Pacific fleet","Other_Country_Catch_in_National_Waters",0
2008,"DWFN","Eastern Pacific fleet","Other_Country_Catch_in_National_Waters",0
2009,"DWFN","Eastern Pacific fleet","Other_Country_Catch_in_National_Waters",0
2010,"DWFN","Eastern Pacific fleet","Other_Country_Catch_in_National_Waters",0
2011,"DWFN","Eastern Pacific fleet","Other_Country_Catch_in_National_Waters",0
2012,"DWFN","Eastern Pacific fleet","Other_Country_Catch_in_National_Waters",0
2013,"DWFN","Eastern Pacific fleet","Other_Country_Catch_in_National_Waters",0
2014,"DWFN","Eastern Pacific fleet","Other_Country_Catch_in_National_Waters",0
2015,"DWFN","Eastern Pacific fleet","Other_Country_Catch_in_National_Waters",0
2016,"DWFN","Eastern Pacific fleet","Other_Country_Catch_in_National_Waters",0
2017,"DWFN","Eastern Pacific fleet","Other_Country_Catch_in_National_Waters",0
2018,"DWFN","Eastern Pacific fleet","Other_Country_Catch_in_National_Waters",0
2019,"DWFN","Eastern Pacific fleet","Other_Country_Catch_in_National_Waters",0
2020,"DWFN","Eastern Pacific fleet","Other_Country_Catch_in_National_Waters",0
2021,"DWFN","Eastern Pacific fleet","Other_Country_Catch_in_National_Waters",0
2022,"DWFN","Eastern Pacific fleet","Other_Country_Catch_in_National_Waters",0
2023,"DWFN","Eastern Pacific fleet","Other_Country_Catch_in_National_Waters",0
2024,"DWFN","Eastern Pacific fleet","Other_Country_Catch_in_National_Waters",0
1997,"DWFN","Ecuador","Other_Country_Catch_in_National_Waters",0
1998,"DWFN","Ecuador","Other_Country_Catch_in_National_Waters",0
1999,"DWFN","Ecuador","Other_Country_Catch_in_National_Waters",0
2000,"DWFN","Ecuador","Other_Country_Catch_in_National_Waters",0
2001,"DWFN","Ecuador","Other_Country_Catch_in_National_Waters",0
2002,"DWFN","Ecuador","Other_Country_Catch_in_National_Waters",0
2003,"DWFN","Ecuador","Other_Country_Catch_in_National_Waters",0
2004,"DWFN","Ecuador","Other_Country_Catch_in_National_Waters",0
2005,"DWFN","Ecuador","Other_Country_Catch_in_National_Waters",0
2006,"DWFN","Ecuador","Other_Country_Catch_in_National_Waters",0
2007,"DWFN","Ecuador","Other_Country_Catch_in_National_Waters",0
2008,"DWFN","Ecuador","Other_Country_Catch_in_National_Waters",0
2009,"DWFN","Ecuador","Other_Country_Catch_in_National_Waters",0
2010,"DWFN","Ecuador","Other_Country_Catch_in_National_Waters",0
2011,"DWFN","Ecuador","Other_Country_Catch_in_National_Waters",0
2012,"DWFN","Ecuador","Other_Country_Catch_in_National_Waters",0
2013,"DWFN","Ecuador","Other_Country_Catch_in_National_Waters",0
2014,"DWFN","Ecuador","Other_Country_Catch_in_National_Waters",0
2015,"DWFN","Ecuador","Other_Country_Catch_in_National_Waters",0
2016,"DWFN","Ecuador","Other_Country_Catch_in_National_Waters",0
2017,"DWFN","Ecuador","Other_Country_Catch_in_National_Waters",0
2018,"DWFN","Ecuador","Other_Country_Catch_in_National_Waters",0
2019,"DWFN","Ecuador","Other_Country_Catch_in_National_Waters",0
2020,"DWFN","Ecuador","Other_Country_Catch_in_National_Waters",0
2021,"DWFN","Ecuador","Other_Country_Catch_in_National_Waters",0
2022,"DWFN","Ecuador","Other_Country_Catch_in_National_Waters",0
2023,"DWFN","Ecuador","Other_Country_Catch_in_National_Waters",0
2024,"DWFN","Ecuador","Other_Country_Catch_in_National_Waters",0
1997,"DWFN","El Salvador","Other_Country_Catch_in_National_Waters",0
1998,"DWFN","El Salvador","Other_Country_Catch_in_National_Waters",0
1999,"DWFN","El Salvador","Other_Country_Catch_in_National_Waters",0
2000,"DWFN","El Salvador","Other_Country_Catch_in_National_Waters",0
2001,"DWFN","El Salvador","Other_Country_Catch_in_National_Waters",0
2002,"DWFN","El Salvador","Other_Country_Catch_in_National_Waters",0
2003,"DWFN","El Salvador","Other_Country_Catch_in_National_Waters",0
2004,"DWFN","El Salvador","Other_Country_Catch_in_National_Waters",0
2005,"DWFN","El Salvador","Other_Country_Catch_in_National_Waters",0
2006,"DWFN","El Salvador","Other_Country_Catch_in_National_Waters",0
2007,"DWFN","El Salvador","Other_Country_Catch_in_National_Waters",0
2008,"DWFN","El Salvador","Other_Country_Catch_in_National_Waters",0
2009,"DWFN","El Salvador","Other_Country_Catch_in_National_Waters",0
2010,"DWFN","El Salvador","Other_Country_Catch_in_National_Waters",0
2011,"DWFN","El Salvador","Other_Country_Catch_in_National_Waters",0
2012,"DWFN","El Salvador","Other_Country_Catch_in_National_Waters",0
2013,"DWFN","El Salvador","Other_Country_Catch_in_National_Waters",0
2014,"DWFN","El Salvador","Other_Country_Catch_in_National_Waters",0
2015,"DWFN","El Salvador","Other_Country_Catch_in_National_Waters",0
2016,"DWFN","El Salvador","Other_Country_Catch_in_National_Waters",0
2017,"DWFN","El Salvador","Other_Country_Catch_in_National_Waters",0
2018,"DWFN","El Salvador","Other_Country_Catch_in_National_Waters",0
2019,"DWFN","El Salvador","Other_Country_Catch_in_National_Waters",0
2020,"DWFN","El Salvador","Other_Country_Catch_in_National_Waters",0
2021,"DWFN","El Salvador","Other_Country_Catch_in_National_Waters",0
2022,"DWFN","El Salvador","Other_Country_Catch_in_National_Waters",0
2023,"DWFN","El Salvador","Other_Country_Catch_in_National_Waters",0
2024,"DWFN","El Salvador","Other_Country_Catch_in_National_Waters",0
1997,"DWFN","Indonesia","Other_Country_Catch_in_National_Waters",1212
1998,"DWFN","Indonesia","Other_Country_Catch_in_National_Waters",647
1999,"DWFN","Indonesia","Other_Country_Catch_in_National_Waters",181
2000,"DWFN","Indonesia","Other_Country_Catch_in_National_Waters",484
2001,"DWFN","Indonesia","Other_Country_Catch_in_National_Waters",59
2002,"DWFN","Indonesia","Other_Country_Catch_in_National_Waters",162
2003,"DWFN","Indonesia","Other_Country_Catch_in_National_Waters",1886
2004,"DWFN","Indonesia","Other_Country_Catch_in_National_Waters",1378
2005,"DWFN","Indonesia","Other_Country_Catch_in_National_Waters",936
2006,"DWFN","Indonesia","Other_Country_Catch_in_National_Waters",502
2007,"DWFN","Indonesia","Other_Country_Catch_in_National_Waters",952
2008,"DWFN","Indonesia","Other_Country_Catch_in_National_Waters",848
2009,"DWFN","Indonesia","Other_Country_Catch_in_National_Waters",831
2010,"DWFN","Indonesia","Other_Country_Catch_in_National_Waters",201
2011,"DWFN","Indonesia","Other_Country_Catch_in_National_Waters",160
2012,"DWFN","Indonesia","Other_Country_Catch_in_National_Waters",336
2013,"DWFN","Indonesia","Other_Country_Catch_in_National_Waters",134
2014,"DWFN","Indonesia","Other_Country_Catch_in_National_Waters",101
2015,"DWFN","Indonesia","Other_Country_Catch_in_National_Waters",3
2016,"DWFN","Indonesia","Other_Country_Catch_in_National_Waters",5
2017,"DWFN","Indonesia","Other_Country_Catch_in_National_Waters",2
2018,"DWFN","Indonesia","Other_Country_Catch_in_National_Waters",2
2019,"DWFN","Indonesia","Other_Country_Catch_in_National_Waters",75
2020,"DWFN","Indonesia","Other_Country_Catch_in_National_Waters",0
2021,"DWFN","Indonesia","Other_Country_Catch_in_National_Waters",45
2022,"DWFN","Indonesia","Other_Country_Catch_in_National_Waters",0
2023,"DWFN","Indonesia","Other_Country_Catch_in_National_Waters",0
2024,"DWFN","Indonesia","Other_Country_Catch_in_National_Waters",335
1997,"DWFN","Japan","Other_Country_Catch_in_National_Waters",0
1998,"DWFN","Japan","Other_Country_Catch_in_National_Waters",0
1999,"DWFN","Japan","Other_Country_Catch_in_National_Waters",0
2000,"DWFN","Japan","Other_Country_Catch_in_National_Waters",0
2001,"DWFN","Japan","Other_Country_Catch_in_National_Waters",0
2002,"DWFN","Japan","Other_Country_Catch_in_National_Waters",0
2003,"DWFN","Japan","Other_Country_Catch_in_National_Waters",0
2004,"DWFN","Japan","Other_Country_Catch_in_National_Waters",0
2005,"DWFN","Japan","Other_Country_Catch_in_National_Waters",0
2006,"DWFN","Japan","Other_Country_Catch_in_National_Waters",0
2007,"DWFN","Japan","Other_Country_Catch_in_National_Waters",0
2008,"DWFN","Japan","Other_Country_Catch_in_National_Waters",0
2009,"DWFN","Japan","Other_Country_Catch_in_National_Waters",0
2010,"DWFN","Japan","Other_Country_Catch_in_National_Waters",0
2011,"DWFN","Japan","Other_Country_Catch_in_National_Waters",0
2012,"DWFN","Japan","Other_Country_Catch_in_National_Waters",0
2013,"DWFN","Japan","Other_Country_Catch_in_National_Waters",0
2014,"DWFN","Japan","Other_Country_Catch_in_National_Waters",0
2015,"DWFN","Japan","Other_Country_Catch_in_National_Waters",0
2016,"DWFN","Japan","Other_Country_Catch_in_National_Waters",0
2017,"DWFN","Japan","Other_Country_Catch_in_National_Waters",0
2018,"DWFN","Japan","Other_Country_Catch_in_National_Waters",0
2019,"DWFN","Japan","Other_Country_Catch_in_National_Waters",0
2020,"DWFN","Japan","Other_Country_Catch_in_National_Waters",0
2021,"DWFN","Japan","Other_Country_Catch_in_National_Waters",0
2022,"DWFN","Japan","Other_Country_Catch_in_National_Waters",0
2023,"DWFN","Japan","Other_Country_Catch_in_National_Waters",0
2024,"DWFN","Japan","Other_Country_Catch_in_National_Waters",714
1997,"DWFN","Korea","Other_Country_Catch_in_National_Waters",0
1998,"DWFN","Korea","Other_Country_Catch_in_National_Waters",0
1999,"DWFN","Korea","Other_Country_Catch_in_National_Waters",0
2000,"DWFN","Korea","Other_Country_Catch_in_National_Waters",0
2001,"DWFN","Korea","Other_Country_Catch_in_National_Waters",0
2002,"DWFN","Korea","Other_Country_Catch_in_National_Waters",0
2003,"DWFN","Korea","Other_Country_Catch_in_National_Waters",0
2004,"DWFN","Korea","Other_Country_Catch_in_National_Waters",0
2005,"DWFN","Korea","Other_Country_Catch_in_National_Waters",0
2006,"DWFN","Korea","Other_Country_Catch_in_National_Waters",0
2007,"DWFN","Korea","Other_Country_Catch_in_National_Waters",0
2008,"DWFN","Korea","Other_Country_Catch_in_National_Waters",376
2009,"DWFN","Korea","Other_Country_Catch_in_National_Waters",62
2010,"DWFN","Korea","Other_Country_Catch_in_National_Waters",325
2011,"DWFN","Korea","Other_Country_Catch_in_National_Waters",71
2012,"DWFN","Korea","Other_Country_Catch_in_National_Waters",299
2013,"DWFN","Korea","Other_Country_Catch_in_National_Waters",234
2014,"DWFN","Korea","Other_Country_Catch_in_National_Waters",44
2015,"DWFN","Korea","Other_Country_Catch_in_National_Waters",33
2016,"DWFN","Korea","Other_Country_Catch_in_National_Waters",2
2017,"DWFN","Korea","Other_Country_Catch_in_National_Waters",24
2018,"DWFN","Korea","Other_Country_Catch_in_National_Waters",109
2019,"DWFN","Korea","Other_Country_Catch_in_National_Waters",4
2020,"DWFN","Korea","Other_Country_Catch_in_National_Waters",12
2021,"DWFN","Korea","Other_Country_Catch_in_National_Waters",0
2022,"DWFN","Korea","Other_Country_Catch_in_National_Waters",0
2023,"DWFN","Korea","Other_Country_Catch_in_National_Waters",0
2024,"DWFN","Korea","Other_Country_Catch_in_National_Waters",70
1997,"DWFN","Philippines","Other_Country_Catch_in_National_Waters",4
1998,"DWFN","Philippines","Other_Country_Catch_in_National_Waters",0
1999,"DWFN","Philippines","Other_Country_Catch_in_National_Waters",5
2000,"DWFN","Philippines","Other_Country_Catch_in_National_Waters",0
2001,"DWFN","Philippines","Other_Country_Catch_in_National_Waters",11
2002,"DWFN","Philippines","Other_Country_Catch_in_National_Waters",2
2003,"DWFN","Philippines","Other_Country_Catch_in_National_Waters",0
2004,"DWFN","Philippines","Other_Country_Catch_in_National_Waters",12
2005,"DWFN","Philippines","Other_Country_Catch_in_National_Waters",4
2006,"DWFN","Philippines","Other_Country_Catch_in_National_Waters",3
2007,"DWFN","Philippines","Other_Country_Catch_in_National_Waters",0
2008,"DWFN","Philippines","Other_Country_Catch_in_National_Waters",8
2009,"DWFN","Philippines","Other_Country_Catch_in_National_Waters",0
2010,"DWFN","Philippines","Other_Country_Catch_in_National_Waters",0
2011,"DWFN","Philippines","Other_Country_Catch_in_National_Waters",0
2012,"DWFN","Philippines","Other_Country_Catch_in_National_Waters",0
2013,"DWFN","Philippines","Other_Country_Catch_in_National_Waters",1
2014,"DWFN","Philippines","Other_Country_Catch_in_National_Waters",1
2015,"DWFN","Philippines","Other_Country_Catch_in_National_Waters",0
2016,"DWFN","Philippines","Other_Country_Catch_in_National_Waters",1
2017,"DWFN","Philippines","Other_Country_Catch_in_National_Waters",151
2018,"DWFN","Philippines","Other_Country_Catch_in_National_Waters",128
2019,"DWFN","Philippines","Other_Country_Catch_in_National_Waters",105
2020,"DWFN","Philippines","Other_Country_Catch_in_National_Waters",230
2021,"DWFN","Philippines","Other_Country_Catch_in_National_Waters",93
2022,"DWFN","Philippines","Other_Country_Catch_in_National_Waters",51
2023,"DWFN","Philippines","Other_Country_Catch_in_National_Waters",108
2024,"DWFN","Philippines","Other_Country_Catch_in_National_Waters",20
1997,"DWFN","Portugal","Other_Country_Catch_in_National_Waters",0
1998,"DWFN","Portugal","Other_Country_Catch_in_National_Waters",0
1999,"DWFN","Portugal","Other_Country_Catch_in_National_Waters",0
2000,"DWFN","Portugal","Other_Country_Catch_in_National_Waters",0
2001,"DWFN","Portugal","Other_Country_Catch_in_National_Waters",0
2002,"DWFN","Portugal","Other_Country_Catch_in_National_Waters",0
2003,"DWFN","Portugal","Other_Country_Catch_in_National_Waters",0
2004,"DWFN","Portugal","Other_Country_Catch_in_National_Waters",0
2005,"DWFN","Portugal","Other_Country_Catch_in_National_Waters",0
2006,"DWFN","Portugal","Other_Country_Catch_in_National_Waters",0
2007,"DWFN","Portugal","Other_Country_Catch_in_National_Waters",0
2008,"DWFN","Portugal","Other_Country_Catch_in_National_Waters",0
2009,"DWFN","Portugal","Other_Country_Catch_in_National_Waters",0
2010,"DWFN","Portugal","Other_Country_Catch_in_National_Waters",0
2011,"DWFN","Portugal","Other_Country_Catch_in_National_Waters",0
2012,"DWFN","Portugal","Other_Country_Catch_in_National_Waters",0
2013,"DWFN","Portugal","Other_Country_Catch_in_National_Waters",0
2014,"DWFN","Portugal","Other_Country_Catch_in_National_Waters",0
2015,"DWFN","Portugal","Other_Country_Catch_in_National_Waters",0
2016,"DWFN","Portugal","Other_Country_Catch_in_National_Waters",0
2017,"DWFN","Portugal","Other_Country_Catch_in_National_Waters",0
2018,"DWFN","Portugal","Other_Country_Catch_in_National_Waters",0
2019,"DWFN","Portugal","Other_Country_Catch_in_National_Waters",0
2020,"DWFN","Portugal","Other_Country_Catch_in_National_Waters",0
2021,"DWFN","Portugal","Other_Country_Catch_in_National_Waters",0
2022,"DWFN","Portugal","Other_Country_Catch_in_National_Waters",0
2023,"DWFN","Portugal","Other_Country_Catch_in_National_Waters",0
2024,"DWFN","Portugal","Other_Country_Catch_in_National_Waters",0
1997,"DWFN","Senegal","Other_Country_Catch_in_National_Waters",0
1998,"DWFN","Senegal","Other_Country_Catch_in_National_Waters",0
1999,"DWFN","Senegal","Other_Country_Catch_in_National_Waters",0
2000,"DWFN","Senegal","Other_Country_Catch_in_National_Waters",0
2001,"DWFN","Senegal","Other_Country_Catch_in_National_Waters",0
2002,"DWFN","Senegal","Other_Country_Catch_in_National_Waters",0
2003,"DWFN","Senegal","Other_Country_Catch_in_National_Waters",0
2004,"DWFN","Senegal","Other_Country_Catch_in_National_Waters",0
2005,"DWFN","Senegal","Other_Country_Catch_in_National_Waters",0
2006,"DWFN","Senegal","Other_Country_Catch_in_National_Waters",0
2007,"DWFN","Senegal","Other_Country_Catch_in_National_Waters",0
2008,"DWFN","Senegal","Other_Country_Catch_in_National_Waters",0
2009,"DWFN","Senegal","Other_Country_Catch_in_National_Waters",0
2010,"DWFN","Senegal","Other_Country_Catch_in_National_Waters",0
2011,"DWFN","Senegal","Other_Country_Catch_in_National_Waters",0
2012,"DWFN","Senegal","Other_Country_Catch_in_National_Waters",0
2013,"DWFN","Senegal","Other_Country_Catch_in_National_Waters",0
2014,"DWFN","Senegal","Other_Country_Catch_in_National_Waters",0
2015,"DWFN","Senegal","Other_Country_Catch_in_National_Waters",0
2016,"DWFN","Senegal","Other_Country_Catch_in_National_Waters",0
2017,"DWFN","Senegal","Other_Country_Catch_in_National_Waters",0
2018,"DWFN","Senegal","Other_Country_Catch_in_National_Waters",0
2019,"DWFN","Senegal","Other_Country_Catch_in_National_Waters",0
2020,"DWFN","Senegal","Other_Country_Catch_in_National_Waters",0
2021,"DWFN","Senegal","Other_Country_Catch_in_National_Waters",0
2022,"DWFN","Senegal","Other_Country_Catch_in_National_Waters",0
2023,"DWFN","Senegal","Other_Country_Catch_in_National_Waters",0
2024,"DWFN","Senegal","Other_Country_Catch_in_National_Waters",0
1997,"DWFN","Spain","Other_Country_Catch_in_National_Waters",0
1998,"DWFN","Spain","Other_Country_Catch_in_National_Waters",0
1999,"DWFN","Spain","Other_Country_Catch_in_National_Waters",0
2000,"DWFN","Spain","Other_Country_Catch_in_National_Waters",0
2001,"DWFN","Spain","Other_Country_Catch_in_National_Waters",0
2002,"DWFN","Spain","Other_Country_Catch_in_National_Waters",0
2003,"DWFN","Spain","Other_Country_Catch_in_National_Waters",0
2004,"DWFN","Spain","Other_Country_Catch_in_National_Waters",0
2005,"DWFN","Spain","Other_Country_Catch_in_National_Waters",0
2006,"DWFN","Spain","Other_Country_Catch_in_National_Waters",0
2007,"DWFN","Spain","Other_Country_Catch_in_National_Waters",0
2008,"DWFN","Spain","Other_Country_Catch_in_National_Waters",0
2009,"DWFN","Spain","Other_Country_Catch_in_National_Waters",0
2010,"DWFN","Spain","Other_Country_Catch_in_National_Waters",0
2011,"DWFN","Spain","Other_Country_Catch_in_National_Waters",0
2012,"DWFN","Spain","Other_Country_Catch_in_National_Waters",0
2013,"DWFN","Spain","Other_Country_Catch_in_National_Waters",0
2014,"DWFN","Spain","Other_Country_Catch_in_National_Waters",0
2015,"DWFN","Spain","Other_Country_Catch_in_National_Waters",0
2016,"DWFN","Spain","Other_Country_Catch_in_National_Waters",0
2017,"DWFN","Spain","Other_Country_Catch_in_National_Waters",0
2018,"DWFN","Spain","Other_Country_Catch_in_National_Waters",0
2019,"DWFN","Spain","Other_Country_Catch_in_National_Waters",0
2020,"DWFN","Spain","Other_Country_Catch_in_National_Waters",0
2021,"DWFN","Spain","Other_Country_Catch_in_National_Waters",0
2022,"DWFN","Spain","Other_Country_Catch_in_National_Waters",0
2023,"DWFN","Spain","Other_Country_Catch_in_National_Waters",0
2024,"DWFN","Spain","Other_Country_Catch_in_National_Waters",0
1997,"DWFN","Taiwan","Other_Country_Catch_in_National_Waters",0
1998,"DWFN","Taiwan","Other_Country_Catch_in_National_Waters",0
1999,"DWFN","Taiwan","Other_Country_Catch_in_National_Waters",0
2000,"DWFN","Taiwan","Other_Country_Catch_in_National_Waters",0
2001,"DWFN","Taiwan","Other_Country_Catch_in_National_Waters",0
2002,"DWFN","Taiwan","Other_Country_Catch_in_National_Waters",0
2003,"DWFN","Taiwan","Other_Country_Catch_in_National_Waters",0
2004,"DWFN","Taiwan","Other_Country_Catch_in_National_Waters",0
2005,"DWFN","Taiwan","Other_Country_Catch_in_National_Waters",0
2006,"DWFN","Taiwan","Other_Country_Catch_in_National_Waters",0
2007,"DWFN","Taiwan","Other_Country_Catch_in_National_Waters",0
2008,"DWFN","Taiwan","Other_Country_Catch_in_National_Waters",0
2009,"DWFN","Taiwan","Other_Country_Catch_in_National_Waters",0
2010,"DWFN","Taiwan","Other_Country_Catch_in_National_Waters",0
2011,"DWFN","Taiwan","Other_Country_Catch_in_National_Waters",0
2012,"DWFN","Taiwan","Other_Country_Catch_in_National_Waters",0
2013,"DWFN","Taiwan","Other_Country_Catch_in_National_Waters",0
2014,"DWFN","Taiwan","Other_Country_Catch_in_National_Waters",0
2015,"DWFN","Taiwan","Other_Country_Catch_in_National_Waters",0
2016,"DWFN","Taiwan","Other_Country_Catch_in_National_Waters",0
2017,"DWFN","Taiwan","Other_Country_Catch_in_National_Waters",0
2018,"DWFN","Taiwan","Other_Country_Catch_in_National_Waters",0
2019,"DWFN","Taiwan","Other_Country_Catch_in_National_Waters",0
2020,"DWFN","Taiwan","Other_Country_Catch_in_National_Waters",0
2021,"DWFN","Taiwan","Other_Country_Catch_in_National_Waters",0
2022,"DWFN","Taiwan","Other_Country_Catch_in_National_Waters",0
2023,"DWFN","Taiwan","Other_Country_Catch_in_National_Waters",0
2024,"DWFN","Taiwan","Other_Country_Catch_in_National_Waters",0
1997,"DWFN","Vietnam","Other_Country_Catch_in_National_Waters",0
1998,"DWFN","Vietnam","Other_Country_Catch_in_National_Waters",0
1999,"DWFN","Vietnam","Other_Country_Catch_in_National_Waters",0
2000,"DWFN","Vietnam","Other_Country_Catch_in_National_Waters",0
2001,"DWFN","Vietnam","Other_Country_Catch_in_National_Waters",0
2002,"DWFN","Vietnam","Other_Country_Catch_in_National_Waters",0
2003,"DWFN","Vietnam","Other_Country_Catch_in_National_Waters",0
2004,"DWFN","Vietnam","Other_Country_Catch_in_National_Waters",0
2005,"DWFN","Vietnam","Other_Country_Catch_in_National_Waters",0
2006,"DWFN","Vietnam","Other_Country_Catch_in_National_Waters",0
2007,"DWFN","Vietnam","Other_Country_Catch_in_National_Waters",0
2008,"DWFN","Vietnam","Other_Country_Catch_in_National_Waters",0
2009,"DWFN","Vietnam","Other_Country_Catch_in_National_Waters",0
2010,"DWFN","Vietnam","Other_Country_Catch_in_National_Waters",0
2011,"DWFN","Vietnam","Other_Country_Catch_in_National_Waters",0
2012,"DWFN","Vietnam","Other_Country_Catch_in_National_Waters",0
2013,"DWFN","Vietnam","Other_Country_Catch_in_National_Waters",0
2014,"DWFN","Vietnam","Other_Country_Catch_in_National_Waters",0
2015,"DWFN","Vietnam","Other_Country_Catch_in_National_Waters",0
2016,"DWFN","Vietnam","Other_Country_Catch_in_National_Waters",0
2017,"DWFN","Vietnam","Other_Country_Catch_in_National_Waters",0
2018,"DWFN","Vietnam","Other_Country_Catch_in_National_Waters",0
2019,"DWFN","Vietnam","Other_Country_Catch_in_National_Waters",0
2020,"DWFN","Vietnam","Other_Country_Catch_in_National_Waters",0
2021,"DWFN","Vietnam","Other_Country_Catch_in_National_Waters",0
2022,"DWFN","Vietnam","Other_Country_Catch_in_National_Waters",0
2023,"DWFN","Vietnam","Other_Country_Catch_in_National_Waters",0
2024,"DWFN","Vietnam","Other_Country_Catch_in_National_Waters",0
1997,"FFA Member","Australia","Other_Country_Catch_in_National_Waters",3679
1998,"FFA Member","Australia","Other_Country_Catch_in_National_Waters",0
1999,"FFA Member","Australia","Other_Country_Catch_in_National_Waters",0
2000,"FFA Member","Australia","Other_Country_Catch_in_National_Waters",0
2001,"FFA Member","Australia","Other_Country_Catch_in_National_Waters",0
2002,"FFA Member","Australia","Other_Country_Catch_in_National_Waters",0
2003,"FFA Member","Australia","Other_Country_Catch_in_National_Waters",0
2004,"FFA Member","Australia","Other_Country_Catch_in_National_Waters",0
2005,"FFA Member","Australia","Other_Country_Catch_in_National_Waters",0
2006,"FFA Member","Australia","Other_Country_Catch_in_National_Waters",0
2007,"FFA Member","Australia","Other_Country_Catch_in_National_Waters",0
2008,"FFA Member","Australia","Other_Country_Catch_in_National_Waters",0
2009,"FFA Member","Australia","Other_Country_Catch_in_National_Waters",22
2010,"FFA Member","Australia","Other_Country_Catch_in_National_Waters",0
2011,"FFA Member","Australia","Other_Country_Catch_in_National_Waters",0
2012,"FFA Member","Australia","Other_Country_Catch_in_National_Waters",0
2013,"FFA Member","Australia","Other_Country_Catch_in_National_Waters",0
2014,"FFA Member","Australia","Other_Country_Catch_in_National_Waters",0
2015,"FFA Member","Australia","Other_Country_Catch_in_National_Waters",0
2016,"FFA Member","Australia","Other_Country_Catch_in_National_Waters",1
2017,"FFA Member","Australia","Other_Country_Catch_in_National_Waters",0
2018,"FFA Member","Australia","Other_Country_Catch_in_National_Waters",0
2019,"FFA Member","Australia","Other_Country_Catch_in_National_Waters",0
2020,"FFA Member","Australia","Other_Country_Catch_in_National_Waters",0
2021,"FFA Member","Australia","Other_Country_Catch_in_National_Waters",0
2022,"FFA Member","Australia","Other_Country_Catch_in_National_Waters",0
2023,"FFA Member","Australia","Other_Country_Catch_in_National_Waters",0
2024,"FFA Member","Australia","Other_Country_Catch_in_National_Waters",103
1997,"FFA Member","Cook Islands","Other_Country_Catch_in_National_Waters",236
1998,"FFA Member","Cook Islands","Other_Country_Catch_in_National_Waters",744
1999,"FFA Member","Cook Islands","Other_Country_Catch_in_National_Waters",283
2000,"FFA Member","Cook Islands","Other_Country_Catch_in_National_Waters",318
2001,"FFA Member","Cook Islands","Other_Country_Catch_in_National_Waters",1491
2002,"FFA Member","Cook Islands","Other_Country_Catch_in_National_Waters",4588
2003,"FFA Member","Cook Islands","Other_Country_Catch_in_National_Waters",612
2004,"FFA Member","Cook Islands","Other_Country_Catch_in_National_Waters",460
2005,"FFA Member","Cook Islands","Other_Country_Catch_in_National_Waters",18
2006,"FFA Member","Cook Islands","Other_Country_Catch_in_National_Waters",15
2007,"FFA Member","Cook Islands","Other_Country_Catch_in_National_Waters",711
2008,"FFA Member","Cook Islands","Other_Country_Catch_in_National_Waters",1520
2009,"FFA Member","Cook Islands","Other_Country_Catch_in_National_Waters",4743
2010,"FFA Member","Cook Islands","Other_Country_Catch_in_National_Waters",3854
2011,"FFA Member","Cook Islands","Other_Country_Catch_in_National_Waters",7535
2012,"FFA Member","Cook Islands","Other_Country_Catch_in_National_Waters",25490
2013,"FFA Member","Cook Islands","Other_Country_Catch_in_National_Waters",14934
2014,"FFA Member","Cook Islands","Other_Country_Catch_in_National_Waters",18474
2015,"FFA Member","Cook Islands","Other_Country_Catch_in_National_Waters",23044
2016,"FFA Member","Cook Islands","Other_Country_Catch_in_National_Waters",12167
2017,"FFA Member","Cook Islands","Other_Country_Catch_in_National_Waters",20878
2018,"FFA Member","Cook Islands","Other_Country_Catch_in_National_Waters",37170
2019,"FFA Member","Cook Islands","Other_Country_Catch_in_National_Waters",38373
2020,"FFA Member","Cook Islands","Other_Country_Catch_in_National_Waters",19566
2021,"FFA Member","Cook Islands","Other_Country_Catch_in_National_Waters",7409
2022,"FFA Member","Cook Islands","Other_Country_Catch_in_National_Waters",12161
2023,"FFA Member","Cook Islands","Other_Country_Catch_in_National_Waters",19425
2024,"FFA Member","Cook Islands","Other_Country_Catch_in_National_Waters",13809
1997,"FFA Member","Fiji","Other_Country_Catch_in_National_Waters",609
1998,"FFA Member","Fiji","Other_Country_Catch_in_National_Waters",825
1999,"FFA Member","Fiji","Other_Country_Catch_in_National_Waters",905
2000,"FFA Member","Fiji","Other_Country_Catch_in_National_Waters",993
2001,"FFA Member","Fiji","Other_Country_Catch_in_National_Waters",954
2002,"FFA Member","Fiji","Other_Country_Catch_in_National_Waters",1092
2003,"FFA Member","Fiji","Other_Country_Catch_in_National_Waters",577
2004,"FFA Member","Fiji","Other_Country_Catch_in_National_Waters",831
2005,"FFA Member","Fiji","Other_Country_Catch_in_National_Waters",603
2006,"FFA Member","Fiji","Other_Country_Catch_in_National_Waters",200
2007,"FFA Member","Fiji","Other_Country_Catch_in_National_Waters",726
2008,"FFA Member","Fiji","Other_Country_Catch_in_National_Waters",649
2009,"FFA Member","Fiji","Other_Country_Catch_in_National_Waters",803
2010,"FFA Member","Fiji","Other_Country_Catch_in_National_Waters",1366
2011,"FFA Member","Fiji","Other_Country_Catch_in_National_Waters",974
2012,"FFA Member","Fiji","Other_Country_Catch_in_National_Waters",1037
2013,"FFA Member","Fiji","Other_Country_Catch_in_National_Waters",710
2014,"FFA Member","Fiji","Other_Country_Catch_in_National_Waters",315
2015,"FFA Member","Fiji","Other_Country_Catch_in_National_Waters",2504
2016,"FFA Member","Fiji","Other_Country_Catch_in_National_Waters",2492
2017,"FFA Member","Fiji","Other_Country_Catch_in_National_Waters",1500
2018,"FFA Member","Fiji","Other_Country_Catch_in_National_Waters",49
2019,"FFA Member","Fiji","Other_Country_Catch_in_National_Waters",158
2020,"FFA Member","Fiji","Other_Country_Catch_in_National_Waters",14
2021,"FFA Member","Fiji","Other_Country_Catch_in_National_Waters",5
2022,"FFA Member","Fiji","Other_Country_Catch_in_National_Waters",343
2023,"FFA Member","Fiji","Other_Country_Catch_in_National_Waters",16
2024,"FFA Member","Fiji","Other_Country_Catch_in_National_Waters",2
1997,"FFA Member","New Zealand","Other_Country_Catch_in_National_Waters",0
1998,"FFA Member","New Zealand","Other_Country_Catch_in_National_Waters",277
1999,"FFA Member","New Zealand","Other_Country_Catch_in_National_Waters",559
2000,"FFA Member","New Zealand","Other_Country_Catch_in_National_Waters",2763
2001,"FFA Member","New Zealand","Other_Country_Catch_in_National_Waters",0
2002,"FFA Member","New Zealand","Other_Country_Catch_in_National_Waters",0
2003,"FFA Member","New Zealand","Other_Country_Catch_in_National_Waters",0
2004,"FFA Member","New Zealand","Other_Country_Catch_in_National_Waters",178
2005,"FFA Member","New Zealand","Other_Country_Catch_in_National_Waters",0
2006,"FFA Member","New Zealand","Other_Country_Catch_in_National_Waters",0
2007,"FFA Member","New Zealand","Other_Country_Catch_in_National_Waters",0
2008,"FFA Member","New Zealand","Other_Country_Catch_in_National_Waters",0
2009,"FFA Member","New Zealand","Other_Country_Catch_in_National_Waters",0
2010,"FFA Member","New Zealand","Other_Country_Catch_in_National_Waters",0
2011,"FFA Member","New Zealand","Other_Country_Catch_in_National_Waters",0
2012,"FFA Member","New Zealand","Other_Country_Catch_in_National_Waters",0
2013,"FFA Member","New Zealand","Other_Country_Catch_in_National_Waters",0
2014,"FFA Member","New Zealand","Other_Country_Catch_in_National_Waters",0
2015,"FFA Member","New Zealand","Other_Country_Catch_in_National_Waters",0
2016,"FFA Member","New Zealand","Other_Country_Catch_in_National_Waters",0
2017,"FFA Member","New Zealand","Other_Country_Catch_in_National_Waters",0
2018,"FFA Member","New Zealand","Other_Country_Catch_in_National_Waters",0
2019,"FFA Member","New Zealand","Other_Country_Catch_in_National_Waters",0
2020,"FFA Member","New Zealand","Other_Country_Catch_in_National_Waters",0
2021,"FFA Member","New Zealand","Other_Country_Catch_in_National_Waters",0
2022,"FFA Member","New Zealand","Other_Country_Catch_in_National_Waters",0
2023,"FFA Member","New Zealand","Other_Country_Catch_in_National_Waters",0
2024,"FFA Member","New Zealand","Other_Country_Catch_in_National_Waters",0
1997,"FFA Member","Niue","Other_Country_Catch_in_National_Waters",94
1998,"FFA Member","Niue","Other_Country_Catch_in_National_Waters",3
1999,"FFA Member","Niue","Other_Country_Catch_in_National_Waters",0
2000,"FFA Member","Niue","Other_Country_Catch_in_National_Waters",0
2001,"FFA Member","Niue","Other_Country_Catch_in_National_Waters",0
2002,"FFA Member","Niue","Other_Country_Catch_in_National_Waters",37
2003,"FFA Member","Niue","Other_Country_Catch_in_National_Waters",0
2004,"FFA Member","Niue","Other_Country_Catch_in_National_Waters",0
2005,"FFA Member","Niue","Other_Country_Catch_in_National_Waters",0
2006,"FFA Member","Niue","Other_Country_Catch_in_National_Waters",60
2007,"FFA Member","Niue","Other_Country_Catch_in_National_Waters",0
2008,"FFA Member","Niue","Other_Country_Catch_in_National_Waters",0
2009,"FFA Member","Niue","Other_Country_Catch_in_National_Waters",105
2010,"FFA Member","Niue","Other_Country_Catch_in_National_Waters",112
2011,"FFA Member","Niue","Other_Country_Catch_in_National_Waters",0
2012,"FFA Member","Niue","Other_Country_Catch_in_National_Waters",0
2013,"FFA Member","Niue","Other_Country_Catch_in_National_Waters",421
2014,"FFA Member","Niue","Other_Country_Catch_in_National_Waters",274
2015,"FFA Member","Niue","Other_Country_Catch_in_National_Waters",263
2016,"FFA Member","Niue","Other_Country_Catch_in_National_Waters",103
2017,"FFA Member","Niue","Other_Country_Catch_in_National_Waters",17
2018,"FFA Member","Niue","Other_Country_Catch_in_National_Waters",423
2019,"FFA Member","Niue","Other_Country_Catch_in_National_Waters",468
2020,"FFA Member","Niue","Other_Country_Catch_in_National_Waters",226
2021,"FFA Member","Niue","Other_Country_Catch_in_National_Waters",22
2022,"FFA Member","Niue","Other_Country_Catch_in_National_Waters",1
2023,"FFA Member","Niue","Other_Country_Catch_in_National_Waters",1
2024,"FFA Member","Niue","Other_Country_Catch_in_National_Waters",0
1997,"FFA Member","Samoa","Other_Country_Catch_in_National_Waters",0
1998,"FFA Member","Samoa","Other_Country_Catch_in_National_Waters",0
1999,"FFA Member","Samoa","Other_Country_Catch_in_National_Waters",277
2000,"FFA Member","Samoa","Other_Country_Catch_in_National_Waters",200
2001,"FFA Member","Samoa","Other_Country_Catch_in_National_Waters",30
2002,"FFA Member","Samoa","Other_Country_Catch_in_National_Waters",90
2003,"FFA Member","Samoa","Other_Country_Catch_in_National_Waters",0
2004,"FFA Member","Samoa","Other_Country_Catch_in_National_Waters",0
2005,"FFA Member","Samoa","Other_Country_Catch_in_National_Waters",0
2006,"FFA Member","Samoa","Other_Country_Catch_in_National_Waters",0
2007,"FFA Member","Samoa","Other_Country_Catch_in_National_Waters",4
2008,"FFA Member","Samoa","Other_Country_Catch_in_National_Waters",127
2009,"FFA Member","Samoa","Other_Country_Catch_in_National_Waters",150
2010,"FFA Member","Samoa","Other_Country_Catch_in_National_Waters",257
2011,"FFA Member","Samoa","Other_Country_Catch_in_National_Waters",820
2012,"FFA Member","Samoa","Other_Country_Catch_in_National_Waters",904
2013,"FFA Member","Samoa","Other_Country_Catch_in_National_Waters",30
2014,"FFA Member","Samoa","Other_Country_Catch_in_National_Waters",296
2015,"FFA Member","Samoa","Other_Country_Catch_in_National_Waters",1079
2016,"FFA Member","Samoa","Other_Country_Catch_in_National_Waters",2454
2017,"FFA Member","Samoa","Other_Country_Catch_in_National_Waters",231
2018,"FFA Member","Samoa","Other_Country_Catch_in_National_Waters",73
2019,"FFA Member","Samoa","Other_Country_Catch_in_National_Waters",6
2020,"FFA Member","Samoa","Other_Country_Catch_in_National_Waters",488
2021,"FFA Member","Samoa","Other_Country_Catch_in_National_Waters",215
2022,"FFA Member","Samoa","Other_Country_Catch_in_National_Waters",166
2023,"FFA Member","Samoa","Other_Country_Catch_in_National_Waters",0
2024,"FFA Member","Samoa","Other_Country_Catch_in_National_Waters",0
1997,"FFA Member","Tonga","Other_Country_Catch_in_National_Waters",0
1998,"FFA Member","Tonga","Other_Country_Catch_in_National_Waters",0
1999,"FFA Member","Tonga","Other_Country_Catch_in_National_Waters",32
2000,"FFA Member","Tonga","Other_Country_Catch_in_National_Waters",0
2001,"FFA Member","Tonga","Other_Country_Catch_in_National_Waters",24
2002,"FFA Member","Tonga","Other_Country_Catch_in_National_Waters",0
2003,"FFA Member","Tonga","Other_Country_Catch_in_National_Waters",0
2004,"FFA Member","Tonga","Other_Country_Catch_in_National_Waters",44
2005,"FFA Member","Tonga","Other_Country_Catch_in_National_Waters",0
2006,"FFA Member","Tonga","Other_Country_Catch_in_National_Waters",0
2007,"FFA Member","Tonga","Other_Country_Catch_in_National_Waters",0
2008,"FFA Member","Tonga","Other_Country_Catch_in_National_Waters",0
2009,"FFA Member","Tonga","Other_Country_Catch_in_National_Waters",0
2010,"FFA Member","Tonga","Other_Country_Catch_in_National_Waters",0
2011,"FFA Member","Tonga","Other_Country_Catch_in_National_Waters",20
2012,"FFA Member","Tonga","Other_Country_Catch_in_National_Waters",1175
2013,"FFA Member","Tonga","Other_Country_Catch_in_National_Waters",2200
2014,"FFA Member","Tonga","Other_Country_Catch_in_National_Waters",499
2015,"FFA Member","Tonga","Other_Country_Catch_in_National_Waters",1378
2016,"FFA Member","Tonga","Other_Country_Catch_in_National_Waters",2436
2017,"FFA Member","Tonga","Other_Country_Catch_in_National_Waters",1846
2018,"FFA Member","Tonga","Other_Country_Catch_in_National_Waters",1168
2019,"FFA Member","Tonga","Other_Country_Catch_in_National_Waters",2154
2020,"FFA Member","Tonga","Other_Country_Catch_in_National_Waters",1787
2021,"FFA Member","Tonga","Other_Country_Catch_in_National_Waters",1802
2022,"FFA Member","Tonga","Other_Country_Catch_in_National_Waters",1509
2023,"FFA Member","Tonga","Other_Country_Catch_in_National_Waters",2456
2024,"FFA Member","Tonga","Other_Country_Catch_in_National_Waters",1159
1997,"FFA Member","Vanuatu","Other_Country_Catch_in_National_Waters",742
1998,"FFA Member","Vanuatu","Other_Country_Catch_in_National_Waters",700
1999,"FFA Member","Vanuatu","Other_Country_Catch_in_National_Waters",942
2000,"FFA Member","Vanuatu","Other_Country_Catch_in_National_Waters",3652
2001,"FFA Member","Vanuatu","Other_Country_Catch_in_National_Waters",1883
2002,"FFA Member","Vanuatu","Other_Country_Catch_in_National_Waters",2944
2003,"FFA Member","Vanuatu","Other_Country_Catch_in_National_Waters",3014
2004,"FFA Member","Vanuatu","Other_Country_Catch_in_National_Waters",4703
2005,"FFA Member","Vanuatu","Other_Country_Catch_in_National_Waters",6914
2006,"FFA Member","Vanuatu","Other_Country_Catch_in_National_Waters",8493
2007,"FFA Member","Vanuatu","Other_Country_Catch_in_National_Waters",5365
2008,"FFA Member","Vanuatu","Other_Country_Catch_in_National_Waters",6494
2009,"FFA Member","Vanuatu","Other_Country_Catch_in_National_Waters",7181
2010,"FFA Member","Vanuatu","Other_Country_Catch_in_National_Waters",6043
2011,"FFA Member","Vanuatu","Other_Country_Catch_in_National_Waters",7828
2012,"FFA Member","Vanuatu","Other_Country_Catch_in_National_Waters",5497
2013,"FFA Member","Vanuatu","Other_Country_Catch_in_National_Waters",8087
2014,"FFA Member","Vanuatu","Other_Country_Catch_in_National_Waters",7904
2015,"FFA Member","Vanuatu","Other_Country_Catch_in_National_Waters",7693
2016,"FFA Member","Vanuatu","Other_Country_Catch_in_National_Waters",9747
2017,"FFA Member","Vanuatu","Other_Country_Catch_in_National_Waters",11047
2018,"FFA Member","Vanuatu","Other_Country_Catch_in_National_Waters",6945
2019,"FFA Member","Vanuatu","Other_Country_Catch_in_National_Waters",8128
2020,"FFA Member","Vanuatu","Other_Country_Catch_in_National_Waters",5828
2021,"FFA Member","Vanuatu","Other_Country_Catch_in_National_Waters",2117
2022,"FFA Member","Vanuatu","Other_Country_Catch_in_National_Waters",6261
2023,"FFA Member","Vanuatu","Other_Country_Catch_in_National_Waters",3760
2024,"FFA Member","Vanuatu","Other_Country_Catch_in_National_Waters",7251
1997,"High Seas","H4","Other_Country_Catch_in_National_Waters",4403
1998,"High Seas","H4","Other_Country_Catch_in_National_Waters",19594
1999,"High Seas","H4","Other_Country_Catch_in_National_Waters",16363
2000,"High Seas","H4","Other_Country_Catch_in_National_Waters",9606
2001,"High Seas","H4","Other_Country_Catch_in_National_Waters",15176
2002,"High Seas","H4","Other_Country_Catch_in_National_Waters",8704
2003,"High Seas","H4","Other_Country_Catch_in_National_Waters",8029
2004,"High Seas","H4","Other_Country_Catch_in_National_Waters",4513
2005,"High Seas","H4","Other_Country_Catch_in_National_Waters",3471
2006,"High Seas","H4","Other_Country_Catch_in_National_Waters",14300
2007,"High Seas","H4","Other_Country_Catch_in_National_Waters",7880
2008,"High Seas","H4","Other_Country_Catch_in_National_Waters",5898
2009,"High Seas","H4","Other_Country_Catch_in_National_Waters",41880
2010,"High Seas","H4","Other_Country_Catch_in_National_Waters",11680
2011,"High Seas","H4","Other_Country_Catch_in_National_Waters",6765
2012,"High Seas","H4","Other_Country_Catch_in_National_Waters",10902
2013,"High Seas","H4","Other_Country_Catch_in_National_Waters",7082
2014,"High Seas","H4","Other_Country_Catch_in_National_Waters",23028
2015,"High Seas","H4","Other_Country_Catch_in_National_Waters",21837
2016,"High Seas","H4","Other_Country_Catch_in_National_Waters",41447
2017,"High Seas","H4","Other_Country_Catch_in_National_Waters",43612
2018,"High Seas","H4","Other_Country_Catch_in_National_Waters",20093
2019,"High Seas","H4","Other_Country_Catch_in_National_Waters",22774
2020,"High Seas","H4","Other_Country_Catch_in_National_Waters",49582
2021,"High Seas","H4","Other_Country_Catch_in_National_Waters",26843
2022,"High Seas","H4","Other_Country_Catch_in_National_Waters",20735
2023,"High Seas","H4","Other_Country_Catch_in_National_Waters",20114
2024,"High Seas","H4","Other_Country_Catch_in_National_Waters",21460
1997,"High Seas","H5","Other_Country_Catch_in_National_Waters",9328
1998,"High Seas","H5","Other_Country_Catch_in_National_Waters",1192
1999,"High Seas","H5","Other_Country_Catch_in_National_Waters",7192
2000,"High Seas","H5","Other_Country_Catch_in_National_Waters",11470
2001,"High Seas","H5","Other_Country_Catch_in_National_Waters",2338
2002,"High Seas","H5","Other_Country_Catch_in_National_Waters",26571
2003,"High Seas","H5","Other_Country_Catch_in_National_Waters",1410
2004,"High Seas","H5","Other_Country_Catch_in_National_Waters",5086
2005,"High Seas","H5","Other_Country_Catch_in_National_Waters",20633
2006,"High Seas","H5","Other_Country_Catch_in_National_Waters",2003
2007,"High Seas","H5","Other_Country_Catch_in_National_Waters",10422
2008,"High Seas","H5","Other_Country_Catch_in_National_Waters",9035
2009,"High Seas","H5","Other_Country_Catch_in_National_Waters",21926
2010,"High Seas","H5","Other_Country_Catch_in_National_Waters",15158
2011,"High Seas","H5","Other_Country_Catch_in_National_Waters",13492
2012,"High Seas","H5","Other_Country_Catch_in_National_Waters",32707
2013,"High Seas","H5","Other_Country_Catch_in_National_Waters",17058
2014,"High Seas","H5","Other_Country_Catch_in_National_Waters",64828
2015,"High Seas","H5","Other_Country_Catch_in_National_Waters",174325
2016,"High Seas","H5","Other_Country_Catch_in_National_Waters",19595
2017,"High Seas","H5","Other_Country_Catch_in_National_Waters",40875
2018,"High Seas","H5","Other_Country_Catch_in_National_Waters",97888
2019,"High Seas","H5","Other_Country_Catch_in_National_Waters",122996
2020,"High Seas","H5","Other_Country_Catch_in_National_Waters",57624
2021,"High Seas","H5","Other_Country_Catch_in_National_Waters",28387
2022,"High Seas","H5","Other_Country_Catch_in_National_Waters",31187
2023,"High Seas","H5","Other_Country_Catch_in_National_Waters",86480
2024,"High Seas","H5","Other_Country_Catch_in_National_Waters",21892
1997,"High Seas","I1","Other_Country_Catch_in_National_Waters",55033
1998,"High Seas","I1","Other_Country_Catch_in_National_Waters",30881
1999,"High Seas","I1","Other_Country_Catch_in_National_Waters",63857
2000,"High Seas","I1","Other_Country_Catch_in_National_Waters",58585
2001,"High Seas","I1","Other_Country_Catch_in_National_Waters",30341
2002,"High Seas","I1","Other_Country_Catch_in_National_Waters",25763
2003,"High Seas","I1","Other_Country_Catch_in_National_Waters",103712
2004,"High Seas","I1","Other_Country_Catch_in_National_Waters",44961
2005,"High Seas","I1","Other_Country_Catch_in_National_Waters",57782
2006,"High Seas","I1","Other_Country_Catch_in_National_Waters",54404
2007,"High Seas","I1","Other_Country_Catch_in_National_Waters",43648
2008,"High Seas","I1","Other_Country_Catch_in_National_Waters",37959
2009,"High Seas","I1","Other_Country_Catch_in_National_Waters",34326
2010,"High Seas","I1","Other_Country_Catch_in_National_Waters",15258
2011,"High Seas","I1","Other_Country_Catch_in_National_Waters",13492
2012,"High Seas","I1","Other_Country_Catch_in_National_Waters",12218
2013,"High Seas","I1","Other_Country_Catch_in_National_Waters",22853
2014,"High Seas","I1","Other_Country_Catch_in_National_Waters",33336
2015,"High Seas","I1","Other_Country_Catch_in_National_Waters",34498
2016,"High Seas","I1","Other_Country_Catch_in_National_Waters",32187
2017,"High Seas","I1","Other_Country_Catch_in_National_Waters",29595
2018,"High Seas","I1","Other_Country_Catch_in_National_Waters",25731
2019,"High Seas","I1","Other_Country_Catch_in_National_Waters",27035
2020,"High Seas","I1","Other_Country_Catch_in_National_Waters",33487
2021,"High Seas","I1","Other_Country_Catch_in_National_Waters",24828
2022,"High Seas","I1","Other_Country_Catch_in_National_Waters",26545
2023,"High Seas","I1","Other_Country_Catch_in_National_Waters",23863
2024,"High Seas","I1","Other_Country_Catch_in_National_Waters",33618
1997,"High Seas","I2","Other_Country_Catch_in_National_Waters",75656
1998,"High Seas","I2","Other_Country_Catch_in_National_Waters",144123
1999,"High Seas","I2","Other_Country_Catch_in_National_Waters",183809
2000,"High Seas","I2","Other_Country_Catch_in_National_Waters",140827
2001,"High Seas","I2","Other_Country_Catch_in_National_Waters",122804
2002,"High Seas","I2","Other_Country_Catch_in_National_Waters",140411
2003,"High Seas","I2","Other_Country_Catch_in_National_Waters",87488
2004,"High Seas","I2","Other_Country_Catch_in_National_Waters",179693
2005,"High Seas","I2","Other_Country_Catch_in_National_Waters",147536
2006,"High Seas","I2","Other_Country_Catch_in_National_Waters",105335
2007,"High Seas","I2","Other_Country_Catch_in_National_Waters",212553
2008,"High Seas","I2","Other_Country_Catch_in_National_Waters",183038
2009,"High Seas","I2","Other_Country_Catch_in_National_Waters",211735
2010,"High Seas","I2","Other_Country_Catch_in_National_Waters",17835
2011,"High Seas","I2","Other_Country_Catch_in_National_Waters",17763
2012,"High Seas","I2","Other_Country_Catch_in_National_Waters",7618
2013,"High Seas","I2","Other_Country_Catch_in_National_Waters",26353
2014,"High Seas","I2","Other_Country_Catch_in_National_Waters",12517
2015,"High Seas","I2","Other_Country_Catch_in_National_Waters",15815
2016,"High Seas","I2","Other_Country_Catch_in_National_Waters",9862
2017,"High Seas","I2","Other_Country_Catch_in_National_Waters",9485
2018,"High Seas","I2","Other_Country_Catch_in_National_Waters",8141
2019,"High Seas","I2","Other_Country_Catch_in_National_Waters",12134
2020,"High Seas","I2","Other_Country_Catch_in_National_Waters",6300
2021,"High Seas","I2","Other_Country_Catch_in_National_Waters",5682
2022,"High Seas","I2","Other_Country_Catch_in_National_Waters",10637
2023,"High Seas","I2","Other_Country_Catch_in_National_Waters",7532
2024,"High Seas","I2","Other_Country_Catch_in_National_Waters",14487
1997,"High Seas","I3","Other_Country_Catch_in_National_Waters",14234
1998,"High Seas","I3","Other_Country_Catch_in_National_Waters",28292
1999,"High Seas","I3","Other_Country_Catch_in_National_Waters",15551
2000,"High Seas","I3","Other_Country_Catch_in_National_Waters",26580
2001,"High Seas","I3","Other_Country_Catch_in_National_Waters",28492
2002,"High Seas","I3","Other_Country_Catch_in_National_Waters",27375
2003,"High Seas","I3","Other_Country_Catch_in_National_Waters",14832
2004,"High Seas","I3","Other_Country_Catch_in_National_Waters",26205
2005,"High Seas","I3","Other_Country_Catch_in_National_Waters",14387
2006,"High Seas","I3","Other_Country_Catch_in_National_Waters",17278
2007,"High Seas","I3","Other_Country_Catch_in_National_Waters",22002
2008,"High Seas","I3","Other_Country_Catch_in_National_Waters",12616
2009,"High Seas","I3","Other_Country_Catch_in_National_Waters",16378
2010,"High Seas","I3","Other_Country_Catch_in_National_Waters",12555
2011,"High Seas","I3","Other_Country_Catch_in_National_Waters",13324
2012,"High Seas","I3","Other_Country_Catch_in_National_Waters",15715
2013,"High Seas","I3","Other_Country_Catch_in_National_Waters",10053
2014,"High Seas","I3","Other_Country_Catch_in_National_Waters",15196
2015,"High Seas","I3","Other_Country_Catch_in_National_Waters",14983
2016,"High Seas","I3","Other_Country_Catch_in_National_Waters",16132
2017,"High Seas","I3","Other_Country_Catch_in_National_Waters",13062
2018,"High Seas","I3","Other_Country_Catch_in_National_Waters",18976
2019,"High Seas","I3","Other_Country_Catch_in_National_Waters",19347
2020,"High Seas","I3","Other_Country_Catch_in_National_Waters",8726
2021,"High Seas","I3","Other_Country_Catch_in_National_Waters",8953
2022,"High Seas","I3","Other_Country_Catch_in_National_Waters",8982
2023,"High Seas","I3","Other_Country_Catch_in_National_Waters",13105
2024,"High Seas","I3","Other_Country_Catch_in_National_Waters",9398
1997,"High Seas","I4","Other_Country_Catch_in_National_Waters",83376
1998,"High Seas","I4","Other_Country_Catch_in_National_Waters",136252
1999,"High Seas","I4","Other_Country_Catch_in_National_Waters",40855
2000,"High Seas","I4","Other_Country_Catch_in_National_Waters",36692
2001,"High Seas","I4","Other_Country_Catch_in_National_Waters",84197
2002,"High Seas","I4","Other_Country_Catch_in_National_Waters",62017
2003,"High Seas","I4","Other_Country_Catch_in_National_Waters",46984
2004,"High Seas","I4","Other_Country_Catch_in_National_Waters",59519
2005,"High Seas","I4","Other_Country_Catch_in_National_Waters",54289
2006,"High Seas","I4","Other_Country_Catch_in_National_Waters",42261
2007,"High Seas","I4","Other_Country_Catch_in_National_Waters",25284
2008,"High Seas","I4","Other_Country_Catch_in_National_Waters",34562
2009,"High Seas","I4","Other_Country_Catch_in_National_Waters",52101
2010,"High Seas","I4","Other_Country_Catch_in_National_Waters",31354
2011,"High Seas","I4","Other_Country_Catch_in_National_Waters",36460
2012,"High Seas","I4","Other_Country_Catch_in_National_Waters",33745
2013,"High Seas","I4","Other_Country_Catch_in_National_Waters",31141
2014,"High Seas","I4","Other_Country_Catch_in_National_Waters",21737
2015,"High Seas","I4","Other_Country_Catch_in_National_Waters",32501
2016,"High Seas","I4","Other_Country_Catch_in_National_Waters",71191
2017,"High Seas","I4","Other_Country_Catch_in_National_Waters",43373
2018,"High Seas","I4","Other_Country_Catch_in_National_Waters",35644
2019,"High Seas","I4","Other_Country_Catch_in_National_Waters",87152
2020,"High Seas","I4","Other_Country_Catch_in_National_Waters",64572
2021,"High Seas","I4","Other_Country_Catch_in_National_Waters",75009
2022,"High Seas","I4","Other_Country_Catch_in_National_Waters",45020
2023,"High Seas","I4","Other_Country_Catch_in_National_Waters",60792
2024,"High Seas","I4","Other_Country_Catch_in_National_Waters",56439
1997,"High Seas","I5","Other_Country_Catch_in_National_Waters",35860
1998,"High Seas","I5","Other_Country_Catch_in_National_Waters",41064
1999,"High Seas","I5","Other_Country_Catch_in_National_Waters",29255
2000,"High Seas","I5","Other_Country_Catch_in_National_Waters",42811
2001,"High Seas","I5","Other_Country_Catch_in_National_Waters",38715
2002,"High Seas","I5","Other_Country_Catch_in_National_Waters",63608
2003,"High Seas","I5","Other_Country_Catch_in_National_Waters",41634
2004,"High Seas","I5","Other_Country_Catch_in_National_Waters",54769
2005,"High Seas","I5","Other_Country_Catch_in_National_Waters",50593
2006,"High Seas","I5","Other_Country_Catch_in_National_Waters",51455
2007,"High Seas","I5","Other_Country_Catch_in_National_Waters",36611
2008,"High Seas","I5","Other_Country_Catch_in_National_Waters",43131
2009,"High Seas","I5","Other_Country_Catch_in_National_Waters",43609
2010,"High Seas","I5","Other_Country_Catch_in_National_Waters",37107
2011,"High Seas","I5","Other_Country_Catch_in_National_Waters",29887
2012,"High Seas","I5","Other_Country_Catch_in_National_Waters",31452
2013,"High Seas","I5","Other_Country_Catch_in_National_Waters",34558
2014,"High Seas","I5","Other_Country_Catch_in_National_Waters",28049
2015,"High Seas","I5","Other_Country_Catch_in_National_Waters",52241
2016,"High Seas","I5","Other_Country_Catch_in_National_Waters",56963
2017,"High Seas","I5","Other_Country_Catch_in_National_Waters",30513
2018,"High Seas","I5","Other_Country_Catch_in_National_Waters",60537
2019,"High Seas","I5","Other_Country_Catch_in_National_Waters",86301
2020,"High Seas","I5","Other_Country_Catch_in_National_Waters",64567
2021,"High Seas","I5","Other_Country_Catch_in_National_Waters",59243
2022,"High Seas","I5","Other_Country_Catch_in_National_Waters",51988
2023,"High Seas","I5","Other_Country_Catch_in_National_Waters",121973
2024,"High Seas","I5","Other_Country_Catch_in_National_Waters",105291
1997,"High Seas","I6","Other_Country_Catch_in_National_Waters",146549
1998,"High Seas","I6","Other_Country_Catch_in_National_Waters",142677
1999,"High Seas","I6","Other_Country_Catch_in_National_Waters",128640
2000,"High Seas","I6","Other_Country_Catch_in_National_Waters",105833
2001,"High Seas","I6","Other_Country_Catch_in_National_Waters",120724
2002,"High Seas","I6","Other_Country_Catch_in_National_Waters",137310
2003,"High Seas","I6","Other_Country_Catch_in_National_Waters",167109
2004,"High Seas","I6","Other_Country_Catch_in_National_Waters",125536
2005,"High Seas","I6","Other_Country_Catch_in_National_Waters",153013
2006,"High Seas","I6","Other_Country_Catch_in_National_Waters",113597
2007,"High Seas","I6","Other_Country_Catch_in_National_Waters",114297
2008,"High Seas","I6","Other_Country_Catch_in_National_Waters",114028
2009,"High Seas","I6","Other_Country_Catch_in_National_Waters",63303
2010,"High Seas","I6","Other_Country_Catch_in_National_Waters",104834
2011,"High Seas","I6","Other_Country_Catch_in_National_Waters",89917
2012,"High Seas","I6","Other_Country_Catch_in_National_Waters",97375
2013,"High Seas","I6","Other_Country_Catch_in_National_Waters",85357
2014,"High Seas","I6","Other_Country_Catch_in_National_Waters",87905
2015,"High Seas","I6","Other_Country_Catch_in_National_Waters",74489
2016,"High Seas","I6","Other_Country_Catch_in_National_Waters",57864
2017,"High Seas","I6","Other_Country_Catch_in_National_Waters",71311
2018,"High Seas","I6","Other_Country_Catch_in_National_Waters",53507
2019,"High Seas","I6","Other_Country_Catch_in_National_Waters",54514
2020,"High Seas","I6","Other_Country_Catch_in_National_Waters",58851
2021,"High Seas","I6","Other_Country_Catch_in_National_Waters",102106
2022,"High Seas","I6","Other_Country_Catch_in_National_Waters",28732
2023,"High Seas","I6","Other_Country_Catch_in_National_Waters",21413
2024,"High Seas","I6","Other_Country_Catch_in_National_Waters",46645
1997,"High Seas","I7","Other_Country_Catch_in_National_Waters",17301
1998,"High Seas","I7","Other_Country_Catch_in_National_Waters",18291
1999,"High Seas","I7","Other_Country_Catch_in_National_Waters",16841
2000,"High Seas","I7","Other_Country_Catch_in_National_Waters",15719
2001,"High Seas","I7","Other_Country_Catch_in_National_Waters",22251
2002,"High Seas","I7","Other_Country_Catch_in_National_Waters",26938
2003,"High Seas","I7","Other_Country_Catch_in_National_Waters",26053
2004,"High Seas","I7","Other_Country_Catch_in_National_Waters",24916
2005,"High Seas","I7","Other_Country_Catch_in_National_Waters",21929
2006,"High Seas","I7","Other_Country_Catch_in_National_Waters",17058
2007,"High Seas","I7","Other_Country_Catch_in_National_Waters",12040
2008,"High Seas","I7","Other_Country_Catch_in_National_Waters",19942
2009,"High Seas","I7","Other_Country_Catch_in_National_Waters",25741
2010,"High Seas","I7","Other_Country_Catch_in_National_Waters",26431
2011,"High Seas","I7","Other_Country_Catch_in_National_Waters",16068
2012,"High Seas","I7","Other_Country_Catch_in_National_Waters",22870
2013,"High Seas","I7","Other_Country_Catch_in_National_Waters",21799
2014,"High Seas","I7","Other_Country_Catch_in_National_Waters",14922
2015,"High Seas","I7","Other_Country_Catch_in_National_Waters",17395
2016,"High Seas","I7","Other_Country_Catch_in_National_Waters",10603
2017,"High Seas","I7","Other_Country_Catch_in_National_Waters",33417
2018,"High Seas","I7","Other_Country_Catch_in_National_Waters",25661
2019,"High Seas","I7","Other_Country_Catch_in_National_Waters",18922
2020,"High Seas","I7","Other_Country_Catch_in_National_Waters",28354
2021,"High Seas","I7","Other_Country_Catch_in_National_Waters",21355
2022,"High Seas","I7","Other_Country_Catch_in_National_Waters",20992
2023,"High Seas","I7","Other_Country_Catch_in_National_Waters",25313
2024,"High Seas","I7","Other_Country_Catch_in_National_Waters",25992
1997,"High Seas","I8","Other_Country_Catch_in_National_Waters",262
1998,"High Seas","I8","Other_Country_Catch_in_National_Waters",143
1999,"High Seas","I8","Other_Country_Catch_in_National_Waters",148
2000,"High Seas","I8","Other_Country_Catch_in_National_Waters",819
2001,"High Seas","I8","Other_Country_Catch_in_National_Waters",73
2002,"High Seas","I8","Other_Country_Catch_in_National_Waters",772
2003,"High Seas","I8","Other_Country_Catch_in_National_Waters",1155
2004,"High Seas","I8","Other_Country_Catch_in_National_Waters",1982
2005,"High Seas","I8","Other_Country_Catch_in_National_Waters",1609
2006,"High Seas","I8","Other_Country_Catch_in_National_Waters",1645
2007,"High Seas","I8","Other_Country_Catch_in_National_Waters",973
2008,"High Seas","I8","Other_Country_Catch_in_National_Waters",1521
2009,"High Seas","I8","Other_Country_Catch_in_National_Waters",987
2010,"High Seas","I8","Other_Country_Catch_in_National_Waters",1322
2011,"High Seas","I8","Other_Country_Catch_in_National_Waters",1548
2012,"High Seas","I8","Other_Country_Catch_in_National_Waters",756
2013,"High Seas","I8","Other_Country_Catch_in_National_Waters",1187
2014,"High Seas","I8","Other_Country_Catch_in_National_Waters",1365
2015,"High Seas","I8","Other_Country_Catch_in_National_Waters",1601
2016,"High Seas","I8","Other_Country_Catch_in_National_Waters",1834
2017,"High Seas","I8","Other_Country_Catch_in_National_Waters",2588
2018,"High Seas","I8","Other_Country_Catch_in_National_Waters",2321
2019,"High Seas","I8","Other_Country_Catch_in_National_Waters",1990
2020,"High Seas","I8","Other_Country_Catch_in_National_Waters",1063
2021,"High Seas","I8","Other_Country_Catch_in_National_Waters",1276
2022,"High Seas","I8","Other_Country_Catch_in_National_Waters",1332
2023,"High Seas","I8","Other_Country_Catch_in_National_Waters",344
2024,"High Seas","I8","Other_Country_Catch_in_National_Waters",1113
1997,"High Seas","I9","Other_Country_Catch_in_National_Waters",78
1998,"High Seas","I9","Other_Country_Catch_in_National_Waters",65
1999,"High Seas","I9","Other_Country_Catch_in_National_Waters",169
2000,"High Seas","I9","Other_Country_Catch_in_National_Waters",30
2001,"High Seas","I9","Other_Country_Catch_in_National_Waters",124
2002,"High Seas","I9","Other_Country_Catch_in_National_Waters",876
2003,"High Seas","I9","Other_Country_Catch_in_National_Waters",376
2004,"High Seas","I9","Other_Country_Catch_in_National_Waters",132
2005,"High Seas","I9","Other_Country_Catch_in_National_Waters",158
2006,"High Seas","I9","Other_Country_Catch_in_National_Waters",450
2007,"High Seas","I9","Other_Country_Catch_in_National_Waters",1203
2008,"High Seas","I9","Other_Country_Catch_in_National_Waters",152
2009,"High Seas","I9","Other_Country_Catch_in_National_Waters",706
2010,"High Seas","I9","Other_Country_Catch_in_National_Waters",481
2011,"High Seas","I9","Other_Country_Catch_in_National_Waters",937
2012,"High Seas","I9","Other_Country_Catch_in_National_Waters",2128
2013,"High Seas","I9","Other_Country_Catch_in_National_Waters",1217
2014,"High Seas","I9","Other_Country_Catch_in_National_Waters",293
2015,"High Seas","I9","Other_Country_Catch_in_National_Waters",141
2016,"High Seas","I9","Other_Country_Catch_in_National_Waters",104
2017,"High Seas","I9","Other_Country_Catch_in_National_Waters",2610
2018,"High Seas","I9","Other_Country_Catch_in_National_Waters",1767
2019,"High Seas","I9","Other_Country_Catch_in_National_Waters",2949
2020,"High Seas","I9","Other_Country_Catch_in_National_Waters",2698
2021,"High Seas","I9","Other_Country_Catch_in_National_Waters",790
2022,"High Seas","I9","Other_Country_Catch_in_National_Waters",807
2023,"High Seas","I9","Other_Country_Catch_in_National_Waters",3576
2024,"High Seas","I9","Other_Country_Catch_in_National_Waters",451
1997,"High Seas","IW","Other_Country_Catch_in_National_Waters",0
1998,"High Seas","IW","Other_Country_Catch_in_National_Waters",1
1999,"High Seas","IW","Other_Country_Catch_in_National_Waters",0
2000,"High Seas","IW","Other_Country_Catch_in_National_Waters",0
2001,"High Seas","IW","Other_Country_Catch_in_National_Waters",0
2002,"High Seas","IW","Other_Country_Catch_in_National_Waters",0
2003,"High Seas","IW","Other_Country_Catch_in_National_Waters",0
2004,"High Seas","IW","Other_Country_Catch_in_National_Waters",0
2005,"High Seas","IW","Other_Country_Catch_in_National_Waters",0
2006,"High Seas","IW","Other_Country_Catch_in_National_Waters",0
2007,"High Seas","IW","Other_Country_Catch_in_National_Waters",0
2008,"High Seas","IW","Other_Country_Catch_in_National_Waters",0
2009,"High Seas","IW","Other_Country_Catch_in_National_Waters",0
2010,"High Seas","IW","Other_Country_Catch_in_National_Waters",0
2011,"High Seas","IW","Other_Country_Catch_in_National_Waters",0
2012,"High Seas","IW","Other_Country_Catch_in_National_Waters",0
2013,"High Seas","IW","Other_Country_Catch_in_National_Waters",0
2014,"High Seas","IW","Other_Country_Catch_in_National_Waters",0
2015,"High Seas","IW","Other_Country_Catch_in_National_Waters",0
2016,"High Seas","IW","Other_Country_Catch_in_National_Waters",0
2017,"High Seas","IW","Other_Country_Catch_in_National_Waters",0
2018,"High Seas","IW","Other_Country_Catch_in_National_Waters",0
2019,"High Seas","IW","Other_Country_Catch_in_National_Waters",0
2020,"High Seas","IW","Other_Country_Catch_in_National_Waters",0
2021,"High Seas","IW","Other_Country_Catch_in_National_Waters",0
2022,"High Seas","IW","Other_Country_Catch_in_National_Waters",0
2023,"High Seas","IW","Other_Country_Catch_in_National_Waters",1
2024,"High Seas","IW","Other_Country_Catch_in_National_Waters",2444
1997,"PNA Member","FSM","Other_Country_Catch_in_National_Waters",88899
1998,"PNA Member","FSM","Other_Country_Catch_in_National_Waters",84908
1999,"PNA Member","FSM","Other_Country_Catch_in_National_Waters",186164
2000,"PNA Member","FSM","Other_Country_Catch_in_National_Waters",142818
2001,"PNA Member","FSM","Other_Country_Catch_in_National_Waters",102030
2002,"PNA Member","FSM","Other_Country_Catch_in_National_Waters",84172
2003,"PNA Member","FSM","Other_Country_Catch_in_National_Waters",230904
2004,"PNA Member","FSM","Other_Country_Catch_in_National_Waters",160640
2005,"PNA Member","FSM","Other_Country_Catch_in_National_Waters",232046
2006,"PNA Member","FSM","Other_Country_Catch_in_National_Waters",208492
2007,"PNA Member","FSM","Other_Country_Catch_in_National_Waters",162759
2008,"PNA Member","FSM","Other_Country_Catch_in_National_Waters",138627
2009,"PNA Member","FSM","Other_Country_Catch_in_National_Waters",128236
2010,"PNA Member","FSM","Other_Country_Catch_in_National_Waters",153313
2011,"PNA Member","FSM","Other_Country_Catch_in_National_Waters",153154
2012,"PNA Member","FSM","Other_Country_Catch_in_National_Waters",176713
2013,"PNA Member","FSM","Other_Country_Catch_in_National_Waters",210500
2014,"PNA Member","FSM","Other_Country_Catch_in_National_Waters",127059
2015,"PNA Member","FSM","Other_Country_Catch_in_National_Waters",163536
2016,"PNA Member","FSM","Other_Country_Catch_in_National_Waters",165462
2017,"PNA Member","FSM","Other_Country_Catch_in_National_Waters",164082
2018,"PNA Member","FSM","Other_Country_Catch_in_National_Waters",249318
2019,"PNA Member","FSM","Other_Country_Catch_in_National_Waters",139412
2020,"PNA Member","FSM","Other_Country_Catch_in_National_Waters",132684
2021,"PNA Member","FSM","Other_Country_Catch_in_National_Waters",90179
2022,"PNA Member","FSM","Other_Country_Catch_in_National_Waters",180064
2023,"PNA Member","FSM","Other_Country_Catch_in_National_Waters",58242
2024,"PNA Member","FSM","Other_Country_Catch_in_National_Waters",238001
1997,"PNA Member","Kiribati","Other_Country_Catch_in_National_Waters",201113
1998,"PNA Member","Kiribati","Other_Country_Catch_in_National_Waters",155047
1999,"PNA Member","Kiribati","Other_Country_Catch_in_National_Waters",149699
2000,"PNA Member","Kiribati","Other_Country_Catch_in_National_Waters",142549
2001,"PNA Member","Kiribati","Other_Country_Catch_in_National_Waters",280433
2002,"PNA Member","Kiribati","Other_Country_Catch_in_National_Waters",360097
2003,"PNA Member","Kiribati","Other_Country_Catch_in_National_Waters",88728
2004,"PNA Member","Kiribati","Other_Country_Catch_in_National_Waters",105026
2005,"PNA Member","Kiribati","Other_Country_Catch_in_National_Waters",210397
2006,"PNA Member","Kiribati","Other_Country_Catch_in_National_Waters",174128
2007,"PNA Member","Kiribati","Other_Country_Catch_in_National_Waters",187498
2008,"PNA Member","Kiribati","Other_Country_Catch_in_National_Waters",235593
2009,"PNA Member","Kiribati","Other_Country_Catch_in_National_Waters",315082
2010,"PNA Member","Kiribati","Other_Country_Catch_in_National_Waters",187946
2011,"PNA Member","Kiribati","Other_Country_Catch_in_National_Waters",198747
2012,"PNA Member","Kiribati","Other_Country_Catch_in_National_Waters",517698
2013,"PNA Member","Kiribati","Other_Country_Catch_in_National_Waters",274226
2014,"PNA Member","Kiribati","Other_Country_Catch_in_National_Waters",684944
2015,"PNA Member","Kiribati","Other_Country_Catch_in_National_Waters",555439
2016,"PNA Member","Kiribati","Other_Country_Catch_in_National_Waters",330594
2017,"PNA Member","Kiribati","Other_Country_Catch_in_National_Waters",295177
2018,"PNA Member","Kiribati","Other_Country_Catch_in_National_Waters",293441
2019,"PNA Member","Kiribati","Other_Country_Catch_in_National_Waters",531867
2020,"PNA Member","Kiribati","Other_Country_Catch_in_National_Waters",220036
2021,"PNA Member","Kiribati","Other_Country_Catch_in_National_Waters",237195
2022,"PNA Member","Kiribati","Other_Country_Catch_in_National_Waters",125660
2023,"PNA Member","Kiribati","Other_Country_Catch_in_National_Waters",439872
2024,"PNA Member","Kiribati","Other_Country_Catch_in_National_Waters",162536
1997,"PNA Member","Marshall Islands","Other_Country_Catch_in_National_Waters",5083
1998,"PNA Member","Marshall Islands","Other_Country_Catch_in_National_Waters",92023
1999,"PNA Member","Marshall Islands","Other_Country_Catch_in_National_Waters",32851
2000,"PNA Member","Marshall Islands","Other_Country_Catch_in_National_Waters",33877
2001,"PNA Member","Marshall Islands","Other_Country_Catch_in_National_Waters",56533
2002,"PNA Member","Marshall Islands","Other_Country_Catch_in_National_Waters",38926
2003,"PNA Member","Marshall Islands","Other_Country_Catch_in_National_Waters",5657
2004,"PNA Member","Marshall Islands","Other_Country_Catch_in_National_Waters",13806
2005,"PNA Member","Marshall Islands","Other_Country_Catch_in_National_Waters",17852
2006,"PNA Member","Marshall Islands","Other_Country_Catch_in_National_Waters",17669
2007,"PNA Member","Marshall Islands","Other_Country_Catch_in_National_Waters",16840
2008,"PNA Member","Marshall Islands","Other_Country_Catch_in_National_Waters",26154
2009,"PNA Member","Marshall Islands","Other_Country_Catch_in_National_Waters",12538
2010,"PNA Member","Marshall Islands","Other_Country_Catch_in_National_Waters",21809
2011,"PNA Member","Marshall Islands","Other_Country_Catch_in_National_Waters",19250
2012,"PNA Member","Marshall Islands","Other_Country_Catch_in_National_Waters",20775
2013,"PNA Member","Marshall Islands","Other_Country_Catch_in_National_Waters",32995
2014,"PNA Member","Marshall Islands","Other_Country_Catch_in_National_Waters",74605
2015,"PNA Member","Marshall Islands","Other_Country_Catch_in_National_Waters",33614
2016,"PNA Member","Marshall Islands","Other_Country_Catch_in_National_Waters",81369
2017,"PNA Member","Marshall Islands","Other_Country_Catch_in_National_Waters",22568
2018,"PNA Member","Marshall Islands","Other_Country_Catch_in_National_Waters",29267
2019,"PNA Member","Marshall Islands","Other_Country_Catch_in_National_Waters",11363
2020,"PNA Member","Marshall Islands","Other_Country_Catch_in_National_Waters",38557
2021,"PNA Member","Marshall Islands","Other_Country_Catch_in_National_Waters",49178
2022,"PNA Member","Marshall Islands","Other_Country_Catch_in_National_Waters",25851
2023,"PNA Member","Marshall Islands","Other_Country_Catch_in_National_Waters",40749
2024,"PNA Member","Marshall Islands","Other_Country_Catch_in_National_Waters",29312
1997,"PNA Member","Nauru","Other_Country_Catch_in_National_Waters",26292
1998,"PNA Member","Nauru","Other_Country_Catch_in_National_Waters",43074
1999,"PNA Member","Nauru","Other_Country_Catch_in_National_Waters",50688
2000,"PNA Member","Nauru","Other_Country_Catch_in_National_Waters",68918
2001,"PNA Member","Nauru","Other_Country_Catch_in_National_Waters",66636
2002,"PNA Member","Nauru","Other_Country_Catch_in_National_Waters",126834
2003,"PNA Member","Nauru","Other_Country_Catch_in_National_Waters",21583
2004,"PNA Member","Nauru","Other_Country_Catch_in_National_Waters",64725
2005,"PNA Member","Nauru","Other_Country_Catch_in_National_Waters",50691
2006,"PNA Member","Nauru","Other_Country_Catch_in_National_Waters",56978
2007,"PNA Member","Nauru","Other_Country_Catch_in_National_Waters",68449
2008,"PNA Member","Nauru","Other_Country_Catch_in_National_Waters",64410
2009,"PNA Member","Nauru","Other_Country_Catch_in_National_Waters",61968
2010,"PNA Member","Nauru","Other_Country_Catch_in_National_Waters",109221
2011,"PNA Member","Nauru","Other_Country_Catch_in_National_Waters",104039
2012,"PNA Member","Nauru","Other_Country_Catch_in_National_Waters",50775
2013,"PNA Member","Nauru","Other_Country_Catch_in_National_Waters",165346
2014,"PNA Member","Nauru","Other_Country_Catch_in_National_Waters",184766
2015,"PNA Member","Nauru","Other_Country_Catch_in_National_Waters",68914
2016,"PNA Member","Nauru","Other_Country_Catch_in_National_Waters",119516
2017,"PNA Member","Nauru","Other_Country_Catch_in_National_Waters",83114
2018,"PNA Member","Nauru","Other_Country_Catch_in_National_Waters",172882
2019,"PNA Member","Nauru","Other_Country_Catch_in_National_Waters",103037
2020,"PNA Member","Nauru","Other_Country_Catch_in_National_Waters",113670
2021,"PNA Member","Nauru","Other_Country_Catch_in_National_Waters",112954
2022,"PNA Member","Nauru","Other_Country_Catch_in_National_Waters",56953
2023,"PNA Member","Nauru","Other_Country_Catch_in_National_Waters",39584
2024,"PNA Member","Nauru","Other_Country_Catch_in_National_Waters",62515
1997,"PNA Member","Palau","Other_Country_Catch_in_National_Waters",2736
1998,"PNA Member","Palau","Other_Country_Catch_in_National_Waters",722
1999,"PNA Member","Palau","Other_Country_Catch_in_National_Waters",1962
2000,"PNA Member","Palau","Other_Country_Catch_in_National_Waters",2041
2001,"PNA Member","Palau","Other_Country_Catch_in_National_Waters",1683
2002,"PNA Member","Palau","Other_Country_Catch_in_National_Waters",820
2003,"PNA Member","Palau","Other_Country_Catch_in_National_Waters",5112
2004,"PNA Member","Palau","Other_Country_Catch_in_National_Waters",7021
2005,"PNA Member","Palau","Other_Country_Catch_in_National_Waters",4740
2006,"PNA Member","Palau","Other_Country_Catch_in_National_Waters",8664
2007,"PNA Member","Palau","Other_Country_Catch_in_National_Waters",3794
2008,"PNA Member","Palau","Other_Country_Catch_in_National_Waters",7747
2009,"PNA Member","Palau","Other_Country_Catch_in_National_Waters",2180
2010,"PNA Member","Palau","Other_Country_Catch_in_National_Waters",2945
2011,"PNA Member","Palau","Other_Country_Catch_in_National_Waters",2910
2012,"PNA Member","Palau","Other_Country_Catch_in_National_Waters",3923
2013,"PNA Member","Palau","Other_Country_Catch_in_National_Waters",3209
2014,"PNA Member","Palau","Other_Country_Catch_in_National_Waters",4995
2015,"PNA Member","Palau","Other_Country_Catch_in_National_Waters",1575
2016,"PNA Member","Palau","Other_Country_Catch_in_National_Waters",6135
2017,"PNA Member","Palau","Other_Country_Catch_in_National_Waters",15814
2018,"PNA Member","Palau","Other_Country_Catch_in_National_Waters",7105
2019,"PNA Member","Palau","Other_Country_Catch_in_National_Waters",4324
2020,"PNA Member","Palau","Other_Country_Catch_in_National_Waters",895
2021,"PNA Member","Palau","Other_Country_Catch_in_National_Waters",1277
2022,"PNA Member","Palau","Other_Country_Catch_in_National_Waters",729
2023,"PNA Member","Palau","Other_Country_Catch_in_National_Waters",574
2024,"PNA Member","Palau","Other_Country_Catch_in_National_Waters",1721
1997,"PNA Member","PNG","Other_Country_Catch_in_National_Waters",156356
1998,"PNA Member","PNG","Other_Country_Catch_in_National_Waters",119859
1999,"PNA Member","PNG","Other_Country_Catch_in_National_Waters",82138
2000,"PNA Member","PNG","Other_Country_Catch_in_National_Waters",231810
2001,"PNA Member","PNG","Other_Country_Catch_in_National_Waters",104912
2002,"PNA Member","PNG","Other_Country_Catch_in_National_Waters",102473
2003,"PNA Member","PNG","Other_Country_Catch_in_National_Waters",290410
2004,"PNA Member","PNG","Other_Country_Catch_in_National_Waters",219188
2005,"PNA Member","PNG","Other_Country_Catch_in_National_Waters",195494
2006,"PNA Member","PNG","Other_Country_Catch_in_National_Waters",302197
2007,"PNA Member","PNG","Other_Country_Catch_in_National_Waters",339340
2008,"PNA Member","PNG","Other_Country_Catch_in_National_Waters",362100
2009,"PNA Member","PNG","Other_Country_Catch_in_National_Waters",351468
2010,"PNA Member","PNG","Other_Country_Catch_in_National_Waters",604564
2011,"PNA Member","PNG","Other_Country_Catch_in_National_Waters",503049
2012,"PNA Member","PNG","Other_Country_Catch_in_National_Waters",425843
2013,"PNA Member","PNG","Other_Country_Catch_in_National_Waters",470900
2014,"PNA Member","PNG","Other_Country_Catch_in_National_Waters",232721
2015,"PNA Member","PNG","Other_Country_Catch_in_National_Waters",129755
2016,"PNA Member","PNG","Other_Country_Catch_in_National_Waters",225157
2017,"PNA Member","PNG","Other_Country_Catch_in_National_Waters",188412
2018,"PNA Member","PNG","Other_Country_Catch_in_National_Waters",182576
2019,"PNA Member","PNG","Other_Country_Catch_in_National_Waters",228079
2020,"PNA Member","PNG","Other_Country_Catch_in_National_Waters",293570
2021,"PNA Member","PNG","Other_Country_Catch_in_National_Waters",326007
2022,"PNA Member","PNG","Other_Country_Catch_in_National_Waters",497511
2023,"PNA Member","PNG","Other_Country_Catch_in_National_Waters",240710
2024,"PNA Member","PNG","Other_Country_Catch_in_National_Waters",508513
1997,"PNA Member","Solomon  Islands","Other_Country_Catch_in_National_Waters",18216
1998,"PNA Member","Solomon  Islands","Other_Country_Catch_in_National_Waters",119506
1999,"PNA Member","Solomon  Islands","Other_Country_Catch_in_National_Waters",4950
2000,"PNA Member","Solomon  Islands","Other_Country_Catch_in_National_Waters",1416
2001,"PNA Member","Solomon  Islands","Other_Country_Catch_in_National_Waters",21703
2002,"PNA Member","Solomon  Islands","Other_Country_Catch_in_National_Waters",8246
2003,"PNA Member","Solomon  Islands","Other_Country_Catch_in_National_Waters",42377
2004,"PNA Member","Solomon  Islands","Other_Country_Catch_in_National_Waters",95696
2005,"PNA Member","Solomon  Islands","Other_Country_Catch_in_National_Waters",81659
2006,"PNA Member","Solomon  Islands","Other_Country_Catch_in_National_Waters",105926
2007,"PNA Member","Solomon  Islands","Other_Country_Catch_in_National_Waters",100698
2008,"PNA Member","Solomon  Islands","Other_Country_Catch_in_National_Waters",127861
2009,"PNA Member","Solomon  Islands","Other_Country_Catch_in_National_Waters",124046
2010,"PNA Member","Solomon  Islands","Other_Country_Catch_in_National_Waters",159165
2011,"PNA Member","Solomon  Islands","Other_Country_Catch_in_National_Waters",149905
2012,"PNA Member","Solomon  Islands","Other_Country_Catch_in_National_Waters",69281
2013,"PNA Member","Solomon  Islands","Other_Country_Catch_in_National_Waters",105319
2014,"PNA Member","Solomon  Islands","Other_Country_Catch_in_National_Waters",30770
2015,"PNA Member","Solomon  Islands","Other_Country_Catch_in_National_Waters",72662
2016,"PNA Member","Solomon  Islands","Other_Country_Catch_in_National_Waters",120800
2017,"PNA Member","Solomon  Islands","Other_Country_Catch_in_National_Waters",138090
2018,"PNA Member","Solomon  Islands","Other_Country_Catch_in_National_Waters",48607
2019,"PNA Member","Solomon  Islands","Other_Country_Catch_in_National_Waters",34789
2020,"PNA Member","Solomon  Islands","Other_Country_Catch_in_National_Waters",79298
2021,"PNA Member","Solomon  Islands","Other_Country_Catch_in_National_Waters",87491
2022,"PNA Member","Solomon  Islands","Other_Country_Catch_in_National_Waters",117638
2023,"PNA Member","Solomon  Islands","Other_Country_Catch_in_National_Waters",27239
2024,"PNA Member","Solomon  Islands","Other_Country_Catch_in_National_Waters",118262
1997,"PNA Member","Tokelau","Other_Country_Catch_in_National_Waters",100
1998,"PNA Member","Tokelau","Other_Country_Catch_in_National_Waters",2046
1999,"PNA Member","Tokelau","Other_Country_Catch_in_National_Waters",2050
2000,"PNA Member","Tokelau","Other_Country_Catch_in_National_Waters",5652
2001,"PNA Member","Tokelau","Other_Country_Catch_in_National_Waters",1314
2002,"PNA Member","Tokelau","Other_Country_Catch_in_National_Waters",6770
2003,"PNA Member","Tokelau","Other_Country_Catch_in_National_Waters",82
2004,"PNA Member","Tokelau","Other_Country_Catch_in_National_Waters",994
2005,"PNA Member","Tokelau","Other_Country_Catch_in_National_Waters",4849
2006,"PNA Member","Tokelau","Other_Country_Catch_in_National_Waters",1082
2007,"PNA Member","Tokelau","Other_Country_Catch_in_National_Waters",893
2008,"PNA Member","Tokelau","Other_Country_Catch_in_National_Waters",3936
2009,"PNA Member","Tokelau","Other_Country_Catch_in_National_Waters",7255
2010,"PNA Member","Tokelau","Other_Country_Catch_in_National_Waters",3988
2011,"PNA Member","Tokelau","Other_Country_Catch_in_National_Waters",20256
2012,"PNA Member","Tokelau","Other_Country_Catch_in_National_Waters",21005
2013,"PNA Member","Tokelau","Other_Country_Catch_in_National_Waters",15671
2014,"PNA Member","Tokelau","Other_Country_Catch_in_National_Waters",26896
2015,"PNA Member","Tokelau","Other_Country_Catch_in_National_Waters",47440
2016,"PNA Member","Tokelau","Other_Country_Catch_in_National_Waters",8602
2017,"PNA Member","Tokelau","Other_Country_Catch_in_National_Waters",36220
2018,"PNA Member","Tokelau","Other_Country_Catch_in_National_Waters",39552
2019,"PNA Member","Tokelau","Other_Country_Catch_in_National_Waters",8997
2020,"PNA Member","Tokelau","Other_Country_Catch_in_National_Waters",18411
2021,"PNA Member","Tokelau","Other_Country_Catch_in_National_Waters",6898
2022,"PNA Member","Tokelau","Other_Country_Catch_in_National_Waters",5436
2023,"PNA Member","Tokelau","Other_Country_Catch_in_National_Waters",5217
2024,"PNA Member","Tokelau","Other_Country_Catch_in_National_Waters",12427
1997,"PNA Member","Tuvalu","Other_Country_Catch_in_National_Waters",7288
1998,"PNA Member","Tuvalu","Other_Country_Catch_in_National_Waters",44070
1999,"PNA Member","Tuvalu","Other_Country_Catch_in_National_Waters",37182
2000,"PNA Member","Tuvalu","Other_Country_Catch_in_National_Waters",42399
2001,"PNA Member","Tuvalu","Other_Country_Catch_in_National_Waters",22377
2002,"PNA Member","Tuvalu","Other_Country_Catch_in_National_Waters",29779
2003,"PNA Member","Tuvalu","Other_Country_Catch_in_National_Waters",4026
2004,"PNA Member","Tuvalu","Other_Country_Catch_in_National_Waters",20973
2005,"PNA Member","Tuvalu","Other_Country_Catch_in_National_Waters",15290
2006,"PNA Member","Tuvalu","Other_Country_Catch_in_National_Waters",16078
2007,"PNA Member","Tuvalu","Other_Country_Catch_in_National_Waters",46182
2008,"PNA Member","Tuvalu","Other_Country_Catch_in_National_Waters",42809
2009,"PNA Member","Tuvalu","Other_Country_Catch_in_National_Waters",66118
2010,"PNA Member","Tuvalu","Other_Country_Catch_in_National_Waters",67524
2011,"PNA Member","Tuvalu","Other_Country_Catch_in_National_Waters",60152
2012,"PNA Member","Tuvalu","Other_Country_Catch_in_National_Waters",68081
2013,"PNA Member","Tuvalu","Other_Country_Catch_in_National_Waters",56581
2014,"PNA Member","Tuvalu","Other_Country_Catch_in_National_Waters",97677
2015,"PNA Member","Tuvalu","Other_Country_Catch_in_National_Waters",76025
2016,"PNA Member","Tuvalu","Other_Country_Catch_in_National_Waters",121569
2017,"PNA Member","Tuvalu","Other_Country_Catch_in_National_Waters",56610
2018,"PNA Member","Tuvalu","Other_Country_Catch_in_National_Waters",88292
2019,"PNA Member","Tuvalu","Other_Country_Catch_in_National_Waters",119937
2020,"PNA Member","Tuvalu","Other_Country_Catch_in_National_Waters",88699
2021,"PNA Member","Tuvalu","Other_Country_Catch_in_National_Waters",72303
2022,"PNA Member","Tuvalu","Other_Country_Catch_in_National_Waters",57044
2023,"PNA Member","Tuvalu","Other_Country_Catch_in_National_Waters",48042
2024,"PNA Member","Tuvalu","Other_Country_Catch_in_National_Waters",67940
1997,"SPC Member","American Samoa","Other_Country_Catch_in_National_Waters",361
1998,"SPC Member","American Samoa","Other_Country_Catch_in_National_Waters",377
1999,"SPC Member","American Samoa","Other_Country_Catch_in_National_Waters",480
2000,"SPC Member","American Samoa","Other_Country_Catch_in_National_Waters",872
2001,"SPC Member","American Samoa","Other_Country_Catch_in_National_Waters",3682
2002,"SPC Member","American Samoa","Other_Country_Catch_in_National_Waters",6257
2003,"SPC Member","American Samoa","Other_Country_Catch_in_National_Waters",3976
2004,"SPC Member","American Samoa","Other_Country_Catch_in_National_Waters",3061
2005,"SPC Member","American Samoa","Other_Country_Catch_in_National_Waters",3748
2006,"SPC Member","American Samoa","Other_Country_Catch_in_National_Waters",4989
2007,"SPC Member","American Samoa","Other_Country_Catch_in_National_Waters",5467
2008,"SPC Member","American Samoa","Other_Country_Catch_in_National_Waters",3551
2009,"SPC Member","American Samoa","Other_Country_Catch_in_National_Waters",4063
2010,"SPC Member","American Samoa","Other_Country_Catch_in_National_Waters",3647
2011,"SPC Member","American Samoa","Other_Country_Catch_in_National_Waters",3378
2012,"SPC Member","American Samoa","Other_Country_Catch_in_National_Waters",5398
2013,"SPC Member","American Samoa","Other_Country_Catch_in_National_Waters",3018
2014,"SPC Member","American Samoa","Other_Country_Catch_in_National_Waters",5254
2015,"SPC Member","American Samoa","Other_Country_Catch_in_National_Waters",2559
2016,"SPC Member","American Samoa","Other_Country_Catch_in_National_Waters",2611
2017,"SPC Member","American Samoa","Other_Country_Catch_in_National_Waters",2664
2018,"SPC Member","American Samoa","Other_Country_Catch_in_National_Waters",2499
2019,"SPC Member","American Samoa","Other_Country_Catch_in_National_Waters",1619
2020,"SPC Member","American Samoa","Other_Country_Catch_in_National_Waters",1540
2021,"SPC Member","American Samoa","Other_Country_Catch_in_National_Waters",1372
2022,"SPC Member","American Samoa","Other_Country_Catch_in_National_Waters",1957
2023,"SPC Member","American Samoa","Other_Country_Catch_in_National_Waters",1514
2024,"SPC Member","American Samoa","Other_Country_Catch_in_National_Waters",1900
1997,"SPC Member","French Polynesia","Other_Country_Catch_in_National_Waters",736
1998,"SPC Member","French Polynesia","Other_Country_Catch_in_National_Waters",1007
1999,"SPC Member","French Polynesia","Other_Country_Catch_in_National_Waters",1460
2000,"SPC Member","French Polynesia","Other_Country_Catch_in_National_Waters",1286
2001,"SPC Member","French Polynesia","Other_Country_Catch_in_National_Waters",3
2002,"SPC Member","French Polynesia","Other_Country_Catch_in_National_Waters",213
2003,"SPC Member","French Polynesia","Other_Country_Catch_in_National_Waters",0
2004,"SPC Member","French Polynesia","Other_Country_Catch_in_National_Waters",0
2005,"SPC Member","French Polynesia","Other_Country_Catch_in_National_Waters",0
2006,"SPC Member","French Polynesia","Other_Country_Catch_in_National_Waters",0
2007,"SPC Member","French Polynesia","Other_Country_Catch_in_National_Waters",0
2008,"SPC Member","French Polynesia","Other_Country_Catch_in_National_Waters",0
2009,"SPC Member","French Polynesia","Other_Country_Catch_in_National_Waters",0
2010,"SPC Member","French Polynesia","Other_Country_Catch_in_National_Waters",0
2011,"SPC Member","French Polynesia","Other_Country_Catch_in_National_Waters",0
2012,"SPC Member","French Polynesia","Other_Country_Catch_in_National_Waters",0
2013,"SPC Member","French Polynesia","Other_Country_Catch_in_National_Waters",0
2014,"SPC Member","French Polynesia","Other_Country_Catch_in_National_Waters",0
2015,"SPC Member","French Polynesia","Other_Country_Catch_in_National_Waters",0
2016,"SPC Member","French Polynesia","Other_Country_Catch_in_National_Waters",0
2017,"SPC Member","French Polynesia","Other_Country_Catch_in_National_Waters",0
2018,"SPC Member","French Polynesia","Other_Country_Catch_in_National_Waters",0
2019,"SPC Member","French Polynesia","Other_Country_Catch_in_National_Waters",0
2020,"SPC Member","French Polynesia","Other_Country_Catch_in_National_Waters",0
2021,"SPC Member","French Polynesia","Other_Country_Catch_in_National_Waters",0
2022,"SPC Member","French Polynesia","Other_Country_Catch_in_National_Waters",0
2023,"SPC Member","French Polynesia","Other_Country_Catch_in_National_Waters",0
2024,"SPC Member","French Polynesia","Other_Country_Catch_in_National_Waters",75
1997,"SPC Member","Mathew and Hunter","Other_Country_Catch_in_National_Waters",10
1998,"SPC Member","Mathew and Hunter","Other_Country_Catch_in_National_Waters",51
1999,"SPC Member","Mathew and Hunter","Other_Country_Catch_in_National_Waters",11
2000,"SPC Member","Mathew and Hunter","Other_Country_Catch_in_National_Waters",9
2001,"SPC Member","Mathew and Hunter","Other_Country_Catch_in_National_Waters",5
2002,"SPC Member","Mathew and Hunter","Other_Country_Catch_in_National_Waters",1
2003,"SPC Member","Mathew and Hunter","Other_Country_Catch_in_National_Waters",20
2004,"SPC Member","Mathew and Hunter","Other_Country_Catch_in_National_Waters",11
2005,"SPC Member","Mathew and Hunter","Other_Country_Catch_in_National_Waters",12
2006,"SPC Member","Mathew and Hunter","Other_Country_Catch_in_National_Waters",7
2007,"SPC Member","Mathew and Hunter","Other_Country_Catch_in_National_Waters",9
2008,"SPC Member","Mathew and Hunter","Other_Country_Catch_in_National_Waters",4
2009,"SPC Member","Mathew and Hunter","Other_Country_Catch_in_National_Waters",21
2010,"SPC Member","Mathew and Hunter","Other_Country_Catch_in_National_Waters",19
2011,"SPC Member","Mathew and Hunter","Other_Country_Catch_in_National_Waters",7
2012,"SPC Member","Mathew and Hunter","Other_Country_Catch_in_National_Waters",12
2013,"SPC Member","Mathew and Hunter","Other_Country_Catch_in_National_Waters",0
2014,"SPC Member","Mathew and Hunter","Other_Country_Catch_in_National_Waters",0
2015,"SPC Member","Mathew and Hunter","Other_Country_Catch_in_National_Waters",5
2016,"SPC Member","Mathew and Hunter","Other_Country_Catch_in_National_Waters",1
2017,"SPC Member","Mathew and Hunter","Other_Country_Catch_in_National_Waters",5
2018,"SPC Member","Mathew and Hunter","Other_Country_Catch_in_National_Waters",1
2019,"SPC Member","Mathew and Hunter","Other_Country_Catch_in_National_Waters",3
2020,"SPC Member","Mathew and Hunter","Other_Country_Catch_in_National_Waters",1
2021,"SPC Member","Mathew and Hunter","Other_Country_Catch_in_National_Waters",35
2022,"SPC Member","Mathew and Hunter","Other_Country_Catch_in_National_Waters",29
2023,"SPC Member","Mathew and Hunter","Other_Country_Catch_in_National_Waters",6
2024,"SPC Member","Mathew and Hunter","Other_Country_Catch_in_National_Waters",6
1997,"SPC Member","New Caledonia","Other_Country_Catch_in_National_Waters",51
1998,"SPC Member","New Caledonia","Other_Country_Catch_in_National_Waters",0
1999,"SPC Member","New Caledonia","Other_Country_Catch_in_National_Waters",0
2000,"SPC Member","New Caledonia","Other_Country_Catch_in_National_Waters",0
2001,"SPC Member","New Caledonia","Other_Country_Catch_in_National_Waters",0
2002,"SPC Member","New Caledonia","Other_Country_Catch_in_National_Waters",0
2003,"SPC Member","New Caledonia","Other_Country_Catch_in_National_Waters",0
2004,"SPC Member","New Caledonia","Other_Country_Catch_in_National_Waters",0
2005,"SPC Member","New Caledonia","Other_Country_Catch_in_National_Waters",0
2006,"SPC Member","New Caledonia","Other_Country_Catch_in_National_Waters",0
2007,"SPC Member","New Caledonia","Other_Country_Catch_in_National_Waters",0
2008,"SPC Member","New Caledonia","Other_Country_Catch_in_National_Waters",0
2009,"SPC Member","New Caledonia","Other_Country_Catch_in_National_Waters",0
2010,"SPC Member","New Caledonia","Other_Country_Catch_in_National_Waters",0
2011,"SPC Member","New Caledonia","Other_Country_Catch_in_National_Waters",0
2012,"SPC Member","New Caledonia","Other_Country_Catch_in_National_Waters",0
2013,"SPC Member","New Caledonia","Other_Country_Catch_in_National_Waters",0
2014,"SPC Member","New Caledonia","Other_Country_Catch_in_National_Waters",0
2015,"SPC Member","New Caledonia","Other_Country_Catch_in_National_Waters",0
2016,"SPC Member","New Caledonia","Other_Country_Catch_in_National_Waters",0
2017,"SPC Member","New Caledonia","Other_Country_Catch_in_National_Waters",0
2018,"SPC Member","New Caledonia","Other_Country_Catch_in_National_Waters",0
2019,"SPC Member","New Caledonia","Other_Country_Catch_in_National_Waters",0
2020,"SPC Member","New Caledonia","Other_Country_Catch_in_National_Waters",0
2021,"SPC Member","New Caledonia","Other_Country_Catch_in_National_Waters",0
2022,"SPC Member","New Caledonia","Other_Country_Catch_in_National_Waters",0
2023,"SPC Member","New Caledonia","Other_Country_Catch_in_National_Waters",0
2024,"SPC Member","New Caledonia","Other_Country_Catch_in_National_Waters",5
1997,"SPC Member","Northern Mariana Islands","Other_Country_Catch_in_National_Waters",89
1998,"SPC Member","Northern Mariana Islands","Other_Country_Catch_in_National_Waters",85
1999,"SPC Member","Northern Mariana Islands","Other_Country_Catch_in_National_Waters",59
2000,"SPC Member","Northern Mariana Islands","Other_Country_Catch_in_National_Waters",207
2001,"SPC Member","Northern Mariana Islands","Other_Country_Catch_in_National_Waters",277
2002,"SPC Member","Northern Mariana Islands","Other_Country_Catch_in_National_Waters",184
2003,"SPC Member","Northern Mariana Islands","Other_Country_Catch_in_National_Waters",89
2004,"SPC Member","Northern Mariana Islands","Other_Country_Catch_in_National_Waters",78
2005,"SPC Member","Northern Mariana Islands","Other_Country_Catch_in_National_Waters",130
2006,"SPC Member","Northern Mariana Islands","Other_Country_Catch_in_National_Waters",144
2007,"SPC Member","Northern Mariana Islands","Other_Country_Catch_in_National_Waters",124
2008,"SPC Member","Northern Mariana Islands","Other_Country_Catch_in_National_Waters",85
2009,"SPC Member","Northern Mariana Islands","Other_Country_Catch_in_National_Waters",120
2010,"SPC Member","Northern Mariana Islands","Other_Country_Catch_in_National_Waters",162
2011,"SPC Member","Northern Mariana Islands","Other_Country_Catch_in_National_Waters",120
2012,"SPC Member","Northern Mariana Islands","Other_Country_Catch_in_National_Waters",163
2013,"SPC Member","Northern Mariana Islands","Other_Country_Catch_in_National_Waters",175
2014,"SPC Member","Northern Mariana Islands","Other_Country_Catch_in_National_Waters",117
2015,"SPC Member","Northern Mariana Islands","Other_Country_Catch_in_National_Waters",42
2016,"SPC Member","Northern Mariana Islands","Other_Country_Catch_in_National_Waters",96
2017,"SPC Member","Northern Mariana Islands","Other_Country_Catch_in_National_Waters",115
2018,"SPC Member","Northern Mariana Islands","Other_Country_Catch_in_National_Waters",175
2019,"SPC Member","Northern Mariana Islands","Other_Country_Catch_in_National_Waters",174
2020,"SPC Member","Northern Mariana Islands","Other_Country_Catch_in_National_Waters",119
2021,"SPC Member","Northern Mariana Islands","Other_Country_Catch_in_National_Waters",148
2022,"SPC Member","Northern Mariana Islands","Other_Country_Catch_in_National_Waters",66
2023,"SPC Member","Northern Mariana Islands","Other_Country_Catch_in_National_Waters",44
2024,"SPC Member","Northern Mariana Islands","Other_Country_Catch_in_National_Waters",0
1997,"SPC Member","US","Other_Country_Catch_in_National_Waters",0
1998,"SPC Member","US","Other_Country_Catch_in_National_Waters",0
1999,"SPC Member","US","Other_Country_Catch_in_National_Waters",0
2000,"SPC Member","US","Other_Country_Catch_in_National_Waters",0
2001,"SPC Member","US","Other_Country_Catch_in_National_Waters",0
2002,"SPC Member","US","Other_Country_Catch_in_National_Waters",0
2003,"SPC Member","US","Other_Country_Catch_in_National_Waters",0
2004,"SPC Member","US","Other_Country_Catch_in_National_Waters",0
2005,"SPC Member","US","Other_Country_Catch_in_National_Waters",0
2006,"SPC Member","US","Other_Country_Catch_in_National_Waters",0
2007,"SPC Member","US","Other_Country_Catch_in_National_Waters",0
2008,"SPC Member","US","Other_Country_Catch_in_National_Waters",0
2009,"SPC Member","US","Other_Country_Catch_in_National_Waters",0
2010,"SPC Member","US","Other_Country_Catch_in_National_Waters",0
2011,"SPC Member","US","Other_Country_Catch_in_National_Waters",0
2012,"SPC Member","US","Other_Country_Catch_in_National_Waters",0
2013,"SPC Member","US","Other_Country_Catch_in_National_Waters",0
2014,"SPC Member","US","Other_Country_Catch_in_National_Waters",0
2015,"SPC Member","US","Other_Country_Catch_in_National_Waters",0
2016,"SPC Member","US","Other_Country_Catch_in_National_Waters",0
2017,"SPC Member","US","Other_Country_Catch_in_National_Waters",0
2018,"SPC Member","US","Other_Country_Catch_in_National_Waters",0
2019,"SPC Member","US","Other_Country_Catch_in_National_Waters",0
2020,"SPC Member","US","Other_Country_Catch_in_National_Waters",0
2021,"SPC Member","US","Other_Country_Catch_in_National_Waters",0
2022,"SPC Member","US","Other_Country_Catch_in_National_Waters",0
2023,"SPC Member","US","Other_Country_Catch_in_National_Waters",0
2024,"SPC Member","US","Other_Country_Catch_in_National_Waters",0
1997,"SPC Member","US (includes territories, ex Am Samoa)","Other_Country_Catch_in_National_Waters",42399
1998,"SPC Member","US (includes territories, ex Am Samoa)","Other_Country_Catch_in_National_Waters",26455
1999,"SPC Member","US (includes territories, ex Am Samoa)","Other_Country_Catch_in_National_Waters",16426
2000,"SPC Member","US (includes territories, ex Am Samoa)","Other_Country_Catch_in_National_Waters",6797
2001,"SPC Member","US (includes territories, ex Am Samoa)","Other_Country_Catch_in_National_Waters",10864
2002,"SPC Member","US (includes territories, ex Am Samoa)","Other_Country_Catch_in_National_Waters",12819
2003,"SPC Member","US (includes territories, ex Am Samoa)","Other_Country_Catch_in_National_Waters",8358
2004,"SPC Member","US (includes territories, ex Am Samoa)","Other_Country_Catch_in_National_Waters",9120
2005,"SPC Member","US (includes territories, ex Am Samoa)","Other_Country_Catch_in_National_Waters",7708
2006,"SPC Member","US (includes territories, ex Am Samoa)","Other_Country_Catch_in_National_Waters",11248
2007,"SPC Member","US (includes territories, ex Am Samoa)","Other_Country_Catch_in_National_Waters",5985
2008,"SPC Member","US (includes territories, ex Am Samoa)","Other_Country_Catch_in_National_Waters",4420
2009,"SPC Member","US (includes territories, ex Am Samoa)","Other_Country_Catch_in_National_Waters",5834
2010,"SPC Member","US (includes territories, ex Am Samoa)","Other_Country_Catch_in_National_Waters",3225
2011,"SPC Member","US (includes territories, ex Am Samoa)","Other_Country_Catch_in_National_Waters",3756
2012,"SPC Member","US (includes territories, ex Am Samoa)","Other_Country_Catch_in_National_Waters",7990
2013,"SPC Member","US (includes territories, ex Am Samoa)","Other_Country_Catch_in_National_Waters",8420
2014,"SPC Member","US (includes territories, ex Am Samoa)","Other_Country_Catch_in_National_Waters",8917
2015,"SPC Member","US (includes territories, ex Am Samoa)","Other_Country_Catch_in_National_Waters",7967
2016,"SPC Member","US (includes territories, ex Am Samoa)","Other_Country_Catch_in_National_Waters",9022
2017,"SPC Member","US (includes territories, ex Am Samoa)","Other_Country_Catch_in_National_Waters",10605
2018,"SPC Member","US (includes territories, ex Am Samoa)","Other_Country_Catch_in_National_Waters",7827
2019,"SPC Member","US (includes territories, ex Am Samoa)","Other_Country_Catch_in_National_Waters",8394
2020,"SPC Member","US (includes territories, ex Am Samoa)","Other_Country_Catch_in_National_Waters",11503
2021,"SPC Member","US (includes territories, ex Am Samoa)","Other_Country_Catch_in_National_Waters",11582
2022,"SPC Member","US (includes territories, ex Am Samoa)","Other_Country_Catch_in_National_Waters",12138
2023,"SPC Member","US (includes territories, ex Am Samoa)","Other_Country_Catch_in_National_Waters",6837
2024,"SPC Member","US (includes territories, ex Am Samoa)","Other_Country_Catch_in_National_Waters",10054
1997,"SPC Member","US (includes territories, incl Am Samoa)","Other_Country_Catch_in_National_Waters",0
1998,"SPC Member","US (includes territories, incl Am Samoa)","Other_Country_Catch_in_National_Waters",0
1999,"SPC Member","US (includes territories, incl Am Samoa)","Other_Country_Catch_in_National_Waters",0
2000,"SPC Member","US (includes territories, incl Am Samoa)","Other_Country_Catch_in_National_Waters",0
2001,"SPC Member","US (includes territories, incl Am Samoa)","Other_Country_Catch_in_National_Waters",0
2002,"SPC Member","US (includes territories, incl Am Samoa)","Other_Country_Catch_in_National_Waters",0
2003,"SPC Member","US (includes territories, incl Am Samoa)","Other_Country_Catch_in_National_Waters",0
2004,"SPC Member","US (includes territories, incl Am Samoa)","Other_Country_Catch_in_National_Waters",0
2005,"SPC Member","US (includes territories, incl Am Samoa)","Other_Country_Catch_in_National_Waters",0
2006,"SPC Member","US (includes territories, incl Am Samoa)","Other_Country_Catch_in_National_Waters",0
2007,"SPC Member","US (includes territories, incl Am Samoa)","Other_Country_Catch_in_National_Waters",0
2008,"SPC Member","US (includes territories, incl Am Samoa)","Other_Country_Catch_in_National_Waters",0
2009,"SPC Member","US (includes territories, incl Am Samoa)","Other_Country_Catch_in_National_Waters",0
2010,"SPC Member","US (includes territories, incl Am Samoa)","Other_Country_Catch_in_National_Waters",0
2011,"SPC Member","US (includes territories, incl Am Samoa)","Other_Country_Catch_in_National_Waters",0
2012,"SPC Member","US (includes territories, incl Am Samoa)","Other_Country_Catch_in_National_Waters",0
2013,"SPC Member","US (includes territories, incl Am Samoa)","Other_Country_Catch_in_National_Waters",0
2014,"SPC Member","US (includes territories, incl Am Samoa)","Other_Country_Catch_in_National_Waters",0
2015,"SPC Member","US (includes territories, incl Am Samoa)","Other_Country_Catch_in_National_Waters",0
2016,"SPC Member","US (includes territories, incl Am Samoa)","Other_Country_Catch_in_National_Waters",0
2017,"SPC Member","US (includes territories, incl Am Samoa)","Other_Country_Catch_in_National_Waters",0
2018,"SPC Member","US (includes territories, incl Am Samoa)","Other_Country_Catch_in_National_Waters",0
2019,"SPC Member","US (includes territories, incl Am Samoa)","Other_Country_Catch_in_National_Waters",0
2020,"SPC Member","US (includes territories, incl Am Samoa)","Other_Country_Catch_in_National_Waters",0
2021,"SPC Member","US (includes territories, incl Am Samoa)","Other_Country_Catch_in_National_Waters",0
2022,"SPC Member","US (includes territories, incl Am Samoa)","Other_Country_Catch_in_National_Waters",0
2023,"SPC Member","US (includes territories, incl Am Samoa)","Other_Country_Catch_in_National_Waters",0
2024,"SPC Member","US (includes territories, incl Am Samoa)","Other_Country_Catch_in_National_Waters",0
1997,"SPC Member","Wallis and Futuna","Other_Country_Catch_in_National_Waters",58
1998,"SPC Member","Wallis and Futuna","Other_Country_Catch_in_National_Waters",43
1999,"SPC Member","Wallis and Futuna","Other_Country_Catch_in_National_Waters",38
2000,"SPC Member","Wallis and Futuna","Other_Country_Catch_in_National_Waters",0
2001,"SPC Member","Wallis and Futuna","Other_Country_Catch_in_National_Waters",12
2002,"SPC Member","Wallis and Futuna","Other_Country_Catch_in_National_Waters",60
2003,"SPC Member","Wallis and Futuna","Other_Country_Catch_in_National_Waters",18
2004,"SPC Member","Wallis and Futuna","Other_Country_Catch_in_National_Waters",0
2005,"SPC Member","Wallis and Futuna","Other_Country_Catch_in_National_Waters",65
2006,"SPC Member","Wallis and Futuna","Other_Country_Catch_in_National_Waters",16
2007,"SPC Member","Wallis and Futuna","Other_Country_Catch_in_National_Waters",0
2008,"SPC Member","Wallis and Futuna","Other_Country_Catch_in_National_Waters",29
2009,"SPC Member","Wallis and Futuna","Other_Country_Catch_in_National_Waters",138
2010,"SPC Member","Wallis and Futuna","Other_Country_Catch_in_National_Waters",43
2011,"SPC Member","Wallis and Futuna","Other_Country_Catch_in_National_Waters",11
2012,"SPC Member","Wallis and Futuna","Other_Country_Catch_in_National_Waters",7
2013,"SPC Member","Wallis and Futuna","Other_Country_Catch_in_National_Waters",0
2014,"SPC Member","Wallis and Futuna","Other_Country_Catch_in_National_Waters",0
2015,"SPC Member","Wallis and Futuna","Other_Country_Catch_in_National_Waters",0
2016,"SPC Member","Wallis and Futuna","Other_Country_Catch_in_National_Waters",0
2017,"SPC Member","Wallis and Futuna","Other_Country_Catch_in_National_Waters",0
2018,"SPC Member","Wallis and Futuna","Other_Country_Catch_in_National_Waters",0
2019,"SPC Member","Wallis and Futuna","Other_Country_Catch_in_National_Waters",0
2020,"SPC Member","Wallis and Futuna","Other_Country_Catch_in_National_Waters",0
2021,"SPC Member","Wallis and Futuna","Other_Country_Catch_in_National_Waters",0
2022,"SPC Member","Wallis and Futuna","Other_Country_Catch_in_National_Waters",0
2023,"SPC Member","Wallis and Futuna","Other_Country_Catch_in_National_Waters",0
2024,"SPC Member","Wallis and Futuna","Other_Country_Catch_in_National_Waters",0
