"reporter_desc","Year","variable","value","Source"
"Areas, nes",2010,"Total_Net_Wgt",95421550.908,"Raw Exports"
"Areas, nes",2011,"Total_Net_Wgt",104429819.572,"Raw Exports"
"Areas, nes",2012,"Total_Net_Wgt",65819363.108,"Raw Exports"
"Areas, nes",2013,"Total_Net_Wgt",58646567.664,"Raw Exports"
"Areas, nes",2014,"Total_Net_Wgt",91517209.555,"Raw Exports"
"Areas, nes",2015,"Total_Net_Wgt",73795296.267,"Raw Exports"
"Areas, nes",2016,"Total_Net_Wgt",75505507.465,"Raw Exports"
"Areas, nes",2017,"Total_Net_Wgt",73945512.699,"Raw Exports"
"Areas, nes",2018,"Total_Net_Wgt",117047608.773,"Raw Exports"
"Areas, nes",2019,"Total_Net_Wgt",197376750.501,"Raw Exports"
"Areas, nes",2020,"Total_Net_Wgt",44866244.642,"Raw Exports"
"Areas, nes",2021,"Total_Net_Wgt",50046192.832,"Raw Exports"
"Areas, nes",2024,"Total_Net_Wgt",4585666.886,"Raw Exports"
"Areas, nes",2025,"Total_Net_Wgt",2631330.923,"Raw Exports"
"Australia",2011,"Total_Net_Wgt",9368798.8,"Raw Exports"
"Australia",2012,"Total_Net_Wgt",8510289.88,"Raw Exports"
"Australia",2013,"Total_Net_Wgt",9061239.68,"Raw Exports"
"Australia",2014,"Total_Net_Wgt",10521748.62,"Raw Exports"
"Australia",2015,"Total_Net_Wgt",10934851.88,"Raw Exports"
"Australia",2016,"Total_Net_Wgt",10389454.69,"Raw Exports"
"Australia",2017,"Total_Net_Wgt",10339961.21,"Raw Exports"
"Australia",2018,"Total_Net_Wgt",10505594.001,"Raw Exports"
"Australia",2019,"Total_Net_Wgt",10892036.35,"Raw Exports"
"Australia",2020,"Total_Net_Wgt",10622410.22,"Raw Exports"
"Australia",2021,"Total_Net_Wgt",9178834.19,"Raw Exports"
"Australia",2022,"Total_Net_Wgt",9514175.57,"Raw Exports"
"Australia",2023,"Total_Net_Wgt",9866536.44,"Raw Exports"
"Australia",2024,"Total_Net_Wgt",9849311.17,"Raw Exports"
"Australia",2025,"Total_Net_Wgt",11415073.25,"Raw Exports"
"Brazil",2000,"Total_Net_Wgt",12513084,"Raw Exports"
"Brazil",2001,"Total_Net_Wgt",14025643,"Raw Exports"
"Brazil",2002,"Total_Net_Wgt",10894855,"Raw Exports"
"Brazil",2003,"Total_Net_Wgt",6697706,"Raw Exports"
"Brazil",2004,"Total_Net_Wgt",7951190,"Raw Exports"
"Brazil",2005,"Total_Net_Wgt",8069344,"Raw Exports"
"Brazil",2006,"Total_Net_Wgt",5632054,"Raw Exports"
"Brazil",2007,"Total_Net_Wgt",4746545,"Raw Exports"
"Brazil",2009,"Total_Net_Wgt",2760193,"Raw Exports"
"Brazil",2010,"Total_Net_Wgt",4360260,"Raw Exports"
"Brazil",2011,"Total_Net_Wgt",10992333,"Raw Exports"
"Brazil",2012,"Total_Net_Wgt",16486960,"Raw Exports"
"Brazil",2013,"Total_Net_Wgt",10031338,"Raw Exports"
"Brazil",2014,"Total_Net_Wgt",6367342,"Raw Exports"
"Brazil",2015,"Total_Net_Wgt",8725531,"Raw Exports"
"Brazil",2016,"Total_Net_Wgt",8408983,"Raw Exports"
"Brazil",2017,"Total_Net_Wgt",8904929,"Raw Exports"
"Brazil",2018,"Total_Net_Wgt",7292887,"Raw Exports"
"Brazil",2019,"Total_Net_Wgt",7878819,"Raw Exports"
"Brazil",2020,"Total_Net_Wgt",7555341,"Raw Exports"
"Brazil",2021,"Total_Net_Wgt",4177609,"Raw Exports"
"Brazil",2022,"Total_Net_Wgt",3735826,"Raw Exports"
"Brazil",2023,"Total_Net_Wgt",4198721,"Raw Exports"
"Brazil",2025,"Total_Net_Wgt",2173499,"Raw Exports"
"Cabo Verde",2010,"Total_Net_Wgt",9640352,"Raw Exports"
"Cabo Verde",2011,"Total_Net_Wgt",13636965,"Raw Exports"
"Cabo Verde",2012,"Total_Net_Wgt",8443147,"Raw Exports"
"Cabo Verde",2013,"Total_Net_Wgt",12280964,"Raw Exports"
"Cabo Verde",2014,"Total_Net_Wgt",13794712,"Raw Exports"
"Cabo Verde",2015,"Total_Net_Wgt",15215071,"Raw Exports"
"Cabo Verde",2019,"Total_Net_Wgt",2216000,"Raw Exports"
"Cameroon",2012,"Total_Net_Wgt",1966220,"Raw Exports"
"Canada",2010,"Total_Net_Wgt",6137599,"Raw Exports"
"Canada",2011,"Total_Net_Wgt",5712055,"Raw Exports"
"Canada",2012,"Total_Net_Wgt",3113945,"Raw Exports"
"Canada",2013,"Total_Net_Wgt",4627756,"Raw Exports"
"Canada",2014,"Total_Net_Wgt",3708907,"Raw Exports"
"Canada",2015,"Total_Net_Wgt",4839314,"Raw Exports"
"Canada",2016,"Total_Net_Wgt",2879629,"Raw Exports"
"Canada",2017,"Total_Net_Wgt",2898110,"Raw Exports"
"Canada",2018,"Total_Net_Wgt",2182340,"Raw Exports"
"Canada",2019,"Total_Net_Wgt",2286820,"Raw Exports"
"Canada",2020,"Total_Net_Wgt",2172680,"Raw Exports"
"Canada",2021,"Total_Net_Wgt",2090458,"Raw Exports"
"Canada",2022,"Total_Net_Wgt",2724667,"Raw Exports"
"Canada",2023,"Total_Net_Wgt",2680900,"Raw Exports"
"Canada",2025,"Total_Net_Wgt",1480136,"Raw Exports"
"China",2010,"Total_Net_Wgt",37783554,"Raw Exports"
"China",2011,"Total_Net_Wgt",57753341,"Raw Exports"
"China",2012,"Total_Net_Wgt",29683040,"Raw Exports"
"China",2014,"Total_Net_Wgt",1980792,"Raw Exports"
"China",2015,"Total_Net_Wgt",1548314,"Raw Exports"
"China",2016,"Total_Net_Wgt",297803306.284,"Raw Exports"
"China",2017,"Total_Net_Wgt",212573381.11,"Raw Exports"
"China",2018,"Total_Net_Wgt",114145623,"Raw Exports"
"China",2019,"Total_Net_Wgt",111103625,"Raw Exports"
"China",2020,"Total_Net_Wgt",133956483,"Raw Exports"
"China",2021,"Total_Net_Wgt",81834253,"Raw Exports"
"China",2022,"Total_Net_Wgt",60505508,"Raw Exports"
"China",2023,"Total_Net_Wgt",51410950,"Raw Exports"
"China",2024,"Total_Net_Wgt",85930325,"Raw Exports"
"Colombia",2010,"Total_Net_Wgt",11407690,"Raw Exports"
"Colombia",2014,"Total_Net_Wgt",50649024,"Raw Exports"
"Colombia",2015,"Total_Net_Wgt",3897077,"Raw Exports"
"Colombia",2016,"Total_Net_Wgt",33900253,"Raw Exports"
"Colombia",2017,"Total_Net_Wgt",9464102,"Raw Exports"
"Colombia",2018,"Total_Net_Wgt",11949075,"Raw Exports"
"Colombia",2019,"Total_Net_Wgt",23585055,"Raw Exports"
"Colombia",2020,"Total_Net_Wgt",15263551,"Raw Exports"
"Colombia",2021,"Total_Net_Wgt",16695509.3,"Raw Exports"
"Colombia",2022,"Total_Net_Wgt",13441948.32,"Raw Exports"
"Colombia",2023,"Total_Net_Wgt",11770373.69,"Raw Exports"
"Colombia",2025,"Total_Net_Wgt",5608251,"Raw Exports"
"Croatia",2010,"Total_Net_Wgt",2752037,"Raw Exports"
"Croatia",2011,"Total_Net_Wgt",3208166,"Raw Exports"
"Croatia",2012,"Total_Net_Wgt",2139270,"Raw Exports"
"Croatia",2013,"Total_Net_Wgt",2442491,"Raw Exports"
"Croatia",2014,"Total_Net_Wgt",2207347,"Raw Exports"
"Croatia",2015,"Total_Net_Wgt",4817341,"Raw Exports"
"Croatia",2016,"Total_Net_Wgt",2340833.74,"Raw Exports"
"Croatia",2017,"Total_Net_Wgt",2976055.15,"Raw Exports"
"Croatia",2018,"Total_Net_Wgt",3067383.257,"Raw Exports"
"Croatia",2019,"Total_Net_Wgt",2894788.511,"Raw Exports"
"Croatia",2020,"Total_Net_Wgt",3328195.559,"Raw Exports"
"Croatia",2021,"Total_Net_Wgt",4824927.033,"Raw Exports"
"Croatia",2022,"Total_Net_Wgt",3725115.735,"Raw Exports"
"Croatia",2023,"Total_Net_Wgt",3350997.751,"Raw Exports"
"Croatia",2024,"Total_Net_Wgt",3290989.002,"Raw Exports"
"Croatia",2025,"Total_Net_Wgt",3475904.027,"Raw Exports"
"Côte d'Ivoire",2008,"Total_Net_Wgt",8045363,"Raw Exports"
"Côte d'Ivoire",2009,"Total_Net_Wgt",20998744,"Raw Exports"
"Côte d'Ivoire",2010,"Total_Net_Wgt",4109861,"Raw Exports"
"Côte d'Ivoire",2018,"Total_Net_Wgt",1909814,"Raw Exports"
"Denmark",2025,"Total_Net_Wgt",1279561,"Raw Exports"
"Ecuador",2010,"Total_Net_Wgt",40787248.54,"Raw Exports"
"Ecuador",2011,"Total_Net_Wgt",6719066.11,"Raw Exports"
"Ecuador",2012,"Total_Net_Wgt",8053342.597,"Raw Exports"
"Ecuador",2013,"Total_Net_Wgt",12273749.68,"Raw Exports"
"Ecuador",2014,"Total_Net_Wgt",18239868.09,"Raw Exports"
"Ecuador",2016,"Total_Net_Wgt",12387101.572,"Raw Exports"
"Ecuador",2017,"Total_Net_Wgt",24456636.81,"Raw Exports"
"Ecuador",2018,"Total_Net_Wgt",31138788.63,"Raw Exports"
"Ecuador",2019,"Total_Net_Wgt",12944829.54,"Raw Exports"
"Ecuador",2020,"Total_Net_Wgt",9867217.92,"Raw Exports"
"Ecuador",2021,"Total_Net_Wgt",8643439.19,"Raw Exports"
"Ecuador",2024,"Total_Net_Wgt",21423653,"Raw Exports"
"El Salvador",2002,"Total_Net_Wgt",5958606.76,"Raw Exports"
"El Salvador",2003,"Total_Net_Wgt",7581431.81,"Raw Exports"
"El Salvador",2016,"Total_Net_Wgt",4425280,"Raw Exports"
"El Salvador",2017,"Total_Net_Wgt",4368037,"Raw Exports"
"El Salvador",2018,"Total_Net_Wgt",2054537,"Raw Exports"
"El Salvador",2019,"Total_Net_Wgt",2334353.42,"Raw Exports"
"El Salvador",2020,"Total_Net_Wgt",3844639,"Raw Exports"
"El Salvador",2021,"Total_Net_Wgt",3292328,"Raw Exports"
"El Salvador",2022,"Total_Net_Wgt",2596498,"Raw Exports"
"Estonia",2014,"Total_Net_Wgt",4257179.9,"Raw Exports"
"Fiji",2014,"Total_Net_Wgt",4711579.49,"Raw Exports"
"Fiji",2015,"Total_Net_Wgt",66704993.48,"Raw Exports"
"Fiji",2016,"Total_Net_Wgt",56535074.14,"Raw Exports"
"Fiji",2017,"Total_Net_Wgt",66895567.99,"Raw Exports"
"Fiji",2018,"Total_Net_Wgt",47452252.91,"Raw Exports"
"Fiji",2019,"Total_Net_Wgt",39985468.65,"Raw Exports"
"Fiji",2020,"Total_Net_Wgt",33547663.36,"Raw Exports"
"Fiji",2021,"Total_Net_Wgt",21061822.715,"Raw Exports"
"Fiji",2022,"Total_Net_Wgt",33956803.7,"Raw Exports"
"Fiji",2023,"Total_Net_Wgt",25398972.92,"Raw Exports"
"Fiji",2024,"Total_Net_Wgt",49153353.27,"Raw Exports"
"Fiji",2025,"Total_Net_Wgt",33734899.501,"Raw Exports"
"France",2000,"Total_Net_Wgt",143118854.417,"Raw Exports"
"France",2001,"Total_Net_Wgt",158325161.622,"Raw Exports"
"France",2002,"Total_Net_Wgt",126953280.785,"Raw Exports"
"France",2003,"Total_Net_Wgt",188584833.861,"Raw Exports"
"France",2004,"Total_Net_Wgt",174257577.802,"Raw Exports"
"France",2005,"Total_Net_Wgt",133888868.505,"Raw Exports"
"France",2006,"Total_Net_Wgt",124792501.502,"Raw Exports"
"France",2007,"Total_Net_Wgt",83378487.925,"Raw Exports"
"France",2008,"Total_Net_Wgt",143307735.388,"Raw Exports"
"France",2009,"Total_Net_Wgt",95172280.415,"Raw Exports"
"France",2010,"Total_Net_Wgt",80009500,"Raw Exports"
"France",2011,"Total_Net_Wgt",72799400,"Raw Exports"
"France",2012,"Total_Net_Wgt",97053100,"Raw Exports"
"France",2013,"Total_Net_Wgt",81890900,"Raw Exports"
"France",2014,"Total_Net_Wgt",58773970,"Raw Exports"
"France",2015,"Total_Net_Wgt",81175474,"Raw Exports"
"France",2016,"Total_Net_Wgt",90713541,"Raw Exports"
"France",2017,"Total_Net_Wgt",83565949,"Raw Exports"
"France",2018,"Total_Net_Wgt",92652965.181,"Raw Exports"
"France",2019,"Total_Net_Wgt",83481121,"Raw Exports"
"France",2020,"Total_Net_Wgt",75138779,"Raw Exports"
"France",2021,"Total_Net_Wgt",41511181.936,"Raw Exports"
"France",2022,"Total_Net_Wgt",24560074.56,"Raw Exports"
"France",2023,"Total_Net_Wgt",24216382,"Raw Exports"
"France",2024,"Total_Net_Wgt",22595508,"Raw Exports"
"French Polynesia",2015,"Total_Net_Wgt",1464023,"Raw Exports"
"Germany",2017,"Total_Net_Wgt",2208146.341,"Raw Exports"
"Ghana",2010,"Total_Net_Wgt",8769836.1,"Raw Exports"
"Ghana",2011,"Total_Net_Wgt",4484124.65,"Raw Exports"
"Ghana",2012,"Total_Net_Wgt",15703058.8,"Raw Exports"
"Ghana",2013,"Total_Net_Wgt",6111049.79,"Raw Exports"
"Ghana",2014,"Total_Net_Wgt",2073026.89,"Raw Exports"
"Ghana",2015,"Total_Net_Wgt",11624653.74,"Raw Exports"
"Ghana",2016,"Total_Net_Wgt",12252428.61,"Raw Exports"
"Ghana",2017,"Total_Net_Wgt",28553618.45,"Raw Exports"
"Ghana",2018,"Total_Net_Wgt",36845620.9,"Raw Exports"
"Ghana",2019,"Total_Net_Wgt",29312893.36,"Raw Exports"
"Ghana",2020,"Total_Net_Wgt",21409955.72,"Raw Exports"
"Ghana",2021,"Total_Net_Wgt",14920135.66,"Raw Exports"
"Ghana",2022,"Total_Net_Wgt",46809368.986,"Raw Exports"
"Ghana",2023,"Total_Net_Wgt",37928951,"Raw Exports"
"Guatemala",2022,"Total_Net_Wgt",4376311,"Raw Exports"
"Guatemala",2023,"Total_Net_Wgt",2727104,"Raw Exports"
"Guatemala",2024,"Total_Net_Wgt",4297076,"Raw Exports"
"India",2011,"Total_Net_Wgt",17171362,"Raw Exports"
"India",2012,"Total_Net_Wgt",19698811,"Raw Exports"
"India",2013,"Total_Net_Wgt",36605583,"Raw Exports"
"India",2014,"Total_Net_Wgt",36260403,"Raw Exports"
"India",2015,"Total_Net_Wgt",29350863,"Raw Exports"
"India",2016,"Total_Net_Wgt",21468478,"Raw Exports"
"India",2017,"Total_Net_Wgt",28025538,"Raw Exports"
"India",2018,"Total_Net_Wgt",54841228,"Raw Exports"
"India",2019,"Total_Net_Wgt",45672653,"Raw Exports"
"India",2020,"Total_Net_Wgt",40352149,"Raw Exports"
"India",2021,"Total_Net_Wgt",38689581.626,"Raw Exports"
"India",2022,"Total_Net_Wgt",36034176.803,"Raw Exports"
"India",2023,"Total_Net_Wgt",51348178.667,"Raw Exports"
"India",2024,"Total_Net_Wgt",46183719.158,"Raw Exports"
"India",2025,"Total_Net_Wgt",29464538.099,"Raw Exports"
"Indonesia",2012,"Total_Net_Wgt",11114023,"Raw Exports"
"Indonesia",2013,"Total_Net_Wgt",366040872,"Raw Exports"
"Indonesia",2014,"Total_Net_Wgt",104121894,"Raw Exports"
"Indonesia",2015,"Total_Net_Wgt",90002096.332,"Raw Exports"
"Indonesia",2016,"Total_Net_Wgt",73733691.1900001,"Raw Exports"
"Indonesia",2017,"Total_Net_Wgt",121307044.62,"Raw Exports"
"Indonesia",2018,"Total_Net_Wgt",86200137.92,"Raw Exports"
"Indonesia",2019,"Total_Net_Wgt",88526387.01,"Raw Exports"
"Indonesia",2020,"Total_Net_Wgt",113680675.86,"Raw Exports"
"Indonesia",2021,"Total_Net_Wgt",109557679.19,"Raw Exports"
"Indonesia",2022,"Total_Net_Wgt",120918814.07,"Raw Exports"
"Indonesia",2023,"Total_Net_Wgt",130600231.56,"Raw Exports"
"Indonesia",2024,"Total_Net_Wgt",197643600.92,"Raw Exports"
"Ireland",2001,"Total_Net_Wgt",1903250,"Raw Exports"
"Ireland",2011,"Total_Net_Wgt",3165929,"Raw Exports"
"Ireland",2012,"Total_Net_Wgt",3057271,"Raw Exports"
"Ireland",2013,"Total_Net_Wgt",1794824,"Raw Exports"
"Ireland",2014,"Total_Net_Wgt",6021761,"Raw Exports"
"Ireland",2015,"Total_Net_Wgt",2371786,"Raw Exports"
"Ireland",2016,"Total_Net_Wgt",2078184,"Raw Exports"
"Ireland",2018,"Total_Net_Wgt",2205567,"Raw Exports"
"Ireland",2019,"Total_Net_Wgt",2212459,"Raw Exports"
"Ireland",2020,"Total_Net_Wgt",1933693,"Raw Exports"
"Ireland",2021,"Total_Net_Wgt",1887687,"Raw Exports"
"Ireland",2022,"Total_Net_Wgt",2619332,"Raw Exports"
"Ireland",2023,"Total_Net_Wgt",2326520,"Raw Exports"
"Ireland",2024,"Total_Net_Wgt",3200625,"Raw Exports"
"Ireland",2025,"Total_Net_Wgt",3079311.115,"Raw Exports"
"Italy",2000,"Total_Net_Wgt",6862016,"Raw Exports"
"Italy",2001,"Total_Net_Wgt",4706391,"Raw Exports"
"Italy",2002,"Total_Net_Wgt",4364770,"Raw Exports"
"Italy",2003,"Total_Net_Wgt",3778357,"Raw Exports"
"Italy",2004,"Total_Net_Wgt",5284510,"Raw Exports"
"Italy",2005,"Total_Net_Wgt",6379308,"Raw Exports"
"Italy",2006,"Total_Net_Wgt",6937251,"Raw Exports"
"Italy",2007,"Total_Net_Wgt",5451784,"Raw Exports"
"Italy",2009,"Total_Net_Wgt",4220511,"Raw Exports"
"Italy",2010,"Total_Net_Wgt",2491000,"Raw Exports"
"Italy",2011,"Total_Net_Wgt",4646100,"Raw Exports"
"Italy",2012,"Total_Net_Wgt",2454100,"Raw Exports"
"Italy",2013,"Total_Net_Wgt",3368700,"Raw Exports"
"Italy",2014,"Total_Net_Wgt",3562114,"Raw Exports"
"Italy",2015,"Total_Net_Wgt",3369486,"Raw Exports"
"Italy",2016,"Total_Net_Wgt",2762057,"Raw Exports"
"Italy",2017,"Total_Net_Wgt",2722282,"Raw Exports"
"Italy",2018,"Total_Net_Wgt",2308287,"Raw Exports"
"Italy",2019,"Total_Net_Wgt",2428587,"Raw Exports"
"Italy",2020,"Total_Net_Wgt",2332067,"Raw Exports"
"Italy",2021,"Total_Net_Wgt",3214563,"Raw Exports"
"Italy",2022,"Total_Net_Wgt",2433340,"Raw Exports"
"Italy",2023,"Total_Net_Wgt",2098319,"Raw Exports"
"Italy",2024,"Total_Net_Wgt",2324942,"Raw Exports"
"Italy",2025,"Total_Net_Wgt",1475172,"Raw Exports"
"Japan",2010,"Total_Net_Wgt",75588774,"Raw Exports"
"Japan",2011,"Total_Net_Wgt",67069916,"Raw Exports"
"Japan",2012,"Total_Net_Wgt",51243338,"Raw Exports"
"Japan",2013,"Total_Net_Wgt",71005770,"Raw Exports"
"Japan",2014,"Total_Net_Wgt",62881694,"Raw Exports"
"Japan",2015,"Total_Net_Wgt",40115483,"Raw Exports"
"Japan",2016,"Total_Net_Wgt",22887520,"Raw Exports"
"Japan",2017,"Total_Net_Wgt",37062326,"Raw Exports"
"Japan",2018,"Total_Net_Wgt",55767213,"Raw Exports"
"Japan",2019,"Total_Net_Wgt",41278996,"Raw Exports"
"Japan",2020,"Total_Net_Wgt",63550779,"Raw Exports"
"Japan",2021,"Total_Net_Wgt",57639398,"Raw Exports"
"Japan",2022,"Total_Net_Wgt",22263835,"Raw Exports"
"Japan",2023,"Total_Net_Wgt",35693252,"Raw Exports"
"Japan",2024,"Total_Net_Wgt",46903413,"Raw Exports"
"Japan",2025,"Total_Net_Wgt",32092556,"Raw Exports"
"Kiribati",2017,"Total_Net_Wgt",1863994.5,"Raw Exports"
"Luxembourg",2013,"Total_Net_Wgt",2176731,"Raw Exports"
"Madagascar",2016,"Total_Net_Wgt",2092163.29,"Raw Exports"
"Madagascar",2017,"Total_Net_Wgt",3960802.55,"Raw Exports"
"Madagascar",2019,"Total_Net_Wgt",2761595.29,"Raw Exports"
"Madagascar",2023,"Total_Net_Wgt",5110087.93,"Raw Exports"
"Malaysia",2018,"Total_Net_Wgt",3569601.41,"Raw Exports"
"Malaysia",2019,"Total_Net_Wgt",4520419.52,"Raw Exports"
"Malaysia",2020,"Total_Net_Wgt",8626067.12,"Raw Exports"
"Malaysia",2021,"Total_Net_Wgt",3184884.44,"Raw Exports"
"Malaysia",2022,"Total_Net_Wgt",3638585.79,"Raw Exports"
"Malaysia",2023,"Total_Net_Wgt",7131140.06,"Raw Exports"
"Malaysia",2024,"Total_Net_Wgt",7006799.7,"Raw Exports"
"Malaysia",2025,"Total_Net_Wgt",15924065.55,"Raw Exports"
"Maldives",2018,"Total_Net_Wgt",49582691.99,"Raw Exports"
"Malta",2010,"Total_Net_Wgt",5248800,"Raw Exports"
"Malta",2011,"Total_Net_Wgt",1926300,"Raw Exports"
"Malta",2012,"Total_Net_Wgt",3376000,"Raw Exports"
"Malta",2013,"Total_Net_Wgt",5466300,"Raw Exports"
"Malta",2014,"Total_Net_Wgt",6001000,"Raw Exports"
"Malta",2015,"Total_Net_Wgt",7517826,"Raw Exports"
"Malta",2016,"Total_Net_Wgt",11136959,"Raw Exports"
"Malta",2019,"Total_Net_Wgt",12992477,"Raw Exports"
"Malta",2020,"Total_Net_Wgt",10828069,"Raw Exports"
"Malta",2021,"Total_Net_Wgt",10249214,"Raw Exports"
"Malta",2022,"Total_Net_Wgt",10474698,"Raw Exports"
"Malta",2023,"Total_Net_Wgt",12282951,"Raw Exports"
"Malta",2024,"Total_Net_Wgt",10592424,"Raw Exports"
"Mauritius",2010,"Total_Net_Wgt",5548700,"Raw Exports"
"Mauritius",2011,"Total_Net_Wgt",11170063,"Raw Exports"
"Mauritius",2012,"Total_Net_Wgt",20945735,"Raw Exports"
"Mauritius",2013,"Total_Net_Wgt",11279930,"Raw Exports"
"Mauritius",2014,"Total_Net_Wgt",14462968,"Raw Exports"
"Mauritius",2015,"Total_Net_Wgt",11515015,"Raw Exports"
"Mauritius",2016,"Total_Net_Wgt",17080343,"Raw Exports"
"Mauritius",2017,"Total_Net_Wgt",9369962,"Raw Exports"
"Mauritius",2018,"Total_Net_Wgt",7935675,"Raw Exports"
"Mauritius",2019,"Total_Net_Wgt",10282151,"Raw Exports"
"Mauritius",2020,"Total_Net_Wgt",12151781,"Raw Exports"
"Mauritius",2021,"Total_Net_Wgt",17139572,"Raw Exports"
"Mauritius",2022,"Total_Net_Wgt",22922599,"Raw Exports"
"Mauritius",2023,"Total_Net_Wgt",24043460,"Raw Exports"
"Mauritius",2024,"Total_Net_Wgt",18084374,"Raw Exports"
"Mauritius",2025,"Total_Net_Wgt",7209974,"Raw Exports"
"Mexico",2010,"Total_Net_Wgt",24541358.73,"Raw Exports"
"Mexico",2011,"Total_Net_Wgt",31293924.048,"Raw Exports"
"Mexico",2012,"Total_Net_Wgt",31888656.604,"Raw Exports"
"Mexico",2013,"Total_Net_Wgt",17216264.508,"Raw Exports"
"Mexico",2014,"Total_Net_Wgt",7909226,"Raw Exports"
"Mexico",2015,"Total_Net_Wgt",4634277,"Raw Exports"
"Mexico",2016,"Total_Net_Wgt",7258666,"Raw Exports"
"Mexico",2017,"Total_Net_Wgt",1876092,"Raw Exports"
"Mexico",2018,"Total_Net_Wgt",2181082,"Raw Exports"
"Mexico",2019,"Total_Net_Wgt",1871212,"Raw Exports"
"Mexico",2021,"Total_Net_Wgt",1939411,"Raw Exports"
"Mexico",2022,"Total_Net_Wgt",1771285,"Raw Exports"
"Mexico",2023,"Total_Net_Wgt",1728846,"Raw Exports"
"Mexico",2024,"Total_Net_Wgt",2771943,"Raw Exports"
"Minnows",2000,"Total_Net_Wgt",3192016.31,"Raw Exports"
"Minnows",2001,"Total_Net_Wgt",2403492.97,"Raw Exports"
"Minnows",2002,"Total_Net_Wgt",5014872,"Raw Exports"
"Minnows",2003,"Total_Net_Wgt",6855602.19,"Raw Exports"
"Minnows",2004,"Total_Net_Wgt",5245774.893,"Raw Exports"
"Minnows",2005,"Total_Net_Wgt",4498260.735,"Raw Exports"
"Minnows",2006,"Total_Net_Wgt",4665182.714,"Raw Exports"
"Minnows",2007,"Total_Net_Wgt",3416401.516,"Raw Exports"
"Minnows",2008,"Total_Net_Wgt",6411764.352,"Raw Exports"
"Minnows",2009,"Total_Net_Wgt",3790132.04,"Raw Exports"
"Minnows",2010,"Total_Net_Wgt",8577077.886,"Raw Exports"
"Minnows",2011,"Total_Net_Wgt",9826435.798,"Raw Exports"
"Minnows",2012,"Total_Net_Wgt",11193535.556,"Raw Exports"
"Minnows",2013,"Total_Net_Wgt",13476226.897,"Raw Exports"
"Minnows",2014,"Total_Net_Wgt",11432164.779,"Raw Exports"
"Minnows",2015,"Total_Net_Wgt",13736050.896,"Raw Exports"
"Minnows",2016,"Total_Net_Wgt",17384660.454,"Raw Exports"
"Minnows",2017,"Total_Net_Wgt",17028475.805,"Raw Exports"
"Minnows",2018,"Total_Net_Wgt",19956583.748,"Raw Exports"
"Minnows",2019,"Total_Net_Wgt",18338572.289,"Raw Exports"
"Minnows",2020,"Total_Net_Wgt",16069679.27,"Raw Exports"
"Minnows",2021,"Total_Net_Wgt",15879834.966,"Raw Exports"
"Minnows",2022,"Total_Net_Wgt",13661951.435,"Raw Exports"
"Minnows",2023,"Total_Net_Wgt",13706265.955,"Raw Exports"
"Minnows",2024,"Total_Net_Wgt",13795725.301,"Raw Exports"
"Minnows",2025,"Total_Net_Wgt",6523716.112,"Raw Exports"
"Missing Exports",2003,"Total_Net_Wgt",NA,"Raw Exports"
"Missing Exports",2005,"Total_Net_Wgt",NA,"Raw Exports"
"Missing Exports",2006,"Total_Net_Wgt",NA,"Raw Exports"
"Missing Exports",2007,"Total_Net_Wgt",205839298.048,"Raw Exports"
"Missing Exports",2010,"Total_Net_Wgt",210153917.119,"Raw Exports"
"Missing Exports",2011,"Total_Net_Wgt",378582753.753,"Raw Exports"
"Missing Exports",2012,"Total_Net_Wgt",721436047.761,"Raw Exports"
"Missing Exports",2013,"Total_Net_Wgt",375696358.289,"Raw Exports"
"Missing Exports",2014,"Total_Net_Wgt",670632204.794,"Raw Exports"
"Missing Exports",2015,"Total_Net_Wgt",573747218.33,"Raw Exports"
"Missing Exports",2016,"Total_Net_Wgt",1051552261.872,"Raw Exports"
"Missing Exports",2017,"Total_Net_Wgt",466434284.77,"Raw Exports"
"Missing Exports",2018,"Total_Net_Wgt",491917371.303,"Raw Exports"
"Missing Exports",2019,"Total_Net_Wgt",485907162.925,"Raw Exports"
"Missing Exports",2020,"Total_Net_Wgt",608215333.427,"Raw Exports"
"Missing Exports",2021,"Total_Net_Wgt",631306025.714,"Raw Exports"
"Missing Exports",2022,"Total_Net_Wgt",723474588.861,"Raw Exports"
"Missing Exports",2023,"Total_Net_Wgt",421110929.117,"Raw Exports"
"Missing Exports",2024,"Total_Net_Wgt",655793242.696,"Raw Exports"
"Missing Exports",2025,"Total_Net_Wgt",436514164.471,"Raw Exports"
"Morocco",2000,"Total_Net_Wgt",2636508,"Raw Exports"
"Morocco",2001,"Total_Net_Wgt",3659712,"Raw Exports"
"Morocco",2007,"Total_Net_Wgt",2534915,"Raw Exports"
"Morocco",2008,"Total_Net_Wgt",3447966,"Raw Exports"
"Morocco",2021,"Total_Net_Wgt",2934308.3,"Raw Exports"
"Morocco",2022,"Total_Net_Wgt",3517909.7,"Raw Exports"
"Morocco",2023,"Total_Net_Wgt",4800698.63,"Raw Exports"
"Myanmar",2011,"Total_Net_Wgt",4166205,"Raw Exports"
"Myanmar",2012,"Total_Net_Wgt",20020901.134,"Raw Exports"
"Myanmar",2013,"Total_Net_Wgt",12882091.759,"Raw Exports"
"Myanmar",2014,"Total_Net_Wgt",16859637.5,"Raw Exports"
"Myanmar",2015,"Total_Net_Wgt",4424822.3,"Raw Exports"
"Myanmar",2016,"Total_Net_Wgt",3104064.79,"Raw Exports"
"Myanmar",2017,"Total_Net_Wgt",13947945.1,"Raw Exports"
"Myanmar",2018,"Total_Net_Wgt",13678721.8,"Raw Exports"
"Myanmar",2019,"Total_Net_Wgt",9553479.51,"Raw Exports"
"Myanmar",2020,"Total_Net_Wgt",4987671,"Raw Exports"
"Myanmar",2021,"Total_Net_Wgt",6419101,"Raw Exports"
"Myanmar",2022,"Total_Net_Wgt",12011508.2,"Raw Exports"
"Myanmar",2023,"Total_Net_Wgt",21275933,"Raw Exports"
"Myanmar",2024,"Total_Net_Wgt",5062330,"Raw Exports"
"Namibia",2020,"Total_Net_Wgt",1966225.9,"Raw Exports"
"Namibia",2021,"Total_Net_Wgt",2137858.56,"Raw Exports"
"Namibia",2022,"Total_Net_Wgt",1967406.7,"Raw Exports"
"Netherlands",2012,"Total_Net_Wgt",2077777.58,"Raw Exports"
"Netherlands",2013,"Total_Net_Wgt",3390551.702,"Raw Exports"
"Netherlands",2014,"Total_Net_Wgt",4625004.322,"Raw Exports"
"Netherlands",2015,"Total_Net_Wgt",3067279.384,"Raw Exports"
"Netherlands",2016,"Total_Net_Wgt",5183721.723,"Raw Exports"
"Netherlands",2017,"Total_Net_Wgt",8215537.303,"Raw Exports"
"Netherlands",2018,"Total_Net_Wgt",4455384.915,"Raw Exports"
"Netherlands",2019,"Total_Net_Wgt",2668765.005,"Raw Exports"
"Netherlands",2020,"Total_Net_Wgt",2405783.752,"Raw Exports"
"Netherlands",2021,"Total_Net_Wgt",2745082.15,"Raw Exports"
"Netherlands",2022,"Total_Net_Wgt",3379327.876,"Raw Exports"
"Netherlands",2023,"Total_Net_Wgt",3199819.682,"Raw Exports"
"Netherlands",2024,"Total_Net_Wgt",3346351.924,"Raw Exports"
"Netherlands",2025,"Total_Net_Wgt",2584985.338,"Raw Exports"
"New Zealand",2010,"Total_Net_Wgt",13278213,"Raw Exports"
"New Zealand",2011,"Total_Net_Wgt",18773151,"Raw Exports"
"New Zealand",2012,"Total_Net_Wgt",17476352,"Raw Exports"
"New Zealand",2013,"Total_Net_Wgt",19315977,"Raw Exports"
"New Zealand",2014,"Total_Net_Wgt",18740484,"Raw Exports"
"New Zealand",2015,"Total_Net_Wgt",19591041,"Raw Exports"
"New Zealand",2016,"Total_Net_Wgt",9158864,"Raw Exports"
"New Zealand",2017,"Total_Net_Wgt",8985679,"Raw Exports"
"New Zealand",2018,"Total_Net_Wgt",8183010,"Raw Exports"
"New Zealand",2019,"Total_Net_Wgt",10337442,"Raw Exports"
"New Zealand",2020,"Total_Net_Wgt",11259095,"Raw Exports"
"New Zealand",2021,"Total_Net_Wgt",9349993,"Raw Exports"
"New Zealand",2022,"Total_Net_Wgt",4764546,"Raw Exports"
"New Zealand",2023,"Total_Net_Wgt",2134262,"Raw Exports"
"New Zealand",2024,"Total_Net_Wgt",2937499,"Raw Exports"
"New Zealand",2025,"Total_Net_Wgt",1968786,"Raw Exports"
"Nicaragua",2019,"Total_Net_Wgt",11972400.578,"Raw Exports"
"Nicaragua",2020,"Total_Net_Wgt",18056403.62,"Raw Exports"
"Nicaragua",2021,"Total_Net_Wgt",14232708.82,"Raw Exports"
"Nicaragua",2022,"Total_Net_Wgt",20274344.12,"Raw Exports"
"Nicaragua",2023,"Total_Net_Wgt",20929426.71,"Raw Exports"
"Oman",2015,"Total_Net_Wgt",14019271,"Raw Exports"
"Oman",2016,"Total_Net_Wgt",2538423,"Raw Exports"
"Oman",2018,"Total_Net_Wgt",18054093,"Raw Exports"
"Oman",2022,"Total_Net_Wgt",2184895.784,"Raw Exports"
"Oman",2023,"Total_Net_Wgt",3261405.835,"Raw Exports"
"Other Asia, nes",2000,"Total_Net_Wgt",3545660,"Raw Exports"
"Other Asia, nes",2001,"Total_Net_Wgt",10382036,"Raw Exports"
"Other Asia, nes",2002,"Total_Net_Wgt",15677723,"Raw Exports"
"Other Asia, nes",2003,"Total_Net_Wgt",17931506,"Raw Exports"
"Other Asia, nes",2004,"Total_Net_Wgt",9367624,"Raw Exports"
"Other Asia, nes",2005,"Total_Net_Wgt",5524591,"Raw Exports"
"Other Asia, nes",2010,"Total_Net_Wgt",100914471.59,"Raw Exports"
"Other Asia, nes",2011,"Total_Net_Wgt",125091865,"Raw Exports"
"Other Asia, nes",2012,"Total_Net_Wgt",266874045.29,"Raw Exports"
"Other Asia, nes",2013,"Total_Net_Wgt",229040378.958,"Raw Exports"
"Other Asia, nes",2014,"Total_Net_Wgt",242601321.736,"Raw Exports"
"Other Asia, nes",2015,"Total_Net_Wgt",249890730.148,"Raw Exports"
"Other Asia, nes",2016,"Total_Net_Wgt",294749978.977,"Raw Exports"
"Other Asia, nes",2017,"Total_Net_Wgt",248331259.903,"Raw Exports"
"Other Asia, nes",2018,"Total_Net_Wgt",346320247.605,"Raw Exports"
"Other Asia, nes",2019,"Total_Net_Wgt",227526546.923,"Raw Exports"
"Other Asia, nes",2020,"Total_Net_Wgt",281141210.46,"Raw Exports"
"Other Asia, nes",2021,"Total_Net_Wgt",255805361.901,"Raw Exports"
"Other Asia, nes",2022,"Total_Net_Wgt",269325957.249,"Raw Exports"
"Other Asia, nes",2023,"Total_Net_Wgt",215500320.813,"Raw Exports"
"Other Asia, nes",2024,"Total_Net_Wgt",226623876.978,"Raw Exports"
"Other Asia, nes",2025,"Total_Net_Wgt",107647141.61,"Raw Exports"
"Other Europe, nes",2011,"Total_Net_Wgt",6024960.499,"Raw Exports"
"Other Europe, nes",2012,"Total_Net_Wgt",2825672.718,"Raw Exports"
"Other Europe, nes",2013,"Total_Net_Wgt",10116359.685,"Raw Exports"
"Other Europe, nes",2014,"Total_Net_Wgt",7666117.333,"Raw Exports"
"Other Europe, nes",2015,"Total_Net_Wgt",9501590.585,"Raw Exports"
"Other Europe, nes",2016,"Total_Net_Wgt",14517427.194,"Raw Exports"
"Other Europe, nes",2017,"Total_Net_Wgt",5181007.218,"Raw Exports"
"Other Europe, nes",2018,"Total_Net_Wgt",5067972.389,"Raw Exports"
"Other Europe, nes",2019,"Total_Net_Wgt",4398467.502,"Raw Exports"
"Other Europe, nes",2020,"Total_Net_Wgt",4834006.764,"Raw Exports"
"Other Europe, nes",2021,"Total_Net_Wgt",7903165.7,"Raw Exports"
"Other Europe, nes",2022,"Total_Net_Wgt",3536867.511,"Raw Exports"
"Other Europe, nes",2023,"Total_Net_Wgt",6453905.263,"Raw Exports"
"Other Europe, nes",2024,"Total_Net_Wgt",4732351.502,"Raw Exports"
"Other Europe, nes",2025,"Total_Net_Wgt",4653902.574,"Raw Exports"
"Pakistan",2010,"Total_Net_Wgt",2897636,"Raw Exports"
"Pakistan",2011,"Total_Net_Wgt",2776506,"Raw Exports"
"Pakistan",2012,"Total_Net_Wgt",4381080,"Raw Exports"
"Pakistan",2014,"Total_Net_Wgt",5043769,"Raw Exports"
"Pakistan",2015,"Total_Net_Wgt",1691109,"Raw Exports"
"Pakistan",2016,"Total_Net_Wgt",2341758,"Raw Exports"
"Pakistan",2019,"Total_Net_Wgt",4354533,"Raw Exports"
"Pakistan",2020,"Total_Net_Wgt",1702353,"Raw Exports"
"Pakistan",2023,"Total_Net_Wgt",7435210,"Raw Exports"
"Pakistan",2024,"Total_Net_Wgt",9834968,"Raw Exports"
"Pakistan",2025,"Total_Net_Wgt",5744174,"Raw Exports"
"Panama",2010,"Total_Net_Wgt",4221461,"Raw Exports"
"Panama",2012,"Total_Net_Wgt",2383084,"Raw Exports"
"Panama",2013,"Total_Net_Wgt",2106894,"Raw Exports"
"Panama",2014,"Total_Net_Wgt",2791791,"Raw Exports"
"Panama",2015,"Total_Net_Wgt",3627443,"Raw Exports"
"Panama",2016,"Total_Net_Wgt",5602307,"Raw Exports"
"Panama",2017,"Total_Net_Wgt",2613937,"Raw Exports"
"Panama",2018,"Total_Net_Wgt",7500887,"Raw Exports"
"Panama",2019,"Total_Net_Wgt",4252692,"Raw Exports"
"Panama",2020,"Total_Net_Wgt",6381789,"Raw Exports"
"Panama",2021,"Total_Net_Wgt",5641924,"Raw Exports"
"Panama",2022,"Total_Net_Wgt",4877982,"Raw Exports"
"Panama",2023,"Total_Net_Wgt",5125895,"Raw Exports"
"Panama",2024,"Total_Net_Wgt",7026652,"Raw Exports"
"Panama",2025,"Total_Net_Wgt",10635728,"Raw Exports"
"Peru",2016,"Total_Net_Wgt",10448203.54,"Raw Exports"
"Peru",2017,"Total_Net_Wgt",8304314.93,"Raw Exports"
"Peru",2024,"Total_Net_Wgt",2343789.039,"Raw Exports"
"Peru",2025,"Total_Net_Wgt",1392779.02,"Raw Exports"
"Philippines",2010,"Total_Net_Wgt",29644069,"Raw Exports"
"Philippines",2011,"Total_Net_Wgt",16854730,"Raw Exports"
"Philippines",2012,"Total_Net_Wgt",17912574,"Raw Exports"
"Philippines",2013,"Total_Net_Wgt",18119086,"Raw Exports"
"Philippines",2014,"Total_Net_Wgt",22762059.06,"Raw Exports"
"Philippines",2015,"Total_Net_Wgt",19412622.23,"Raw Exports"
"Philippines",2016,"Total_Net_Wgt",18125421.26,"Raw Exports"
"Philippines",2017,"Total_Net_Wgt",30049054.863,"Raw Exports"
"Philippines",2018,"Total_Net_Wgt",30567443.75,"Raw Exports"
"Philippines",2019,"Total_Net_Wgt",48633298.127,"Raw Exports"
"Philippines",2021,"Total_Net_Wgt",11150604.741,"Raw Exports"
"Philippines",2022,"Total_Net_Wgt",13652372.202,"Raw Exports"
"Philippines",2023,"Total_Net_Wgt",19203458.291,"Raw Exports"
"Philippines",2024,"Total_Net_Wgt",20282199.98,"Raw Exports"
"Philippines",2025,"Total_Net_Wgt",14760990.6,"Raw Exports"
"Portugal",2010,"Total_Net_Wgt",5394410,"Raw Exports"
"Portugal",2011,"Total_Net_Wgt",5300652,"Raw Exports"
"Portugal",2012,"Total_Net_Wgt",6193570,"Raw Exports"
"Portugal",2013,"Total_Net_Wgt",10557120,"Raw Exports"
"Portugal",2014,"Total_Net_Wgt",16322396,"Raw Exports"
"Portugal",2015,"Total_Net_Wgt",9751169,"Raw Exports"
"Portugal",2016,"Total_Net_Wgt",6823647.68,"Raw Exports"
"Portugal",2017,"Total_Net_Wgt",7242207.274,"Raw Exports"
"Portugal",2018,"Total_Net_Wgt",8694691.625,"Raw Exports"
"Portugal",2019,"Total_Net_Wgt",8289249.212,"Raw Exports"
"Portugal",2020,"Total_Net_Wgt",4621654.312,"Raw Exports"
"Portugal",2021,"Total_Net_Wgt",8486831.45,"Raw Exports"
"Portugal",2022,"Total_Net_Wgt",8415707.594,"Raw Exports"
"Portugal",2023,"Total_Net_Wgt",10869567,"Raw Exports"
"Portugal",2024,"Total_Net_Wgt",13937119.532,"Raw Exports"
"Portugal",2025,"Total_Net_Wgt",16722078,"Raw Exports"
"Rep. of Korea",2015,"Total_Net_Wgt",215971379.8,"Raw Exports"
"Rep. of Korea",2016,"Total_Net_Wgt",217253041.75,"Raw Exports"
"Rep. of Korea",2017,"Total_Net_Wgt",186126369.3,"Raw Exports"
"Rep. of Korea",2018,"Total_Net_Wgt",208880897.89,"Raw Exports"
"Rep. of Korea",2019,"Total_Net_Wgt",230304315.12,"Raw Exports"
"Rep. of Korea",2020,"Total_Net_Wgt",206580139.626,"Raw Exports"
"Rep. of Korea",2021,"Total_Net_Wgt",167337281.235,"Raw Exports"
"Rep. of Korea",2022,"Total_Net_Wgt",164860072.03,"Raw Exports"
"Rep. of Korea",2023,"Total_Net_Wgt",175909038.4,"Raw Exports"
"Rep. of Korea",2024,"Total_Net_Wgt",225451844.012,"Raw Exports"
"Samoa",2018,"Total_Net_Wgt",2072357.95,"Raw Exports"
"Senegal",2010,"Total_Net_Wgt",8890663,"Raw Exports"
"Senegal",2011,"Total_Net_Wgt",13807616,"Raw Exports"
"Senegal",2012,"Total_Net_Wgt",6501727,"Raw Exports"
"Senegal",2013,"Total_Net_Wgt",26799396,"Raw Exports"
"Senegal",2014,"Total_Net_Wgt",5080646,"Raw Exports"
"Senegal",2015,"Total_Net_Wgt",6770029,"Raw Exports"
"Senegal",2016,"Total_Net_Wgt",21973090,"Raw Exports"
"Senegal",2017,"Total_Net_Wgt",29946430,"Raw Exports"
"Senegal",2018,"Total_Net_Wgt",40697674,"Raw Exports"
"Senegal",2019,"Total_Net_Wgt",36815554,"Raw Exports"
"Senegal",2020,"Total_Net_Wgt",36530197.26,"Raw Exports"
"Senegal",2022,"Total_Net_Wgt",19460751,"Raw Exports"
"Seychelles",2009,"Total_Net_Wgt",18012921.305,"Raw Exports"
"Seychelles",2010,"Total_Net_Wgt",23356752.29,"Raw Exports"
"Seychelles",2011,"Total_Net_Wgt",6818195.277,"Raw Exports"
"Seychelles",2013,"Total_Net_Wgt",7614532,"Raw Exports"
"Seychelles",2016,"Total_Net_Wgt",12829812.33,"Raw Exports"
"Seychelles",2017,"Total_Net_Wgt",25841206.69,"Raw Exports"
"Seychelles",2018,"Total_Net_Wgt",44938505.992,"Raw Exports"
"Seychelles",2019,"Total_Net_Wgt",30242258.62,"Raw Exports"
"Seychelles",2020,"Total_Net_Wgt",56719885.8,"Raw Exports"
"Seychelles",2021,"Total_Net_Wgt",106739496.63,"Raw Exports"
"Seychelles",2022,"Total_Net_Wgt",32854968.17,"Raw Exports"
"Singapore",2011,"Total_Net_Wgt",5365990,"Raw Exports"
"Singapore",2012,"Total_Net_Wgt",6242220,"Raw Exports"
"Singapore",2013,"Total_Net_Wgt",2430070,"Raw Exports"
"Singapore",2014,"Total_Net_Wgt",2151220,"Raw Exports"
"Singapore",2015,"Total_Net_Wgt",5526910,"Raw Exports"
"Singapore",2019,"Total_Net_Wgt",2294414.931,"Raw Exports"
"Singapore",2020,"Total_Net_Wgt",3057803.305,"Raw Exports"
"Singapore",2023,"Total_Net_Wgt",2700955.433,"Raw Exports"
"Singapore",2024,"Total_Net_Wgt",6911319.303,"Raw Exports"
"Singapore",2025,"Total_Net_Wgt",1727360.723,"Raw Exports"
"South Africa",2010,"Total_Net_Wgt",7730047.02,"Raw Exports"
"South Africa",2011,"Total_Net_Wgt",4158000.18,"Raw Exports"
"South Africa",2012,"Total_Net_Wgt",6068284.49,"Raw Exports"
"South Africa",2013,"Total_Net_Wgt",3841395.09,"Raw Exports"
"South Africa",2014,"Total_Net_Wgt",7324183.16,"Raw Exports"
"South Africa",2015,"Total_Net_Wgt",5668159.4,"Raw Exports"
"South Africa",2016,"Total_Net_Wgt",3775152.28,"Raw Exports"
"South Africa",2017,"Total_Net_Wgt",2761003.68,"Raw Exports"
"South Africa",2018,"Total_Net_Wgt",4527381.91,"Raw Exports"
"South Africa",2019,"Total_Net_Wgt",5756749.19,"Raw Exports"
"South Africa",2020,"Total_Net_Wgt",5898854.28,"Raw Exports"
"South Africa",2021,"Total_Net_Wgt",7587241.88,"Raw Exports"
"South Africa",2022,"Total_Net_Wgt",6898721.31,"Raw Exports"
"South Africa",2023,"Total_Net_Wgt",5909405.66,"Raw Exports"
"South Africa",2024,"Total_Net_Wgt",6740565.51,"Raw Exports"
"South Africa",2025,"Total_Net_Wgt",7008828.13,"Raw Exports"
"Spain",2002,"Total_Net_Wgt",139380165.37,"Raw Exports"
"Spain",2003,"Total_Net_Wgt",149982154.342,"Raw Exports"
"Spain",2004,"Total_Net_Wgt",179678681.66,"Raw Exports"
"Spain",2005,"Total_Net_Wgt",179485998.03,"Raw Exports"
"Spain",2006,"Total_Net_Wgt",179718422.221,"Raw Exports"
"Spain",2007,"Total_Net_Wgt",168007357.48,"Raw Exports"
"Spain",2008,"Total_Net_Wgt",173397243.55,"Raw Exports"
"Spain",2009,"Total_Net_Wgt",196707582.277,"Raw Exports"
"Spain",2010,"Total_Net_Wgt",181386244.475,"Raw Exports"
"Spain",2011,"Total_Net_Wgt",204253093.555,"Raw Exports"
"Spain",2012,"Total_Net_Wgt",211027818.315,"Raw Exports"
"Spain",2013,"Total_Net_Wgt",220177798.534,"Raw Exports"
"Spain",2014,"Total_Net_Wgt",235282769.782,"Raw Exports"
"Spain",2015,"Total_Net_Wgt",195324083.089,"Raw Exports"
"Spain",2016,"Total_Net_Wgt",195959986.342,"Raw Exports"
"Spain",2017,"Total_Net_Wgt",197502911.712,"Raw Exports"
"Spain",2018,"Total_Net_Wgt",244197677.584,"Raw Exports"
"Spain",2019,"Total_Net_Wgt",228996525.937,"Raw Exports"
"Spain",2020,"Total_Net_Wgt",193538267.211,"Raw Exports"
"Spain",2021,"Total_Net_Wgt",204522966.104,"Raw Exports"
"Spain",2022,"Total_Net_Wgt",212125497.797,"Raw Exports"
"Spain",2023,"Total_Net_Wgt",218692707.312,"Raw Exports"
"Spain",2024,"Total_Net_Wgt",194809440.998,"Raw Exports"
"Spain",2025,"Total_Net_Wgt",174781263.68,"Raw Exports"
"Thailand",2010,"Total_Net_Wgt",17860077,"Raw Exports"
"Thailand",2011,"Total_Net_Wgt",18933436,"Raw Exports"
"Thailand",2012,"Total_Net_Wgt",21296814,"Raw Exports"
"Thailand",2013,"Total_Net_Wgt",14289269,"Raw Exports"
"Thailand",2014,"Total_Net_Wgt",22534528,"Raw Exports"
"Thailand",2015,"Total_Net_Wgt",22248211.086,"Raw Exports"
"Thailand",2016,"Total_Net_Wgt",28377593.174,"Raw Exports"
"Thailand",2017,"Total_Net_Wgt",27462267.763,"Raw Exports"
"Thailand",2018,"Total_Net_Wgt",24013383,"Raw Exports"
"Thailand",2019,"Total_Net_Wgt",17861866.223,"Raw Exports"
"Thailand",2020,"Total_Net_Wgt",20388868,"Raw Exports"
"Thailand",2021,"Total_Net_Wgt",24576139,"Raw Exports"
"Thailand",2022,"Total_Net_Wgt",36002079,"Raw Exports"
"Thailand",2023,"Total_Net_Wgt",27798624,"Raw Exports"
"Thailand",2024,"Total_Net_Wgt",38900750.744,"Raw Exports"
"Thailand",2025,"Total_Net_Wgt",7241207,"Raw Exports"
"Tunisia",2014,"Total_Net_Wgt",1703295,"Raw Exports"
"Tunisia",2021,"Total_Net_Wgt",4983114,"Raw Exports"
"Tunisia",2022,"Total_Net_Wgt",3692375,"Raw Exports"
"Türkiye",2003,"Total_Net_Wgt",3535867,"Raw Exports"
"Türkiye",2005,"Total_Net_Wgt",4388630,"Raw Exports"
"Türkiye",2006,"Total_Net_Wgt",4910636,"Raw Exports"
"Türkiye",2008,"Total_Net_Wgt",5198648,"Raw Exports"
"Türkiye",2009,"Total_Net_Wgt",3780536,"Raw Exports"
"Türkiye",2010,"Total_Net_Wgt",2296825,"Raw Exports"
"Türkiye",2011,"Total_Net_Wgt",2028273,"Raw Exports"
"Türkiye",2013,"Total_Net_Wgt",2097615,"Raw Exports"
"Türkiye",2014,"Total_Net_Wgt",2214649,"Raw Exports"
"Türkiye",2015,"Total_Net_Wgt",2662016,"Raw Exports"
"Türkiye",2016,"Total_Net_Wgt",3011982,"Raw Exports"
"Türkiye",2017,"Total_Net_Wgt",4091864,"Raw Exports"
"Türkiye",2018,"Total_Net_Wgt",5516075,"Raw Exports"
"Türkiye",2019,"Total_Net_Wgt",6823515,"Raw Exports"
"Türkiye",2020,"Total_Net_Wgt",7092175,"Raw Exports"
"Türkiye",2021,"Total_Net_Wgt",5937240,"Raw Exports"
"Türkiye",2022,"Total_Net_Wgt",6232454,"Raw Exports"
"Türkiye",2023,"Total_Net_Wgt",4469233,"Raw Exports"
"Türkiye",2024,"Total_Net_Wgt",12415092,"Raw Exports"
"Türkiye",2025,"Total_Net_Wgt",4229202,"Raw Exports"
"USA",2016,"Total_Net_Wgt",19746000.576,"Raw Exports"
"USA",2017,"Total_Net_Wgt",12926119.11,"Raw Exports"
"USA",2018,"Total_Net_Wgt",14190025,"Raw Exports"
"USA",2019,"Total_Net_Wgt",9865880.84,"Raw Exports"
"USA",2020,"Total_Net_Wgt",10826941,"Raw Exports"
"USA",2021,"Total_Net_Wgt",7481516,"Raw Exports"
"USA",2022,"Total_Net_Wgt",12454187,"Raw Exports"
"USA",2023,"Total_Net_Wgt",8738134,"Raw Exports"
"USA",2024,"Total_Net_Wgt",7388410.021,"Raw Exports"
"USA",2025,"Total_Net_Wgt",7213775.168,"Raw Exports"
"United Arab Emirates",2018,"Total_Net_Wgt",3008461.86,"Raw Exports"
"United Arab Emirates",2019,"Total_Net_Wgt",22271379.74,"Raw Exports"
"Viet Nam",2015,"Total_Net_Wgt",36040619.252,"Raw Exports"
"Viet Nam",2016,"Total_Net_Wgt",43735884.1,"Raw Exports"
"Viet Nam",2017,"Total_Net_Wgt",50792280.668,"Raw Exports"
"Viet Nam",2018,"Total_Net_Wgt",33016283.197,"Raw Exports"
"Viet Nam",2019,"Total_Net_Wgt",57199407.993,"Raw Exports"
"Viet Nam",2020,"Total_Net_Wgt",40614698.52,"Raw Exports"
"Viet Nam",2021,"Total_Net_Wgt",56351870.628,"Raw Exports"
"Viet Nam",2022,"Total_Net_Wgt",55388560.236,"Raw Exports"
"Viet Nam",2023,"Total_Net_Wgt",45464217.257,"Raw Exports"
"Yemen",2012,"Total_Net_Wgt",2087936,"Raw Exports"
"Areas, nes",2010,"Total_Primary_Value",149170364.695,"Raw Exports"
"Areas, nes",2011,"Total_Primary_Value",153136300.156,"Raw Exports"
"Areas, nes",2012,"Total_Primary_Value",117030920.35,"Raw Exports"
"Areas, nes",2013,"Total_Primary_Value",92248803.212,"Raw Exports"
"Areas, nes",2014,"Total_Primary_Value",131927551.196,"Raw Exports"
"Areas, nes",2015,"Total_Primary_Value",71567591.647,"Raw Exports"
"Areas, nes",2016,"Total_Primary_Value",95230665.649,"Raw Exports"
"Areas, nes",2017,"Total_Primary_Value",96034662.024,"Raw Exports"
"Areas, nes",2018,"Total_Primary_Value",114454665.359,"Raw Exports"
"Areas, nes",2019,"Total_Primary_Value",110289011.458,"Raw Exports"
"Areas, nes",2020,"Total_Primary_Value",69923716.559,"Raw Exports"
"Areas, nes",2021,"Total_Primary_Value",78770961.546,"Raw Exports"
"Areas, nes",2024,"Total_Primary_Value",6939032.706,"Raw Exports"
"Areas, nes",2025,"Total_Primary_Value",4622931.474,"Raw Exports"
"Australia",2011,"Total_Primary_Value",174684779.002,"Raw Exports"
"Australia",2012,"Total_Primary_Value",165462063.116,"Raw Exports"
"Australia",2013,"Total_Primary_Value",123247091.242,"Raw Exports"
"Australia",2014,"Total_Primary_Value",139223855.273,"Raw Exports"
"Australia",2015,"Total_Primary_Value",103677664.721,"Raw Exports"
"Australia",2016,"Total_Primary_Value",114131654.778,"Raw Exports"
"Australia",2017,"Total_Primary_Value",112181788.46,"Raw Exports"
"Australia",2018,"Total_Primary_Value",111157372.016,"Raw Exports"
"Australia",2019,"Total_Primary_Value",118015608.234,"Raw Exports"
"Australia",2020,"Total_Primary_Value",94282604.256,"Raw Exports"
"Australia",2021,"Total_Primary_Value",85086192.291,"Raw Exports"
"Australia",2022,"Total_Primary_Value",99442246.941,"Raw Exports"
"Australia",2023,"Total_Primary_Value",98340247.398,"Raw Exports"
"Australia",2024,"Total_Primary_Value",82898083.017,"Raw Exports"
"Australia",2025,"Total_Primary_Value",101128878.589,"Raw Exports"
"Brazil",2000,"Total_Primary_Value",16064856,"Raw Exports"
"Brazil",2001,"Total_Primary_Value",19180731,"Raw Exports"
"Brazil",2002,"Total_Primary_Value",16140207,"Raw Exports"
"Brazil",2003,"Total_Primary_Value",10710156,"Raw Exports"
"Brazil",2004,"Total_Primary_Value",13474062,"Raw Exports"
"Brazil",2005,"Total_Primary_Value",13692201,"Raw Exports"
"Brazil",2006,"Total_Primary_Value",11783976,"Raw Exports"
"Brazil",2007,"Total_Primary_Value",9783610,"Raw Exports"
"Brazil",2009,"Total_Primary_Value",6614216,"Raw Exports"
"Brazil",2010,"Total_Primary_Value",9874514,"Raw Exports"
"Brazil",2011,"Total_Primary_Value",27059259,"Raw Exports"
"Brazil",2012,"Total_Primary_Value",40263668,"Raw Exports"
"Brazil",2013,"Total_Primary_Value",26857215,"Raw Exports"
"Brazil",2014,"Total_Primary_Value",17445172,"Raw Exports"
"Brazil",2015,"Total_Primary_Value",25475050,"Raw Exports"
"Brazil",2016,"Total_Primary_Value",22423841,"Raw Exports"
"Brazil",2017,"Total_Primary_Value",24492000,"Raw Exports"
"Brazil",2018,"Total_Primary_Value",23601347,"Raw Exports"
"Brazil",2019,"Total_Primary_Value",23284449,"Raw Exports"
"Brazil",2020,"Total_Primary_Value",16178006,"Raw Exports"
"Brazil",2021,"Total_Primary_Value",19690124,"Raw Exports"
"Brazil",2022,"Total_Primary_Value",22547107,"Raw Exports"
"Brazil",2023,"Total_Primary_Value",23049735,"Raw Exports"
"Brazil",2025,"Total_Primary_Value",14043981,"Raw Exports"
"Cabo Verde",2010,"Total_Primary_Value",14992365.594,"Raw Exports"
"Cabo Verde",2011,"Total_Primary_Value",24487962.928,"Raw Exports"
"Cabo Verde",2012,"Total_Primary_Value",16266651.317,"Raw Exports"
"Cabo Verde",2013,"Total_Primary_Value",28325465.556,"Raw Exports"
"Cabo Verde",2014,"Total_Primary_Value",23611920.589,"Raw Exports"
"Cabo Verde",2015,"Total_Primary_Value",18245245.01,"Raw Exports"
"Cabo Verde",2019,"Total_Primary_Value",1920297.685,"Raw Exports"
"Cameroon",2012,"Total_Primary_Value",1459543.8,"Raw Exports"
"Canada",2010,"Total_Primary_Value",30347912.71,"Raw Exports"
"Canada",2011,"Total_Primary_Value",25771949.278,"Raw Exports"
"Canada",2012,"Total_Primary_Value",24133102.18,"Raw Exports"
"Canada",2013,"Total_Primary_Value",33881587.524,"Raw Exports"
"Canada",2014,"Total_Primary_Value",31298710.286,"Raw Exports"
"Canada",2015,"Total_Primary_Value",39727357.975,"Raw Exports"
"Canada",2016,"Total_Primary_Value",28825288.768,"Raw Exports"
"Canada",2017,"Total_Primary_Value",29176741.507,"Raw Exports"
"Canada",2018,"Total_Primary_Value",26001429.538,"Raw Exports"
"Canada",2019,"Total_Primary_Value",27889915.286,"Raw Exports"
"Canada",2020,"Total_Primary_Value",21182758.445,"Raw Exports"
"Canada",2021,"Total_Primary_Value",30467220.027,"Raw Exports"
"Canada",2022,"Total_Primary_Value",38484141.434,"Raw Exports"
"Canada",2023,"Total_Primary_Value",35285636.05,"Raw Exports"
"Canada",2025,"Total_Primary_Value",23138463.021,"Raw Exports"
"China",2010,"Total_Primary_Value",102955419.094,"Raw Exports"
"China",2011,"Total_Primary_Value",175745066.461,"Raw Exports"
"China",2012,"Total_Primary_Value",126384408.322,"Raw Exports"
"China",2014,"Total_Primary_Value",10497101.592,"Raw Exports"
"China",2015,"Total_Primary_Value",6312510.14,"Raw Exports"
"China",2016,"Total_Primary_Value",571596364.674,"Raw Exports"
"China",2017,"Total_Primary_Value",463984102.888,"Raw Exports"
"China",2018,"Total_Primary_Value",487582053.641,"Raw Exports"
"China",2019,"Total_Primary_Value",466455386.678,"Raw Exports"
"China",2020,"Total_Primary_Value",570039281.094,"Raw Exports"
"China",2021,"Total_Primary_Value",445002609.708,"Raw Exports"
"China",2022,"Total_Primary_Value",353213561.706,"Raw Exports"
"China",2023,"Total_Primary_Value",248471909.361,"Raw Exports"
"China",2024,"Total_Primary_Value",371962295.748,"Raw Exports"
"Colombia",2010,"Total_Primary_Value",17550022.88,"Raw Exports"
"Colombia",2014,"Total_Primary_Value",94916196.98,"Raw Exports"
"Colombia",2015,"Total_Primary_Value",7708635.72,"Raw Exports"
"Colombia",2016,"Total_Primary_Value",54319649.26,"Raw Exports"
"Colombia",2017,"Total_Primary_Value",8588312.4,"Raw Exports"
"Colombia",2018,"Total_Primary_Value",13448890.87,"Raw Exports"
"Colombia",2019,"Total_Primary_Value",29305305.26,"Raw Exports"
"Colombia",2020,"Total_Primary_Value",16866236.72,"Raw Exports"
"Colombia",2021,"Total_Primary_Value",14563717,"Raw Exports"
"Colombia",2022,"Total_Primary_Value",10105918.56,"Raw Exports"
"Colombia",2023,"Total_Primary_Value",13419465.13,"Raw Exports"
"Colombia",2025,"Total_Primary_Value",7717649.64,"Raw Exports"
"Croatia",2010,"Total_Primary_Value",42819593,"Raw Exports"
"Croatia",2011,"Total_Primary_Value",67716945,"Raw Exports"
"Croatia",2012,"Total_Primary_Value",59530538,"Raw Exports"
"Croatia",2013,"Total_Primary_Value",48954474,"Raw Exports"
"Croatia",2014,"Total_Primary_Value",40037622,"Raw Exports"
"Croatia",2015,"Total_Primary_Value",45940616,"Raw Exports"
"Croatia",2016,"Total_Primary_Value",30733246,"Raw Exports"
"Croatia",2017,"Total_Primary_Value",33605423,"Raw Exports"
"Croatia",2018,"Total_Primary_Value",41592678,"Raw Exports"
"Croatia",2019,"Total_Primary_Value",37419136,"Raw Exports"
"Croatia",2020,"Total_Primary_Value",40564825,"Raw Exports"
"Croatia",2021,"Total_Primary_Value",56383173,"Raw Exports"
"Croatia",2022,"Total_Primary_Value",52606434,"Raw Exports"
"Croatia",2023,"Total_Primary_Value",55462876,"Raw Exports"
"Croatia",2024,"Total_Primary_Value",28026698,"Raw Exports"
"Croatia",2025,"Total_Primary_Value",36184905,"Raw Exports"
"Côte d'Ivoire",2008,"Total_Primary_Value",15368660.938,"Raw Exports"
"Côte d'Ivoire",2009,"Total_Primary_Value",27876699.828,"Raw Exports"
"Côte d'Ivoire",2010,"Total_Primary_Value",4395837.811,"Raw Exports"
"Côte d'Ivoire",2018,"Total_Primary_Value",2499257.312,"Raw Exports"
"Denmark",2025,"Total_Primary_Value",6189403.136,"Raw Exports"
"Ecuador",2010,"Total_Primary_Value",56624555.8,"Raw Exports"
"Ecuador",2011,"Total_Primary_Value",28208992.52,"Raw Exports"
"Ecuador",2012,"Total_Primary_Value",41978268.489,"Raw Exports"
"Ecuador",2013,"Total_Primary_Value",61887221.04,"Raw Exports"
"Ecuador",2014,"Total_Primary_Value",61363186.81,"Raw Exports"
"Ecuador",2016,"Total_Primary_Value",54653669.696,"Raw Exports"
"Ecuador",2017,"Total_Primary_Value",74584676.81,"Raw Exports"
"Ecuador",2018,"Total_Primary_Value",92663500.62,"Raw Exports"
"Ecuador",2019,"Total_Primary_Value",63043572.21,"Raw Exports"
"Ecuador",2020,"Total_Primary_Value",50890976.19,"Raw Exports"
"Ecuador",2021,"Total_Primary_Value",59833371.18,"Raw Exports"
"Ecuador",2024,"Total_Primary_Value",93441673.73,"Raw Exports"
"El Salvador",2002,"Total_Primary_Value",4972543.69,"Raw Exports"
"El Salvador",2003,"Total_Primary_Value",8458787.03,"Raw Exports"
"El Salvador",2016,"Total_Primary_Value",8735767.84,"Raw Exports"
"El Salvador",2017,"Total_Primary_Value",9859805.9,"Raw Exports"
"El Salvador",2018,"Total_Primary_Value",4351791.46,"Raw Exports"
"El Salvador",2019,"Total_Primary_Value",3993657.09,"Raw Exports"
"El Salvador",2020,"Total_Primary_Value",6522559.04,"Raw Exports"
"El Salvador",2021,"Total_Primary_Value",6727619.61,"Raw Exports"
"El Salvador",2022,"Total_Primary_Value",5927386.44,"Raw Exports"
"Estonia",2014,"Total_Primary_Value",613939.912,"Raw Exports"
"Fiji",2014,"Total_Primary_Value",13882246.25,"Raw Exports"
"Fiji",2015,"Total_Primary_Value",208661995.206,"Raw Exports"
"Fiji",2016,"Total_Primary_Value",144517920.094,"Raw Exports"
"Fiji",2017,"Total_Primary_Value",184628802.427,"Raw Exports"
"Fiji",2018,"Total_Primary_Value",132075831.632,"Raw Exports"
"Fiji",2019,"Total_Primary_Value",137159438.664,"Raw Exports"
"Fiji",2020,"Total_Primary_Value",104729144.294,"Raw Exports"
"Fiji",2021,"Total_Primary_Value",94364077.457,"Raw Exports"
"Fiji",2022,"Total_Primary_Value",126202314.221,"Raw Exports"
"Fiji",2023,"Total_Primary_Value",78570371.896,"Raw Exports"
"Fiji",2024,"Total_Primary_Value",128970623.422,"Raw Exports"
"Fiji",2025,"Total_Primary_Value",91047338.521,"Raw Exports"
"France",2000,"Total_Primary_Value",98771684.2970001,"Raw Exports"
"France",2001,"Total_Primary_Value",138772626.168,"Raw Exports"
"France",2002,"Total_Primary_Value",145171450.444,"Raw Exports"
"France",2003,"Total_Primary_Value",178281936.934,"Raw Exports"
"France",2004,"Total_Primary_Value",190901874.008,"Raw Exports"
"France",2005,"Total_Primary_Value",160746758.968,"Raw Exports"
"France",2006,"Total_Primary_Value",177526388.452,"Raw Exports"
"France",2007,"Total_Primary_Value",169645630.528,"Raw Exports"
"France",2008,"Total_Primary_Value",293466332.15,"Raw Exports"
"France",2009,"Total_Primary_Value",145740127.629,"Raw Exports"
"France",2010,"Total_Primary_Value",140665368.853,"Raw Exports"
"France",2011,"Total_Primary_Value",149036432.743,"Raw Exports"
"France",2012,"Total_Primary_Value",233644626.484,"Raw Exports"
"France",2013,"Total_Primary_Value",242658475.33,"Raw Exports"
"France",2014,"Total_Primary_Value",156006910.8,"Raw Exports"
"France",2015,"Total_Primary_Value",158056235.445,"Raw Exports"
"France",2016,"Total_Primary_Value",193230981.833,"Raw Exports"
"France",2017,"Total_Primary_Value",226645314.427,"Raw Exports"
"France",2018,"Total_Primary_Value",225838681.521,"Raw Exports"
"France",2019,"Total_Primary_Value",217608678.265,"Raw Exports"
"France",2020,"Total_Primary_Value",170879455.842,"Raw Exports"
"France",2021,"Total_Primary_Value",124425502.298,"Raw Exports"
"France",2022,"Total_Primary_Value",89065225.271,"Raw Exports"
"France",2023,"Total_Primary_Value",98324323.779,"Raw Exports"
"France",2024,"Total_Primary_Value",95067389.47,"Raw Exports"
"French Polynesia",2015,"Total_Primary_Value",11475192.773,"Raw Exports"
"Germany",2017,"Total_Primary_Value",23210468.669,"Raw Exports"
"Ghana",2010,"Total_Primary_Value",14119780.286,"Raw Exports"
"Ghana",2011,"Total_Primary_Value",12654623.06,"Raw Exports"
"Ghana",2012,"Total_Primary_Value",38890339.78,"Raw Exports"
"Ghana",2013,"Total_Primary_Value",24327491.033,"Raw Exports"
"Ghana",2014,"Total_Primary_Value",412540897.481,"Raw Exports"
"Ghana",2015,"Total_Primary_Value",24454534.943,"Raw Exports"
"Ghana",2016,"Total_Primary_Value",18376899.023,"Raw Exports"
"Ghana",2017,"Total_Primary_Value",48309267.19,"Raw Exports"
"Ghana",2018,"Total_Primary_Value",48921105.229,"Raw Exports"
"Ghana",2019,"Total_Primary_Value",38738742.84,"Raw Exports"
"Ghana",2020,"Total_Primary_Value",26898958.032,"Raw Exports"
"Ghana",2021,"Total_Primary_Value",22267963.686,"Raw Exports"
"Ghana",2022,"Total_Primary_Value",59364733.585,"Raw Exports"
"Ghana",2023,"Total_Primary_Value",52721901.9,"Raw Exports"
"Guatemala",2022,"Total_Primary_Value",12495381,"Raw Exports"
"Guatemala",2023,"Total_Primary_Value",7741172,"Raw Exports"
"Guatemala",2024,"Total_Primary_Value",10800075,"Raw Exports"
"India",2011,"Total_Primary_Value",26586714.628,"Raw Exports"
"India",2012,"Total_Primary_Value",42710312.456,"Raw Exports"
"India",2013,"Total_Primary_Value",81163241.769,"Raw Exports"
"India",2014,"Total_Primary_Value",71253175.545,"Raw Exports"
"India",2015,"Total_Primary_Value",60215483.081,"Raw Exports"
"India",2016,"Total_Primary_Value",43688204.598,"Raw Exports"
"India",2017,"Total_Primary_Value",43312327.971,"Raw Exports"
"India",2018,"Total_Primary_Value",88159922.672,"Raw Exports"
"India",2019,"Total_Primary_Value",71243101.743,"Raw Exports"
"India",2020,"Total_Primary_Value",52794412.83,"Raw Exports"
"India",2021,"Total_Primary_Value",48596491.278,"Raw Exports"
"India",2022,"Total_Primary_Value",56424948.153,"Raw Exports"
"India",2023,"Total_Primary_Value",87926288.0220001,"Raw Exports"
"India",2024,"Total_Primary_Value",72767073.02,"Raw Exports"
"India",2025,"Total_Primary_Value",42166694.022,"Raw Exports"
"Indonesia",2012,"Total_Primary_Value",33010015,"Raw Exports"
"Indonesia",2013,"Total_Primary_Value",300692059,"Raw Exports"
"Indonesia",2014,"Total_Primary_Value",255347272,"Raw Exports"
"Indonesia",2015,"Total_Primary_Value",237498315.093,"Raw Exports"
"Indonesia",2016,"Total_Primary_Value",230871616.469,"Raw Exports"
"Indonesia",2017,"Total_Primary_Value",301166325.06,"Raw Exports"
"Indonesia",2018,"Total_Primary_Value",326630592.49,"Raw Exports"
"Indonesia",2019,"Total_Primary_Value",336479014.708,"Raw Exports"
"Indonesia",2020,"Total_Primary_Value",384170803.336,"Raw Exports"
"Indonesia",2021,"Total_Primary_Value",456588707.665,"Raw Exports"
"Indonesia",2022,"Total_Primary_Value",614056270.233,"Raw Exports"
"Indonesia",2023,"Total_Primary_Value",568614481.543,"Raw Exports"
"Indonesia",2024,"Total_Primary_Value",667418650.06,"Raw Exports"
"Ireland",2001,"Total_Primary_Value",4417309.734,"Raw Exports"
"Ireland",2011,"Total_Primary_Value",12235524.957,"Raw Exports"
"Ireland",2012,"Total_Primary_Value",9725802.638,"Raw Exports"
"Ireland",2013,"Total_Primary_Value",4979734.178,"Raw Exports"
"Ireland",2014,"Total_Primary_Value",12104468.056,"Raw Exports"
"Ireland",2015,"Total_Primary_Value",7424799.307,"Raw Exports"
"Ireland",2016,"Total_Primary_Value",6598944.176,"Raw Exports"
"Ireland",2018,"Total_Primary_Value",6312821.471,"Raw Exports"
"Ireland",2019,"Total_Primary_Value",5910195.791,"Raw Exports"
"Ireland",2020,"Total_Primary_Value",5754117.438,"Raw Exports"
"Ireland",2021,"Total_Primary_Value",6204346.919,"Raw Exports"
"Ireland",2022,"Total_Primary_Value",6843020.237,"Raw Exports"
"Ireland",2023,"Total_Primary_Value",4868569.999,"Raw Exports"
"Ireland",2024,"Total_Primary_Value",8893808.124,"Raw Exports"
"Ireland",2025,"Total_Primary_Value",9267261.38,"Raw Exports"
"Italy",2000,"Total_Primary_Value",28912397.001,"Raw Exports"
"Italy",2001,"Total_Primary_Value",17564814.694,"Raw Exports"
"Italy",2002,"Total_Primary_Value",25040754.977,"Raw Exports"
"Italy",2003,"Total_Primary_Value",22835688.08,"Raw Exports"
"Italy",2004,"Total_Primary_Value",32090272.629,"Raw Exports"
"Italy",2005,"Total_Primary_Value",43387830.676,"Raw Exports"
"Italy",2006,"Total_Primary_Value",54629333.045,"Raw Exports"
"Italy",2007,"Total_Primary_Value",58989498.495,"Raw Exports"
"Italy",2009,"Total_Primary_Value",25481106.614,"Raw Exports"
"Italy",2010,"Total_Primary_Value",12011675.467,"Raw Exports"
"Italy",2011,"Total_Primary_Value",44718925.347,"Raw Exports"
"Italy",2012,"Total_Primary_Value",18469134.638,"Raw Exports"
"Italy",2013,"Total_Primary_Value",21341262.667,"Raw Exports"
"Italy",2014,"Total_Primary_Value",21976314.701,"Raw Exports"
"Italy",2015,"Total_Primary_Value",19818264.945,"Raw Exports"
"Italy",2016,"Total_Primary_Value",16291145.336,"Raw Exports"
"Italy",2017,"Total_Primary_Value",19049437.647,"Raw Exports"
"Italy",2018,"Total_Primary_Value",18400982.328,"Raw Exports"
"Italy",2019,"Total_Primary_Value",16069180.726,"Raw Exports"
"Italy",2020,"Total_Primary_Value",13925811.566,"Raw Exports"
"Italy",2021,"Total_Primary_Value",18897112.353,"Raw Exports"
"Italy",2022,"Total_Primary_Value",24408471.847,"Raw Exports"
"Italy",2023,"Total_Primary_Value",17613277.357,"Raw Exports"
"Italy",2024,"Total_Primary_Value",16212107.216,"Raw Exports"
"Italy",2025,"Total_Primary_Value",9929351.45099999,"Raw Exports"
"Japan",2010,"Total_Primary_Value",130926382.094,"Raw Exports"
"Japan",2011,"Total_Primary_Value",140571057.553,"Raw Exports"
"Japan",2012,"Total_Primary_Value",161659473.504,"Raw Exports"
"Japan",2013,"Total_Primary_Value",168187654.415,"Raw Exports"
"Japan",2014,"Total_Primary_Value",142436245.161,"Raw Exports"
"Japan",2015,"Total_Primary_Value",102925986.194,"Raw Exports"
"Japan",2016,"Total_Primary_Value",78768180.176,"Raw Exports"
"Japan",2017,"Total_Primary_Value",113885213.745,"Raw Exports"
"Japan",2018,"Total_Primary_Value",143779342.059,"Raw Exports"
"Japan",2019,"Total_Primary_Value",118126541.633,"Raw Exports"
"Japan",2020,"Total_Primary_Value",170446408.37,"Raw Exports"
"Japan",2021,"Total_Primary_Value",151642379.558,"Raw Exports"
"Japan",2022,"Total_Primary_Value",96630522.86,"Raw Exports"
"Japan",2023,"Total_Primary_Value",121933369.835,"Raw Exports"
"Japan",2024,"Total_Primary_Value",99268172.713,"Raw Exports"
"Japan",2025,"Total_Primary_Value",96448560.4269999,"Raw Exports"
"Kiribati",2017,"Total_Primary_Value",3385256.626,"Raw Exports"
"Luxembourg",2013,"Total_Primary_Value",369210.493,"Raw Exports"
"Madagascar",2016,"Total_Primary_Value",4895793.239,"Raw Exports"
"Madagascar",2017,"Total_Primary_Value",9681760.362,"Raw Exports"
"Madagascar",2019,"Total_Primary_Value",5644482.465,"Raw Exports"
"Madagascar",2023,"Total_Primary_Value",2583349.658,"Raw Exports"
"Malaysia",2018,"Total_Primary_Value",8004410.248,"Raw Exports"
"Malaysia",2019,"Total_Primary_Value",10044333.842,"Raw Exports"
"Malaysia",2020,"Total_Primary_Value",15003412.989,"Raw Exports"
"Malaysia",2021,"Total_Primary_Value",7170697.643,"Raw Exports"
"Malaysia",2022,"Total_Primary_Value",8483465.727,"Raw Exports"
"Malaysia",2023,"Total_Primary_Value",12581455.763,"Raw Exports"
"Malaysia",2024,"Total_Primary_Value",9321623.812,"Raw Exports"
"Malaysia",2025,"Total_Primary_Value",18448715.768,"Raw Exports"
"Maldives",2018,"Total_Primary_Value",94812613.024,"Raw Exports"
"Malta",2010,"Total_Primary_Value",80846686.716,"Raw Exports"
"Malta",2011,"Total_Primary_Value",53344419.082,"Raw Exports"
"Malta",2012,"Total_Primary_Value",89275883.42,"Raw Exports"
"Malta",2013,"Total_Primary_Value",123117810.95,"Raw Exports"
"Malta",2014,"Total_Primary_Value",104872217.099,"Raw Exports"
"Malta",2015,"Total_Primary_Value",110603348.469,"Raw Exports"
"Malta",2016,"Total_Primary_Value",159145307.322,"Raw Exports"
"Malta",2019,"Total_Primary_Value",198030372.609,"Raw Exports"
"Malta",2020,"Total_Primary_Value",167450541.445,"Raw Exports"
"Malta",2021,"Total_Primary_Value",182018459.971,"Raw Exports"
"Malta",2022,"Total_Primary_Value",234754940.391,"Raw Exports"
"Malta",2023,"Total_Primary_Value",157097405.658,"Raw Exports"
"Malta",2024,"Total_Primary_Value",143933321.495,"Raw Exports"
"Mauritius",2010,"Total_Primary_Value",13232058.458,"Raw Exports"
"Mauritius",2011,"Total_Primary_Value",22688988.744,"Raw Exports"
"Mauritius",2012,"Total_Primary_Value",42246289.996,"Raw Exports"
"Mauritius",2013,"Total_Primary_Value",28873033.756,"Raw Exports"
"Mauritius",2014,"Total_Primary_Value",56614873.595,"Raw Exports"
"Mauritius",2015,"Total_Primary_Value",34026403.234,"Raw Exports"
"Mauritius",2016,"Total_Primary_Value",50100107.244,"Raw Exports"
"Mauritius",2017,"Total_Primary_Value",32454580.311,"Raw Exports"
"Mauritius",2018,"Total_Primary_Value",26239979.255,"Raw Exports"
"Mauritius",2019,"Total_Primary_Value",30123531.052,"Raw Exports"
"Mauritius",2020,"Total_Primary_Value",29606046.574,"Raw Exports"
"Mauritius",2021,"Total_Primary_Value",40561403.601,"Raw Exports"
"Mauritius",2022,"Total_Primary_Value",49144931.108,"Raw Exports"
"Mauritius",2023,"Total_Primary_Value",52220603.39,"Raw Exports"
"Mauritius",2024,"Total_Primary_Value",44390537.831,"Raw Exports"
"Mauritius",2025,"Total_Primary_Value",30594394.036,"Raw Exports"
"Mexico",2010,"Total_Primary_Value",73712040,"Raw Exports"
"Mexico",2011,"Total_Primary_Value",146280629,"Raw Exports"
"Mexico",2012,"Total_Primary_Value",133990366,"Raw Exports"
"Mexico",2013,"Total_Primary_Value",116414065,"Raw Exports"
"Mexico",2014,"Total_Primary_Value",54960792,"Raw Exports"
"Mexico",2015,"Total_Primary_Value",45647688,"Raw Exports"
"Mexico",2016,"Total_Primary_Value",67433734,"Raw Exports"
"Mexico",2017,"Total_Primary_Value",21446632,"Raw Exports"
"Mexico",2018,"Total_Primary_Value",28668904,"Raw Exports"
"Mexico",2019,"Total_Primary_Value",27546282,"Raw Exports"
"Mexico",2021,"Total_Primary_Value",27262101,"Raw Exports"
"Mexico",2022,"Total_Primary_Value",32641513,"Raw Exports"
"Mexico",2023,"Total_Primary_Value",34034082,"Raw Exports"
"Mexico",2024,"Total_Primary_Value",56369338,"Raw Exports"
"Minnows",2000,"Total_Primary_Value",9334494.394,"Raw Exports"
"Minnows",2001,"Total_Primary_Value",4108520.324,"Raw Exports"
"Minnows",2002,"Total_Primary_Value",36262315.955,"Raw Exports"
"Minnows",2003,"Total_Primary_Value",15923147.493,"Raw Exports"
"Minnows",2004,"Total_Primary_Value",62431857.156,"Raw Exports"
"Minnows",2005,"Total_Primary_Value",9331432.444,"Raw Exports"
"Minnows",2006,"Total_Primary_Value",11261936.999,"Raw Exports"
"Minnows",2007,"Total_Primary_Value",39059071.125,"Raw Exports"
"Minnows",2008,"Total_Primary_Value",48657499.181,"Raw Exports"
"Minnows",2009,"Total_Primary_Value",13905248.225,"Raw Exports"
"Minnows",2010,"Total_Primary_Value",278725512.663,"Raw Exports"
"Minnows",2011,"Total_Primary_Value",125585774.934,"Raw Exports"
"Minnows",2012,"Total_Primary_Value",189116766.077,"Raw Exports"
"Minnows",2013,"Total_Primary_Value",657430295.679,"Raw Exports"
"Minnows",2014,"Total_Primary_Value",125924047.412,"Raw Exports"
"Minnows",2015,"Total_Primary_Value",117596859.58,"Raw Exports"
"Minnows",2016,"Total_Primary_Value",86533645.11,"Raw Exports"
"Minnows",2017,"Total_Primary_Value",90175068.294,"Raw Exports"
"Minnows",2018,"Total_Primary_Value",106190081.337,"Raw Exports"
"Minnows",2019,"Total_Primary_Value",107654791.632,"Raw Exports"
"Minnows",2020,"Total_Primary_Value",104810102.651,"Raw Exports"
"Minnows",2021,"Total_Primary_Value",95854021.165,"Raw Exports"
"Minnows",2022,"Total_Primary_Value",96083941.964,"Raw Exports"
"Minnows",2023,"Total_Primary_Value",85704758.043,"Raw Exports"
"Minnows",2024,"Total_Primary_Value",120418658.674,"Raw Exports"
"Minnows",2025,"Total_Primary_Value",63600426.966,"Raw Exports"
"Missing Exports",2003,"Total_Primary_Value",43185911.6879998,"Raw Exports"
"Missing Exports",2005,"Total_Primary_Value",95631748.948,"Raw Exports"
"Missing Exports",2006,"Total_Primary_Value",125114695.348,"Raw Exports"
"Missing Exports",2007,"Total_Primary_Value",260035864.779,"Raw Exports"
"Missing Exports",2010,"Total_Primary_Value",1060080971.609,"Raw Exports"
"Missing Exports",2011,"Total_Primary_Value",1618830039.132,"Raw Exports"
"Missing Exports",2012,"Total_Primary_Value",3295023175.506,"Raw Exports"
"Missing Exports",2013,"Total_Primary_Value",2254754762.605,"Raw Exports"
"Missing Exports",2014,"Total_Primary_Value",2144518060.739,"Raw Exports"
"Missing Exports",2015,"Total_Primary_Value",1696651649.152,"Raw Exports"
"Missing Exports",2016,"Total_Primary_Value",1610598600.801,"Raw Exports"
"Missing Exports",2017,"Total_Primary_Value",2033586315.787,"Raw Exports"
"Missing Exports",2018,"Total_Primary_Value",1774462208.224,"Raw Exports"
"Missing Exports",2019,"Total_Primary_Value",1677606957.429,"Raw Exports"
"Missing Exports",2020,"Total_Primary_Value",1567398884.076,"Raw Exports"
"Missing Exports",2021,"Total_Primary_Value",1727177511.186,"Raw Exports"
"Missing Exports",2022,"Total_Primary_Value",2192186257.126,"Raw Exports"
"Missing Exports",2023,"Total_Primary_Value",1907202504.494,"Raw Exports"
"Missing Exports",2024,"Total_Primary_Value",1839560802.672,"Raw Exports"
"Missing Exports",2025,"Total_Primary_Value",2206019185.171,"Raw Exports"
"Morocco",2000,"Total_Primary_Value",12771248.818,"Raw Exports"
"Morocco",2001,"Total_Primary_Value",24162868.986,"Raw Exports"
"Morocco",2007,"Total_Primary_Value",24128578.988,"Raw Exports"
"Morocco",2008,"Total_Primary_Value",29391014.368,"Raw Exports"
"Morocco",2021,"Total_Primary_Value",21326120.679,"Raw Exports"
"Morocco",2022,"Total_Primary_Value",29043650.132,"Raw Exports"
"Morocco",2023,"Total_Primary_Value",48166368.561,"Raw Exports"
"Myanmar",2011,"Total_Primary_Value",22069991.61,"Raw Exports"
"Myanmar",2012,"Total_Primary_Value",105593633.236,"Raw Exports"
"Myanmar",2013,"Total_Primary_Value",29762280.723,"Raw Exports"
"Myanmar",2014,"Total_Primary_Value",23948924.935,"Raw Exports"
"Myanmar",2015,"Total_Primary_Value",8355707.96,"Raw Exports"
"Myanmar",2016,"Total_Primary_Value",6612928.49,"Raw Exports"
"Myanmar",2017,"Total_Primary_Value",22566060.968,"Raw Exports"
"Myanmar",2018,"Total_Primary_Value",18920125.31,"Raw Exports"
"Myanmar",2019,"Total_Primary_Value",11790226.327,"Raw Exports"
"Myanmar",2020,"Total_Primary_Value",5011202.57,"Raw Exports"
"Myanmar",2021,"Total_Primary_Value",7931806.581,"Raw Exports"
"Myanmar",2022,"Total_Primary_Value",14029136.14,"Raw Exports"
"Myanmar",2023,"Total_Primary_Value",26841163.317,"Raw Exports"
"Myanmar",2024,"Total_Primary_Value",7012608.925,"Raw Exports"
"Namibia",2020,"Total_Primary_Value",5620397.806,"Raw Exports"
"Namibia",2021,"Total_Primary_Value",7003404.629,"Raw Exports"
"Namibia",2022,"Total_Primary_Value",7316205.942,"Raw Exports"
"Netherlands",2012,"Total_Primary_Value",27043030.954,"Raw Exports"
"Netherlands",2013,"Total_Primary_Value",31152098.831,"Raw Exports"
"Netherlands",2014,"Total_Primary_Value",37188920.315,"Raw Exports"
"Netherlands",2015,"Total_Primary_Value",24343565.602,"Raw Exports"
"Netherlands",2016,"Total_Primary_Value",33826592.644,"Raw Exports"
"Netherlands",2017,"Total_Primary_Value",39005590.472,"Raw Exports"
"Netherlands",2018,"Total_Primary_Value",35217973.508,"Raw Exports"
"Netherlands",2019,"Total_Primary_Value",32085922.132,"Raw Exports"
"Netherlands",2020,"Total_Primary_Value",31543058.444,"Raw Exports"
"Netherlands",2021,"Total_Primary_Value",39009084.567,"Raw Exports"
"Netherlands",2022,"Total_Primary_Value",52690887.159,"Raw Exports"
"Netherlands",2023,"Total_Primary_Value",47990782.122,"Raw Exports"
"Netherlands",2024,"Total_Primary_Value",45520971.741,"Raw Exports"
"Netherlands",2025,"Total_Primary_Value",35747670.489,"Raw Exports"
"New Zealand",2010,"Total_Primary_Value",26347494.794,"Raw Exports"
"New Zealand",2011,"Total_Primary_Value",43380751.291,"Raw Exports"
"New Zealand",2012,"Total_Primary_Value",56893343.286,"Raw Exports"
"New Zealand",2013,"Total_Primary_Value",52812134.317,"Raw Exports"
"New Zealand",2014,"Total_Primary_Value",36588570.236,"Raw Exports"
"New Zealand",2015,"Total_Primary_Value",33080081.322,"Raw Exports"
"New Zealand",2016,"Total_Primary_Value",25842702.124,"Raw Exports"
"New Zealand",2017,"Total_Primary_Value",25482222.257,"Raw Exports"
"New Zealand",2018,"Total_Primary_Value",26271613.167,"Raw Exports"
"New Zealand",2019,"Total_Primary_Value",28501868.701,"Raw Exports"
"New Zealand",2020,"Total_Primary_Value",33854254.725,"Raw Exports"
"New Zealand",2021,"Total_Primary_Value",25539172.259,"Raw Exports"
"New Zealand",2022,"Total_Primary_Value",19400137.694,"Raw Exports"
"New Zealand",2023,"Total_Primary_Value",13447409.224,"Raw Exports"
"New Zealand",2024,"Total_Primary_Value",11097374.959,"Raw Exports"
"New Zealand",2025,"Total_Primary_Value",10637961.823,"Raw Exports"
"Nicaragua",2019,"Total_Primary_Value",22231762.09,"Raw Exports"
"Nicaragua",2020,"Total_Primary_Value",27788222.33,"Raw Exports"
"Nicaragua",2021,"Total_Primary_Value",25214933.43,"Raw Exports"
"Nicaragua",2022,"Total_Primary_Value",34940084.33,"Raw Exports"
"Nicaragua",2023,"Total_Primary_Value",38919835.48,"Raw Exports"
"Oman",2015,"Total_Primary_Value",2868340.445,"Raw Exports"
"Oman",2016,"Total_Primary_Value",8283362.063,"Raw Exports"
"Oman",2018,"Total_Primary_Value",27773838.85,"Raw Exports"
"Oman",2022,"Total_Primary_Value",13855599.452,"Raw Exports"
"Oman",2023,"Total_Primary_Value",10538475.929,"Raw Exports"
"Other Asia, nes",2000,"Total_Primary_Value",3660232.606,"Raw Exports"
"Other Asia, nes",2001,"Total_Primary_Value",13103285.406,"Raw Exports"
"Other Asia, nes",2002,"Total_Primary_Value",18379783.901,"Raw Exports"
"Other Asia, nes",2003,"Total_Primary_Value",20949131.964,"Raw Exports"
"Other Asia, nes",2004,"Total_Primary_Value",10050176.367,"Raw Exports"
"Other Asia, nes",2005,"Total_Primary_Value",11853660.038,"Raw Exports"
"Other Asia, nes",2010,"Total_Primary_Value",481031093.786,"Raw Exports"
"Other Asia, nes",2011,"Total_Primary_Value",567781193.82,"Raw Exports"
"Other Asia, nes",2012,"Total_Primary_Value",965818160.831,"Raw Exports"
"Other Asia, nes",2013,"Total_Primary_Value",720791055.049,"Raw Exports"
"Other Asia, nes",2014,"Total_Primary_Value",651831576.502,"Raw Exports"
"Other Asia, nes",2015,"Total_Primary_Value",625122282.951,"Raw Exports"
"Other Asia, nes",2016,"Total_Primary_Value",777990572.47,"Raw Exports"
"Other Asia, nes",2017,"Total_Primary_Value",846441119.296,"Raw Exports"
"Other Asia, nes",2018,"Total_Primary_Value",793556707.991,"Raw Exports"
"Other Asia, nes",2019,"Total_Primary_Value",677046263.019,"Raw Exports"
"Other Asia, nes",2020,"Total_Primary_Value",699441733.76,"Raw Exports"
"Other Asia, nes",2021,"Total_Primary_Value",725904885.832,"Raw Exports"
"Other Asia, nes",2022,"Total_Primary_Value",835082412.93,"Raw Exports"
"Other Asia, nes",2023,"Total_Primary_Value",653013298.796,"Raw Exports"
"Other Asia, nes",2024,"Total_Primary_Value",526407443.046,"Raw Exports"
"Other Asia, nes",2025,"Total_Primary_Value",341650913.869,"Raw Exports"
"Other Europe, nes",2011,"Total_Primary_Value",14294304.45,"Raw Exports"
"Other Europe, nes",2012,"Total_Primary_Value",8393708.052,"Raw Exports"
"Other Europe, nes",2013,"Total_Primary_Value",31066910.109,"Raw Exports"
"Other Europe, nes",2014,"Total_Primary_Value",15819312.795,"Raw Exports"
"Other Europe, nes",2015,"Total_Primary_Value",15647642.922,"Raw Exports"
"Other Europe, nes",2016,"Total_Primary_Value",30017533.732,"Raw Exports"
"Other Europe, nes",2017,"Total_Primary_Value",11964169.388,"Raw Exports"
"Other Europe, nes",2018,"Total_Primary_Value",12292465.554,"Raw Exports"
"Other Europe, nes",2019,"Total_Primary_Value",11453603.938,"Raw Exports"
"Other Europe, nes",2020,"Total_Primary_Value",10074267.016,"Raw Exports"
"Other Europe, nes",2021,"Total_Primary_Value",19148174.6,"Raw Exports"
"Other Europe, nes",2022,"Total_Primary_Value",10302696.498,"Raw Exports"
"Other Europe, nes",2023,"Total_Primary_Value",32945144.572,"Raw Exports"
"Other Europe, nes",2024,"Total_Primary_Value",11714529.343,"Raw Exports"
"Other Europe, nes",2025,"Total_Primary_Value",12479140.619,"Raw Exports"
"Pakistan",2010,"Total_Primary_Value",5405105.276,"Raw Exports"
"Pakistan",2011,"Total_Primary_Value",5305073.029,"Raw Exports"
"Pakistan",2012,"Total_Primary_Value",8935396.383,"Raw Exports"
"Pakistan",2014,"Total_Primary_Value",11436583.987,"Raw Exports"
"Pakistan",2015,"Total_Primary_Value",5876263.454,"Raw Exports"
"Pakistan",2016,"Total_Primary_Value",7709067.794,"Raw Exports"
"Pakistan",2019,"Total_Primary_Value",9696908.828,"Raw Exports"
"Pakistan",2020,"Total_Primary_Value",3338643.357,"Raw Exports"
"Pakistan",2023,"Total_Primary_Value",12208681.499,"Raw Exports"
"Pakistan",2024,"Total_Primary_Value",16997139.964,"Raw Exports"
"Pakistan",2025,"Total_Primary_Value",10250815.348,"Raw Exports"
"Panama",2010,"Total_Primary_Value",12953270,"Raw Exports"
"Panama",2012,"Total_Primary_Value",6997003,"Raw Exports"
"Panama",2013,"Total_Primary_Value",6211250,"Raw Exports"
"Panama",2014,"Total_Primary_Value",7217008,"Raw Exports"
"Panama",2015,"Total_Primary_Value",6385054,"Raw Exports"
"Panama",2016,"Total_Primary_Value",11229026,"Raw Exports"
"Panama",2017,"Total_Primary_Value",6261956,"Raw Exports"
"Panama",2018,"Total_Primary_Value",16163648,"Raw Exports"
"Panama",2019,"Total_Primary_Value",10714054,"Raw Exports"
"Panama",2020,"Total_Primary_Value",16043482,"Raw Exports"
"Panama",2021,"Total_Primary_Value",13830475,"Raw Exports"
"Panama",2022,"Total_Primary_Value",16115345,"Raw Exports"
"Panama",2023,"Total_Primary_Value",14701272,"Raw Exports"
"Panama",2024,"Total_Primary_Value",21979117,"Raw Exports"
"Panama",2025,"Total_Primary_Value",36218865,"Raw Exports"
"Peru",2016,"Total_Primary_Value",15080299.22,"Raw Exports"
"Peru",2017,"Total_Primary_Value",14182672.62,"Raw Exports"
"Peru",2024,"Total_Primary_Value",3212743.96,"Raw Exports"
"Peru",2025,"Total_Primary_Value",1568775.14,"Raw Exports"
"Philippines",2010,"Total_Primary_Value",104050419,"Raw Exports"
"Philippines",2011,"Total_Primary_Value",82632511,"Raw Exports"
"Philippines",2012,"Total_Primary_Value",106455739,"Raw Exports"
"Philippines",2013,"Total_Primary_Value",99249006,"Raw Exports"
"Philippines",2014,"Total_Primary_Value",89817526,"Raw Exports"
"Philippines",2015,"Total_Primary_Value",56902728,"Raw Exports"
"Philippines",2016,"Total_Primary_Value",66299911,"Raw Exports"
"Philippines",2017,"Total_Primary_Value",115074747,"Raw Exports"
"Philippines",2018,"Total_Primary_Value",125069271,"Raw Exports"
"Philippines",2019,"Total_Primary_Value",116237204,"Raw Exports"
"Philippines",2021,"Total_Primary_Value",41613587,"Raw Exports"
"Philippines",2022,"Total_Primary_Value",60505273,"Raw Exports"
"Philippines",2023,"Total_Primary_Value",75766709,"Raw Exports"
"Philippines",2024,"Total_Primary_Value",63306050,"Raw Exports"
"Philippines",2025,"Total_Primary_Value",43307931,"Raw Exports"
"Portugal",2010,"Total_Primary_Value",19900172.602,"Raw Exports"
"Portugal",2011,"Total_Primary_Value",27674479.569,"Raw Exports"
"Portugal",2012,"Total_Primary_Value",33231041.635,"Raw Exports"
"Portugal",2013,"Total_Primary_Value",46098513.97,"Raw Exports"
"Portugal",2014,"Total_Primary_Value",60045516.784,"Raw Exports"
"Portugal",2015,"Total_Primary_Value",38954647.58,"Raw Exports"
"Portugal",2016,"Total_Primary_Value",30698594.085,"Raw Exports"
"Portugal",2017,"Total_Primary_Value",35775176.539,"Raw Exports"
"Portugal",2018,"Total_Primary_Value",39915729.881,"Raw Exports"
"Portugal",2019,"Total_Primary_Value",37856235.717,"Raw Exports"
"Portugal",2020,"Total_Primary_Value",23759531.295,"Raw Exports"
"Portugal",2021,"Total_Primary_Value",42103849.34,"Raw Exports"
"Portugal",2022,"Total_Primary_Value",57026251.587,"Raw Exports"
"Portugal",2023,"Total_Primary_Value",74439443.639,"Raw Exports"
"Portugal",2024,"Total_Primary_Value",88065028.334,"Raw Exports"
"Portugal",2025,"Total_Primary_Value",102487638.465,"Raw Exports"
"Rep. of Korea",2015,"Total_Primary_Value",448401485,"Raw Exports"
"Rep. of Korea",2016,"Total_Primary_Value",530452203,"Raw Exports"
"Rep. of Korea",2017,"Total_Primary_Value",578813697,"Raw Exports"
"Rep. of Korea",2018,"Total_Primary_Value",567755169,"Raw Exports"
"Rep. of Korea",2019,"Total_Primary_Value",517276604,"Raw Exports"
"Rep. of Korea",2020,"Total_Primary_Value",475291067,"Raw Exports"
"Rep. of Korea",2021,"Total_Primary_Value",517799580,"Raw Exports"
"Rep. of Korea",2022,"Total_Primary_Value",544906966,"Raw Exports"
"Rep. of Korea",2023,"Total_Primary_Value",517083689,"Raw Exports"
"Rep. of Korea",2024,"Total_Primary_Value",543319746,"Raw Exports"
"Samoa",2018,"Total_Primary_Value",5846626.521,"Raw Exports"
"Senegal",2010,"Total_Primary_Value",12039186.564,"Raw Exports"
"Senegal",2011,"Total_Primary_Value",19179579.833,"Raw Exports"
"Senegal",2012,"Total_Primary_Value",9485475.088,"Raw Exports"
"Senegal",2013,"Total_Primary_Value",26127218.456,"Raw Exports"
"Senegal",2014,"Total_Primary_Value",6075378.243,"Raw Exports"
"Senegal",2015,"Total_Primary_Value",7746930.946,"Raw Exports"
"Senegal",2016,"Total_Primary_Value",28623256.812,"Raw Exports"
"Senegal",2017,"Total_Primary_Value",45369342.745,"Raw Exports"
"Senegal",2018,"Total_Primary_Value",60637151.542,"Raw Exports"
"Senegal",2019,"Total_Primary_Value",44900657.14,"Raw Exports"
"Senegal",2020,"Total_Primary_Value",40482798.826,"Raw Exports"
"Senegal",2022,"Total_Primary_Value",27286250.372,"Raw Exports"
"Seychelles",2009,"Total_Primary_Value",166577728.166,"Raw Exports"
"Seychelles",2010,"Total_Primary_Value",63607714.681,"Raw Exports"
"Seychelles",2011,"Total_Primary_Value",20125073.936,"Raw Exports"
"Seychelles",2013,"Total_Primary_Value",53212737.008,"Raw Exports"
"Seychelles",2016,"Total_Primary_Value",16050915.709,"Raw Exports"
"Seychelles",2017,"Total_Primary_Value",37149758.485,"Raw Exports"
"Seychelles",2018,"Total_Primary_Value",75515465.318,"Raw Exports"
"Seychelles",2019,"Total_Primary_Value",54445716.774,"Raw Exports"
"Seychelles",2020,"Total_Primary_Value",64368619.774,"Raw Exports"
"Seychelles",2021,"Total_Primary_Value",97152628.11,"Raw Exports"
"Seychelles",2022,"Total_Primary_Value",59180453.626,"Raw Exports"
"Singapore",2011,"Total_Primary_Value",17480956,"Raw Exports"
"Singapore",2012,"Total_Primary_Value",36473537,"Raw Exports"
"Singapore",2013,"Total_Primary_Value",9189930.79,"Raw Exports"
"Singapore",2014,"Total_Primary_Value",8948553.334,"Raw Exports"
"Singapore",2015,"Total_Primary_Value",21664149.81,"Raw Exports"
"Singapore",2019,"Total_Primary_Value",6311843.724,"Raw Exports"
"Singapore",2020,"Total_Primary_Value",7523662.825,"Raw Exports"
"Singapore",2023,"Total_Primary_Value",6917568.124,"Raw Exports"
"Singapore",2024,"Total_Primary_Value",19307684.395,"Raw Exports"
"Singapore",2025,"Total_Primary_Value",4623753.555,"Raw Exports"
"South Africa",2010,"Total_Primary_Value",23475727.693,"Raw Exports"
"South Africa",2011,"Total_Primary_Value",19946202.073,"Raw Exports"
"South Africa",2012,"Total_Primary_Value",21004916.046,"Raw Exports"
"South Africa",2013,"Total_Primary_Value",13496316.804,"Raw Exports"
"South Africa",2014,"Total_Primary_Value",23084127.439,"Raw Exports"
"South Africa",2015,"Total_Primary_Value",19029320.295,"Raw Exports"
"South Africa",2016,"Total_Primary_Value",13123667.444,"Raw Exports"
"South Africa",2017,"Total_Primary_Value",10584489.144,"Raw Exports"
"South Africa",2018,"Total_Primary_Value",22025251.136,"Raw Exports"
"South Africa",2019,"Total_Primary_Value",28101521.483,"Raw Exports"
"South Africa",2020,"Total_Primary_Value",25890469.838,"Raw Exports"
"South Africa",2021,"Total_Primary_Value",37329188.044,"Raw Exports"
"South Africa",2022,"Total_Primary_Value",38660580.915,"Raw Exports"
"South Africa",2023,"Total_Primary_Value",38051205.793,"Raw Exports"
"South Africa",2024,"Total_Primary_Value",34028178.003,"Raw Exports"
"South Africa",2025,"Total_Primary_Value",34596298.163,"Raw Exports"
"Spain",2002,"Total_Primary_Value",240306005.114,"Raw Exports"
"Spain",2003,"Total_Primary_Value",207998869.097,"Raw Exports"
"Spain",2004,"Total_Primary_Value",321061359.942,"Raw Exports"
"Spain",2005,"Total_Primary_Value",258656536.06,"Raw Exports"
"Spain",2006,"Total_Primary_Value",285186320.493,"Raw Exports"
"Spain",2007,"Total_Primary_Value",366417696.471,"Raw Exports"
"Spain",2008,"Total_Primary_Value",430442101.632,"Raw Exports"
"Spain",2009,"Total_Primary_Value",305586580.777,"Raw Exports"
"Spain",2010,"Total_Primary_Value",296126414.792,"Raw Exports"
"Spain",2011,"Total_Primary_Value",430839470.236,"Raw Exports"
"Spain",2012,"Total_Primary_Value",557663389.965,"Raw Exports"
"Spain",2013,"Total_Primary_Value",614848049.982,"Raw Exports"
"Spain",2014,"Total_Primary_Value",489514179.962,"Raw Exports"
"Spain",2015,"Total_Primary_Value",391293522.854,"Raw Exports"
"Spain",2016,"Total_Primary_Value",422138082.339,"Raw Exports"
"Spain",2017,"Total_Primary_Value",536804936.301,"Raw Exports"
"Spain",2018,"Total_Primary_Value",601119815.395,"Raw Exports"
"Spain",2019,"Total_Primary_Value",513020338.586,"Raw Exports"
"Spain",2020,"Total_Primary_Value",454098989.412,"Raw Exports"
"Spain",2021,"Total_Primary_Value",566047606.314,"Raw Exports"
"Spain",2022,"Total_Primary_Value",665065128.646999,"Raw Exports"
"Spain",2023,"Total_Primary_Value",640632178.023,"Raw Exports"
"Spain",2024,"Total_Primary_Value",547260170.184,"Raw Exports"
"Spain",2025,"Total_Primary_Value",493763531.695999,"Raw Exports"
"Thailand",2010,"Total_Primary_Value",33955547,"Raw Exports"
"Thailand",2011,"Total_Primary_Value",47658370,"Raw Exports"
"Thailand",2012,"Total_Primary_Value",91471176,"Raw Exports"
"Thailand",2013,"Total_Primary_Value",54667787,"Raw Exports"
"Thailand",2014,"Total_Primary_Value",75988600.518,"Raw Exports"
"Thailand",2015,"Total_Primary_Value",81012506.28,"Raw Exports"
"Thailand",2016,"Total_Primary_Value",86658488.3,"Raw Exports"
"Thailand",2017,"Total_Primary_Value",80224212.27,"Raw Exports"
"Thailand",2018,"Total_Primary_Value",74771306.62,"Raw Exports"
"Thailand",2019,"Total_Primary_Value",57753542.687,"Raw Exports"
"Thailand",2020,"Total_Primary_Value",50049451.23,"Raw Exports"
"Thailand",2021,"Total_Primary_Value",63375347.813,"Raw Exports"
"Thailand",2022,"Total_Primary_Value",102584879.442,"Raw Exports"
"Thailand",2023,"Total_Primary_Value",74526341.475,"Raw Exports"
"Thailand",2024,"Total_Primary_Value",92755585.703,"Raw Exports"
"Thailand",2025,"Total_Primary_Value",17194835.075,"Raw Exports"
"Tunisia",2014,"Total_Primary_Value",29833202.338,"Raw Exports"
"Tunisia",2021,"Total_Primary_Value",62562975.115,"Raw Exports"
"Tunisia",2022,"Total_Primary_Value",57994372.701,"Raw Exports"
"Türkiye",2003,"Total_Primary_Value",25808363,"Raw Exports"
"Türkiye",2005,"Total_Primary_Value",59861561,"Raw Exports"
"Türkiye",2006,"Total_Primary_Value",64236492,"Raw Exports"
"Türkiye",2008,"Total_Primary_Value",107977722,"Raw Exports"
"Türkiye",2009,"Total_Primary_Value",66501354,"Raw Exports"
"Türkiye",2010,"Total_Primary_Value",40835585,"Raw Exports"
"Türkiye",2011,"Total_Primary_Value",41352791,"Raw Exports"
"Türkiye",2013,"Total_Primary_Value",39471653,"Raw Exports"
"Türkiye",2014,"Total_Primary_Value",37759983,"Raw Exports"
"Türkiye",2015,"Total_Primary_Value",44532578,"Raw Exports"
"Türkiye",2016,"Total_Primary_Value",42784415,"Raw Exports"
"Türkiye",2017,"Total_Primary_Value",56997529,"Raw Exports"
"Türkiye",2018,"Total_Primary_Value",77449928,"Raw Exports"
"Türkiye",2019,"Total_Primary_Value",86704967,"Raw Exports"
"Türkiye",2020,"Total_Primary_Value",77518404,"Raw Exports"
"Türkiye",2021,"Total_Primary_Value",72195226,"Raw Exports"
"Türkiye",2022,"Total_Primary_Value",103201174,"Raw Exports"
"Türkiye",2023,"Total_Primary_Value",79385081,"Raw Exports"
"Türkiye",2024,"Total_Primary_Value",128538991,"Raw Exports"
"Türkiye",2025,"Total_Primary_Value",55607824,"Raw Exports"
"USA",2016,"Total_Primary_Value",72483797,"Raw Exports"
"USA",2017,"Total_Primary_Value",64366331,"Raw Exports"
"USA",2018,"Total_Primary_Value",70800008,"Raw Exports"
"USA",2019,"Total_Primary_Value",55081875,"Raw Exports"
"USA",2020,"Total_Primary_Value",50106255,"Raw Exports"
"USA",2021,"Total_Primary_Value",44848465,"Raw Exports"
"USA",2022,"Total_Primary_Value",68893394,"Raw Exports"
"USA",2023,"Total_Primary_Value",50853509,"Raw Exports"
"USA",2024,"Total_Primary_Value",42218683,"Raw Exports"
"USA",2025,"Total_Primary_Value",41213475,"Raw Exports"
"United Arab Emirates",2018,"Total_Primary_Value",6881750.757,"Raw Exports"
"United Arab Emirates",2019,"Total_Primary_Value",38544160.335,"Raw Exports"
"Viet Nam",2015,"Total_Primary_Value",217825669.703,"Raw Exports"
"Viet Nam",2016,"Total_Primary_Value",246902091.117,"Raw Exports"
"Viet Nam",2017,"Total_Primary_Value",286571177.157,"Raw Exports"
"Viet Nam",2018,"Total_Primary_Value",308824720.899,"Raw Exports"
"Viet Nam",2019,"Total_Primary_Value",371558892.306,"Raw Exports"
"Viet Nam",2020,"Total_Primary_Value",265569217.06,"Raw Exports"
"Viet Nam",2021,"Total_Primary_Value",411662097.191,"Raw Exports"
"Viet Nam",2022,"Total_Primary_Value",591067067.833,"Raw Exports"
"Viet Nam",2023,"Total_Primary_Value",403289194.804,"Raw Exports"
"Yemen",2012,"Total_Primary_Value",5944190.447,"Raw Exports"
"Areas, nes",2010,"Average_Price",1.56327751200378,"Raw Exports"
"Areas, nes",2011,"Average_Price",1.46640395227743,"Raw Exports"
"Areas, nes",2012,"Average_Price",1.7780621814582,"Raw Exports"
"Areas, nes",2013,"Average_Price",1.57296167340116,"Raw Exports"
"Areas, nes",2014,"Average_Price",1.44156002829953,"Raw Exports"
"Areas, nes",2015,"Average_Price",0.969812376497007,"Raw Exports"
"Areas, nes",2016,"Average_Price",1.2612413166436,"Raw Exports"
"Areas, nes",2017,"Average_Price",1.2987219713374,"Raw Exports"
"Areas, nes",2018,"Average_Price",0.977847104770601,"Raw Exports"
"Areas, nes",2019,"Average_Price",0.558774076369452,"Raw Exports"
"Areas, nes",2020,"Average_Price",1.5584927402982,"Raw Exports"
"Areas, nes",2021,"Average_Price",1.57396511279941,"Raw Exports"
"Areas, nes",2024,"Average_Price",1.51320034326628,"Raw Exports"
"Areas, nes",2025,"Average_Price",1.756879544717,"Raw Exports"
"Australia",2011,"Average_Price",18.6453762890073,"Raw Exports"
"Australia",2012,"Average_Price",19.4425883781999,"Raw Exports"
"Australia",2013,"Average_Price",13.6015706012094,"Raw Exports"
"Australia",2014,"Average_Price",13.2320073688474,"Raw Exports"
"Australia",2015,"Average_Price",9.48139635166233,"Raw Exports"
"Australia",2016,"Average_Price",10.985336399595,"Raw Exports"
"Australia",2017,"Average_Price",10.8493432597703,"Raw Exports"
"Australia",2018,"Average_Price",10.5807793453106,"Raw Exports"
"Australia",2019,"Average_Price",10.8350362082661,"Raw Exports"
"Australia",2020,"Average_Price",8.87582029909592,"Raw Exports"
"Australia",2021,"Average_Price",9.26982561507629,"Raw Exports"
"Australia",2022,"Average_Price",10.4520088166714,"Raw Exports"
"Australia",2023,"Average_Price",9.96704851758497,"Raw Exports"
"Australia",2024,"Average_Price",8.41663762939069,"Raw Exports"
"Australia",2025,"Average_Price",8.8592404423686,"Raw Exports"
"Brazil",2000,"Average_Price",1.28384465412364,"Raw Exports"
"Brazil",2001,"Average_Price",1.3675473559394,"Raw Exports"
"Brazil",2002,"Average_Price",1.48145220840479,"Raw Exports"
"Brazil",2003,"Average_Price",1.59907825156852,"Raw Exports"
"Brazil",2004,"Average_Price",1.69459690939344,"Raw Exports"
"Brazil",2005,"Average_Price",1.69681711425365,"Raw Exports"
"Brazil",2006,"Average_Price",2.09230522292577,"Raw Exports"
"Brazil",2007,"Average_Price",2.06120662502936,"Raw Exports"
"Brazil",2009,"Average_Price",2.39628750598237,"Raw Exports"
"Brazil",2010,"Average_Price",2.26466174035493,"Raw Exports"
"Brazil",2011,"Average_Price",2.46164840530213,"Raw Exports"
"Brazil",2012,"Average_Price",2.44215234342778,"Raw Exports"
"Brazil",2013,"Average_Price",2.67733127923713,"Raw Exports"
"Brazil",2014,"Average_Price",2.73978875329769,"Raw Exports"
"Brazil",2015,"Average_Price",2.91959881868507,"Raw Exports"
"Brazil",2016,"Average_Price",2.66665314937609,"Raw Exports"
"Brazil",2017,"Average_Price",2.7503868924727,"Raw Exports"
"Brazil",2018,"Average_Price",3.23621454713339,"Raw Exports"
"Brazil",2019,"Average_Price",2.95532223801562,"Raw Exports"
"Brazil",2020,"Average_Price",2.14126748216924,"Raw Exports"
"Brazil",2021,"Average_Price",4.71325200611163,"Raw Exports"
"Brazil",2022,"Average_Price",6.0353739708434,"Raw Exports"
"Brazil",2023,"Average_Price",5.4897038883984,"Raw Exports"
"Brazil",2025,"Average_Price",6.46146191003539,"Raw Exports"
"Cabo Verde",2010,"Average_Price",1.55516786046817,"Raw Exports"
"Cabo Verde",2011,"Average_Price",1.79570475747353,"Raw Exports"
"Cabo Verde",2012,"Average_Price",1.92660998523418,"Raw Exports"
"Cabo Verde",2013,"Average_Price",2.30645294261916,"Raw Exports"
"Cabo Verde",2014,"Average_Price",1.71166462837354,"Raw Exports"
"Cabo Verde",2015,"Average_Price",1.19915608740833,"Raw Exports"
"Cabo Verde",2019,"Average_Price",0.866560327166065,"Raw Exports"
"Cameroon",2012,"Average_Price",0.742309507583078,"Raw Exports"
"Canada",2010,"Average_Price",4.94459033736156,"Raw Exports"
"Canada",2011,"Average_Price",4.5118524380455,"Raw Exports"
"Canada",2012,"Average_Price",7.75000912989793,"Raw Exports"
"Canada",2013,"Average_Price",7.32138589934301,"Raw Exports"
"Canada",2014,"Average_Price",8.43879619683104,"Raw Exports"
"Canada",2015,"Average_Price",8.2092953619046,"Raw Exports"
"Canada",2016,"Average_Price",10.0100703139189,"Raw Exports"
"Canada",2017,"Average_Price",10.0675065842911,"Raw Exports"
"Canada",2018,"Average_Price",11.9144723269518,"Raw Exports"
"Canada",2019,"Average_Price",12.1959381525437,"Raw Exports"
"Canada",2020,"Average_Price",9.74959885717179,"Raw Exports"
"Canada",2021,"Average_Price",14.5744234167824,"Raw Exports"
"Canada",2022,"Average_Price",14.1243467308115,"Raw Exports"
"Canada",2023,"Average_Price",13.1618620798985,"Raw Exports"
"Canada",2025,"Average_Price",15.632660121097,"Raw Exports"
"China",2010,"Average_Price",2.72487387221435,"Raw Exports"
"China",2011,"Average_Price",3.0430285662781,"Raw Exports"
"China",2012,"Average_Price",4.25779867297959,"Raw Exports"
"China",2014,"Average_Price",5.29944668193329,"Raw Exports"
"China",2015,"Average_Price",4.07702193482717,"Raw Exports"
"China",2016,"Average_Price",1.91937548244981,"Raw Exports"
"China",2017,"Average_Price",2.18270086529744,"Raw Exports"
"China",2018,"Average_Price",4.27157906563794,"Raw Exports"
"China",2019,"Average_Price",4.19838134604519,"Raw Exports"
"China",2020,"Average_Price",4.25540644489748,"Raw Exports"
"China",2021,"Average_Price",5.43785265209178,"Raw Exports"
"China",2022,"Average_Price",5.83770921658901,"Raw Exports"
"China",2023,"Average_Price",4.83305422990628,"Raw Exports"
"China",2024,"Average_Price",4.32864993525859,"Raw Exports"
"Colombia",2010,"Average_Price",1.53843792038528,"Raw Exports"
"Colombia",2014,"Average_Price",1.87399853904391,"Raw Exports"
"Colombia",2015,"Average_Price",1.97805578899262,"Raw Exports"
"Colombia",2016,"Average_Price",1.60233757724463,"Raw Exports"
"Colombia",2017,"Average_Price",0.907461944091473,"Raw Exports"
"Colombia",2018,"Average_Price",1.12551731995991,"Raw Exports"
"Colombia",2019,"Average_Price",1.24253707527924,"Raw Exports"
"Colombia",2020,"Average_Price",1.1050008428576,"Raw Exports"
"Colombia",2021,"Average_Price",0.872313431013452,"Raw Exports"
"Colombia",2022,"Average_Price",0.7518194773122,"Raw Exports"
"Colombia",2023,"Average_Price",1.14010527477144,"Raw Exports"
"Colombia",2025,"Average_Price",1.37612414993551,"Raw Exports"
"Croatia",2010,"Average_Price",15.5592359405052,"Raw Exports"
"Croatia",2011,"Average_Price",21.1076811486687,"Raw Exports"
"Croatia",2012,"Average_Price",27.827500969957,"Raw Exports"
"Croatia",2013,"Average_Price",20.0428472407882,"Raw Exports"
"Croatia",2014,"Average_Price",18.1383452624349,"Raw Exports"
"Croatia",2015,"Average_Price",9.5365090409834,"Raw Exports"
"Croatia",2016,"Average_Price",13.1291878935409,"Raw Exports"
"Croatia",2017,"Average_Price",11.2919355677935,"Raw Exports"
"Croatia",2018,"Average_Price",13.5596612862388,"Raw Exports"
"Croatia",2019,"Average_Price",12.9263798919368,"Raw Exports"
"Croatia",2020,"Average_Price",12.1882336181556,"Raw Exports"
"Croatia",2021,"Average_Price",11.6858084307531,"Raw Exports"
"Croatia",2022,"Average_Price",14.1220938468372,"Raw Exports"
"Croatia",2023,"Average_Price",16.5511528569211,"Raw Exports"
"Croatia",2024,"Average_Price",8.51619315134983,"Raw Exports"
"Croatia",2025,"Average_Price",10.410214067743,"Raw Exports"
"Côte d'Ivoire",2008,"Average_Price",1.91025077898909,"Raw Exports"
"Côte d'Ivoire",2009,"Average_Price",1.32754129618419,"Raw Exports"
"Côte d'Ivoire",2010,"Average_Price",1.06958308589999,"Raw Exports"
"Côte d'Ivoire",2018,"Average_Price",1.30863911983052,"Raw Exports"
"Denmark",2025,"Average_Price",4.83713018449296,"Raw Exports"
"Ecuador",2010,"Average_Price",1.38829065031117,"Raw Exports"
"Ecuador",2011,"Average_Price",4.19835019602151,"Raw Exports"
"Ecuador",2012,"Average_Price",5.2125273429492,"Raw Exports"
"Ecuador",2013,"Average_Price",5.04224239971627,"Raw Exports"
"Ecuador",2014,"Average_Price",3.36423413301121,"Raw Exports"
"Ecuador",2016,"Average_Price",4.41214350090905,"Raw Exports"
"Ecuador",2017,"Average_Price",3.04967021383346,"Raw Exports"
"Ecuador",2018,"Average_Price",2.97582226852349,"Raw Exports"
"Ecuador",2019,"Average_Price",4.87017399612664,"Raw Exports"
"Ecuador",2020,"Average_Price",5.15758105299858,"Raw Exports"
"Ecuador",2021,"Average_Price",6.92240320834605,"Raw Exports"
"Ecuador",2024,"Average_Price",4.36161254712256,"Raw Exports"
"El Salvador",2002,"Average_Price",0.834514491437928,"Raw Exports"
"El Salvador",2003,"Average_Price",1.1157242117304,"Raw Exports"
"El Salvador",2016,"Average_Price",1.97405991033336,"Raw Exports"
"El Salvador",2017,"Average_Price",2.25726244992888,"Raw Exports"
"El Salvador",2018,"Average_Price",2.11813730295439,"Raw Exports"
"El Salvador",2019,"Average_Price",1.71081938826555,"Raw Exports"
"El Salvador",2020,"Average_Price",1.69653354710286,"Raw Exports"
"El Salvador",2021,"Average_Price",2.04342325855747,"Raw Exports"
"El Salvador",2022,"Average_Price",2.28283882367712,"Raw Exports"
"Estonia",2014,"Average_Price",0.144212818443496,"Raw Exports"
"Fiji",2014,"Average_Price",2.94641028119426,"Raw Exports"
"Fiji",2015,"Average_Price",3.1281315583752,"Raw Exports"
"Fiji",2016,"Average_Price",2.55625242015469,"Raw Exports"
"Fiji",2017,"Average_Price",2.75995567381384,"Raw Exports"
"Fiji",2018,"Average_Price",2.78334164412595,"Raw Exports"
"Fiji",2019,"Average_Price",3.43023211418581,"Raw Exports"
"Fiji",2020,"Average_Price",3.12180145514612,"Raw Exports"
"Fiji",2021,"Average_Price",4.4803376580411,"Raw Exports"
"Fiji",2022,"Average_Price",3.71655457727901,"Raw Exports"
"Fiji",2023,"Average_Price",3.09344681548643,"Raw Exports"
"Fiji",2024,"Average_Price",2.62384181021309,"Raw Exports"
"Fiji",2025,"Average_Price",2.69890646979106,"Raw Exports"
"France",2000,"Average_Price",0.690137471399909,"Raw Exports"
"France",2001,"Average_Price",0.876503928663711,"Raw Exports"
"France",2002,"Average_Price",1.14350294491289,"Raw Exports"
"France",2003,"Average_Price",0.945367309151731,"Raw Exports"
"France",2004,"Average_Price",1.09551548010677,"Raw Exports"
"France",2005,"Average_Price",1.20059838254587,"Raw Exports"
"France",2006,"Average_Price",1.42257256097358,"Raw Exports"
"France",2007,"Average_Price",2.03464508352081,"Raw Exports"
"France",2008,"Average_Price",2.04780524481426,"Raw Exports"
"France",2009,"Average_Price",1.53132957404717,"Raw Exports"
"France",2010,"Average_Price",1.75810833529768,"Raw Exports"
"France",2011,"Average_Price",2.04722061916719,"Raw Exports"
"France",2012,"Average_Price",2.40738962984181,"Raw Exports"
"France",2013,"Average_Price",2.96319219021894,"Raw Exports"
"France",2014,"Average_Price",2.65435380322275,"Raw Exports"
"France",2015,"Average_Price",1.94709347117579,"Raw Exports"
"France",2016,"Average_Price",2.13012279867897,"Raw Exports"
"France",2017,"Average_Price",2.71217304582995,"Raw Exports"
"France",2018,"Average_Price",2.4374684725936,"Raw Exports"
"France",2019,"Average_Price",2.60668131498857,"Raw Exports"
"France",2020,"Average_Price",2.27418462365485,"Raw Exports"
"France",2021,"Average_Price",2.99739724322553,"Raw Exports"
"France",2022,"Average_Price",3.62642324449849,"Raw Exports"
"France",2023,"Average_Price",4.06024003829308,"Raw Exports"
"France",2024,"Average_Price",4.20735791689215,"Raw Exports"
"French Polynesia",2015,"Average_Price",7.83812328972974,"Raw Exports"
"Germany",2017,"Average_Price",10.5112909584103,"Raw Exports"
"Ghana",2010,"Average_Price",1.61003924417698,"Raw Exports"
"Ghana",2011,"Average_Price",2.82209439918224,"Raw Exports"
"Ghana",2012,"Average_Price",2.47660919285356,"Raw Exports"
"Ghana",2013,"Average_Price",3.98090211485579,"Raw Exports"
"Ghana",2014,"Average_Price",199.004122653228,"Raw Exports"
"Ghana",2015,"Average_Price",2.10367856883796,"Raw Exports"
"Ghana",2016,"Average_Price",1.49985766968692,"Raw Exports"
"Ghana",2017,"Average_Price",1.69187899160991,"Raw Exports"
"Ghana",2018,"Average_Price",1.3277318724462,"Raw Exports"
"Ghana",2019,"Average_Price",1.32155984618231,"Raw Exports"
"Ghana",2020,"Average_Price",1.25637616367756,"Raw Exports"
"Ghana",2021,"Average_Price",1.49247729333314,"Raw Exports"
"Ghana",2022,"Average_Price",1.26822332517995,"Raw Exports"
"Ghana",2023,"Average_Price",1.39001740121945,"Raw Exports"
"Guatemala",2022,"Average_Price",2.85523149520224,"Raw Exports"
"Guatemala",2023,"Average_Price",2.83860534838422,"Raw Exports"
"Guatemala",2024,"Average_Price",2.51335442984951,"Raw Exports"
"India",2011,"Average_Price",1.54831717064727,"Raw Exports"
"India",2012,"Average_Price",2.16816702571541,"Raw Exports"
"India",2013,"Average_Price",2.21723669225539,"Raw Exports"
"India",2014,"Average_Price",1.96504091653366,"Raw Exports"
"India",2015,"Average_Price",2.05157453397537,"Raw Exports"
"India",2016,"Average_Price",2.03499310002321,"Raw Exports"
"India",2017,"Average_Price",1.54545928684759,"Raw Exports"
"India",2018,"Average_Price",1.60754829691268,"Raw Exports"
"India",2019,"Average_Price",1.5598634426382,"Raw Exports"
"India",2020,"Average_Price",1.30834203724813,"Raw Exports"
"India",2021,"Average_Price",1.25606143141497,"Raw Exports"
"India",2022,"Average_Price",1.56587310045896,"Raw Exports"
"India",2023,"Average_Price",1.71235456260706,"Raw Exports"
"India",2024,"Average_Price",1.57560011074585,"Raw Exports"
"India",2025,"Average_Price",1.43109978104259,"Raw Exports"
"Indonesia",2012,"Average_Price",2.97012296987329,"Raw Exports"
"Indonesia",2013,"Average_Price",0.821471267285146,"Raw Exports"
"Indonesia",2014,"Average_Price",2.45238789067744,"Raw Exports"
"Indonesia",2015,"Average_Price",2.63880870304305,"Raw Exports"
"Indonesia",2016,"Average_Price",3.13115500855749,"Raw Exports"
"Indonesia",2017,"Average_Price",2.48267795166734,"Raw Exports"
"Indonesia",2018,"Average_Price",3.78921194758571,"Raw Exports"
"Indonesia",2019,"Average_Price",3.80088949829152,"Raw Exports"
"Indonesia",2020,"Average_Price",3.37938528628308,"Raw Exports"
"Indonesia",2021,"Average_Price",4.167564620214,"Raw Exports"
"Indonesia",2022,"Average_Price",5.07825250318385,"Raw Exports"
"Indonesia",2023,"Average_Price",4.35385507935925,"Raw Exports"
"Indonesia",2024,"Average_Price",3.37687963057377,"Raw Exports"
"Ireland",2001,"Average_Price",2.32092984841718,"Raw Exports"
"Ireland",2011,"Average_Price",3.86475026982601,"Raw Exports"
"Ireland",2012,"Average_Price",3.18120396850655,"Raw Exports"
"Ireland",2013,"Average_Price",2.77449720863996,"Raw Exports"
"Ireland",2014,"Average_Price",2.01012096893251,"Raw Exports"
"Ireland",2015,"Average_Price",3.13046763367353,"Raw Exports"
"Ireland",2016,"Average_Price",3.17534163288717,"Raw Exports"
"Ireland",2018,"Average_Price",2.86222158338423,"Raw Exports"
"Ireland",2019,"Average_Price",2.67132443629464,"Raw Exports"
"Ireland",2020,"Average_Price",2.97571405491978,"Raw Exports"
"Ireland",2021,"Average_Price",3.28674558811922,"Raw Exports"
"Ireland",2022,"Average_Price",2.61250587439851,"Raw Exports"
"Ireland",2023,"Average_Price",2.09264050986022,"Raw Exports"
"Ireland",2024,"Average_Price",2.77877230978325,"Raw Exports"
"Ireland",2025,"Average_Price",3.00952421951038,"Raw Exports"
"Italy",2000,"Average_Price",4.21339690857614,"Raw Exports"
"Italy",2001,"Average_Price",3.73211972698401,"Raw Exports"
"Italy",2002,"Average_Price",5.73701591996829,"Raw Exports"
"Italy",2003,"Average_Price",6.04381430341283,"Raw Exports"
"Italy",2004,"Average_Price",6.07251620850372,"Raw Exports"
"Italy",2005,"Average_Price",6.80133811943239,"Raw Exports"
"Italy",2006,"Average_Price",7.87478109772877,"Raw Exports"
"Italy",2007,"Average_Price",10.8202193071112,"Raw Exports"
"Italy",2009,"Average_Price",6.03744584814493,"Raw Exports"
"Italy",2010,"Average_Price",4.8220294929747,"Raw Exports"
"Italy",2011,"Average_Price",9.62504581197133,"Raw Exports"
"Italy",2012,"Average_Price",7.52582805835133,"Raw Exports"
"Italy",2013,"Average_Price",6.33516272360257,"Raw Exports"
"Italy",2014,"Average_Price",6.16945855775531,"Raw Exports"
"Italy",2015,"Average_Price",5.88168787316522,"Raw Exports"
"Italy",2016,"Average_Price",5.89819302642922,"Raw Exports"
"Italy",2017,"Average_Price",6.99759894345994,"Raw Exports"
"Italy",2018,"Average_Price",7.97170470049868,"Raw Exports"
"Italy",2019,"Average_Price",6.61667905082256,"Raw Exports"
"Italy",2020,"Average_Price",5.97144574576974,"Raw Exports"
"Italy",2021,"Average_Price",5.87859449418163,"Raw Exports"
"Italy",2022,"Average_Price",10.0308513594483,"Raw Exports"
"Italy",2023,"Average_Price",8.3939941243443,"Raw Exports"
"Italy",2024,"Average_Price",6.97312329339829,"Raw Exports"
"Italy",2025,"Average_Price",6.73097879501509,"Raw Exports"
"Japan",2010,"Average_Price",1.73208765224847,"Raw Exports"
"Japan",2011,"Average_Price",2.09588837941887,"Raw Exports"
"Japan",2012,"Average_Price",3.15474127590986,"Raw Exports"
"Japan",2013,"Average_Price",2.36864770870029,"Raw Exports"
"Japan",2014,"Average_Price",2.2651464377057,"Raw Exports"
"Japan",2015,"Average_Price",2.56574216478959,"Raw Exports"
"Japan",2016,"Average_Price",3.44153408390249,"Raw Exports"
"Japan",2017,"Average_Price",3.07280265531634,"Raw Exports"
"Japan",2018,"Average_Price",2.57820562162574,"Raw Exports"
"Japan",2019,"Average_Price",2.86166217882334,"Raw Exports"
"Japan",2020,"Average_Price",2.68205065385587,"Raw Exports"
"Japan",2021,"Average_Price",2.6308806965333,"Raw Exports"
"Japan",2022,"Average_Price",4.34024609237357,"Raw Exports"
"Japan",2023,"Average_Price",3.41614627423133,"Raw Exports"
"Japan",2024,"Average_Price",2.11643815159038,"Raw Exports"
"Japan",2025,"Average_Price",3.00532498648596,"Raw Exports"
"Kiribati",2017,"Average_Price",1.81613015810937,"Raw Exports"
"Luxembourg",2013,"Average_Price",0.169616959100596,"Raw Exports"
"Madagascar",2016,"Average_Price",2.34006268172309,"Raw Exports"
"Madagascar",2017,"Average_Price",2.44439358937496,"Raw Exports"
"Madagascar",2019,"Average_Price",2.04392094867746,"Raw Exports"
"Madagascar",2023,"Average_Price",0.505539179244612,"Raw Exports"
"Malaysia",2018,"Average_Price",2.24238208377445,"Raw Exports"
"Malaysia",2019,"Average_Price",2.22199152037995,"Raw Exports"
"Malaysia",2020,"Average_Price",1.73931094904349,"Raw Exports"
"Malaysia",2021,"Average_Price",2.25147812364583,"Raw Exports"
"Malaysia",2022,"Average_Price",2.33152829605263,"Raw Exports"
"Malaysia",2023,"Average_Price",1.76429794635109,"Raw Exports"
"Malaysia",2024,"Average_Price",1.3303682438646,"Raw Exports"
"Malaysia",2025,"Average_Price",1.15854306867005,"Raw Exports"
"Maldives",2018,"Average_Price",1.91221188722714,"Raw Exports"
"Malta",2010,"Average_Price",15.4028895587563,"Raw Exports"
"Malta",2011,"Average_Price",27.6926849826091,"Raw Exports"
"Malta",2012,"Average_Price",26.444278264218,"Raw Exports"
"Malta",2013,"Average_Price",22.5230614766844,"Raw Exports"
"Malta",2014,"Average_Price",17.4757902181303,"Raw Exports"
"Malta",2015,"Average_Price",14.7121453022456,"Raw Exports"
"Malta",2016,"Average_Price",14.2898350727519,"Raw Exports"
"Malta",2019,"Average_Price",15.2419259706213,"Raw Exports"
"Malta",2020,"Average_Price",15.4644878458939,"Raw Exports"
"Malta",2021,"Average_Price",17.7592603658193,"Raw Exports"
"Malta",2022,"Average_Price",22.4116189689669,"Raw Exports"
"Malta",2023,"Average_Price",12.7898748157507,"Raw Exports"
"Malta",2024,"Average_Price",13.5883270434605,"Raw Exports"
"Mauritius",2010,"Average_Price",2.38471325860111,"Raw Exports"
"Mauritius",2011,"Average_Price",2.03123194058977,"Raw Exports"
"Mauritius",2012,"Average_Price",2.01693996395925,"Raw Exports"
"Mauritius",2013,"Average_Price",2.55968199767197,"Raw Exports"
"Mauritius",2014,"Average_Price",3.91447133084993,"Raw Exports"
"Mauritius",2015,"Average_Price",2.95495952319645,"Raw Exports"
"Mauritius",2016,"Average_Price",2.93320264376424,"Raw Exports"
"Mauritius",2017,"Average_Price",3.46368323702914,"Raw Exports"
"Mauritius",2018,"Average_Price",3.30658441216406,"Raw Exports"
"Mauritius",2019,"Average_Price",2.92969156473193,"Raw Exports"
"Mauritius",2020,"Average_Price",2.43635452070771,"Raw Exports"
"Mauritius",2021,"Average_Price",2.36653538378905,"Raw Exports"
"Mauritius",2022,"Average_Price",2.14395108983933,"Raw Exports"
"Mauritius",2023,"Average_Price",2.17192547952749,"Raw Exports"
"Mauritius",2024,"Average_Price",2.45463502529864,"Raw Exports"
"Mauritius",2025,"Average_Price",4.2433431848714,"Raw Exports"
"Mexico",2010,"Average_Price",3.00358430887905,"Raw Exports"
"Mexico",2011,"Average_Price",4.67440991981793,"Raw Exports"
"Mexico",2012,"Average_Price",4.20181908770634,"Raw Exports"
"Mexico",2013,"Average_Price",6.76186549909854,"Raw Exports"
"Mexico",2014,"Average_Price",6.94894696396335,"Raw Exports"
"Mexico",2015,"Average_Price",9.85001284990086,"Raw Exports"
"Mexico",2016,"Average_Price",9.2901001368571,"Raw Exports"
"Mexico",2017,"Average_Price",11.4315460009424,"Raw Exports"
"Mexico",2018,"Average_Price",13.1443494559122,"Raw Exports"
"Mexico",2019,"Average_Price",14.7210909293014,"Raw Exports"
"Mexico",2021,"Average_Price",14.0568971713577,"Raw Exports"
"Mexico",2022,"Average_Price",18.4281541366861,"Raw Exports"
"Mexico",2023,"Average_Price",19.6860113624927,"Raw Exports"
"Mexico",2024,"Average_Price",20.335677176623,"Raw Exports"
"Minnows",2000,"Average_Price",2.92432540672075,"Raw Exports"
"Minnows",2001,"Average_Price",1.70939560684465,"Raw Exports"
"Minnows",2002,"Average_Price",7.23095543714775,"Raw Exports"
"Minnows",2003,"Average_Price",2.32264752996119,"Raw Exports"
"Minnows",2004,"Average_Price",11.9013603193895,"Raw Exports"
"Minnows",2005,"Average_Price",2.07445343739062,"Raw Exports"
"Minnows",2006,"Average_Price",2.41403985425982,"Raw Exports"
"Minnows",2007,"Average_Price",11.432810500193,"Raw Exports"
"Minnows",2008,"Average_Price",7.58878469478099,"Raw Exports"
"Minnows",2009,"Average_Price",3.6688031124636,"Raw Exports"
"Minnows",2010,"Average_Price",32.4965584278944,"Raw Exports"
"Minnows",2011,"Average_Price",12.7803994770475,"Raw Exports"
"Minnows",2012,"Average_Price",16.8951771431707,"Raw Exports"
"Minnows",2013,"Average_Price",48.7844483996744,"Raw Exports"
"Minnows",2014,"Average_Price",11.0148908668035,"Raw Exports"
"Minnows",2015,"Average_Price",8.56118403101176,"Raw Exports"
"Minnows",2016,"Average_Price",4.97758615067398,"Raw Exports"
"Minnows",2017,"Average_Price",5.29554549254034,"Raw Exports"
"Minnows",2018,"Average_Price",5.32105508026353,"Raw Exports"
"Minnows",2019,"Average_Price",5.87040201033395,"Raw Exports"
"Minnows",2020,"Average_Price",6.52222741288103,"Raw Exports"
"Minnows",2021,"Average_Price",6.03621016025866,"Raw Exports"
"Minnows",2022,"Average_Price",7.03295882884245,"Raw Exports"
"Minnows",2023,"Average_Price",6.25296184419471,"Raw Exports"
"Minnows",2024,"Average_Price",8.72869356606219,"Raw Exports"
"Minnows",2025,"Average_Price",9.74911015042648,"Raw Exports"
"Missing Exports",2003,"Average_Price",NA,"Raw Exports"
"Missing Exports",2005,"Average_Price",NA,"Raw Exports"
"Missing Exports",2006,"Average_Price",NA,"Raw Exports"
"Missing Exports",2007,"Average_Price",1.26329552833182,"Raw Exports"
"Missing Exports",2010,"Average_Price",5.04430745875047,"Raw Exports"
"Missing Exports",2011,"Average_Price",4.27602690054967,"Raw Exports"
"Missing Exports",2012,"Average_Price",4.5673115250232,"Raw Exports"
"Missing Exports",2013,"Average_Price",6.00153478429662,"Raw Exports"
"Missing Exports",2014,"Average_Price",3.19775585694954,"Raw Exports"
"Missing Exports",2015,"Average_Price",2.95714139423704,"Raw Exports"
"Missing Exports",2016,"Average_Price",1.53163913882299,"Raw Exports"
"Missing Exports",2017,"Average_Price",4.35985600155822,"Raw Exports"
"Missing Exports",2018,"Average_Price",3.60723632004247,"Raw Exports"
"Missing Exports",2019,"Average_Price",3.45252567863038,"Raw Exports"
"Missing Exports",2020,"Average_Price",2.57704598673049,"Raw Exports"
"Missing Exports",2021,"Average_Price",2.73587997078371,"Raw Exports"
"Missing Exports",2022,"Average_Price",3.03008051820765,"Raw Exports"
"Missing Exports",2023,"Average_Price",4.52897888091646,"Raw Exports"
"Missing Exports",2024,"Average_Price",2.80509264644062,"Raw Exports"
"Missing Exports",2025,"Average_Price",5.05371730111992,"Raw Exports"
"Morocco",2000,"Average_Price",4.84400154219141,"Raw Exports"
"Morocco",2001,"Average_Price",6.60239630495514,"Raw Exports"
"Morocco",2007,"Average_Price",9.5184962762065,"Raw Exports"
"Morocco",2008,"Average_Price",8.52416014775088,"Raw Exports"
"Morocco",2021,"Average_Price",7.26785276073411,"Raw Exports"
"Morocco",2022,"Average_Price",8.25593963710894,"Raw Exports"
"Morocco",2023,"Average_Price",10.0331998055458,"Raw Exports"
"Myanmar",2011,"Average_Price",5.29738493665098,"Raw Exports"
"Myanmar",2012,"Average_Price",5.27416985525583,"Raw Exports"
"Myanmar",2013,"Average_Price",2.31036086994232,"Raw Exports"
"Myanmar",2014,"Average_Price",1.42048872254816,"Raw Exports"
"Myanmar",2015,"Average_Price",1.88837141776292,"Raw Exports"
"Myanmar",2016,"Average_Price",2.13040929793221,"Raw Exports"
"Myanmar",2017,"Average_Price",1.61787709990341,"Raw Exports"
"Myanmar",2018,"Average_Price",1.38317933405152,"Raw Exports"
"Myanmar",2019,"Average_Price",1.23412902227494,"Raw Exports"
"Myanmar",2020,"Average_Price",1.00471794751498,"Raw Exports"
"Myanmar",2021,"Average_Price",1.2356569215845,"Raw Exports"
"Myanmar",2022,"Average_Price",1.16797457125326,"Raw Exports"
"Myanmar",2023,"Average_Price",1.26157397266667,"Raw Exports"
"Myanmar",2024,"Average_Price",1.38525321837968,"Raw Exports"
"Namibia",2020,"Average_Price",2.85847002930843,"Raw Exports"
"Namibia",2021,"Average_Price",3.27589708694293,"Raw Exports"
"Namibia",2022,"Average_Price",3.71870541154506,"Raw Exports"
"Netherlands",2012,"Average_Price",13.0153637301255,"Raw Exports"
"Netherlands",2013,"Average_Price",9.18791440715214,"Raw Exports"
"Netherlands",2014,"Average_Price",8.04084012161925,"Raw Exports"
"Netherlands",2015,"Average_Price",7.93653350555041,"Raw Exports"
"Netherlands",2016,"Average_Price",6.52554177318442,"Raw Exports"
"Netherlands",2017,"Average_Price",4.74778325913713,"Raw Exports"
"Netherlands",2018,"Average_Price",7.90458606380589,"Raw Exports"
"Netherlands",2019,"Average_Price",12.0227603673932,"Raw Exports"
"Netherlands",2020,"Average_Price",13.1113440340502,"Raw Exports"
"Netherlands",2021,"Average_Price",14.2105344887402,"Raw Exports"
"Netherlands",2022,"Average_Price",15.5921204134144,"Raw Exports"
"Netherlands",2023,"Average_Price",14.997964539053,"Raw Exports"
"Netherlands",2024,"Average_Price",13.6031633177981,"Raw Exports"
"Netherlands",2025,"Average_Price",13.8289645064904,"Raw Exports"
"New Zealand",2010,"Average_Price",1.98426511112602,"Raw Exports"
"New Zealand",2011,"Average_Price",2.3107868940595,"Raw Exports"
"New Zealand",2012,"Average_Price",3.25544732024166,"Raw Exports"
"New Zealand",2013,"Average_Price",2.73411664949694,"Raw Exports"
"New Zealand",2014,"Average_Price",1.9523812851365,"Raw Exports"
"New Zealand",2015,"Average_Price",1.68853106488828,"Raw Exports"
"New Zealand",2016,"Average_Price",2.82160561877543,"Raw Exports"
"New Zealand",2017,"Average_Price",2.83587052876026,"Raw Exports"
"New Zealand",2018,"Average_Price",3.21050727873973,"Raw Exports"
"New Zealand",2019,"Average_Price",2.75714908011092,"Raw Exports"
"New Zealand",2020,"Average_Price",3.0068362266239,"Raw Exports"
"New Zealand",2021,"Average_Price",2.73146431863639,"Raw Exports"
"New Zealand",2022,"Average_Price",4.07177046753248,"Raw Exports"
"New Zealand",2023,"Average_Price",6.3007302870969,"Raw Exports"
"New Zealand",2024,"Average_Price",3.77783105934674,"Raw Exports"
"New Zealand",2025,"Average_Price",5.40331037654677,"Raw Exports"
"Nicaragua",2019,"Average_Price",1.85691766201443,"Raw Exports"
"Nicaragua",2020,"Average_Price",1.53896772108155,"Raw Exports"
"Nicaragua",2021,"Average_Price",1.77161872338508,"Raw Exports"
"Nicaragua",2022,"Average_Price",1.72336447103769,"Raw Exports"
"Nicaragua",2023,"Average_Price",1.85957484738004,"Raw Exports"
"Oman",2015,"Average_Price",0.204599828692947,"Raw Exports"
"Oman",2016,"Average_Price",3.26319217206904,"Raw Exports"
"Oman",2018,"Average_Price",1.53836799500257,"Raw Exports"
"Oman",2022,"Average_Price",6.34153791382848,"Raw Exports"
"Oman",2023,"Average_Price",3.2312678832869,"Raw Exports"
"Other Asia, nes",2000,"Average_Price",1.03231347788564,"Raw Exports"
"Other Asia, nes",2001,"Average_Price",1.26211134367093,"Raw Exports"
"Other Asia, nes",2002,"Average_Price",1.17235034073507,"Raw Exports"
"Other Asia, nes",2003,"Average_Price",1.16828625348033,"Raw Exports"
"Other Asia, nes",2004,"Average_Price",1.07286291240981,"Raw Exports"
"Other Asia, nes",2005,"Average_Price",2.14561766436647,"Raw Exports"
"Other Asia, nes",2010,"Average_Price",4.76672063190655,"Raw Exports"
"Other Asia, nes",2011,"Average_Price",4.53891381202127,"Raw Exports"
"Other Asia, nes",2012,"Average_Price",3.61900371308678,"Raw Exports"
"Other Asia, nes",2013,"Average_Price",3.14700428949768,"Raw Exports"
"Other Asia, nes",2014,"Average_Price",2.68684264305586,"Raw Exports"
"Other Asia, nes",2015,"Average_Price",2.50158252201179,"Raw Exports"
"Other Asia, nes",2016,"Average_Price",2.63949322463127,"Raw Exports"
"Other Asia, nes",2017,"Average_Price",3.40851618771888,"Raw Exports"
"Other Asia, nes",2018,"Average_Price",2.29139564746472,"Raw Exports"
"Other Asia, nes",2019,"Average_Price",2.97568029829999,"Raw Exports"
"Other Asia, nes",2020,"Average_Price",2.48786626697517,"Raw Exports"
"Other Asia, nes",2021,"Average_Price",2.83772349585438,"Raw Exports"
"Other Asia, nes",2022,"Average_Price",3.10063842883863,"Raw Exports"
"Other Asia, nes",2023,"Average_Price",3.03021961328146,"Raw Exports"
"Other Asia, nes",2024,"Average_Price",2.32282427635417,"Raw Exports"
"Other Asia, nes",2025,"Average_Price",3.17380386287249,"Raw Exports"
"Other Europe, nes",2011,"Average_Price",2.37251421853679,"Raw Exports"
"Other Europe, nes",2012,"Average_Price",2.97051671926855,"Raw Exports"
"Other Europe, nes",2013,"Average_Price",3.07095744678438,"Raw Exports"
"Other Europe, nes",2014,"Average_Price",2.06353648239941,"Raw Exports"
"Other Europe, nes",2015,"Average_Price",1.64684457639152,"Raw Exports"
"Other Europe, nes",2016,"Average_Price",2.06768963473129,"Raw Exports"
"Other Europe, nes",2017,"Average_Price",2.30923619377208,"Raw Exports"
"Other Europe, nes",2018,"Average_Price",2.42551944061114,"Raw Exports"
"Other Europe, nes",2019,"Average_Price",2.60399876384036,"Raw Exports"
"Other Europe, nes",2020,"Average_Price",2.08404073635674,"Raw Exports"
"Other Europe, nes",2021,"Average_Price",2.42284868201612,"Raw Exports"
"Other Europe, nes",2022,"Average_Price",2.91294385949081,"Raw Exports"
"Other Europe, nes",2023,"Average_Price",5.10468363408947,"Raw Exports"
"Other Europe, nes",2024,"Average_Price",2.47541403846464,"Raw Exports"
"Other Europe, nes",2025,"Average_Price",2.68143572422795,"Raw Exports"
"Pakistan",2010,"Average_Price",1.86534998736901,"Raw Exports"
"Pakistan",2011,"Average_Price",1.91070108582513,"Raw Exports"
"Pakistan",2012,"Average_Price",2.03954193555014,"Raw Exports"
"Pakistan",2014,"Average_Price",2.26746783744458,"Raw Exports"
"Pakistan",2015,"Average_Price",3.47479875868439,"Raw Exports"
"Pakistan",2016,"Average_Price",3.29200019557956,"Raw Exports"
"Pakistan",2019,"Average_Price",2.22685390787026,"Raw Exports"
"Pakistan",2020,"Average_Price",1.9611933347549,"Raw Exports"
"Pakistan",2023,"Average_Price",1.64200896800494,"Raw Exports"
"Pakistan",2024,"Average_Price",1.7282354110354,"Raw Exports"
"Pakistan",2025,"Average_Price",1.78455864115537,"Raw Exports"
"Panama",2010,"Average_Price",3.06843294300243,"Raw Exports"
"Panama",2012,"Average_Price",2.93611261709617,"Raw Exports"
"Panama",2013,"Average_Price",2.94806003529366,"Raw Exports"
"Panama",2014,"Average_Price",2.58508176292566,"Raw Exports"
"Panama",2015,"Average_Price",1.76020794813316,"Raw Exports"
"Panama",2016,"Average_Price",2.00435749058379,"Raw Exports"
"Panama",2017,"Average_Price",2.39560326052235,"Raw Exports"
"Panama",2018,"Average_Price",2.15489821403789,"Raw Exports"
"Panama",2019,"Average_Price",2.51935809129841,"Raw Exports"
"Panama",2020,"Average_Price",2.51394742132653,"Raw Exports"
"Panama",2021,"Average_Price",2.45137563001558,"Raw Exports"
"Panama",2022,"Average_Price",3.30369095252914,"Raw Exports"
"Panama",2023,"Average_Price",2.86804002032816,"Raw Exports"
"Panama",2024,"Average_Price",3.12796435628234,"Raw Exports"
"Panama",2025,"Average_Price",3.40539594468757,"Raw Exports"
"Peru",2016,"Average_Price",1.44333895891925,"Raw Exports"
"Peru",2017,"Average_Price",1.70786786622988,"Raw Exports"
"Peru",2024,"Average_Price",1.37074792421196,"Raw Exports"
"Peru",2025,"Average_Price",1.12636327620731,"Raw Exports"
"Philippines",2010,"Average_Price",3.50999112166417,"Raw Exports"
"Philippines",2011,"Average_Price",4.90263035954892,"Raw Exports"
"Philippines",2012,"Average_Price",5.94307322889497,"Raw Exports"
"Philippines",2013,"Average_Price",5.47759451001005,"Raw Exports"
"Philippines",2014,"Average_Price",3.94593150660246,"Raw Exports"
"Philippines",2015,"Average_Price",2.93122316634088,"Raw Exports"
"Philippines",2016,"Average_Price",3.65784110884714,"Raw Exports"
"Philippines",2017,"Average_Price",3.82956294381471,"Raw Exports"
"Philippines",2018,"Average_Price",4.0915842365785,"Raw Exports"
"Philippines",2019,"Average_Price",2.39007446495733,"Raw Exports"
"Philippines",2021,"Average_Price",3.73195785937867,"Raw Exports"
"Philippines",2022,"Average_Price",4.43185053152421,"Raw Exports"
"Philippines",2023,"Average_Price",3.94547210465259,"Raw Exports"
"Philippines",2024,"Average_Price",3.12126150330956,"Raw Exports"
"Philippines",2025,"Average_Price",2.93394475842292,"Raw Exports"
"Portugal",2010,"Average_Price",3.68903598391668,"Raw Exports"
"Portugal",2011,"Average_Price",5.2209576423806,"Raw Exports"
"Portugal",2012,"Average_Price",5.36540987427284,"Raw Exports"
"Portugal",2013,"Average_Price",4.36658046607408,"Raw Exports"
"Portugal",2014,"Average_Price",3.67871952034493,"Raw Exports"
"Portugal",2015,"Average_Price",3.99486949513438,"Raw Exports"
"Portugal",2016,"Average_Price",4.49885391576958,"Raw Exports"
"Portugal",2017,"Average_Price",4.93981671408871,"Raw Exports"
"Portugal",2018,"Average_Price",4.59081605220242,"Raw Exports"
"Portugal",2019,"Average_Price",4.56690765940504,"Raw Exports"
"Portugal",2020,"Average_Price",5.14091485235255,"Raw Exports"
"Portugal",2021,"Average_Price",4.96107994933728,"Raw Exports"
"Portugal",2022,"Average_Price",6.77616836731079,"Raw Exports"
"Portugal",2023,"Average_Price",6.84842769164586,"Raw Exports"
"Portugal",2024,"Average_Price",6.31873954526976,"Raw Exports"
"Portugal",2025,"Average_Price",6.12888173736541,"Raw Exports"
"Rep. of Korea",2015,"Average_Price",2.07620790039514,"Raw Exports"
"Rep. of Korea",2016,"Average_Price",2.44163303181922,"Raw Exports"
"Rep. of Korea",2017,"Average_Price",3.10978879122207,"Raw Exports"
"Rep. of Korea",2018,"Average_Price",2.71808085246258,"Raw Exports"
"Rep. of Korea",2019,"Average_Price",2.24605693441077,"Raw Exports"
"Rep. of Korea",2020,"Average_Price",2.30075876538995,"Raw Exports"
"Rep. of Korea",2021,"Average_Price",3.09434679575574,"Raw Exports"
"Rep. of Korea",2022,"Average_Price",3.30526948878709,"Raw Exports"
"Rep. of Korea",2023,"Average_Price",2.93949471671946,"Raw Exports"
"Rep. of Korea",2024,"Average_Price",2.40991484625462,"Raw Exports"
"Samoa",2018,"Average_Price",2.82124356026429,"Raw Exports"
"Senegal",2010,"Average_Price",1.35413821938814,"Raw Exports"
"Senegal",2011,"Average_Price",1.38905802659923,"Raw Exports"
"Senegal",2012,"Average_Price",1.4589162368706,"Raw Exports"
"Senegal",2013,"Average_Price",0.97491818308144,"Raw Exports"
"Senegal",2014,"Average_Price",1.19578853614285,"Raw Exports"
"Senegal",2015,"Average_Price",1.14429804451355,"Raw Exports"
"Senegal",2016,"Average_Price",1.30265050623285,"Raw Exports"
"Senegal",2017,"Average_Price",1.5150167397249,"Raw Exports"
"Senegal",2018,"Average_Price",1.48994145321425,"Raw Exports"
"Senegal",2019,"Average_Price",1.21961106819145,"Raw Exports"
"Senegal",2020,"Average_Price",1.10820093682681,"Raw Exports"
"Senegal",2022,"Average_Price",1.40211702888547,"Raw Exports"
"Seychelles",2009,"Average_Price",9.24767978194418,"Raw Exports"
"Seychelles",2010,"Average_Price",2.72331160990362,"Raw Exports"
"Seychelles",2011,"Average_Price",2.9516716841315,"Raw Exports"
"Seychelles",2013,"Average_Price",6.988313531022,"Raw Exports"
"Seychelles",2016,"Average_Price",1.25106395137738,"Raw Exports"
"Seychelles",2017,"Average_Price",1.43761701729572,"Raw Exports"
"Seychelles",2018,"Average_Price",1.68041779874576,"Raw Exports"
"Seychelles",2019,"Average_Price",1.80031913152127,"Raw Exports"
"Seychelles",2020,"Average_Price",1.13485101153007,"Raw Exports"
"Seychelles",2021,"Average_Price",0.910184431979928,"Raw Exports"
"Seychelles",2022,"Average_Price",1.80126345944958,"Raw Exports"
"Singapore",2011,"Average_Price",3.2577317512705,"Raw Exports"
"Singapore",2012,"Average_Price",5.84303933536466,"Raw Exports"
"Singapore",2013,"Average_Price",3.7817555831725,"Raw Exports"
"Singapore",2014,"Average_Price",4.15975740928404,"Raw Exports"
"Singapore",2015,"Average_Price",3.91975802211362,"Raw Exports"
"Singapore",2019,"Average_Price",2.75096001107744,"Raw Exports"
"Singapore",2020,"Average_Price",2.46047965632636,"Raw Exports"
"Singapore",2023,"Average_Price",2.5611559670633,"Raw Exports"
"Singapore",2024,"Average_Price",2.79363223554425,"Raw Exports"
"Singapore",2025,"Average_Price",2.67677358494622,"Raw Exports"
"South Africa",2010,"Average_Price",3.0369450059309,"Raw Exports"
"South Africa",2011,"Average_Price",4.79706618795769,"Raw Exports"
"South Africa",2012,"Average_Price",3.46142572593857,"Raw Exports"
"South Africa",2013,"Average_Price",3.51338940353568,"Raw Exports"
"South Africa",2014,"Average_Price",3.15176818147732,"Raw Exports"
"South Africa",2015,"Average_Price",3.35723097254464,"Raw Exports"
"South Africa",2016,"Average_Price",3.47632796523906,"Raw Exports"
"South Africa",2017,"Average_Price",3.83356575026369,"Raw Exports"
"South Africa",2018,"Average_Price",4.86489798604157,"Raw Exports"
"South Africa",2019,"Average_Price",4.88149136874244,"Raw Exports"
"South Africa",2020,"Average_Price",4.38906753906116,"Raw Exports"
"South Africa",2021,"Average_Price",4.91999446365351,"Raw Exports"
"South Africa",2022,"Average_Price",5.60402126390579,"Raw Exports"
"South Africa",2023,"Average_Price",6.43909184481337,"Raw Exports"
"South Africa",2024,"Average_Price",5.0482675307461,"Raw Exports"
"South Africa",2025,"Average_Price",4.93610308618026,"Raw Exports"
"Spain",2002,"Average_Price",1.72410474959677,"Raw Exports"
"Spain",2003,"Average_Price",1.38682411923959,"Raw Exports"
"Spain",2004,"Average_Price",1.78686395612326,"Raw Exports"
"Spain",2005,"Average_Price",1.44109590106726,"Raw Exports"
"Spain",2006,"Average_Price",1.58685079119104,"Raw Exports"
"Spain",2007,"Average_Price",2.18096220288816,"Raw Exports"
"Spain",2008,"Average_Price",2.482404522814,"Raw Exports"
"Spain",2009,"Average_Price",1.55350687167045,"Raw Exports"
"Spain",2010,"Average_Price",1.63257371389491,"Raw Exports"
"Spain",2011,"Average_Price",2.10934122336799,"Raw Exports"
"Spain",2012,"Average_Price",2.64260605268913,"Raw Exports"
"Spain",2013,"Average_Price",2.79250702875501,"Raw Exports"
"Spain",2014,"Average_Price",2.08053560579704,"Raw Exports"
"Spain",2015,"Average_Price",2.00330403023423,"Raw Exports"
"Spain",2016,"Average_Price",2.15420551010992,"Raw Exports"
"Spain",2017,"Average_Price",2.71795960701467,"Raw Exports"
"Spain",2018,"Average_Price",2.46161151630209,"Raw Exports"
"Spain",2019,"Average_Price",2.24029747388892,"Raw Exports"
"Spain",2020,"Average_Price",2.34630079082464,"Raw Exports"
"Spain",2021,"Average_Price",2.76764813799035,"Raw Exports"
"Spain",2022,"Average_Price",3.13524369089969,"Raw Exports"
"Spain",2023,"Average_Price",2.92937147240596,"Raw Exports"
"Spain",2024,"Average_Price",2.80920764096653,"Raw Exports"
"Spain",2025,"Average_Price",2.82503697078201,"Raw Exports"
"Thailand",2010,"Average_Price",1.90119824231441,"Raw Exports"
"Thailand",2011,"Average_Price",2.51715378022246,"Raw Exports"
"Thailand",2012,"Average_Price",4.29506385321297,"Raw Exports"
"Thailand",2013,"Average_Price",3.82579311789847,"Raw Exports"
"Thailand",2014,"Average_Price",3.37209638994879,"Raw Exports"
"Thailand",2015,"Average_Price",3.64130428135763,"Raw Exports"
"Thailand",2016,"Average_Price",3.05376455884207,"Raw Exports"
"Thailand",2017,"Average_Price",2.92125227830188,"Raw Exports"
"Thailand",2018,"Average_Price",3.11373481279168,"Raw Exports"
"Thailand",2019,"Average_Price",3.23334314376586,"Raw Exports"
"Thailand",2020,"Average_Price",2.45474399216278,"Raw Exports"
"Thailand",2021,"Average_Price",2.57873491897975,"Raw Exports"
"Thailand",2022,"Average_Price",2.84941543075887,"Raw Exports"
"Thailand",2023,"Average_Price",2.68093634688537,"Raw Exports"
"Thailand",2024,"Average_Price",2.38441633976194,"Raw Exports"
"Thailand",2025,"Average_Price",2.37458134741902,"Raw Exports"
"Tunisia",2014,"Average_Price",17.5149943714976,"Raw Exports"
"Tunisia",2021,"Average_Price",12.5549957546626,"Raw Exports"
"Tunisia",2022,"Average_Price",15.7065229563628,"Raw Exports"
"Türkiye",2003,"Average_Price",7.29901973122858,"Raw Exports"
"Türkiye",2005,"Average_Price",13.640147608707,"Raw Exports"
"Türkiye",2006,"Average_Price",13.0810941800614,"Raw Exports"
"Türkiye",2008,"Average_Price",20.770346828637,"Raw Exports"
"Türkiye",2009,"Average_Price",17.5904564855354,"Raw Exports"
"Türkiye",2010,"Average_Price",17.7791451242476,"Raw Exports"
"Türkiye",2011,"Average_Price",20.3881780214005,"Raw Exports"
"Türkiye",2013,"Average_Price",18.817396424034,"Raw Exports"
"Türkiye",2014,"Average_Price",17.0500982322707,"Raw Exports"
"Türkiye",2015,"Average_Price",16.7288919375391,"Raw Exports"
"Türkiye",2016,"Average_Price",14.204737943321,"Raw Exports"
"Türkiye",2017,"Average_Price",13.9294778614343,"Raw Exports"
"Türkiye",2018,"Average_Price",14.0407677560584,"Raw Exports"
"Türkiye",2019,"Average_Price",12.7067892427876,"Raw Exports"
"Türkiye",2020,"Average_Price",10.9301313066866,"Raw Exports"
"Türkiye",2021,"Average_Price",12.1597284260027,"Raw Exports"
"Türkiye",2022,"Average_Price",16.5586739990379,"Raw Exports"
"Türkiye",2023,"Average_Price",17.7625738018134,"Raw Exports"
"Türkiye",2024,"Average_Price",10.3534465149352,"Raw Exports"
"Türkiye",2025,"Average_Price",13.1485381875824,"Raw Exports"
"USA",2016,"Average_Price",3.67080901881971,"Raw Exports"
"USA",2017,"Average_Price",4.97955577016186,"Raw Exports"
"USA",2018,"Average_Price",4.98942094887077,"Raw Exports"
"USA",2019,"Average_Price",5.58306712733417,"Raw Exports"
"USA",2020,"Average_Price",4.62792352890812,"Raw Exports"
"USA",2021,"Average_Price",5.99456914881957,"Raw Exports"
"USA",2022,"Average_Price",5.53174558885297,"Raw Exports"
"USA",2023,"Average_Price",5.81972180788255,"Raw Exports"
"USA",2024,"Average_Price",5.71417705297923,"Raw Exports"
"USA",2025,"Average_Price",5.71316322455144,"Raw Exports"
"United Arab Emirates",2018,"Average_Price",2.28746484989509,"Raw Exports"
"United Arab Emirates",2019,"Average_Price",1.73065884489292,"Raw Exports"
"Viet Nam",2015,"Average_Price",6.04389364622008,"Raw Exports"
"Viet Nam",2016,"Average_Price",5.64529781889101,"Raw Exports"
"Viet Nam",2017,"Average_Price",5.642022240154,"Raw Exports"
"Viet Nam",2018,"Average_Price",9.35370947287795,"Raw Exports"
"Viet Nam",2019,"Average_Price",6.49585206111697,"Raw Exports"
"Viet Nam",2020,"Average_Price",6.53874648187343,"Raw Exports"
"Viet Nam",2021,"Average_Price",7.30520730906232,"Raw Exports"
"Viet Nam",2022,"Average_Price",10.6712842022717,"Raw Exports"
"Viet Nam",2023,"Average_Price",8.87047482912304,"Raw Exports"
"Yemen",2012,"Average_Price",2.84692176723807,"Raw Exports"
