"reporter_desc","Year","variable","value","Source"
"Algeria",2010,"Total_Net_Wgt",7803377,"Tinned Imports"
"Algeria",2011,"Total_Net_Wgt",6305922,"Tinned Imports"
"Algeria",2012,"Total_Net_Wgt",5693782,"Tinned Imports"
"Algeria",2013,"Total_Net_Wgt",8083236,"Tinned Imports"
"Algeria",2014,"Total_Net_Wgt",6740870.382,"Tinned Imports"
"Algeria",2015,"Total_Net_Wgt",7182002.07,"Tinned Imports"
"Algeria",2016,"Total_Net_Wgt",7855333,"Tinned Imports"
"Algeria",2017,"Total_Net_Wgt",1707804,"Tinned Imports"
"Angola",2015,"Total_Net_Wgt",22940279.7,"Tinned Imports"
"Angola",2016,"Total_Net_Wgt",17102644,"Tinned Imports"
"Angola",2017,"Total_Net_Wgt",3346020.393,"Tinned Imports"
"Angola",2018,"Total_Net_Wgt",10715029.95,"Tinned Imports"
"Angola",2019,"Total_Net_Wgt",2219653.362,"Tinned Imports"
"Angola",2020,"Total_Net_Wgt",1338125.107,"Tinned Imports"
"Angola",2021,"Total_Net_Wgt",1759431.428,"Tinned Imports"
"Angola",2022,"Total_Net_Wgt",3183759.353,"Tinned Imports"
"Angola",2023,"Total_Net_Wgt",2013158.559,"Tinned Imports"
"Argentina",2010,"Total_Net_Wgt",11012958.02,"Tinned Imports"
"Argentina",2011,"Total_Net_Wgt",13946306.93,"Tinned Imports"
"Argentina",2012,"Total_Net_Wgt",14064482.85,"Tinned Imports"
"Argentina",2013,"Total_Net_Wgt",13043203.88,"Tinned Imports"
"Argentina",2014,"Total_Net_Wgt",10943223.85,"Tinned Imports"
"Argentina",2015,"Total_Net_Wgt",15278553.75,"Tinned Imports"
"Argentina",2016,"Total_Net_Wgt",15447464.92,"Tinned Imports"
"Argentina",2017,"Total_Net_Wgt",16535784.82,"Tinned Imports"
"Argentina",2018,"Total_Net_Wgt",18152750.88,"Tinned Imports"
"Argentina",2019,"Total_Net_Wgt",12315738.56,"Tinned Imports"
"Argentina",2020,"Total_Net_Wgt",13275891.89,"Tinned Imports"
"Argentina",2021,"Total_Net_Wgt",17371385.94,"Tinned Imports"
"Argentina",2022,"Total_Net_Wgt",18781173.14,"Tinned Imports"
"Argentina",2023,"Total_Net_Wgt",16787509.3,"Tinned Imports"
"Argentina",2024,"Total_Net_Wgt",17416507.52,"Tinned Imports"
"Argentina",2025,"Total_Net_Wgt",16856316.54,"Tinned Imports"
"Australia",2010,"Total_Net_Wgt",10086560.002,"Tinned Imports"
"Australia",2011,"Total_Net_Wgt",43823668.08,"Tinned Imports"
"Australia",2012,"Total_Net_Wgt",45131342.594,"Tinned Imports"
"Australia",2013,"Total_Net_Wgt",47036472.314,"Tinned Imports"
"Australia",2014,"Total_Net_Wgt",48228801.545,"Tinned Imports"
"Australia",2015,"Total_Net_Wgt",47427401.202,"Tinned Imports"
"Australia",2016,"Total_Net_Wgt",45201397.731,"Tinned Imports"
"Australia",2017,"Total_Net_Wgt",45621785.45,"Tinned Imports"
"Australia",2018,"Total_Net_Wgt",47119037.06,"Tinned Imports"
"Australia",2019,"Total_Net_Wgt",44130903.68,"Tinned Imports"
"Australia",2020,"Total_Net_Wgt",42613647.48,"Tinned Imports"
"Australia",2021,"Total_Net_Wgt",39237307.867,"Tinned Imports"
"Australia",2022,"Total_Net_Wgt",49184165.86,"Tinned Imports"
"Australia",2023,"Total_Net_Wgt",39286599.76,"Tinned Imports"
"Australia",2024,"Total_Net_Wgt",47754260.25,"Tinned Imports"
"Australia",2025,"Total_Net_Wgt",40705489.79,"Tinned Imports"
"Austria",2010,"Total_Net_Wgt",7818600,"Tinned Imports"
"Austria",2011,"Total_Net_Wgt",10250300,"Tinned Imports"
"Austria",2012,"Total_Net_Wgt",9765300,"Tinned Imports"
"Austria",2013,"Total_Net_Wgt",8284100,"Tinned Imports"
"Austria",2014,"Total_Net_Wgt",5950100,"Tinned Imports"
"Austria",2015,"Total_Net_Wgt",7132162,"Tinned Imports"
"Austria",2016,"Total_Net_Wgt",7405216,"Tinned Imports"
"Austria",2017,"Total_Net_Wgt",5386879,"Tinned Imports"
"Austria",2022,"Total_Net_Wgt",10383625.282,"Tinned Imports"
"Bahrain",2017,"Total_Net_Wgt",846376.74,"Tinned Imports"
"Barbados",2011,"Total_Net_Wgt",1106459,"Tinned Imports"
"Barbados",2012,"Total_Net_Wgt",1054128,"Tinned Imports"
"Barbados",2013,"Total_Net_Wgt",791501,"Tinned Imports"
"Barbados",2014,"Total_Net_Wgt",1147553,"Tinned Imports"
"Barbados",2015,"Total_Net_Wgt",1316539,"Tinned Imports"
"Barbados",2016,"Total_Net_Wgt",1816273,"Tinned Imports"
"Barbados",2017,"Total_Net_Wgt",2448591,"Tinned Imports"
"Barbados",2018,"Total_Net_Wgt",2461028,"Tinned Imports"
"Barbados",2019,"Total_Net_Wgt",2191491,"Tinned Imports"
"Barbados",2020,"Total_Net_Wgt",2954488.144,"Tinned Imports"
"Barbados",2021,"Total_Net_Wgt",2920006,"Tinned Imports"
"Barbados",2022,"Total_Net_Wgt",3651993,"Tinned Imports"
"Barbados",2023,"Total_Net_Wgt",2688446,"Tinned Imports"
"Barbados",2024,"Total_Net_Wgt",2070592,"Tinned Imports"
"Belgium",2010,"Total_Net_Wgt",13344465.47,"Tinned Imports"
"Belgium",2011,"Total_Net_Wgt",15542088.4,"Tinned Imports"
"Belgium",2012,"Total_Net_Wgt",14816540.43,"Tinned Imports"
"Belgium",2013,"Total_Net_Wgt",14359289.86,"Tinned Imports"
"Belgium",2014,"Total_Net_Wgt",16306765.4,"Tinned Imports"
"Belgium",2015,"Total_Net_Wgt",13246701.87,"Tinned Imports"
"Belgium",2016,"Total_Net_Wgt",13480032.76,"Tinned Imports"
"Belgium",2017,"Total_Net_Wgt",16460097.56,"Tinned Imports"
"Belgium",2018,"Total_Net_Wgt",17523825.82,"Tinned Imports"
"Belgium",2019,"Total_Net_Wgt",13433402.647,"Tinned Imports"
"Belgium",2020,"Total_Net_Wgt",13353766.27,"Tinned Imports"
"Belgium",2021,"Total_Net_Wgt",13289686.37,"Tinned Imports"
"Belgium",2022,"Total_Net_Wgt",14188741.95,"Tinned Imports"
"Belgium",2023,"Total_Net_Wgt",13296447.83,"Tinned Imports"
"Belgium",2024,"Total_Net_Wgt",12632526.608,"Tinned Imports"
"Belgium",2025,"Total_Net_Wgt",11458086.906,"Tinned Imports"
"Bosnia Herzegovina",2010,"Total_Net_Wgt",1964377,"Tinned Imports"
"Bosnia Herzegovina",2011,"Total_Net_Wgt",1421485,"Tinned Imports"
"Bosnia Herzegovina",2012,"Total_Net_Wgt",1126514,"Tinned Imports"
"Bosnia Herzegovina",2013,"Total_Net_Wgt",1293874,"Tinned Imports"
"Bosnia Herzegovina",2014,"Total_Net_Wgt",2098607,"Tinned Imports"
"Bosnia Herzegovina",2015,"Total_Net_Wgt",1735669,"Tinned Imports"
"Bosnia Herzegovina",2016,"Total_Net_Wgt",2245743,"Tinned Imports"
"Bosnia Herzegovina",2017,"Total_Net_Wgt",2085802.44,"Tinned Imports"
"Bosnia Herzegovina",2018,"Total_Net_Wgt",2129998.98,"Tinned Imports"
"Bosnia Herzegovina",2019,"Total_Net_Wgt",2781566.15,"Tinned Imports"
"Bosnia Herzegovina",2020,"Total_Net_Wgt",2359639.54,"Tinned Imports"
"Bosnia Herzegovina",2021,"Total_Net_Wgt",1874533.9,"Tinned Imports"
"Bosnia Herzegovina",2022,"Total_Net_Wgt",2748305.35,"Tinned Imports"
"Bosnia Herzegovina",2023,"Total_Net_Wgt",2604563.59,"Tinned Imports"
"Bosnia Herzegovina",2024,"Total_Net_Wgt",2956133.52,"Tinned Imports"
"Bosnia Herzegovina",2025,"Total_Net_Wgt",2156157.52,"Tinned Imports"
"Brazil",2000,"Total_Net_Wgt",709296,"Tinned Imports"
"Brazil",2007,"Total_Net_Wgt",829400,"Tinned Imports"
"Brazil",2009,"Total_Net_Wgt",1395322,"Tinned Imports"
"Brazil",2010,"Total_Net_Wgt",2292319,"Tinned Imports"
"Brazil",2011,"Total_Net_Wgt",3411322,"Tinned Imports"
"Brazil",2012,"Total_Net_Wgt",2723040,"Tinned Imports"
"Brazil",2013,"Total_Net_Wgt",4678984,"Tinned Imports"
"Brazil",2014,"Total_Net_Wgt",8744314,"Tinned Imports"
"Brazil",2015,"Total_Net_Wgt",8198761,"Tinned Imports"
"Brazil",2016,"Total_Net_Wgt",6864827,"Tinned Imports"
"Brazil",2017,"Total_Net_Wgt",4250648,"Tinned Imports"
"Brazil",2018,"Total_Net_Wgt",4329607,"Tinned Imports"
"Brazil",2019,"Total_Net_Wgt",2563192,"Tinned Imports"
"Brazil",2020,"Total_Net_Wgt",1765375,"Tinned Imports"
"Brazil",2021,"Total_Net_Wgt",1602909,"Tinned Imports"
"Brazil",2022,"Total_Net_Wgt",1947569,"Tinned Imports"
"Brazil",2024,"Total_Net_Wgt",2115927,"Tinned Imports"
"Brazil",2025,"Total_Net_Wgt",3524025,"Tinned Imports"
"Bulgaria",2013,"Total_Net_Wgt",874475,"Tinned Imports"
"Bulgaria",2014,"Total_Net_Wgt",895300,"Tinned Imports"
"Bulgaria",2016,"Total_Net_Wgt",875176,"Tinned Imports"
"Bulgaria",2018,"Total_Net_Wgt",902418,"Tinned Imports"
"Bulgaria",2019,"Total_Net_Wgt",960052,"Tinned Imports"
"Bulgaria",2020,"Total_Net_Wgt",1684473,"Tinned Imports"
"Bulgaria",2021,"Total_Net_Wgt",1491885,"Tinned Imports"
"Bulgaria",2022,"Total_Net_Wgt",1693560.205,"Tinned Imports"
"Bulgaria",2023,"Total_Net_Wgt",1769288,"Tinned Imports"
"Canada",2010,"Total_Net_Wgt",34634587,"Tinned Imports"
"Canada",2011,"Total_Net_Wgt",31019154,"Tinned Imports"
"Canada",2012,"Total_Net_Wgt",30343118,"Tinned Imports"
"Canada",2013,"Total_Net_Wgt",35366358,"Tinned Imports"
"Canada",2014,"Total_Net_Wgt",33552974,"Tinned Imports"
"Canada",2015,"Total_Net_Wgt",36296011,"Tinned Imports"
"Canada",2016,"Total_Net_Wgt",26434699,"Tinned Imports"
"Canada",2017,"Total_Net_Wgt",29578344,"Tinned Imports"
"Canada",2018,"Total_Net_Wgt",27587160,"Tinned Imports"
"Canada",2019,"Total_Net_Wgt",29346190,"Tinned Imports"
"Canada",2020,"Total_Net_Wgt",36559436.402,"Tinned Imports"
"Canada",2021,"Total_Net_Wgt",31018121.025,"Tinned Imports"
"Canada",2022,"Total_Net_Wgt",37390128.254,"Tinned Imports"
"Canada",2023,"Total_Net_Wgt",31157493.789,"Tinned Imports"
"Canada",2024,"Total_Net_Wgt",37397050.819,"Tinned Imports"
"Canada",2025,"Total_Net_Wgt",28211808.372,"Tinned Imports"
"Chile",2003,"Total_Net_Wgt",6491211.531,"Tinned Imports"
"Chile",2004,"Total_Net_Wgt",7275331.146,"Tinned Imports"
"Chile",2005,"Total_Net_Wgt",7649241.729,"Tinned Imports"
"Chile",2006,"Total_Net_Wgt",8451534.726,"Tinned Imports"
"Chile",2007,"Total_Net_Wgt",7808316.853,"Tinned Imports"
"Chile",2008,"Total_Net_Wgt",8507140.627,"Tinned Imports"
"Chile",2009,"Total_Net_Wgt",7042005.056,"Tinned Imports"
"Chile",2010,"Total_Net_Wgt",10750642.608,"Tinned Imports"
"Chile",2011,"Total_Net_Wgt",12419234.46,"Tinned Imports"
"Chile",2012,"Total_Net_Wgt",10827761.106,"Tinned Imports"
"Chile",2013,"Total_Net_Wgt",16354618.93,"Tinned Imports"
"Chile",2014,"Total_Net_Wgt",16917782.342,"Tinned Imports"
"Chile",2015,"Total_Net_Wgt",19274887.405,"Tinned Imports"
"Chile",2016,"Total_Net_Wgt",15445772.487,"Tinned Imports"
"Chile",2017,"Total_Net_Wgt",21947004.067,"Tinned Imports"
"Chile",2018,"Total_Net_Wgt",22338270.936,"Tinned Imports"
"Chile",2019,"Total_Net_Wgt",23893590.76,"Tinned Imports"
"Chile",2020,"Total_Net_Wgt",29519908.42,"Tinned Imports"
"Chile",2021,"Total_Net_Wgt",24664482.848,"Tinned Imports"
"Chile",2022,"Total_Net_Wgt",28181400.7,"Tinned Imports"
"Chile",2023,"Total_Net_Wgt",26486972.111,"Tinned Imports"
"Chile",2024,"Total_Net_Wgt",33951945.433,"Tinned Imports"
"Chile",2025,"Total_Net_Wgt",33359772.443,"Tinned Imports"
"China",2010,"Total_Net_Wgt",1860787,"Tinned Imports"
"China",2011,"Total_Net_Wgt",2583273,"Tinned Imports"
"China",2012,"Total_Net_Wgt",1217872,"Tinned Imports"
"China",2015,"Total_Net_Wgt",2783262.77,"Tinned Imports"
"China",2016,"Total_Net_Wgt",5713968.267,"Tinned Imports"
"China",2017,"Total_Net_Wgt",4964247.765,"Tinned Imports"
"China",2018,"Total_Net_Wgt",5933794.506,"Tinned Imports"
"China",2019,"Total_Net_Wgt",6319531.201,"Tinned Imports"
"China",2020,"Total_Net_Wgt",6856987.222,"Tinned Imports"
"China",2021,"Total_Net_Wgt",5710269.308,"Tinned Imports"
"China",2022,"Total_Net_Wgt",6246155,"Tinned Imports"
"China",2023,"Total_Net_Wgt",6666104.656,"Tinned Imports"
"China",2024,"Total_Net_Wgt",4786201.34,"Tinned Imports"
"China",2025,"Total_Net_Wgt",2464439,"Tinned Imports"
"Colombia",2010,"Total_Net_Wgt",7295575.97,"Tinned Imports"
"Colombia",2014,"Total_Net_Wgt",30222501.69,"Tinned Imports"
"Colombia",2015,"Total_Net_Wgt",3283808.38,"Tinned Imports"
"Colombia",2016,"Total_Net_Wgt",28553760.47,"Tinned Imports"
"Colombia",2017,"Total_Net_Wgt",25498754.45,"Tinned Imports"
"Colombia",2018,"Total_Net_Wgt",32198118.95,"Tinned Imports"
"Colombia",2019,"Total_Net_Wgt",31197428.97,"Tinned Imports"
"Colombia",2020,"Total_Net_Wgt",46408175.37,"Tinned Imports"
"Colombia",2021,"Total_Net_Wgt",39771255.69,"Tinned Imports"
"Colombia",2022,"Total_Net_Wgt",33992126.37,"Tinned Imports"
"Colombia",2023,"Total_Net_Wgt",30332627.51,"Tinned Imports"
"Colombia",2024,"Total_Net_Wgt",6208359.7,"Tinned Imports"
"Colombia",2025,"Total_Net_Wgt",22649650.78,"Tinned Imports"
"Costa Rica",2018,"Total_Net_Wgt",1314027.84,"Tinned Imports"
"Costa Rica",2020,"Total_Net_Wgt",2026781.9,"Tinned Imports"
"Croatia",2010,"Total_Net_Wgt",3148598,"Tinned Imports"
"Croatia",2011,"Total_Net_Wgt",2696958,"Tinned Imports"
"Croatia",2012,"Total_Net_Wgt",1502187,"Tinned Imports"
"Croatia",2013,"Total_Net_Wgt",2039065,"Tinned Imports"
"Croatia",2014,"Total_Net_Wgt",2753587,"Tinned Imports"
"Croatia",2015,"Total_Net_Wgt",85048797,"Tinned Imports"
"Croatia",2016,"Total_Net_Wgt",2251567.589,"Tinned Imports"
"Croatia",2017,"Total_Net_Wgt",2753429.72,"Tinned Imports"
"Croatia",2018,"Total_Net_Wgt",3236745.766,"Tinned Imports"
"Croatia",2019,"Total_Net_Wgt",3848208.002,"Tinned Imports"
"Croatia",2020,"Total_Net_Wgt",3689472.424,"Tinned Imports"
"Croatia",2021,"Total_Net_Wgt",3776335.77,"Tinned Imports"
"Croatia",2022,"Total_Net_Wgt",3647817.006,"Tinned Imports"
"Croatia",2023,"Total_Net_Wgt",3692073.842,"Tinned Imports"
"Croatia",2024,"Total_Net_Wgt",4723755.482,"Tinned Imports"
"Croatia",2025,"Total_Net_Wgt",4072968.221,"Tinned Imports"
"Cyprus",2010,"Total_Net_Wgt",1730300,"Tinned Imports"
"Cyprus",2011,"Total_Net_Wgt",1572500,"Tinned Imports"
"Cyprus",2012,"Total_Net_Wgt",1428300,"Tinned Imports"
"Cyprus",2013,"Total_Net_Wgt",1935267,"Tinned Imports"
"Cyprus",2014,"Total_Net_Wgt",1874566,"Tinned Imports"
"Cyprus",2015,"Total_Net_Wgt",1819350,"Tinned Imports"
"Cyprus",2016,"Total_Net_Wgt",1680720,"Tinned Imports"
"Cyprus",2017,"Total_Net_Wgt",1670376.633,"Tinned Imports"
"Cyprus",2018,"Total_Net_Wgt",1937082,"Tinned Imports"
"Cyprus",2019,"Total_Net_Wgt",1758547,"Tinned Imports"
"Cyprus",2020,"Total_Net_Wgt",1734843,"Tinned Imports"
"Cyprus",2021,"Total_Net_Wgt",1145384.154,"Tinned Imports"
"Cyprus",2022,"Total_Net_Wgt",1659321,"Tinned Imports"
"Cyprus",2023,"Total_Net_Wgt",1685571,"Tinned Imports"
"Cyprus",2024,"Total_Net_Wgt",1946832,"Tinned Imports"
"Czechia",2010,"Total_Net_Wgt",1653300,"Tinned Imports"
"Czechia",2011,"Total_Net_Wgt",2514100,"Tinned Imports"
"Czechia",2012,"Total_Net_Wgt",2480300,"Tinned Imports"
"Czechia",2013,"Total_Net_Wgt",3189529,"Tinned Imports"
"Czechia",2014,"Total_Net_Wgt",5534204,"Tinned Imports"
"Czechia",2015,"Total_Net_Wgt",5262253,"Tinned Imports"
"Czechia",2016,"Total_Net_Wgt",5397815,"Tinned Imports"
"Czechia",2017,"Total_Net_Wgt",5914270.48,"Tinned Imports"
"Czechia",2018,"Total_Net_Wgt",7526146.258,"Tinned Imports"
"Czechia",2019,"Total_Net_Wgt",7951088.355,"Tinned Imports"
"Czechia",2020,"Total_Net_Wgt",8110143.906,"Tinned Imports"
"Czechia",2021,"Total_Net_Wgt",7801123.292,"Tinned Imports"
"Czechia",2022,"Total_Net_Wgt",7968859.946,"Tinned Imports"
"Czechia",2023,"Total_Net_Wgt",8216027.277,"Tinned Imports"
"Czechia",2024,"Total_Net_Wgt",9393754.021,"Tinned Imports"
"Czechia",2025,"Total_Net_Wgt",10048408.576,"Tinned Imports"
"Denmark",2010,"Total_Net_Wgt",7443200,"Tinned Imports"
"Denmark",2011,"Total_Net_Wgt",7992600,"Tinned Imports"
"Denmark",2012,"Total_Net_Wgt",6532600,"Tinned Imports"
"Denmark",2013,"Total_Net_Wgt",9833200,"Tinned Imports"
"Denmark",2014,"Total_Net_Wgt",8195052,"Tinned Imports"
"Denmark",2015,"Total_Net_Wgt",6966819,"Tinned Imports"
"Denmark",2016,"Total_Net_Wgt",8184941,"Tinned Imports"
"Denmark",2017,"Total_Net_Wgt",8455385,"Tinned Imports"
"Denmark",2018,"Total_Net_Wgt",7307138,"Tinned Imports"
"Denmark",2019,"Total_Net_Wgt",6981782,"Tinned Imports"
"Denmark",2020,"Total_Net_Wgt",6917453,"Tinned Imports"
"Denmark",2021,"Total_Net_Wgt",6437934,"Tinned Imports"
"Denmark",2022,"Total_Net_Wgt",6661517,"Tinned Imports"
"Denmark",2023,"Total_Net_Wgt",6901308,"Tinned Imports"
"Denmark",2024,"Total_Net_Wgt",8260234.717,"Tinned Imports"
"Denmark",2025,"Total_Net_Wgt",7382351.256,"Tinned Imports"
"Dominican Rep.",2002,"Total_Net_Wgt",15126314.988,"Tinned Imports"
"Dominican Rep.",2003,"Total_Net_Wgt",9522258.293,"Tinned Imports"
"Dominican Rep.",2004,"Total_Net_Wgt",8249241.747,"Tinned Imports"
"Dominican Rep.",2005,"Total_Net_Wgt",10302671.82,"Tinned Imports"
"Dominican Rep.",2006,"Total_Net_Wgt",14413239.61,"Tinned Imports"
"Dominican Rep.",2007,"Total_Net_Wgt",14542095.89,"Tinned Imports"
"Dominican Rep.",2008,"Total_Net_Wgt",14285362.848,"Tinned Imports"
"Dominican Rep.",2009,"Total_Net_Wgt",9509862.517,"Tinned Imports"
"Dominican Rep.",2014,"Total_Net_Wgt",2776928.415,"Tinned Imports"
"Dominican Rep.",2015,"Total_Net_Wgt",3418759.944,"Tinned Imports"
"Dominican Rep.",2016,"Total_Net_Wgt",3710172.397,"Tinned Imports"
"Dominican Rep.",2017,"Total_Net_Wgt",4479746.148,"Tinned Imports"
"Dominican Rep.",2018,"Total_Net_Wgt",4830829.244,"Tinned Imports"
"Dominican Rep.",2019,"Total_Net_Wgt",5063988.193,"Tinned Imports"
"Dominican Rep.",2020,"Total_Net_Wgt",6426738.837,"Tinned Imports"
"Dominican Rep.",2021,"Total_Net_Wgt",6101980.428,"Tinned Imports"
"Dominican Rep.",2022,"Total_Net_Wgt",5615841.447,"Tinned Imports"
"Dominican Rep.",2023,"Total_Net_Wgt",6160035.17,"Tinned Imports"
"Dominican Rep.",2024,"Total_Net_Wgt",6467466.599,"Tinned Imports"
"Egypt",2010,"Total_Net_Wgt",58808742.158,"Tinned Imports"
"Egypt",2015,"Total_Net_Wgt",85972929.305,"Tinned Imports"
"Egypt",2016,"Total_Net_Wgt",123386907.4,"Tinned Imports"
"Egypt",2017,"Total_Net_Wgt",30068034.26,"Tinned Imports"
"Egypt",2018,"Total_Net_Wgt",33027795.86,"Tinned Imports"
"Egypt",2019,"Total_Net_Wgt",31876720.792,"Tinned Imports"
"Egypt",2020,"Total_Net_Wgt",36597563.554,"Tinned Imports"
"Egypt",2021,"Total_Net_Wgt",46785525.392,"Tinned Imports"
"Egypt",2022,"Total_Net_Wgt",49105176.455,"Tinned Imports"
"Egypt",2023,"Total_Net_Wgt",14092802.283,"Tinned Imports"
"Egypt",2024,"Total_Net_Wgt",23730254.198,"Tinned Imports"
"Egypt",2025,"Total_Net_Wgt",22236997.538,"Tinned Imports"
"El Salvador",2012,"Total_Net_Wgt",1093804.87,"Tinned Imports"
"El Salvador",2013,"Total_Net_Wgt",732789.23,"Tinned Imports"
"El Salvador",2017,"Total_Net_Wgt",910839.33,"Tinned Imports"
"Estonia",2014,"Total_Net_Wgt",94176271.8,"Tinned Imports"
"Ethiopia",2016,"Total_Net_Wgt",954320.88,"Tinned Imports"
"Ethiopia",2017,"Total_Net_Wgt",910188.1,"Tinned Imports"
"Fiji",2014,"Total_Net_Wgt",1375127.18,"Tinned Imports"
"Fiji",2015,"Total_Net_Wgt",2218240.46,"Tinned Imports"
"Fiji",2016,"Total_Net_Wgt",2395909.1,"Tinned Imports"
"Fiji",2017,"Total_Net_Wgt",2332154.47,"Tinned Imports"
"Fiji",2018,"Total_Net_Wgt",2557677.22,"Tinned Imports"
"Fiji",2019,"Total_Net_Wgt",2055955.28,"Tinned Imports"
"Fiji",2020,"Total_Net_Wgt",2408802.93,"Tinned Imports"
"Fiji",2021,"Total_Net_Wgt",2410938.82,"Tinned Imports"
"Fiji",2022,"Total_Net_Wgt",1580187.02,"Tinned Imports"
"Fiji",2023,"Total_Net_Wgt",2482163.76,"Tinned Imports"
"Fiji",2024,"Total_Net_Wgt",3210572.96,"Tinned Imports"
"Fiji",2025,"Total_Net_Wgt",2111106.2,"Tinned Imports"
"Finland",2010,"Total_Net_Wgt",7220200,"Tinned Imports"
"Finland",2011,"Total_Net_Wgt",7038200,"Tinned Imports"
"Finland",2012,"Total_Net_Wgt",6505700,"Tinned Imports"
"Finland",2013,"Total_Net_Wgt",8018102,"Tinned Imports"
"Finland",2014,"Total_Net_Wgt",7462968,"Tinned Imports"
"Finland",2015,"Total_Net_Wgt",7481946,"Tinned Imports"
"Finland",2016,"Total_Net_Wgt",6602901,"Tinned Imports"
"Finland",2017,"Total_Net_Wgt",8009194,"Tinned Imports"
"Finland",2018,"Total_Net_Wgt",6631035,"Tinned Imports"
"Finland",2019,"Total_Net_Wgt",8598480.08,"Tinned Imports"
"Finland",2020,"Total_Net_Wgt",8071932,"Tinned Imports"
"Finland",2021,"Total_Net_Wgt",7073657,"Tinned Imports"
"Finland",2022,"Total_Net_Wgt",8023489,"Tinned Imports"
"Finland",2023,"Total_Net_Wgt",6081891,"Tinned Imports"
"Finland",2024,"Total_Net_Wgt",7420539.343,"Tinned Imports"
"Finland",2025,"Total_Net_Wgt",7248269,"Tinned Imports"
"France",2000,"Total_Net_Wgt",108933338.294,"Tinned Imports"
"France",2001,"Total_Net_Wgt",103788030.781,"Tinned Imports"
"France",2002,"Total_Net_Wgt",125324955.397,"Tinned Imports"
"France",2003,"Total_Net_Wgt",116173552.097,"Tinned Imports"
"France",2004,"Total_Net_Wgt",114666667.46,"Tinned Imports"
"France",2005,"Total_Net_Wgt",115613190.691,"Tinned Imports"
"France",2006,"Total_Net_Wgt",117213163.018,"Tinned Imports"
"France",2007,"Total_Net_Wgt",111961967.277,"Tinned Imports"
"France",2008,"Total_Net_Wgt",105276038.792,"Tinned Imports"
"France",2009,"Total_Net_Wgt",106435636.128,"Tinned Imports"
"France",2010,"Total_Net_Wgt",97952400,"Tinned Imports"
"France",2011,"Total_Net_Wgt",107015800,"Tinned Imports"
"France",2012,"Total_Net_Wgt",100403000,"Tinned Imports"
"France",2013,"Total_Net_Wgt",110010300,"Tinned Imports"
"France",2014,"Total_Net_Wgt",114043025,"Tinned Imports"
"France",2015,"Total_Net_Wgt",102655517,"Tinned Imports"
"France",2016,"Total_Net_Wgt",88692822,"Tinned Imports"
"France",2017,"Total_Net_Wgt",100135428.398,"Tinned Imports"
"France",2018,"Total_Net_Wgt",102312919.131,"Tinned Imports"
"France",2019,"Total_Net_Wgt",96402281.088,"Tinned Imports"
"France",2020,"Total_Net_Wgt",100677675.404,"Tinned Imports"
"France",2021,"Total_Net_Wgt",94934396,"Tinned Imports"
"France",2022,"Total_Net_Wgt",98294209.951,"Tinned Imports"
"France",2023,"Total_Net_Wgt",95021790.45,"Tinned Imports"
"France",2024,"Total_Net_Wgt",92167799.585,"Tinned Imports"
"Germany",2008,"Total_Net_Wgt",83091403,"Tinned Imports"
"Germany",2009,"Total_Net_Wgt",71195506.528,"Tinned Imports"
"Germany",2010,"Total_Net_Wgt",66223660,"Tinned Imports"
"Germany",2011,"Total_Net_Wgt",73024358.009,"Tinned Imports"
"Germany",2012,"Total_Net_Wgt",74284855.717,"Tinned Imports"
"Germany",2013,"Total_Net_Wgt",78181846.316,"Tinned Imports"
"Germany",2014,"Total_Net_Wgt",76609744.542,"Tinned Imports"
"Germany",2015,"Total_Net_Wgt",78522498.138,"Tinned Imports"
"Germany",2016,"Total_Net_Wgt",69052646.392,"Tinned Imports"
"Germany",2017,"Total_Net_Wgt",84444389.924,"Tinned Imports"
"Germany",2018,"Total_Net_Wgt",93201501.225,"Tinned Imports"
"Germany",2019,"Total_Net_Wgt",79123684.502,"Tinned Imports"
"Germany",2020,"Total_Net_Wgt",103397173.081,"Tinned Imports"
"Germany",2021,"Total_Net_Wgt",77646520.332,"Tinned Imports"
"Germany",2022,"Total_Net_Wgt",94501955.784,"Tinned Imports"
"Germany",2023,"Total_Net_Wgt",80907040.883,"Tinned Imports"
"Germany",2024,"Total_Net_Wgt",85414302.371,"Tinned Imports"
"Germany",2025,"Total_Net_Wgt",84631392.111,"Tinned Imports"
"Ghana",2012,"Total_Net_Wgt",717461.93,"Tinned Imports"
"Ghana",2013,"Total_Net_Wgt",856904.64,"Tinned Imports"
"Ghana",2014,"Total_Net_Wgt",887057.35,"Tinned Imports"
"Ghana",2015,"Total_Net_Wgt",1536392.28,"Tinned Imports"
"Ghana",2020,"Total_Net_Wgt",1523631.48,"Tinned Imports"
"Ghana",2021,"Total_Net_Wgt",1154039.892,"Tinned Imports"
"Greece",2010,"Total_Net_Wgt",7540800,"Tinned Imports"
"Greece",2011,"Total_Net_Wgt",7215600,"Tinned Imports"
"Greece",2012,"Total_Net_Wgt",6776100,"Tinned Imports"
"Greece",2013,"Total_Net_Wgt",6053898,"Tinned Imports"
"Greece",2014,"Total_Net_Wgt",6468506,"Tinned Imports"
"Greece",2015,"Total_Net_Wgt",6263084,"Tinned Imports"
"Greece",2016,"Total_Net_Wgt",6853574,"Tinned Imports"
"Greece",2017,"Total_Net_Wgt",5830671,"Tinned Imports"
"Greece",2018,"Total_Net_Wgt",5868678,"Tinned Imports"
"Greece",2019,"Total_Net_Wgt",7195161,"Tinned Imports"
"Greece",2020,"Total_Net_Wgt",7061295,"Tinned Imports"
"Greece",2021,"Total_Net_Wgt",6839255,"Tinned Imports"
"Greece",2022,"Total_Net_Wgt",7415805,"Tinned Imports"
"Greece",2023,"Total_Net_Wgt",6237454,"Tinned Imports"
"Greece",2024,"Total_Net_Wgt",6332178,"Tinned Imports"
"Greece",2025,"Total_Net_Wgt",6389481,"Tinned Imports"
"Guatemala",2011,"Total_Net_Wgt",2321540,"Tinned Imports"
"Guatemala",2021,"Total_Net_Wgt",2162582,"Tinned Imports"
"Guatemala",2022,"Total_Net_Wgt",2809601,"Tinned Imports"
"Guatemala",2023,"Total_Net_Wgt",2389368,"Tinned Imports"
"Guatemala",2024,"Total_Net_Wgt",2351822,"Tinned Imports"
"Guatemala",2025,"Total_Net_Wgt",2149414,"Tinned Imports"
"Hungary",2011,"Total_Net_Wgt",1118500,"Tinned Imports"
"Hungary",2012,"Total_Net_Wgt",1348100,"Tinned Imports"
"Hungary",2017,"Total_Net_Wgt",2748477,"Tinned Imports"
"Hungary",2018,"Total_Net_Wgt",2770447,"Tinned Imports"
"Hungary",2019,"Total_Net_Wgt",2871999,"Tinned Imports"
"Hungary",2020,"Total_Net_Wgt",3289961,"Tinned Imports"
"Hungary",2021,"Total_Net_Wgt",3352135,"Tinned Imports"
"Hungary",2022,"Total_Net_Wgt",3853405.605,"Tinned Imports"
"Hungary",2023,"Total_Net_Wgt",4268995.14,"Tinned Imports"
"Hungary",2024,"Total_Net_Wgt",3255910.39,"Tinned Imports"
"Hungary",2025,"Total_Net_Wgt",7738665.8,"Tinned Imports"
"Indonesia",2014,"Total_Net_Wgt",1031783,"Tinned Imports"
"Indonesia",2015,"Total_Net_Wgt",1047085.884,"Tinned Imports"
"Indonesia",2016,"Total_Net_Wgt",1279025.444,"Tinned Imports"
"Indonesia",2019,"Total_Net_Wgt",1019881,"Tinned Imports"
"Ireland",2000,"Total_Net_Wgt",3261236,"Tinned Imports"
"Ireland",2001,"Total_Net_Wgt",4420958,"Tinned Imports"
"Ireland",2002,"Total_Net_Wgt",4974953,"Tinned Imports"
"Ireland",2003,"Total_Net_Wgt",4985435,"Tinned Imports"
"Ireland",2004,"Total_Net_Wgt",3959362,"Tinned Imports"
"Ireland",2005,"Total_Net_Wgt",6205681,"Tinned Imports"
"Ireland",2006,"Total_Net_Wgt",6279861,"Tinned Imports"
"Ireland",2007,"Total_Net_Wgt",5326296,"Tinned Imports"
"Ireland",2008,"Total_Net_Wgt",5543862,"Tinned Imports"
"Ireland",2009,"Total_Net_Wgt",5199342,"Tinned Imports"
"Ireland",2010,"Total_Net_Wgt",4645528,"Tinned Imports"
"Ireland",2011,"Total_Net_Wgt",6360264,"Tinned Imports"
"Ireland",2012,"Total_Net_Wgt",5671466,"Tinned Imports"
"Ireland",2013,"Total_Net_Wgt",5856800,"Tinned Imports"
"Ireland",2014,"Total_Net_Wgt",5573010,"Tinned Imports"
"Ireland",2015,"Total_Net_Wgt",5490409,"Tinned Imports"
"Ireland",2016,"Total_Net_Wgt",7792828,"Tinned Imports"
"Ireland",2017,"Total_Net_Wgt",10347417.404,"Tinned Imports"
"Ireland",2018,"Total_Net_Wgt",3726062,"Tinned Imports"
"Ireland",2019,"Total_Net_Wgt",4140445.787,"Tinned Imports"
"Ireland",2020,"Total_Net_Wgt",5724028,"Tinned Imports"
"Ireland",2021,"Total_Net_Wgt",4312057,"Tinned Imports"
"Ireland",2022,"Total_Net_Wgt",3896291.475,"Tinned Imports"
"Ireland",2023,"Total_Net_Wgt",3848308.339,"Tinned Imports"
"Ireland",2024,"Total_Net_Wgt",6700163.81,"Tinned Imports"
"Ireland",2025,"Total_Net_Wgt",7555045.935,"Tinned Imports"
"Israel",2017,"Total_Net_Wgt",20799386.383,"Tinned Imports"
"Israel",2018,"Total_Net_Wgt",23111893.201,"Tinned Imports"
"Israel",2019,"Total_Net_Wgt",21614898.275,"Tinned Imports"
"Israel",2020,"Total_Net_Wgt",19550345.58,"Tinned Imports"
"Israel",2021,"Total_Net_Wgt",22589314.919,"Tinned Imports"
"Israel",2022,"Total_Net_Wgt",24335617.145,"Tinned Imports"
"Israel",2023,"Total_Net_Wgt",22159757.395,"Tinned Imports"
"Israel",2024,"Total_Net_Wgt",35565649.422,"Tinned Imports"
"Israel",2025,"Total_Net_Wgt",19493269.101,"Tinned Imports"
"Italy",2000,"Total_Net_Wgt",64582156,"Tinned Imports"
"Italy",2001,"Total_Net_Wgt",71955036,"Tinned Imports"
"Italy",2002,"Total_Net_Wgt",84109703,"Tinned Imports"
"Italy",2003,"Total_Net_Wgt",95103627,"Tinned Imports"
"Italy",2004,"Total_Net_Wgt",97784026,"Tinned Imports"
"Italy",2005,"Total_Net_Wgt",100447495,"Tinned Imports"
"Italy",2006,"Total_Net_Wgt",101954096,"Tinned Imports"
"Italy",2007,"Total_Net_Wgt",107019362,"Tinned Imports"
"Italy",2008,"Total_Net_Wgt",107884550,"Tinned Imports"
"Italy",2009,"Total_Net_Wgt",111347884,"Tinned Imports"
"Italy",2010,"Total_Net_Wgt",93759300,"Tinned Imports"
"Italy",2011,"Total_Net_Wgt",101628600,"Tinned Imports"
"Italy",2012,"Total_Net_Wgt",105185000,"Tinned Imports"
"Italy",2013,"Total_Net_Wgt",107099700,"Tinned Imports"
"Italy",2014,"Total_Net_Wgt",122439158,"Tinned Imports"
"Italy",2015,"Total_Net_Wgt",105937566,"Tinned Imports"
"Italy",2016,"Total_Net_Wgt",114934566,"Tinned Imports"
"Italy",2017,"Total_Net_Wgt",129757233,"Tinned Imports"
"Italy",2018,"Total_Net_Wgt",129194968,"Tinned Imports"
"Italy",2019,"Total_Net_Wgt",118361590,"Tinned Imports"
"Italy",2020,"Total_Net_Wgt",125693560,"Tinned Imports"
"Italy",2021,"Total_Net_Wgt",121426027,"Tinned Imports"
"Italy",2022,"Total_Net_Wgt",130590752,"Tinned Imports"
"Italy",2023,"Total_Net_Wgt",134686154.643,"Tinned Imports"
"Italy",2024,"Total_Net_Wgt",127683754,"Tinned Imports"
"Italy",2025,"Total_Net_Wgt",111326346,"Tinned Imports"
"Japan",2010,"Total_Net_Wgt",47383037,"Tinned Imports"
"Japan",2011,"Total_Net_Wgt",52959352,"Tinned Imports"
"Japan",2012,"Total_Net_Wgt",55876365,"Tinned Imports"
"Japan",2013,"Total_Net_Wgt",53630096,"Tinned Imports"
"Japan",2014,"Total_Net_Wgt",54256132,"Tinned Imports"
"Japan",2015,"Total_Net_Wgt",54538059,"Tinned Imports"
"Japan",2016,"Total_Net_Wgt",60396894,"Tinned Imports"
"Japan",2017,"Total_Net_Wgt",62962088,"Tinned Imports"
"Japan",2018,"Total_Net_Wgt",65202884,"Tinned Imports"
"Japan",2019,"Total_Net_Wgt",65090656,"Tinned Imports"
"Japan",2020,"Total_Net_Wgt",67216744,"Tinned Imports"
"Japan",2021,"Total_Net_Wgt",66593779,"Tinned Imports"
"Japan",2022,"Total_Net_Wgt",68821369,"Tinned Imports"
"Japan",2023,"Total_Net_Wgt",70253587,"Tinned Imports"
"Japan",2024,"Total_Net_Wgt",68633852,"Tinned Imports"
"Japan",2025,"Total_Net_Wgt",63170616,"Tinned Imports"
"Jordan",2010,"Total_Net_Wgt",7793359.9,"Tinned Imports"
"Jordan",2011,"Total_Net_Wgt",5388531.28,"Tinned Imports"
"Jordan",2012,"Total_Net_Wgt",6775137.86,"Tinned Imports"
"Jordan",2013,"Total_Net_Wgt",6821492.9,"Tinned Imports"
"Jordan",2017,"Total_Net_Wgt",10625776.79,"Tinned Imports"
"Jordan",2022,"Total_Net_Wgt",8815492.91,"Tinned Imports"
"Kazakhstan",2023,"Total_Net_Wgt",1860028.57,"Tinned Imports"
"Kuwait",2015,"Total_Net_Wgt",5363449,"Tinned Imports"
"Kuwait",2016,"Total_Net_Wgt",4848021,"Tinned Imports"
"Kuwait",2017,"Total_Net_Wgt",6174757.42,"Tinned Imports"
"Kuwait",2021,"Total_Net_Wgt",4389667.71,"Tinned Imports"
"Kuwait",2022,"Total_Net_Wgt",4572148.232,"Tinned Imports"
"Kuwait",2023,"Total_Net_Wgt",5977531.445,"Tinned Imports"
"Kuwait",2024,"Total_Net_Wgt",5028567.93,"Tinned Imports"
"Lithuania",2011,"Total_Net_Wgt",1016920.25,"Tinned Imports"
"Lithuania",2012,"Total_Net_Wgt",863920.885,"Tinned Imports"
"Lithuania",2013,"Total_Net_Wgt",1140180.422,"Tinned Imports"
"Lithuania",2014,"Total_Net_Wgt",1028365.01,"Tinned Imports"
"Lithuania",2015,"Total_Net_Wgt",1034798.12,"Tinned Imports"
"Lithuania",2016,"Total_Net_Wgt",959915.1,"Tinned Imports"
"Lithuania",2017,"Total_Net_Wgt",1019580.48,"Tinned Imports"
"Lithuania",2018,"Total_Net_Wgt",941080.68,"Tinned Imports"
"Lithuania",2019,"Total_Net_Wgt",978795,"Tinned Imports"
"Luxembourg",2013,"Total_Net_Wgt",125214976,"Tinned Imports"
"Malaysia",2011,"Total_Net_Wgt",2765808.4,"Tinned Imports"
"Malaysia",2012,"Total_Net_Wgt",3642616.38,"Tinned Imports"
"Malaysia",2013,"Total_Net_Wgt",3666503.45,"Tinned Imports"
"Malaysia",2014,"Total_Net_Wgt",2769748.42,"Tinned Imports"
"Malaysia",2015,"Total_Net_Wgt",3083297.92,"Tinned Imports"
"Malaysia",2016,"Total_Net_Wgt",2709940.2,"Tinned Imports"
"Malaysia",2017,"Total_Net_Wgt",2442506.44,"Tinned Imports"
"Malaysia",2018,"Total_Net_Wgt",3202600.81,"Tinned Imports"
"Malaysia",2019,"Total_Net_Wgt",3047576.28,"Tinned Imports"
"Malaysia",2020,"Total_Net_Wgt",3325832.31,"Tinned Imports"
"Malaysia",2021,"Total_Net_Wgt",3488028.03,"Tinned Imports"
"Malaysia",2022,"Total_Net_Wgt",4474655.93,"Tinned Imports"
"Malaysia",2023,"Total_Net_Wgt",4727338.569,"Tinned Imports"
"Malaysia",2024,"Total_Net_Wgt",8105722.13,"Tinned Imports"
"Malaysia",2025,"Total_Net_Wgt",5370370.348,"Tinned Imports"
"Malta",2010,"Total_Net_Wgt",1622800,"Tinned Imports"
"Malta",2011,"Total_Net_Wgt",1402700,"Tinned Imports"
"Malta",2012,"Total_Net_Wgt",1726100,"Tinned Imports"
"Malta",2013,"Total_Net_Wgt",1469000,"Tinned Imports"
"Malta",2014,"Total_Net_Wgt",2258300,"Tinned Imports"
"Malta",2015,"Total_Net_Wgt",1889644,"Tinned Imports"
"Malta",2016,"Total_Net_Wgt",1816077,"Tinned Imports"
"Malta",2017,"Total_Net_Wgt",1297607,"Tinned Imports"
"Malta",2019,"Total_Net_Wgt",2439160,"Tinned Imports"
"Malta",2020,"Total_Net_Wgt",2099730,"Tinned Imports"
"Malta",2021,"Total_Net_Wgt",1737932,"Tinned Imports"
"Malta",2022,"Total_Net_Wgt",1851330,"Tinned Imports"
"Malta",2023,"Total_Net_Wgt",1753282,"Tinned Imports"
"Malta",2024,"Total_Net_Wgt",2291615,"Tinned Imports"
"Mexico",2010,"Total_Net_Wgt",7971705.553,"Tinned Imports"
"Mexico",2011,"Total_Net_Wgt",3830503.699,"Tinned Imports"
"Mexico",2012,"Total_Net_Wgt",4793563.852,"Tinned Imports"
"Mexico",2013,"Total_Net_Wgt",3300775.504,"Tinned Imports"
"Mexico",2015,"Total_Net_Wgt",3714654.181,"Tinned Imports"
"Mexico",2016,"Total_Net_Wgt",3016927.317,"Tinned Imports"
"Mexico",2017,"Total_Net_Wgt",4611382,"Tinned Imports"
"Mexico",2018,"Total_Net_Wgt",2845994,"Tinned Imports"
"Mexico",2021,"Total_Net_Wgt",7614770,"Tinned Imports"
"Mexico",2022,"Total_Net_Wgt",6187953,"Tinned Imports"
"Mexico",2023,"Total_Net_Wgt",3388704,"Tinned Imports"
"Mexico",2025,"Total_Net_Wgt",6038472,"Tinned Imports"
"Minnows",2000,"Total_Net_Wgt",1966001.673,"Tinned Imports"
"Minnows",2001,"Total_Net_Wgt",2337405.487,"Tinned Imports"
"Minnows",2002,"Total_Net_Wgt",3700629.379,"Tinned Imports"
"Minnows",2003,"Total_Net_Wgt",3003876.532,"Tinned Imports"
"Minnows",2004,"Total_Net_Wgt",3841631.7,"Tinned Imports"
"Minnows",2005,"Total_Net_Wgt",4174078.998,"Tinned Imports"
"Minnows",2006,"Total_Net_Wgt",3873693.194,"Tinned Imports"
"Minnows",2007,"Total_Net_Wgt",3714072.945,"Tinned Imports"
"Minnows",2008,"Total_Net_Wgt",5305964.42,"Tinned Imports"
"Minnows",2009,"Total_Net_Wgt",5385803.289,"Tinned Imports"
"Minnows",2010,"Total_Net_Wgt",15467996.9,"Tinned Imports"
"Minnows",2011,"Total_Net_Wgt",13295458.04,"Tinned Imports"
"Minnows",2012,"Total_Net_Wgt",9458286.481,"Tinned Imports"
"Minnows",2013,"Total_Net_Wgt",10765079.055,"Tinned Imports"
"Minnows",2014,"Total_Net_Wgt",11098287.706,"Tinned Imports"
"Minnows",2015,"Total_Net_Wgt",12349817.105,"Tinned Imports"
"Minnows",2016,"Total_Net_Wgt",13678945.095,"Tinned Imports"
"Minnows",2017,"Total_Net_Wgt",14301904.552,"Tinned Imports"
"Minnows",2018,"Total_Net_Wgt",14400314.766,"Tinned Imports"
"Minnows",2019,"Total_Net_Wgt",14139815.164,"Tinned Imports"
"Minnows",2020,"Total_Net_Wgt",16503844.912,"Tinned Imports"
"Minnows",2021,"Total_Net_Wgt",15007025.749,"Tinned Imports"
"Minnows",2022,"Total_Net_Wgt",15719676.621,"Tinned Imports"
"Minnows",2023,"Total_Net_Wgt",14303643.502,"Tinned Imports"
"Minnows",2024,"Total_Net_Wgt",15852119.981,"Tinned Imports"
"Minnows",2025,"Total_Net_Wgt",11873377.226,"Tinned Imports"
"Missing Imports",2004,"Total_Net_Wgt",NA,"Tinned Imports"
"Missing Imports",2012,"Total_Net_Wgt",363792902.406,"Tinned Imports"
"Missing Imports",2013,"Total_Net_Wgt",409629819.072,"Tinned Imports"
"Missing Imports",2014,"Total_Net_Wgt",193525154.657,"Tinned Imports"
"Missing Imports",2015,"Total_Net_Wgt",100063525.455,"Tinned Imports"
"Missing Imports",2016,"Total_Net_Wgt",32238890.902,"Tinned Imports"
"Missing Imports",2017,"Total_Net_Wgt",124046392.943,"Tinned Imports"
"Missing Imports",2018,"Total_Net_Wgt",184451763.711,"Tinned Imports"
"Missing Imports",2019,"Total_Net_Wgt",80650916.0319998,"Tinned Imports"
"Missing Imports",2020,"Total_Net_Wgt",96802344.7520001,"Tinned Imports"
"Missing Imports",2021,"Total_Net_Wgt",102750316.103,"Tinned Imports"
"Missing Imports",2024,"Total_Net_Wgt",164478799.913,"Tinned Imports"
"Morocco",2001,"Total_Net_Wgt",717978,"Tinned Imports"
"Morocco",2002,"Total_Net_Wgt",1595245,"Tinned Imports"
"Morocco",2003,"Total_Net_Wgt",2072769,"Tinned Imports"
"Morocco",2004,"Total_Net_Wgt",1856119,"Tinned Imports"
"Morocco",2005,"Total_Net_Wgt",2780793,"Tinned Imports"
"Morocco",2006,"Total_Net_Wgt",3619431,"Tinned Imports"
"Morocco",2007,"Total_Net_Wgt",3233968,"Tinned Imports"
"Morocco",2008,"Total_Net_Wgt",4363482,"Tinned Imports"
"Morocco",2009,"Total_Net_Wgt",4665831,"Tinned Imports"
"Morocco",2013,"Total_Net_Wgt",858762.57,"Tinned Imports"
"Morocco",2015,"Total_Net_Wgt",1041025.33,"Tinned Imports"
"Morocco",2018,"Total_Net_Wgt",3386155.777,"Tinned Imports"
"Morocco",2019,"Total_Net_Wgt",2232153.4,"Tinned Imports"
"Morocco",2020,"Total_Net_Wgt",5331999.62,"Tinned Imports"
"Morocco",2021,"Total_Net_Wgt",7819189.91,"Tinned Imports"
"Morocco",2022,"Total_Net_Wgt",5984324.06,"Tinned Imports"
"Morocco",2023,"Total_Net_Wgt",6659880.61,"Tinned Imports"
"Morocco",2024,"Total_Net_Wgt",2160888.62,"Tinned Imports"
"Morocco",2025,"Total_Net_Wgt",1860193.12,"Tinned Imports"
"Mozambique",2014,"Total_Net_Wgt",1305192,"Tinned Imports"
"Mozambique",2015,"Total_Net_Wgt",1167135,"Tinned Imports"
"Mozambique",2018,"Total_Net_Wgt",884417,"Tinned Imports"
"Myanmar",2018,"Total_Net_Wgt",1561734.617,"Tinned Imports"
"Netherlands",2010,"Total_Net_Wgt",50861700,"Tinned Imports"
"Netherlands",2011,"Total_Net_Wgt",36221004.956,"Tinned Imports"
"Netherlands",2012,"Total_Net_Wgt",31352185.509,"Tinned Imports"
"Netherlands",2013,"Total_Net_Wgt",37591716.981,"Tinned Imports"
"Netherlands",2014,"Total_Net_Wgt",45234346,"Tinned Imports"
"Netherlands",2015,"Total_Net_Wgt",36219561.238,"Tinned Imports"
"Netherlands",2016,"Total_Net_Wgt",46423056.98,"Tinned Imports"
"Netherlands",2017,"Total_Net_Wgt",52906348.771,"Tinned Imports"
"Netherlands",2018,"Total_Net_Wgt",48038124.479,"Tinned Imports"
"Netherlands",2019,"Total_Net_Wgt",65500697.778,"Tinned Imports"
"Netherlands",2020,"Total_Net_Wgt",91402486.156,"Tinned Imports"
"Netherlands",2021,"Total_Net_Wgt",77836365.413,"Tinned Imports"
"Netherlands",2022,"Total_Net_Wgt",46182041.569,"Tinned Imports"
"Netherlands",2023,"Total_Net_Wgt",53024907.697,"Tinned Imports"
"Netherlands",2024,"Total_Net_Wgt",58027809.455,"Tinned Imports"
"Netherlands",2025,"Total_Net_Wgt",49337740.952,"Tinned Imports"
"New Zealand",2010,"Total_Net_Wgt",5149017,"Tinned Imports"
"New Zealand",2011,"Total_Net_Wgt",6728582,"Tinned Imports"
"New Zealand",2012,"Total_Net_Wgt",6863003,"Tinned Imports"
"New Zealand",2013,"Total_Net_Wgt",6587273,"Tinned Imports"
"New Zealand",2014,"Total_Net_Wgt",7652244,"Tinned Imports"
"New Zealand",2015,"Total_Net_Wgt",7282695,"Tinned Imports"
"New Zealand",2016,"Total_Net_Wgt",7625274,"Tinned Imports"
"New Zealand",2017,"Total_Net_Wgt",7025023.102,"Tinned Imports"
"New Zealand",2018,"Total_Net_Wgt",6159560.7,"Tinned Imports"
"New Zealand",2019,"Total_Net_Wgt",5203568,"Tinned Imports"
"New Zealand",2020,"Total_Net_Wgt",5613533,"Tinned Imports"
"New Zealand",2021,"Total_Net_Wgt",5678222,"Tinned Imports"
"New Zealand",2022,"Total_Net_Wgt",5448517,"Tinned Imports"
"New Zealand",2023,"Total_Net_Wgt",5160111,"Tinned Imports"
"New Zealand",2024,"Total_Net_Wgt",6490629,"Tinned Imports"
"New Zealand",2025,"Total_Net_Wgt",5127123,"Tinned Imports"
"Nicaragua",2022,"Total_Net_Wgt",1198479.08,"Tinned Imports"
"Nicaragua",2023,"Total_Net_Wgt",1173024.8,"Tinned Imports"
"North Macedonia",2006,"Total_Net_Wgt",1432283,"Tinned Imports"
"North Macedonia",2007,"Total_Net_Wgt",1629423,"Tinned Imports"
"North Macedonia",2008,"Total_Net_Wgt",1458450,"Tinned Imports"
"North Macedonia",2010,"Total_Net_Wgt",1192518.87,"Tinned Imports"
"North Macedonia",2011,"Total_Net_Wgt",1377846.27,"Tinned Imports"
"North Macedonia",2012,"Total_Net_Wgt",1071719.62,"Tinned Imports"
"North Macedonia",2013,"Total_Net_Wgt",1279352,"Tinned Imports"
"North Macedonia",2014,"Total_Net_Wgt",1585818,"Tinned Imports"
"North Macedonia",2015,"Total_Net_Wgt",1565379,"Tinned Imports"
"North Macedonia",2016,"Total_Net_Wgt",1560135.103,"Tinned Imports"
"North Macedonia",2017,"Total_Net_Wgt",1601485,"Tinned Imports"
"North Macedonia",2018,"Total_Net_Wgt",1566160,"Tinned Imports"
"North Macedonia",2019,"Total_Net_Wgt",1529738,"Tinned Imports"
"North Macedonia",2020,"Total_Net_Wgt",1602825,"Tinned Imports"
"North Macedonia",2021,"Total_Net_Wgt",1634332,"Tinned Imports"
"North Macedonia",2022,"Total_Net_Wgt",1647590,"Tinned Imports"
"North Macedonia",2023,"Total_Net_Wgt",1532157,"Tinned Imports"
"North Macedonia",2024,"Total_Net_Wgt",2043919,"Tinned Imports"
"Norway",2000,"Total_Net_Wgt",1567633,"Tinned Imports"
"Norway",2001,"Total_Net_Wgt",1495101,"Tinned Imports"
"Norway",2002,"Total_Net_Wgt",1645916,"Tinned Imports"
"Norway",2003,"Total_Net_Wgt",2456908,"Tinned Imports"
"Norway",2004,"Total_Net_Wgt",1773178,"Tinned Imports"
"Norway",2005,"Total_Net_Wgt",2377379,"Tinned Imports"
"Norway",2006,"Total_Net_Wgt",2116941,"Tinned Imports"
"Norway",2007,"Total_Net_Wgt",2042338,"Tinned Imports"
"Norway",2008,"Total_Net_Wgt",2267430,"Tinned Imports"
"Norway",2009,"Total_Net_Wgt",2413203,"Tinned Imports"
"Norway",2010,"Total_Net_Wgt",2260401,"Tinned Imports"
"Norway",2011,"Total_Net_Wgt",2544635,"Tinned Imports"
"Norway",2012,"Total_Net_Wgt",2142886,"Tinned Imports"
"Norway",2013,"Total_Net_Wgt",2931718,"Tinned Imports"
"Norway",2014,"Total_Net_Wgt",2485653,"Tinned Imports"
"Norway",2015,"Total_Net_Wgt",3112008,"Tinned Imports"
"Norway",2016,"Total_Net_Wgt",3664397,"Tinned Imports"
"Norway",2017,"Total_Net_Wgt",1988348,"Tinned Imports"
"Norway",2018,"Total_Net_Wgt",2000492,"Tinned Imports"
"Norway",2019,"Total_Net_Wgt",2330021,"Tinned Imports"
"Norway",2020,"Total_Net_Wgt",2169399,"Tinned Imports"
"Norway",2021,"Total_Net_Wgt",1355821,"Tinned Imports"
"Norway",2022,"Total_Net_Wgt",1915715,"Tinned Imports"
"Norway",2023,"Total_Net_Wgt",1211727,"Tinned Imports"
"Norway",2024,"Total_Net_Wgt",2049720,"Tinned Imports"
"Norway",2025,"Total_Net_Wgt",2155123,"Tinned Imports"
"Oman",2015,"Total_Net_Wgt",3736204,"Tinned Imports"
"Oman",2016,"Total_Net_Wgt",4039313,"Tinned Imports"
"Oman",2018,"Total_Net_Wgt",3234541,"Tinned Imports"
"Oman",2022,"Total_Net_Wgt",3302252.821,"Tinned Imports"
"Oman",2023,"Total_Net_Wgt",3130274.527,"Tinned Imports"
"Panama",2010,"Total_Net_Wgt",1699135,"Tinned Imports"
"Panama",2011,"Total_Net_Wgt",1804583,"Tinned Imports"
"Panama",2012,"Total_Net_Wgt",3033067,"Tinned Imports"
"Panama",2013,"Total_Net_Wgt",3606543,"Tinned Imports"
"Panama",2014,"Total_Net_Wgt",3481963,"Tinned Imports"
"Panama",2015,"Total_Net_Wgt",3924407,"Tinned Imports"
"Panama",2016,"Total_Net_Wgt",3722314,"Tinned Imports"
"Panama",2017,"Total_Net_Wgt",5100847,"Tinned Imports"
"Panama",2018,"Total_Net_Wgt",5233685,"Tinned Imports"
"Panama",2019,"Total_Net_Wgt",4832066,"Tinned Imports"
"Panama",2020,"Total_Net_Wgt",7019499,"Tinned Imports"
"Panama",2021,"Total_Net_Wgt",7228328,"Tinned Imports"
"Panama",2022,"Total_Net_Wgt",6054123,"Tinned Imports"
"Panama",2023,"Total_Net_Wgt",5372613,"Tinned Imports"
"Panama",2024,"Total_Net_Wgt",6207366,"Tinned Imports"
"Panama",2025,"Total_Net_Wgt",4426500,"Tinned Imports"
"Paraguay",2013,"Total_Net_Wgt",935834,"Tinned Imports"
"Paraguay",2014,"Total_Net_Wgt",1204818,"Tinned Imports"
"Paraguay",2018,"Total_Net_Wgt",1127416,"Tinned Imports"
"Paraguay",2019,"Total_Net_Wgt",975803,"Tinned Imports"
"Peru",2010,"Total_Net_Wgt",7700343.4,"Tinned Imports"
"Peru",2011,"Total_Net_Wgt",11705994.13,"Tinned Imports"
"Peru",2012,"Total_Net_Wgt",10316229.56,"Tinned Imports"
"Peru",2013,"Total_Net_Wgt",13372139.73,"Tinned Imports"
"Peru",2014,"Total_Net_Wgt",11131571.52,"Tinned Imports"
"Peru",2015,"Total_Net_Wgt",15800513.77,"Tinned Imports"
"Peru",2016,"Total_Net_Wgt",13654235.07,"Tinned Imports"
"Peru",2017,"Total_Net_Wgt",16180912.86,"Tinned Imports"
"Peru",2018,"Total_Net_Wgt",14463637.62,"Tinned Imports"
"Peru",2019,"Total_Net_Wgt",24159107.3,"Tinned Imports"
"Peru",2020,"Total_Net_Wgt",7861751.4,"Tinned Imports"
"Peru",2024,"Total_Net_Wgt",19104546.48,"Tinned Imports"
"Peru",2025,"Total_Net_Wgt",11255610.932,"Tinned Imports"
"Philippines",2015,"Total_Net_Wgt",1022888.9,"Tinned Imports"
"Philippines",2016,"Total_Net_Wgt",1744649.431,"Tinned Imports"
"Philippines",2017,"Total_Net_Wgt",1210836.26,"Tinned Imports"
"Philippines",2018,"Total_Net_Wgt",1634889.62,"Tinned Imports"
"Philippines",2019,"Total_Net_Wgt",2939319.5,"Tinned Imports"
"Philippines",2020,"Total_Net_Wgt",4829101.89,"Tinned Imports"
"Philippines",2021,"Total_Net_Wgt",4118809.17,"Tinned Imports"
"Philippines",2022,"Total_Net_Wgt",3497635.88,"Tinned Imports"
"Philippines",2023,"Total_Net_Wgt",4200112.88,"Tinned Imports"
"Philippines",2024,"Total_Net_Wgt",1883867.21,"Tinned Imports"
"Philippines",2025,"Total_Net_Wgt",4873586.64,"Tinned Imports"
"Poland",2004,"Total_Net_Wgt",7114406,"Tinned Imports"
"Poland",2005,"Total_Net_Wgt",5958086.469,"Tinned Imports"
"Poland",2006,"Total_Net_Wgt",5583920.908,"Tinned Imports"
"Poland",2007,"Total_Net_Wgt",4902310,"Tinned Imports"
"Poland",2008,"Total_Net_Wgt",6799704,"Tinned Imports"
"Poland",2009,"Total_Net_Wgt",6210117,"Tinned Imports"
"Poland",2010,"Total_Net_Wgt",7669100,"Tinned Imports"
"Poland",2011,"Total_Net_Wgt",6929502,"Tinned Imports"
"Poland",2012,"Total_Net_Wgt",5240661,"Tinned Imports"
"Poland",2013,"Total_Net_Wgt",9001682,"Tinned Imports"
"Poland",2014,"Total_Net_Wgt",7589378,"Tinned Imports"
"Poland",2015,"Total_Net_Wgt",9191487,"Tinned Imports"
"Poland",2016,"Total_Net_Wgt",9425279,"Tinned Imports"
"Poland",2017,"Total_Net_Wgt",7449044,"Tinned Imports"
"Poland",2018,"Total_Net_Wgt",8765435,"Tinned Imports"
"Poland",2019,"Total_Net_Wgt",10159247,"Tinned Imports"
"Poland",2020,"Total_Net_Wgt",11877280.225,"Tinned Imports"
"Poland",2021,"Total_Net_Wgt",11395396.697,"Tinned Imports"
"Poland",2022,"Total_Net_Wgt",11950993,"Tinned Imports"
"Poland",2023,"Total_Net_Wgt",11671383.539,"Tinned Imports"
"Poland",2024,"Total_Net_Wgt",14278603.116,"Tinned Imports"
"Poland",2025,"Total_Net_Wgt",12526066,"Tinned Imports"
"Portugal",2010,"Total_Net_Wgt",12628747,"Tinned Imports"
"Portugal",2011,"Total_Net_Wgt",13493079,"Tinned Imports"
"Portugal",2012,"Total_Net_Wgt",12870082,"Tinned Imports"
"Portugal",2013,"Total_Net_Wgt",17809624,"Tinned Imports"
"Portugal",2014,"Total_Net_Wgt",21109221,"Tinned Imports"
"Portugal",2015,"Total_Net_Wgt",17963354,"Tinned Imports"
"Portugal",2016,"Total_Net_Wgt",20108858,"Tinned Imports"
"Portugal",2017,"Total_Net_Wgt",21624953,"Tinned Imports"
"Portugal",2018,"Total_Net_Wgt",20029551.004,"Tinned Imports"
"Portugal",2019,"Total_Net_Wgt",20756234,"Tinned Imports"
"Portugal",2020,"Total_Net_Wgt",27028139.334,"Tinned Imports"
"Portugal",2021,"Total_Net_Wgt",25311546.27,"Tinned Imports"
"Portugal",2022,"Total_Net_Wgt",27347669.189,"Tinned Imports"
"Portugal",2023,"Total_Net_Wgt",30768901,"Tinned Imports"
"Portugal",2024,"Total_Net_Wgt",35353598.22,"Tinned Imports"
"Portugal",2025,"Total_Net_Wgt",34829135.112,"Tinned Imports"
"Qatar",2012,"Total_Net_Wgt",2225759.17,"Tinned Imports"
"Qatar",2013,"Total_Net_Wgt",1668870.3,"Tinned Imports"
"Qatar",2014,"Total_Net_Wgt",1722658.3,"Tinned Imports"
"Qatar",2015,"Total_Net_Wgt",2687384.41,"Tinned Imports"
"Qatar",2016,"Total_Net_Wgt",2615136.88,"Tinned Imports"
"Qatar",2017,"Total_Net_Wgt",2710011.83,"Tinned Imports"
"Qatar",2018,"Total_Net_Wgt",2716003.2,"Tinned Imports"
"Qatar",2019,"Total_Net_Wgt",2929073.7,"Tinned Imports"
"Qatar",2020,"Total_Net_Wgt",2508287,"Tinned Imports"
"Qatar",2021,"Total_Net_Wgt",2086906.66,"Tinned Imports"
"Qatar",2022,"Total_Net_Wgt",2940137.29,"Tinned Imports"
"Qatar",2023,"Total_Net_Wgt",1853779.439,"Tinned Imports"
"Rep. of Korea",2015,"Total_Net_Wgt",1692444.752,"Tinned Imports"
"Rep. of Korea",2016,"Total_Net_Wgt",1374745.465,"Tinned Imports"
"Rep. of Korea",2017,"Total_Net_Wgt",1065483.77,"Tinned Imports"
"Rep. of Korea",2018,"Total_Net_Wgt",1364297.35,"Tinned Imports"
"Rep. of Korea",2019,"Total_Net_Wgt",1366014.82,"Tinned Imports"
"Rep. of Korea",2020,"Total_Net_Wgt",1326730.628,"Tinned Imports"
"Rep. of Korea",2021,"Total_Net_Wgt",1450333.828,"Tinned Imports"
"Rep. of Korea",2022,"Total_Net_Wgt",1983560.275,"Tinned Imports"
"Rep. of Korea",2023,"Total_Net_Wgt",4898372.589,"Tinned Imports"
"Rep. of Korea",2024,"Total_Net_Wgt",6831202.194,"Tinned Imports"
"Romania",2000,"Total_Net_Wgt",736935,"Tinned Imports"
"Romania",2001,"Total_Net_Wgt",1325728.38,"Tinned Imports"
"Romania",2003,"Total_Net_Wgt",1548307.16,"Tinned Imports"
"Romania",2004,"Total_Net_Wgt",1665384.17,"Tinned Imports"
"Romania",2005,"Total_Net_Wgt",2358102,"Tinned Imports"
"Romania",2006,"Total_Net_Wgt",3617869.03,"Tinned Imports"
"Romania",2007,"Total_Net_Wgt",2266076.2,"Tinned Imports"
"Romania",2008,"Total_Net_Wgt",2846168.2,"Tinned Imports"
"Romania",2009,"Total_Net_Wgt",1993168.5,"Tinned Imports"
"Romania",2010,"Total_Net_Wgt",1854429.117,"Tinned Imports"
"Romania",2011,"Total_Net_Wgt",2597996.16,"Tinned Imports"
"Romania",2012,"Total_Net_Wgt",3032877.46,"Tinned Imports"
"Romania",2013,"Total_Net_Wgt",2897203.98,"Tinned Imports"
"Romania",2014,"Total_Net_Wgt",3167612,"Tinned Imports"
"Romania",2015,"Total_Net_Wgt",2696366.38,"Tinned Imports"
"Romania",2016,"Total_Net_Wgt",3475196,"Tinned Imports"
"Romania",2017,"Total_Net_Wgt",5070771.8,"Tinned Imports"
"Romania",2018,"Total_Net_Wgt",5171543.071,"Tinned Imports"
"Romania",2019,"Total_Net_Wgt",5458543.73,"Tinned Imports"
"Romania",2020,"Total_Net_Wgt",6498196.4,"Tinned Imports"
"Romania",2021,"Total_Net_Wgt",6883109.86,"Tinned Imports"
"Romania",2022,"Total_Net_Wgt",6765722.3,"Tinned Imports"
"Romania",2023,"Total_Net_Wgt",6459730.577,"Tinned Imports"
"Romania",2024,"Total_Net_Wgt",7520040.702,"Tinned Imports"
"Romania",2025,"Total_Net_Wgt",5450609.47,"Tinned Imports"
"Russian Federation",2013,"Total_Net_Wgt",5452743,"Tinned Imports"
"Russian Federation",2014,"Total_Net_Wgt",6766753,"Tinned Imports"
"Russian Federation",2015,"Total_Net_Wgt",5378541,"Tinned Imports"
"Russian Federation",2016,"Total_Net_Wgt",5840992.76,"Tinned Imports"
"Russian Federation",2017,"Total_Net_Wgt",4185858.28,"Tinned Imports"
"Russian Federation",2018,"Total_Net_Wgt",4663052.69,"Tinned Imports"
"Russian Federation",2019,"Total_Net_Wgt",7054197.04,"Tinned Imports"
"Russian Federation",2020,"Total_Net_Wgt",6715987.984,"Tinned Imports"
"Russian Federation",2021,"Total_Net_Wgt",6354539.13,"Tinned Imports"
"Saudi Arabia",2015,"Total_Net_Wgt",33968730,"Tinned Imports"
"Saudi Arabia",2016,"Total_Net_Wgt",38961000,"Tinned Imports"
"Saudi Arabia",2017,"Total_Net_Wgt",26804000,"Tinned Imports"
"Saudi Arabia",2020,"Total_Net_Wgt",65673444,"Tinned Imports"
"Saudi Arabia",2021,"Total_Net_Wgt",44284308,"Tinned Imports"
"Saudi Arabia",2025,"Total_Net_Wgt",16280065,"Tinned Imports"
"Serbia",2010,"Total_Net_Wgt",5449921,"Tinned Imports"
"Serbia",2011,"Total_Net_Wgt",5560901,"Tinned Imports"
"Serbia",2012,"Total_Net_Wgt",3886604,"Tinned Imports"
"Serbia",2013,"Total_Net_Wgt",3514141,"Tinned Imports"
"Serbia",2014,"Total_Net_Wgt",3088157,"Tinned Imports"
"Serbia",2015,"Total_Net_Wgt",13120449,"Tinned Imports"
"Serbia",2016,"Total_Net_Wgt",4243063,"Tinned Imports"
"Serbia",2017,"Total_Net_Wgt",4794498,"Tinned Imports"
"Serbia",2018,"Total_Net_Wgt",4374915,"Tinned Imports"
"Serbia",2019,"Total_Net_Wgt",4297045,"Tinned Imports"
"Serbia",2020,"Total_Net_Wgt",4377991,"Tinned Imports"
"Serbia",2021,"Total_Net_Wgt",4887703,"Tinned Imports"
"Serbia",2022,"Total_Net_Wgt",5402201,"Tinned Imports"
"Serbia",2023,"Total_Net_Wgt",5092829,"Tinned Imports"
"Serbia",2024,"Total_Net_Wgt",5273429,"Tinned Imports"
"Serbia",2025,"Total_Net_Wgt",4223726,"Tinned Imports"
"Singapore",2010,"Total_Net_Wgt",2316269.26,"Tinned Imports"
"Singapore",2011,"Total_Net_Wgt",2180010.04,"Tinned Imports"
"Singapore",2012,"Total_Net_Wgt",2483658.03,"Tinned Imports"
"Singapore",2013,"Total_Net_Wgt",2530986.47,"Tinned Imports"
"Singapore",2014,"Total_Net_Wgt",2543893.79,"Tinned Imports"
"Singapore",2015,"Total_Net_Wgt",2220541.99,"Tinned Imports"
"Singapore",2016,"Total_Net_Wgt",2690631.827,"Tinned Imports"
"Singapore",2017,"Total_Net_Wgt",2117318.52,"Tinned Imports"
"Singapore",2018,"Total_Net_Wgt",2295462.57,"Tinned Imports"
"Singapore",2019,"Total_Net_Wgt",2361052.07,"Tinned Imports"
"Singapore",2020,"Total_Net_Wgt",6538041.66,"Tinned Imports"
"Singapore",2021,"Total_Net_Wgt",2182229.32,"Tinned Imports"
"Singapore",2022,"Total_Net_Wgt",2125925.59,"Tinned Imports"
"Singapore",2023,"Total_Net_Wgt",1969067.57,"Tinned Imports"
"Singapore",2024,"Total_Net_Wgt",2142775.2,"Tinned Imports"
"Slovakia",2010,"Total_Net_Wgt",1362977.936,"Tinned Imports"
"Slovakia",2011,"Total_Net_Wgt",1760673.758,"Tinned Imports"
"Slovakia",2012,"Total_Net_Wgt",1636975.906,"Tinned Imports"
"Slovakia",2013,"Total_Net_Wgt",1962574.208,"Tinned Imports"
"Slovakia",2014,"Total_Net_Wgt",1974592.368,"Tinned Imports"
"Slovakia",2015,"Total_Net_Wgt",2458666,"Tinned Imports"
"Slovakia",2016,"Total_Net_Wgt",2191443,"Tinned Imports"
"Slovakia",2017,"Total_Net_Wgt",2186989.506,"Tinned Imports"
"Slovakia",2018,"Total_Net_Wgt",2777599,"Tinned Imports"
"Slovakia",2019,"Total_Net_Wgt",3044811,"Tinned Imports"
"Slovakia",2020,"Total_Net_Wgt",3302316,"Tinned Imports"
"Slovakia",2021,"Total_Net_Wgt",2901323.059,"Tinned Imports"
"Slovakia",2022,"Total_Net_Wgt",3791238.27,"Tinned Imports"
"Slovakia",2023,"Total_Net_Wgt",3600257.047,"Tinned Imports"
"Slovakia",2024,"Total_Net_Wgt",3554945.749,"Tinned Imports"
"Slovakia",2025,"Total_Net_Wgt",2725665,"Tinned Imports"
"Slovenia",2010,"Total_Net_Wgt",2658346.554,"Tinned Imports"
"Slovenia",2011,"Total_Net_Wgt",2952364.822,"Tinned Imports"
"Slovenia",2012,"Total_Net_Wgt",2705570.577,"Tinned Imports"
"Slovenia",2013,"Total_Net_Wgt",2666902.066,"Tinned Imports"
"Slovenia",2014,"Total_Net_Wgt",2814873.355,"Tinned Imports"
"Slovenia",2015,"Total_Net_Wgt",2783873.395,"Tinned Imports"
"Slovenia",2016,"Total_Net_Wgt",1552378.251,"Tinned Imports"
"Slovenia",2017,"Total_Net_Wgt",2927124.95,"Tinned Imports"
"Slovenia",2018,"Total_Net_Wgt",2795320.68,"Tinned Imports"
"Slovenia",2019,"Total_Net_Wgt",3016154.997,"Tinned Imports"
"Slovenia",2020,"Total_Net_Wgt",3463222.847,"Tinned Imports"
"Slovenia",2021,"Total_Net_Wgt",3367016.45,"Tinned Imports"
"Slovenia",2022,"Total_Net_Wgt",3487841.103,"Tinned Imports"
"Slovenia",2023,"Total_Net_Wgt",3189400.834,"Tinned Imports"
"Slovenia",2024,"Total_Net_Wgt",3396183.875,"Tinned Imports"
"Slovenia",2025,"Total_Net_Wgt",2422178.964,"Tinned Imports"
"South Africa",2010,"Total_Net_Wgt",12352099.23,"Tinned Imports"
"South Africa",2011,"Total_Net_Wgt",9866276.9,"Tinned Imports"
"South Africa",2012,"Total_Net_Wgt",11769692.05,"Tinned Imports"
"South Africa",2013,"Total_Net_Wgt",12097192.77,"Tinned Imports"
"South Africa",2014,"Total_Net_Wgt",12920188.01,"Tinned Imports"
"South Africa",2015,"Total_Net_Wgt",12537893.5,"Tinned Imports"
"South Africa",2016,"Total_Net_Wgt",7416107.49,"Tinned Imports"
"South Africa",2017,"Total_Net_Wgt",13433807.61,"Tinned Imports"
"South Africa",2018,"Total_Net_Wgt",10361797.5,"Tinned Imports"
"South Africa",2019,"Total_Net_Wgt",13025113.93,"Tinned Imports"
"South Africa",2020,"Total_Net_Wgt",7986505.86,"Tinned Imports"
"South Africa",2021,"Total_Net_Wgt",10360166.29,"Tinned Imports"
"South Africa",2022,"Total_Net_Wgt",9957418.94,"Tinned Imports"
"South Africa",2023,"Total_Net_Wgt",5944322.74,"Tinned Imports"
"South Africa",2024,"Total_Net_Wgt",12565010.96,"Tinned Imports"
"South Africa",2025,"Total_Net_Wgt",6055610.34,"Tinned Imports"
"Spain",2002,"Total_Net_Wgt",23180653.05,"Tinned Imports"
"Spain",2003,"Total_Net_Wgt",39104270.6,"Tinned Imports"
"Spain",2004,"Total_Net_Wgt",38517622.51,"Tinned Imports"
"Spain",2005,"Total_Net_Wgt",62645721.86,"Tinned Imports"
"Spain",2006,"Total_Net_Wgt",75759711.27,"Tinned Imports"
"Spain",2007,"Total_Net_Wgt",74811098.82,"Tinned Imports"
"Spain",2008,"Total_Net_Wgt",80086140.32,"Tinned Imports"
"Spain",2009,"Total_Net_Wgt",95680432.03,"Tinned Imports"
"Spain",2010,"Total_Net_Wgt",93938279.26,"Tinned Imports"
"Spain",2011,"Total_Net_Wgt",89365476.986,"Tinned Imports"
"Spain",2012,"Total_Net_Wgt",88544049.162,"Tinned Imports"
"Spain",2013,"Total_Net_Wgt",90129386.758,"Tinned Imports"
"Spain",2014,"Total_Net_Wgt",97040139.28,"Tinned Imports"
"Spain",2015,"Total_Net_Wgt",116017305.424,"Tinned Imports"
"Spain",2016,"Total_Net_Wgt",95039529.468,"Tinned Imports"
"Spain",2017,"Total_Net_Wgt",122589193.716,"Tinned Imports"
"Spain",2018,"Total_Net_Wgt",128279314.345,"Tinned Imports"
"Spain",2019,"Total_Net_Wgt",154699825.488,"Tinned Imports"
"Spain",2020,"Total_Net_Wgt",138712321.494,"Tinned Imports"
"Spain",2021,"Total_Net_Wgt",138421164.953,"Tinned Imports"
"Spain",2022,"Total_Net_Wgt",164786353.205,"Tinned Imports"
"Spain",2023,"Total_Net_Wgt",140761502.957,"Tinned Imports"
"Spain",2024,"Total_Net_Wgt",173609677.563,"Tinned Imports"
"Spain",2025,"Total_Net_Wgt",168088439.077,"Tinned Imports"
"State of Palestine",2007,"Total_Net_Wgt",3205085.459,"Tinned Imports"
"State of Palestine",2008,"Total_Net_Wgt",2687154.186,"Tinned Imports"
"State of Palestine",2009,"Total_Net_Wgt",1805644.779,"Tinned Imports"
"State of Palestine",2017,"Total_Net_Wgt",1358526.086,"Tinned Imports"
"State of Palestine",2018,"Total_Net_Wgt",1703300.902,"Tinned Imports"
"State of Palestine",2019,"Total_Net_Wgt",2222129.417,"Tinned Imports"
"State of Palestine",2020,"Total_Net_Wgt",2240215.169,"Tinned Imports"
"State of Palestine",2021,"Total_Net_Wgt",1765135.156,"Tinned Imports"
"State of Palestine",2022,"Total_Net_Wgt",2656116.933,"Tinned Imports"
"State of Palestine",2023,"Total_Net_Wgt",1824593.378,"Tinned Imports"
"Sudan",2012,"Total_Net_Wgt",1535938,"Tinned Imports"
"Sudan",2015,"Total_Net_Wgt",842723.624,"Tinned Imports"
"Sudan",2016,"Total_Net_Wgt",963436,"Tinned Imports"
"Sudan",2018,"Total_Net_Wgt",1012483.5,"Tinned Imports"
"Sudan (...2011)",2009,"Total_Net_Wgt",1225893.962,"Tinned Imports"
"Sweden",2010,"Total_Net_Wgt",4905200,"Tinned Imports"
"Sweden",2011,"Total_Net_Wgt",5849300,"Tinned Imports"
"Sweden",2012,"Total_Net_Wgt",5035672.184,"Tinned Imports"
"Sweden",2013,"Total_Net_Wgt",6050368.522,"Tinned Imports"
"Sweden",2014,"Total_Net_Wgt",5997347.864,"Tinned Imports"
"Sweden",2015,"Total_Net_Wgt",5997373.245,"Tinned Imports"
"Sweden",2016,"Total_Net_Wgt",5838358.496,"Tinned Imports"
"Sweden",2017,"Total_Net_Wgt",5451361.066,"Tinned Imports"
"Sweden",2018,"Total_Net_Wgt",6246384.707,"Tinned Imports"
"Sweden",2019,"Total_Net_Wgt",6975010.187,"Tinned Imports"
"Sweden",2020,"Total_Net_Wgt",7336110.806,"Tinned Imports"
"Sweden",2021,"Total_Net_Wgt",5356369.476,"Tinned Imports"
"Sweden",2022,"Total_Net_Wgt",6016414.828,"Tinned Imports"
"Sweden",2023,"Total_Net_Wgt",5607627.178,"Tinned Imports"
"Sweden",2024,"Total_Net_Wgt",6580178.646,"Tinned Imports"
"Sweden",2025,"Total_Net_Wgt",5337902.454,"Tinned Imports"
"Switzerland",2000,"Total_Net_Wgt",7865136,"Tinned Imports"
"Switzerland",2001,"Total_Net_Wgt",7414667,"Tinned Imports"
"Switzerland",2002,"Total_Net_Wgt",7819698,"Tinned Imports"
"Switzerland",2003,"Total_Net_Wgt",8994217,"Tinned Imports"
"Switzerland",2004,"Total_Net_Wgt",8282226,"Tinned Imports"
"Switzerland",2005,"Total_Net_Wgt",7815200,"Tinned Imports"
"Switzerland",2006,"Total_Net_Wgt",8274102,"Tinned Imports"
"Switzerland",2007,"Total_Net_Wgt",8078440,"Tinned Imports"
"Switzerland",2008,"Total_Net_Wgt",8667236,"Tinned Imports"
"Switzerland",2009,"Total_Net_Wgt",8661610,"Tinned Imports"
"Switzerland",2012,"Total_Net_Wgt",7564883.46,"Tinned Imports"
"Switzerland",2013,"Total_Net_Wgt",9383360.193,"Tinned Imports"
"Switzerland",2014,"Total_Net_Wgt",8615736,"Tinned Imports"
"Switzerland",2015,"Total_Net_Wgt",8981496.194,"Tinned Imports"
"Switzerland",2016,"Total_Net_Wgt",8861209.507,"Tinned Imports"
"Switzerland",2017,"Total_Net_Wgt",9177589.329,"Tinned Imports"
"Switzerland",2018,"Total_Net_Wgt",9110836.461,"Tinned Imports"
"Switzerland",2019,"Total_Net_Wgt",8526283.05,"Tinned Imports"
"Switzerland",2020,"Total_Net_Wgt",10176666,"Tinned Imports"
"Switzerland",2021,"Total_Net_Wgt",8952642.211,"Tinned Imports"
"Switzerland",2022,"Total_Net_Wgt",10242753.103,"Tinned Imports"
"Switzerland",2023,"Total_Net_Wgt",8695053.774,"Tinned Imports"
"Switzerland",2024,"Total_Net_Wgt",10120425.784,"Tinned Imports"
"Switzerland",2025,"Total_Net_Wgt",9588829.285,"Tinned Imports"
"Thailand",2010,"Total_Net_Wgt",588726990,"Tinned Imports"
"Thailand",2011,"Total_Net_Wgt",404698786,"Tinned Imports"
"Thailand",2012,"Total_Net_Wgt",30105690,"Tinned Imports"
"Thailand",2013,"Total_Net_Wgt",26107094,"Tinned Imports"
"Thailand",2014,"Total_Net_Wgt",26921788,"Tinned Imports"
"Thailand",2015,"Total_Net_Wgt",32673723.542,"Tinned Imports"
"Thailand",2016,"Total_Net_Wgt",35260291.556,"Tinned Imports"
"Thailand",2017,"Total_Net_Wgt",23271113.549,"Tinned Imports"
"Thailand",2018,"Total_Net_Wgt",26854601.962,"Tinned Imports"
"Thailand",2019,"Total_Net_Wgt",32495036.985,"Tinned Imports"
"Thailand",2020,"Total_Net_Wgt",43312081.844,"Tinned Imports"
"Thailand",2021,"Total_Net_Wgt",39737342.068,"Tinned Imports"
"Thailand",2022,"Total_Net_Wgt",54327748.61,"Tinned Imports"
"Thailand",2023,"Total_Net_Wgt",57435608.347,"Tinned Imports"
"Thailand",2024,"Total_Net_Wgt",75119193.604,"Tinned Imports"
"Thailand",2025,"Total_Net_Wgt",10319262.102,"Tinned Imports"
"Trinidad and Tobago",2011,"Total_Net_Wgt",1438216,"Tinned Imports"
"Trinidad and Tobago",2012,"Total_Net_Wgt",1386477,"Tinned Imports"
"Trinidad and Tobago",2013,"Total_Net_Wgt",1465012,"Tinned Imports"
"Trinidad and Tobago",2014,"Total_Net_Wgt",1741183,"Tinned Imports"
"Trinidad and Tobago",2015,"Total_Net_Wgt",1517317,"Tinned Imports"
"Trinidad and Tobago",2016,"Total_Net_Wgt",1333645,"Tinned Imports"
"Trinidad and Tobago",2017,"Total_Net_Wgt",1347707,"Tinned Imports"
"Trinidad and Tobago",2018,"Total_Net_Wgt",1675138,"Tinned Imports"
"Trinidad and Tobago",2019,"Total_Net_Wgt",1768088,"Tinned Imports"
"Trinidad and Tobago",2020,"Total_Net_Wgt",2172598,"Tinned Imports"
"Trinidad and Tobago",2021,"Total_Net_Wgt",1778250,"Tinned Imports"
"Trinidad and Tobago",2023,"Total_Net_Wgt",1830135,"Tinned Imports"
"Trinidad and Tobago",2024,"Total_Net_Wgt",2218794,"Tinned Imports"
"Tunisia",2014,"Total_Net_Wgt",10118016,"Tinned Imports"
"Türkiye",2014,"Total_Net_Wgt",1012793,"Tinned Imports"
"Türkiye",2015,"Total_Net_Wgt",1030266,"Tinned Imports"
"Türkiye",2016,"Total_Net_Wgt",1004084,"Tinned Imports"
"Türkiye",2017,"Total_Net_Wgt",862973,"Tinned Imports"
"Türkiye",2019,"Total_Net_Wgt",1139595,"Tinned Imports"
"Türkiye",2020,"Total_Net_Wgt",2769090,"Tinned Imports"
"Türkiye",2021,"Total_Net_Wgt",2604630,"Tinned Imports"
"Türkiye",2022,"Total_Net_Wgt",3145170,"Tinned Imports"
"Türkiye",2023,"Total_Net_Wgt",2361601,"Tinned Imports"
"Türkiye",2024,"Total_Net_Wgt",4080870,"Tinned Imports"
"Türkiye",2025,"Total_Net_Wgt",2158480,"Tinned Imports"
"USA",2010,"Total_Net_Wgt",20545557,"Tinned Imports"
"USA",2016,"Total_Net_Wgt",190344128,"Tinned Imports"
"USA",2017,"Total_Net_Wgt",197498517,"Tinned Imports"
"USA",2018,"Total_Net_Wgt",208737035,"Tinned Imports"
"USA",2019,"Total_Net_Wgt",212933634,"Tinned Imports"
"USA",2020,"Total_Net_Wgt",260464122,"Tinned Imports"
"USA",2021,"Total_Net_Wgt",203216301,"Tinned Imports"
"USA",2022,"Total_Net_Wgt",254941605.691,"Tinned Imports"
"USA",2023,"Total_Net_Wgt",217858533,"Tinned Imports"
"USA",2024,"Total_Net_Wgt",230557050,"Tinned Imports"
"USA",2025,"Total_Net_Wgt",182572619,"Tinned Imports"
"Ukraine",2013,"Total_Net_Wgt",996438.03,"Tinned Imports"
"Ukraine",2017,"Total_Net_Wgt",1124492.86,"Tinned Imports"
"Ukraine",2018,"Total_Net_Wgt",1172035.66,"Tinned Imports"
"Ukraine",2019,"Total_Net_Wgt",2399072.11,"Tinned Imports"
"Ukraine",2020,"Total_Net_Wgt",3009128.12,"Tinned Imports"
"Ukraine",2021,"Total_Net_Wgt",3419890.94,"Tinned Imports"
"Ukraine",2022,"Total_Net_Wgt",2472997.3,"Tinned Imports"
"Ukraine",2023,"Total_Net_Wgt",3269779.668,"Tinned Imports"
"Ukraine",2024,"Total_Net_Wgt",4371030.305,"Tinned Imports"
"Ukraine",2025,"Total_Net_Wgt",3716627.67,"Tinned Imports"
"United Arab Emirates",2017,"Total_Net_Wgt",31280959.43,"Tinned Imports"
"United Arab Emirates",2018,"Total_Net_Wgt",23354429.18,"Tinned Imports"
"United Arab Emirates",2019,"Total_Net_Wgt",23988738.04,"Tinned Imports"
"United Kingdom",2010,"Total_Net_Wgt",96044034,"Tinned Imports"
"United Kingdom",2011,"Total_Net_Wgt",104259194,"Tinned Imports"
"United Kingdom",2012,"Total_Net_Wgt",99324381,"Tinned Imports"
"United Kingdom",2013,"Total_Net_Wgt",107798785,"Tinned Imports"
"United Kingdom",2014,"Total_Net_Wgt",104299436,"Tinned Imports"
"United Kingdom",2015,"Total_Net_Wgt",112616912,"Tinned Imports"
"United Kingdom",2016,"Total_Net_Wgt",113983626,"Tinned Imports"
"United Kingdom",2017,"Total_Net_Wgt",107824474,"Tinned Imports"
"United Kingdom",2018,"Total_Net_Wgt",104899482.246,"Tinned Imports"
"United Kingdom",2019,"Total_Net_Wgt",103661082.752,"Tinned Imports"
"United Kingdom",2020,"Total_Net_Wgt",99335574,"Tinned Imports"
"United Kingdom",2021,"Total_Net_Wgt",93920488.803,"Tinned Imports"
"United Kingdom",2022,"Total_Net_Wgt",96421222,"Tinned Imports"
"United Kingdom",2023,"Total_Net_Wgt",88114794,"Tinned Imports"
"United Kingdom",2024,"Total_Net_Wgt",101455536.231,"Tinned Imports"
"United Kingdom",2025,"Total_Net_Wgt",89547677.066,"Tinned Imports"
"Uruguay",2012,"Total_Net_Wgt",901541.506,"Tinned Imports"
"Uruguay",2014,"Total_Net_Wgt",1364999.09,"Tinned Imports"
"Uruguay",2019,"Total_Net_Wgt",1843790.23,"Tinned Imports"
"Uruguay",2020,"Total_Net_Wgt",2063562.68,"Tinned Imports"
"Uruguay",2021,"Total_Net_Wgt",2077241.21,"Tinned Imports"
"Uruguay",2022,"Total_Net_Wgt",2244610.46,"Tinned Imports"
"Uruguay",2023,"Total_Net_Wgt",2470375.18,"Tinned Imports"
"Viet Nam",2017,"Total_Net_Wgt",1853235.867,"Tinned Imports"
"Viet Nam",2018,"Total_Net_Wgt",3068123.201,"Tinned Imports"
"Viet Nam",2019,"Total_Net_Wgt",2423141.779,"Tinned Imports"
"Viet Nam",2020,"Total_Net_Wgt",2941234.646,"Tinned Imports"
"Viet Nam",2021,"Total_Net_Wgt",3064832.226,"Tinned Imports"
"Viet Nam",2022,"Total_Net_Wgt",2806787.839,"Tinned Imports"
"Viet Nam",2023,"Total_Net_Wgt",5638670.173,"Tinned Imports"
"Yemen",2012,"Total_Net_Wgt",12123316.5,"Tinned Imports"
"Yemen",2015,"Total_Net_Wgt",3869945.3,"Tinned Imports"
"Yemen",2016,"Total_Net_Wgt",2498820,"Tinned Imports"
"Yemen",2018,"Total_Net_Wgt",1515685,"Tinned Imports"
"Yemen",2019,"Total_Net_Wgt",4447377,"Tinned Imports"
"Algeria",2010,"Total_Primary_Value",8298861.763,"Tinned Imports"
"Algeria",2011,"Total_Primary_Value",6487811.24,"Tinned Imports"
"Algeria",2012,"Total_Primary_Value",8895825,"Tinned Imports"
"Algeria",2013,"Total_Primary_Value",15481797.609,"Tinned Imports"
"Algeria",2014,"Total_Primary_Value",16479632.961,"Tinned Imports"
"Algeria",2015,"Total_Primary_Value",18915133.53,"Tinned Imports"
"Algeria",2016,"Total_Primary_Value",25315556.59,"Tinned Imports"
"Algeria",2017,"Total_Primary_Value",5364495.617,"Tinned Imports"
"Angola",2015,"Total_Primary_Value",17553015.87,"Tinned Imports"
"Angola",2016,"Total_Primary_Value",16924814.31,"Tinned Imports"
"Angola",2017,"Total_Primary_Value",16667799.73,"Tinned Imports"
"Angola",2018,"Total_Primary_Value",17650816.959,"Tinned Imports"
"Angola",2019,"Total_Primary_Value",9251767.305,"Tinned Imports"
"Angola",2020,"Total_Primary_Value",5145011.221,"Tinned Imports"
"Angola",2021,"Total_Primary_Value",5256793.425,"Tinned Imports"
"Angola",2022,"Total_Primary_Value",11170877.621,"Tinned Imports"
"Angola",2023,"Total_Primary_Value",7526748.276,"Tinned Imports"
"Argentina",2010,"Total_Primary_Value",40151345.87,"Tinned Imports"
"Argentina",2011,"Total_Primary_Value",59706272.08,"Tinned Imports"
"Argentina",2012,"Total_Primary_Value",76803279.89,"Tinned Imports"
"Argentina",2013,"Total_Primary_Value",77146919.97,"Tinned Imports"
"Argentina",2014,"Total_Primary_Value",55008296.39,"Tinned Imports"
"Argentina",2015,"Total_Primary_Value",63387195.8,"Tinned Imports"
"Argentina",2016,"Total_Primary_Value",64930226.59,"Tinned Imports"
"Argentina",2017,"Total_Primary_Value",79173179.02,"Tinned Imports"
"Argentina",2018,"Total_Primary_Value",92857099.26,"Tinned Imports"
"Argentina",2019,"Total_Primary_Value",55822419.17,"Tinned Imports"
"Argentina",2020,"Total_Primary_Value",57389815.63,"Tinned Imports"
"Argentina",2021,"Total_Primary_Value",78196511.9,"Tinned Imports"
"Argentina",2022,"Total_Primary_Value",91649980.22,"Tinned Imports"
"Argentina",2023,"Total_Primary_Value",90493204.55,"Tinned Imports"
"Argentina",2024,"Total_Primary_Value",94673527.74,"Tinned Imports"
"Argentina",2025,"Total_Primary_Value",84855993.5,"Tinned Imports"
"Australia",2010,"Total_Primary_Value",174485897.948,"Tinned Imports"
"Australia",2011,"Total_Primary_Value",209181513.986,"Tinned Imports"
"Australia",2012,"Total_Primary_Value",251997661.693,"Tinned Imports"
"Australia",2013,"Total_Primary_Value",268724670.729,"Tinned Imports"
"Australia",2014,"Total_Primary_Value",248967014.118,"Tinned Imports"
"Australia",2015,"Total_Primary_Value",217662553.883,"Tinned Imports"
"Australia",2016,"Total_Primary_Value",211505358.542,"Tinned Imports"
"Australia",2017,"Total_Primary_Value",226313955.206,"Tinned Imports"
"Australia",2018,"Total_Primary_Value",241997939.62,"Tinned Imports"
"Australia",2019,"Total_Primary_Value",221975622.914,"Tinned Imports"
"Australia",2020,"Total_Primary_Value",208391729.506,"Tinned Imports"
"Australia",2021,"Total_Primary_Value",197479798.155,"Tinned Imports"
"Australia",2022,"Total_Primary_Value",267407150.335,"Tinned Imports"
"Australia",2023,"Total_Primary_Value",214327035.823,"Tinned Imports"
"Australia",2024,"Total_Primary_Value",252592809.687,"Tinned Imports"
"Australia",2025,"Total_Primary_Value",217023521.902,"Tinned Imports"
"Austria",2010,"Total_Primary_Value",42334771.177,"Tinned Imports"
"Austria",2011,"Total_Primary_Value",60072844.399,"Tinned Imports"
"Austria",2012,"Total_Primary_Value",66392009.955,"Tinned Imports"
"Austria",2013,"Total_Primary_Value",68888416.198,"Tinned Imports"
"Austria",2014,"Total_Primary_Value",55266631.259,"Tinned Imports"
"Austria",2015,"Total_Primary_Value",52949775.396,"Tinned Imports"
"Austria",2016,"Total_Primary_Value",54031750.323,"Tinned Imports"
"Austria",2017,"Total_Primary_Value",31270704.548,"Tinned Imports"
"Austria",2022,"Total_Primary_Value",66246841.493,"Tinned Imports"
"Bahrain",2017,"Total_Primary_Value",4752134.709,"Tinned Imports"
"Barbados",2011,"Total_Primary_Value",3803367.5,"Tinned Imports"
"Barbados",2012,"Total_Primary_Value",4604204,"Tinned Imports"
"Barbados",2013,"Total_Primary_Value",3311613,"Tinned Imports"
"Barbados",2014,"Total_Primary_Value",4424744.5,"Tinned Imports"
"Barbados",2015,"Total_Primary_Value",4512265,"Tinned Imports"
"Barbados",2016,"Total_Primary_Value",4696343.5,"Tinned Imports"
"Barbados",2017,"Total_Primary_Value",5924212,"Tinned Imports"
"Barbados",2018,"Total_Primary_Value",6564805,"Tinned Imports"
"Barbados",2019,"Total_Primary_Value",5760268.5,"Tinned Imports"
"Barbados",2020,"Total_Primary_Value",6984782.5,"Tinned Imports"
"Barbados",2021,"Total_Primary_Value",6930788,"Tinned Imports"
"Barbados",2022,"Total_Primary_Value",8380803,"Tinned Imports"
"Barbados",2023,"Total_Primary_Value",4919596.5,"Tinned Imports"
"Barbados",2024,"Total_Primary_Value",6112053,"Tinned Imports"
"Belgium",2010,"Total_Primary_Value",57558735.769,"Tinned Imports"
"Belgium",2011,"Total_Primary_Value",75526885.372,"Tinned Imports"
"Belgium",2012,"Total_Primary_Value",79817278.157,"Tinned Imports"
"Belgium",2013,"Total_Primary_Value",90553534.925,"Tinned Imports"
"Belgium",2014,"Total_Primary_Value",91683597.383,"Tinned Imports"
"Belgium",2015,"Total_Primary_Value",62690525.038,"Tinned Imports"
"Belgium",2016,"Total_Primary_Value",63509789.425,"Tinned Imports"
"Belgium",2017,"Total_Primary_Value",83374691.735,"Tinned Imports"
"Belgium",2018,"Total_Primary_Value",100649770.653,"Tinned Imports"
"Belgium",2019,"Total_Primary_Value",72511548.01,"Tinned Imports"
"Belgium",2020,"Total_Primary_Value",75302985.387,"Tinned Imports"
"Belgium",2021,"Total_Primary_Value",74758219.148,"Tinned Imports"
"Belgium",2022,"Total_Primary_Value",76178121.606,"Tinned Imports"
"Belgium",2023,"Total_Primary_Value",81853658.627,"Tinned Imports"
"Belgium",2024,"Total_Primary_Value",76618254.409,"Tinned Imports"
"Belgium",2025,"Total_Primary_Value",70860513.28,"Tinned Imports"
"Bosnia Herzegovina",2010,"Total_Primary_Value",6791328.994,"Tinned Imports"
"Bosnia Herzegovina",2011,"Total_Primary_Value",6251468,"Tinned Imports"
"Bosnia Herzegovina",2012,"Total_Primary_Value",6226007,"Tinned Imports"
"Bosnia Herzegovina",2013,"Total_Primary_Value",7320281,"Tinned Imports"
"Bosnia Herzegovina",2014,"Total_Primary_Value",8935031,"Tinned Imports"
"Bosnia Herzegovina",2015,"Total_Primary_Value",6197271,"Tinned Imports"
"Bosnia Herzegovina",2016,"Total_Primary_Value",8369066,"Tinned Imports"
"Bosnia Herzegovina",2017,"Total_Primary_Value",8661390.62,"Tinned Imports"
"Bosnia Herzegovina",2018,"Total_Primary_Value",9451492.28,"Tinned Imports"
"Bosnia Herzegovina",2019,"Total_Primary_Value",12127852.57,"Tinned Imports"
"Bosnia Herzegovina",2020,"Total_Primary_Value",9947781.99,"Tinned Imports"
"Bosnia Herzegovina",2021,"Total_Primary_Value",9339052.61,"Tinned Imports"
"Bosnia Herzegovina",2022,"Total_Primary_Value",13096939.81,"Tinned Imports"
"Bosnia Herzegovina",2023,"Total_Primary_Value",12726653.938,"Tinned Imports"
"Bosnia Herzegovina",2024,"Total_Primary_Value",14417923.323,"Tinned Imports"
"Bosnia Herzegovina",2025,"Total_Primary_Value",11102556.329,"Tinned Imports"
"Brazil",2000,"Total_Primary_Value",1646729,"Tinned Imports"
"Brazil",2007,"Total_Primary_Value",2755585,"Tinned Imports"
"Brazil",2009,"Total_Primary_Value",5143366,"Tinned Imports"
"Brazil",2010,"Total_Primary_Value",9431182,"Tinned Imports"
"Brazil",2011,"Total_Primary_Value",14902321,"Tinned Imports"
"Brazil",2012,"Total_Primary_Value",15007736,"Tinned Imports"
"Brazil",2013,"Total_Primary_Value",28360389,"Tinned Imports"
"Brazil",2014,"Total_Primary_Value",41994303,"Tinned Imports"
"Brazil",2015,"Total_Primary_Value",33244231,"Tinned Imports"
"Brazil",2016,"Total_Primary_Value",28279178,"Tinned Imports"
"Brazil",2017,"Total_Primary_Value",20626042,"Tinned Imports"
"Brazil",2018,"Total_Primary_Value",24005097,"Tinned Imports"
"Brazil",2019,"Total_Primary_Value",11648244,"Tinned Imports"
"Brazil",2020,"Total_Primary_Value",7724843,"Tinned Imports"
"Brazil",2021,"Total_Primary_Value",6810905,"Tinned Imports"
"Brazil",2022,"Total_Primary_Value",10327596,"Tinned Imports"
"Brazil",2024,"Total_Primary_Value",10404515,"Tinned Imports"
"Brazil",2025,"Total_Primary_Value",16080713,"Tinned Imports"
"Bulgaria",2013,"Total_Primary_Value",4083184.54,"Tinned Imports"
"Bulgaria",2014,"Total_Primary_Value",4194878.539,"Tinned Imports"
"Bulgaria",2016,"Total_Primary_Value",3269427.25,"Tinned Imports"
"Bulgaria",2018,"Total_Primary_Value",4231364.334,"Tinned Imports"
"Bulgaria",2019,"Total_Primary_Value",4292880.227,"Tinned Imports"
"Bulgaria",2020,"Total_Primary_Value",6549176.417,"Tinned Imports"
"Bulgaria",2021,"Total_Primary_Value",6696857.888,"Tinned Imports"
"Bulgaria",2022,"Total_Primary_Value",7552154.998,"Tinned Imports"
"Bulgaria",2023,"Total_Primary_Value",8547554.64,"Tinned Imports"
"Canada",2010,"Total_Primary_Value",127913197.241,"Tinned Imports"
"Canada",2011,"Total_Primary_Value",140291531.423,"Tinned Imports"
"Canada",2012,"Total_Primary_Value",151656533.942,"Tinned Imports"
"Canada",2013,"Total_Primary_Value",183508056.396,"Tinned Imports"
"Canada",2014,"Total_Primary_Value",151755775.263,"Tinned Imports"
"Canada",2015,"Total_Primary_Value",159986772.865,"Tinned Imports"
"Canada",2016,"Total_Primary_Value",141011051.481,"Tinned Imports"
"Canada",2017,"Total_Primary_Value",148412877.237,"Tinned Imports"
"Canada",2018,"Total_Primary_Value",167722100.383,"Tinned Imports"
"Canada",2019,"Total_Primary_Value",162174580.748,"Tinned Imports"
"Canada",2020,"Total_Primary_Value",166108275.408,"Tinned Imports"
"Canada",2021,"Total_Primary_Value",155540976.948,"Tinned Imports"
"Canada",2022,"Total_Primary_Value",192066986.726,"Tinned Imports"
"Canada",2023,"Total_Primary_Value",173269868.287,"Tinned Imports"
"Canada",2024,"Total_Primary_Value",197243570.647,"Tinned Imports"
"Canada",2025,"Total_Primary_Value",147428128.464,"Tinned Imports"
"Chile",2003,"Total_Primary_Value",15493326.946,"Tinned Imports"
"Chile",2004,"Total_Primary_Value",18314816.093,"Tinned Imports"
"Chile",2005,"Total_Primary_Value",20723483.259,"Tinned Imports"
"Chile",2006,"Total_Primary_Value",25103173.194,"Tinned Imports"
"Chile",2007,"Total_Primary_Value",26038484.178,"Tinned Imports"
"Chile",2008,"Total_Primary_Value",35022066.579,"Tinned Imports"
"Chile",2009,"Total_Primary_Value",27298178.464,"Tinned Imports"
"Chile",2010,"Total_Primary_Value",41644195.261,"Tinned Imports"
"Chile",2011,"Total_Primary_Value",53894813.21,"Tinned Imports"
"Chile",2012,"Total_Primary_Value",57745264.803,"Tinned Imports"
"Chile",2013,"Total_Primary_Value",88796870.46,"Tinned Imports"
"Chile",2014,"Total_Primary_Value",77868317.68,"Tinned Imports"
"Chile",2015,"Total_Primary_Value",72989226.498,"Tinned Imports"
"Chile",2016,"Total_Primary_Value",56660616.664,"Tinned Imports"
"Chile",2017,"Total_Primary_Value",80951256.425,"Tinned Imports"
"Chile",2018,"Total_Primary_Value",83941436.458,"Tinned Imports"
"Chile",2019,"Total_Primary_Value",86393812.559,"Tinned Imports"
"Chile",2020,"Total_Primary_Value",99370911.153,"Tinned Imports"
"Chile",2021,"Total_Primary_Value",87399238.874,"Tinned Imports"
"Chile",2022,"Total_Primary_Value",111575693.552,"Tinned Imports"
"Chile",2023,"Total_Primary_Value",111347168.438,"Tinned Imports"
"Chile",2024,"Total_Primary_Value",137709627.299,"Tinned Imports"
"Chile",2025,"Total_Primary_Value",131622540.1,"Tinned Imports"
"China",2010,"Total_Primary_Value",5227154.688,"Tinned Imports"
"China",2011,"Total_Primary_Value",9652942.191,"Tinned Imports"
"China",2012,"Total_Primary_Value",6040381.713,"Tinned Imports"
"China",2015,"Total_Primary_Value",9556857.525,"Tinned Imports"
"China",2016,"Total_Primary_Value",21751917.398,"Tinned Imports"
"China",2017,"Total_Primary_Value",22429661.048,"Tinned Imports"
"China",2018,"Total_Primary_Value",28245062.225,"Tinned Imports"
"China",2019,"Total_Primary_Value",27625788.545,"Tinned Imports"
"China",2020,"Total_Primary_Value",30621310.175,"Tinned Imports"
"China",2021,"Total_Primary_Value",26000270.632,"Tinned Imports"
"China",2022,"Total_Primary_Value",29800259.426,"Tinned Imports"
"China",2023,"Total_Primary_Value",33434411.253,"Tinned Imports"
"China",2024,"Total_Primary_Value",25165420.131,"Tinned Imports"
"China",2025,"Total_Primary_Value",11147306.519,"Tinned Imports"
"Colombia",2010,"Total_Primary_Value",28272115.72,"Tinned Imports"
"Colombia",2014,"Total_Primary_Value",154701909.62,"Tinned Imports"
"Colombia",2015,"Total_Primary_Value",18030756.06,"Tinned Imports"
"Colombia",2016,"Total_Primary_Value",124858316.21,"Tinned Imports"
"Colombia",2017,"Total_Primary_Value",120291367.21,"Tinned Imports"
"Colombia",2018,"Total_Primary_Value",157915545.11,"Tinned Imports"
"Colombia",2019,"Total_Primary_Value",145572197.82,"Tinned Imports"
"Colombia",2020,"Total_Primary_Value",197357755.31,"Tinned Imports"
"Colombia",2021,"Total_Primary_Value",168783430.17,"Tinned Imports"
"Colombia",2022,"Total_Primary_Value",165377846,"Tinned Imports"
"Colombia",2023,"Total_Primary_Value",152610133.11,"Tinned Imports"
"Colombia",2024,"Total_Primary_Value",33288259.21,"Tinned Imports"
"Colombia",2025,"Total_Primary_Value",107996658.16,"Tinned Imports"
"Costa Rica",2018,"Total_Primary_Value",6493539.57,"Tinned Imports"
"Costa Rica",2020,"Total_Primary_Value",9066123.88,"Tinned Imports"
"Croatia",2010,"Total_Primary_Value",11768856,"Tinned Imports"
"Croatia",2011,"Total_Primary_Value",12275485,"Tinned Imports"
"Croatia",2012,"Total_Primary_Value",11554301,"Tinned Imports"
"Croatia",2013,"Total_Primary_Value",12287747,"Tinned Imports"
"Croatia",2014,"Total_Primary_Value",14842024,"Tinned Imports"
"Croatia",2015,"Total_Primary_Value",11791776,"Tinned Imports"
"Croatia",2016,"Total_Primary_Value",10414470,"Tinned Imports"
"Croatia",2017,"Total_Primary_Value",14599320,"Tinned Imports"
"Croatia",2018,"Total_Primary_Value",19369988,"Tinned Imports"
"Croatia",2019,"Total_Primary_Value",22242340,"Tinned Imports"
"Croatia",2020,"Total_Primary_Value",21663567,"Tinned Imports"
"Croatia",2021,"Total_Primary_Value",23345000,"Tinned Imports"
"Croatia",2022,"Total_Primary_Value",21499418,"Tinned Imports"
"Croatia",2023,"Total_Primary_Value",25864396,"Tinned Imports"
"Croatia",2024,"Total_Primary_Value",32997466,"Tinned Imports"
"Croatia",2025,"Total_Primary_Value",27967070,"Tinned Imports"
"Cyprus",2010,"Total_Primary_Value",8325990.872,"Tinned Imports"
"Cyprus",2011,"Total_Primary_Value",8401794.47,"Tinned Imports"
"Cyprus",2012,"Total_Primary_Value",8198521.413,"Tinned Imports"
"Cyprus",2013,"Total_Primary_Value",11093106.878,"Tinned Imports"
"Cyprus",2014,"Total_Primary_Value",10058667.163,"Tinned Imports"
"Cyprus",2015,"Total_Primary_Value",7823547.557,"Tinned Imports"
"Cyprus",2016,"Total_Primary_Value",7813996.511,"Tinned Imports"
"Cyprus",2017,"Total_Primary_Value",8555391.29,"Tinned Imports"
"Cyprus",2018,"Total_Primary_Value",10830690.952,"Tinned Imports"
"Cyprus",2019,"Total_Primary_Value",9097441.977,"Tinned Imports"
"Cyprus",2020,"Total_Primary_Value",8524031.698,"Tinned Imports"
"Cyprus",2021,"Total_Primary_Value",6302850.829,"Tinned Imports"
"Cyprus",2022,"Total_Primary_Value",8775616.526,"Tinned Imports"
"Cyprus",2023,"Total_Primary_Value",10333528.292,"Tinned Imports"
"Cyprus",2024,"Total_Primary_Value",12322386.762,"Tinned Imports"
"Czechia",2010,"Total_Primary_Value",12313097.976,"Tinned Imports"
"Czechia",2011,"Total_Primary_Value",17223711.724,"Tinned Imports"
"Czechia",2012,"Total_Primary_Value",21137019.179,"Tinned Imports"
"Czechia",2013,"Total_Primary_Value",21629699,"Tinned Imports"
"Czechia",2014,"Total_Primary_Value",30026251,"Tinned Imports"
"Czechia",2015,"Total_Primary_Value",25748389,"Tinned Imports"
"Czechia",2016,"Total_Primary_Value",27636379,"Tinned Imports"
"Czechia",2017,"Total_Primary_Value",33259299,"Tinned Imports"
"Czechia",2018,"Total_Primary_Value",44668604,"Tinned Imports"
"Czechia",2019,"Total_Primary_Value",44335220,"Tinned Imports"
"Czechia",2020,"Total_Primary_Value",44022043,"Tinned Imports"
"Czechia",2021,"Total_Primary_Value",45950571,"Tinned Imports"
"Czechia",2022,"Total_Primary_Value",46518373,"Tinned Imports"
"Czechia",2023,"Total_Primary_Value",53391564,"Tinned Imports"
"Czechia",2024,"Total_Primary_Value",59206094,"Tinned Imports"
"Czechia",2025,"Total_Primary_Value",64202726,"Tinned Imports"
"Denmark",2010,"Total_Primary_Value",30740638.132,"Tinned Imports"
"Denmark",2011,"Total_Primary_Value",37470847.898,"Tinned Imports"
"Denmark",2012,"Total_Primary_Value",36058691.139,"Tinned Imports"
"Denmark",2013,"Total_Primary_Value",60741789.509,"Tinned Imports"
"Denmark",2014,"Total_Primary_Value",43749404.628,"Tinned Imports"
"Denmark",2015,"Total_Primary_Value",31856670.324,"Tinned Imports"
"Denmark",2016,"Total_Primary_Value",36697191.605,"Tinned Imports"
"Denmark",2017,"Total_Primary_Value",41109135.613,"Tinned Imports"
"Denmark",2018,"Total_Primary_Value",39450383.762,"Tinned Imports"
"Denmark",2019,"Total_Primary_Value",33631458.54,"Tinned Imports"
"Denmark",2020,"Total_Primary_Value",32673642.513,"Tinned Imports"
"Denmark",2021,"Total_Primary_Value",32120950.679,"Tinned Imports"
"Denmark",2022,"Total_Primary_Value",31855267.306,"Tinned Imports"
"Denmark",2023,"Total_Primary_Value",37750376.932,"Tinned Imports"
"Denmark",2024,"Total_Primary_Value",45528322.749,"Tinned Imports"
"Denmark",2025,"Total_Primary_Value",40523249.127,"Tinned Imports"
"Dominican Rep.",2002,"Total_Primary_Value",6663352.007,"Tinned Imports"
"Dominican Rep.",2003,"Total_Primary_Value",4165425.564,"Tinned Imports"
"Dominican Rep.",2004,"Total_Primary_Value",3740405.65,"Tinned Imports"
"Dominican Rep.",2005,"Total_Primary_Value",4774052.47,"Tinned Imports"
"Dominican Rep.",2006,"Total_Primary_Value",6819588.732,"Tinned Imports"
"Dominican Rep.",2007,"Total_Primary_Value",7734631.73,"Tinned Imports"
"Dominican Rep.",2008,"Total_Primary_Value",10373669.09,"Tinned Imports"
"Dominican Rep.",2009,"Total_Primary_Value",9593724.568,"Tinned Imports"
"Dominican Rep.",2014,"Total_Primary_Value",12288077.335,"Tinned Imports"
"Dominican Rep.",2015,"Total_Primary_Value",13055921.667,"Tinned Imports"
"Dominican Rep.",2016,"Total_Primary_Value",13763819.803,"Tinned Imports"
"Dominican Rep.",2017,"Total_Primary_Value",17041042.287,"Tinned Imports"
"Dominican Rep.",2018,"Total_Primary_Value",19884026.612,"Tinned Imports"
"Dominican Rep.",2019,"Total_Primary_Value",19564802.408,"Tinned Imports"
"Dominican Rep.",2020,"Total_Primary_Value",25631466.135,"Tinned Imports"
"Dominican Rep.",2021,"Total_Primary_Value",23178627.54,"Tinned Imports"
"Dominican Rep.",2022,"Total_Primary_Value",26862150.398,"Tinned Imports"
"Dominican Rep.",2023,"Total_Primary_Value",28752671.716,"Tinned Imports"
"Dominican Rep.",2024,"Total_Primary_Value",29939134.421,"Tinned Imports"
"Egypt",2010,"Total_Primary_Value",96757708.51,"Tinned Imports"
"Egypt",2015,"Total_Primary_Value",171129205.085,"Tinned Imports"
"Egypt",2016,"Total_Primary_Value",196453709.83,"Tinned Imports"
"Egypt",2017,"Total_Primary_Value",82723533.049,"Tinned Imports"
"Egypt",2018,"Total_Primary_Value",179382973.763,"Tinned Imports"
"Egypt",2019,"Total_Primary_Value",154630458.733,"Tinned Imports"
"Egypt",2020,"Total_Primary_Value",175796959.014,"Tinned Imports"
"Egypt",2021,"Total_Primary_Value",230269300.63,"Tinned Imports"
"Egypt",2022,"Total_Primary_Value",255047297.009,"Tinned Imports"
"Egypt",2023,"Total_Primary_Value",79432008.076,"Tinned Imports"
"Egypt",2024,"Total_Primary_Value",132221928.317,"Tinned Imports"
"Egypt",2025,"Total_Primary_Value",119689928.264,"Tinned Imports"
"El Salvador",2012,"Total_Primary_Value",5455043.26,"Tinned Imports"
"El Salvador",2013,"Total_Primary_Value",3747431.97,"Tinned Imports"
"El Salvador",2017,"Total_Primary_Value",4713511.3,"Tinned Imports"
"Estonia",2014,"Total_Primary_Value",1336197.634,"Tinned Imports"
"Ethiopia",2016,"Total_Primary_Value",2174811.459,"Tinned Imports"
"Ethiopia",2017,"Total_Primary_Value",1637979.421,"Tinned Imports"
"Fiji",2014,"Total_Primary_Value",4610317.469,"Tinned Imports"
"Fiji",2015,"Total_Primary_Value",7357731.939,"Tinned Imports"
"Fiji",2016,"Total_Primary_Value",6364947.584,"Tinned Imports"
"Fiji",2017,"Total_Primary_Value",5745327.201,"Tinned Imports"
"Fiji",2018,"Total_Primary_Value",6317384.614,"Tinned Imports"
"Fiji",2019,"Total_Primary_Value",5456888.664,"Tinned Imports"
"Fiji",2020,"Total_Primary_Value",6497216.7,"Tinned Imports"
"Fiji",2021,"Total_Primary_Value",5938805.32,"Tinned Imports"
"Fiji",2022,"Total_Primary_Value",4502593.234,"Tinned Imports"
"Fiji",2023,"Total_Primary_Value",7660670.352,"Tinned Imports"
"Fiji",2024,"Total_Primary_Value",8895182.087,"Tinned Imports"
"Fiji",2025,"Total_Primary_Value",6136320.739,"Tinned Imports"
"Finland",2010,"Total_Primary_Value",27100330.312,"Tinned Imports"
"Finland",2011,"Total_Primary_Value",32210354.156,"Tinned Imports"
"Finland",2012,"Total_Primary_Value",37217396.089,"Tinned Imports"
"Finland",2013,"Total_Primary_Value",50328236.157,"Tinned Imports"
"Finland",2014,"Total_Primary_Value",41716320.889,"Tinned Imports"
"Finland",2015,"Total_Primary_Value",36466909.946,"Tinned Imports"
"Finland",2016,"Total_Primary_Value",30787457.09,"Tinned Imports"
"Finland",2017,"Total_Primary_Value",38722866.217,"Tinned Imports"
"Finland",2018,"Total_Primary_Value",36393473.687,"Tinned Imports"
"Finland",2019,"Total_Primary_Value",43314849.586,"Tinned Imports"
"Finland",2020,"Total_Primary_Value",38744941.914,"Tinned Imports"
"Finland",2021,"Total_Primary_Value",34639245.83,"Tinned Imports"
"Finland",2022,"Total_Primary_Value",42060595.098,"Tinned Imports"
"Finland",2023,"Total_Primary_Value",36419941.335,"Tinned Imports"
"Finland",2024,"Total_Primary_Value",43152629.044,"Tinned Imports"
"Finland",2025,"Total_Primary_Value",41921942.676,"Tinned Imports"
"France",2000,"Total_Primary_Value",247294152.516,"Tinned Imports"
"France",2001,"Total_Primary_Value",257250895.791,"Tinned Imports"
"France",2002,"Total_Primary_Value",314371220.122,"Tinned Imports"
"France",2003,"Total_Primary_Value",332495196.502,"Tinned Imports"
"France",2004,"Total_Primary_Value",328324494.372,"Tinned Imports"
"France",2005,"Total_Primary_Value",347721395.101,"Tinned Imports"
"France",2006,"Total_Primary_Value",377709312.993,"Tinned Imports"
"France",2007,"Total_Primary_Value",447286885.308,"Tinned Imports"
"France",2008,"Total_Primary_Value",534098294.957,"Tinned Imports"
"France",2009,"Total_Primary_Value",505963993.439,"Tinned Imports"
"France",2010,"Total_Primary_Value",429653174.86,"Tinned Imports"
"France",2011,"Total_Primary_Value",553204851.395,"Tinned Imports"
"France",2012,"Total_Primary_Value",549998406.58,"Tinned Imports"
"France",2013,"Total_Primary_Value",686023798.984,"Tinned Imports"
"France",2014,"Total_Primary_Value",636565156.598,"Tinned Imports"
"France",2015,"Total_Primary_Value",474199658.602,"Tinned Imports"
"France",2016,"Total_Primary_Value",415530264.446,"Tinned Imports"
"France",2017,"Total_Primary_Value",520490962.646,"Tinned Imports"
"France",2018,"Total_Primary_Value",555689388.628,"Tinned Imports"
"France",2019,"Total_Primary_Value",520390339.735,"Tinned Imports"
"France",2020,"Total_Primary_Value",555697847.989,"Tinned Imports"
"France",2021,"Total_Primary_Value",536005041.218,"Tinned Imports"
"France",2022,"Total_Primary_Value",549641450.528,"Tinned Imports"
"France",2023,"Total_Primary_Value",599495749.87,"Tinned Imports"
"France",2024,"Total_Primary_Value",568217915.785,"Tinned Imports"
"Germany",2008,"Total_Primary_Value",353240049.487,"Tinned Imports"
"Germany",2009,"Total_Primary_Value",265903893.055,"Tinned Imports"
"Germany",2010,"Total_Primary_Value",227177790.555,"Tinned Imports"
"Germany",2011,"Total_Primary_Value",299689038.171,"Tinned Imports"
"Germany",2012,"Total_Primary_Value",365154725.424,"Tinned Imports"
"Germany",2013,"Total_Primary_Value",432036552.584,"Tinned Imports"
"Germany",2014,"Total_Primary_Value",372974224.278,"Tinned Imports"
"Germany",2015,"Total_Primary_Value",327312434.455,"Tinned Imports"
"Germany",2016,"Total_Primary_Value",273648571.793,"Tinned Imports"
"Germany",2017,"Total_Primary_Value",383365531.561,"Tinned Imports"
"Germany",2018,"Total_Primary_Value",466586687.496,"Tinned Imports"
"Germany",2019,"Total_Primary_Value",356691331.024,"Tinned Imports"
"Germany",2020,"Total_Primary_Value",464377361.012,"Tinned Imports"
"Germany",2021,"Total_Primary_Value",365397191.887,"Tinned Imports"
"Germany",2022,"Total_Primary_Value",462138320.383,"Tinned Imports"
"Germany",2023,"Total_Primary_Value",441565749.592,"Tinned Imports"
"Germany",2024,"Total_Primary_Value",450111937.771,"Tinned Imports"
"Germany",2025,"Total_Primary_Value",444413141.063,"Tinned Imports"
"Ghana",2012,"Total_Primary_Value",1375991.966,"Tinned Imports"
"Ghana",2013,"Total_Primary_Value",3227450.526,"Tinned Imports"
"Ghana",2014,"Total_Primary_Value",1523754.025,"Tinned Imports"
"Ghana",2015,"Total_Primary_Value",3118127.262,"Tinned Imports"
"Ghana",2020,"Total_Primary_Value",1268369.67,"Tinned Imports"
"Ghana",2021,"Total_Primary_Value",1181510.023,"Tinned Imports"
"Greece",2010,"Total_Primary_Value",43911827.987,"Tinned Imports"
"Greece",2011,"Total_Primary_Value",47373276.863,"Tinned Imports"
"Greece",2012,"Total_Primary_Value",44471289.714,"Tinned Imports"
"Greece",2013,"Total_Primary_Value",43153317.623,"Tinned Imports"
"Greece",2014,"Total_Primary_Value",43462025.294,"Tinned Imports"
"Greece",2015,"Total_Primary_Value",35177377.956,"Tinned Imports"
"Greece",2016,"Total_Primary_Value",36319283.579,"Tinned Imports"
"Greece",2017,"Total_Primary_Value",36177109.415,"Tinned Imports"
"Greece",2018,"Total_Primary_Value",38540933.631,"Tinned Imports"
"Greece",2019,"Total_Primary_Value",43855420.529,"Tinned Imports"
"Greece",2020,"Total_Primary_Value",43535219.649,"Tinned Imports"
"Greece",2021,"Total_Primary_Value",44840809.299,"Tinned Imports"
"Greece",2022,"Total_Primary_Value",48139110.069,"Tinned Imports"
"Greece",2023,"Total_Primary_Value",44725991.031,"Tinned Imports"
"Greece",2024,"Total_Primary_Value",47290171.11,"Tinned Imports"
"Greece",2025,"Total_Primary_Value",44273839.321,"Tinned Imports"
"Guatemala",2011,"Total_Primary_Value",7186821,"Tinned Imports"
"Guatemala",2021,"Total_Primary_Value",8306691,"Tinned Imports"
"Guatemala",2022,"Total_Primary_Value",12614350,"Tinned Imports"
"Guatemala",2023,"Total_Primary_Value",10862577,"Tinned Imports"
"Guatemala",2024,"Total_Primary_Value",10240455,"Tinned Imports"
"Guatemala",2025,"Total_Primary_Value",10257795,"Tinned Imports"
"Hungary",2011,"Total_Primary_Value",7963814.763,"Tinned Imports"
"Hungary",2012,"Total_Primary_Value",8873484.836,"Tinned Imports"
"Hungary",2017,"Total_Primary_Value",15202683,"Tinned Imports"
"Hungary",2018,"Total_Primary_Value",16903740,"Tinned Imports"
"Hungary",2019,"Total_Primary_Value",17754851,"Tinned Imports"
"Hungary",2020,"Total_Primary_Value",20243997,"Tinned Imports"
"Hungary",2021,"Total_Primary_Value",20702464,"Tinned Imports"
"Hungary",2022,"Total_Primary_Value",21825006,"Tinned Imports"
"Hungary",2023,"Total_Primary_Value",22587717,"Tinned Imports"
"Hungary",2024,"Total_Primary_Value",20702182,"Tinned Imports"
"Hungary",2025,"Total_Primary_Value",19663707.851,"Tinned Imports"
"Indonesia",2014,"Total_Primary_Value",4866293,"Tinned Imports"
"Indonesia",2015,"Total_Primary_Value",4572519,"Tinned Imports"
"Indonesia",2016,"Total_Primary_Value",5530120,"Tinned Imports"
"Indonesia",2019,"Total_Primary_Value",4077992,"Tinned Imports"
"Ireland",2000,"Total_Primary_Value",9660920.415,"Tinned Imports"
"Ireland",2001,"Total_Primary_Value",11773806.422,"Tinned Imports"
"Ireland",2002,"Total_Primary_Value",14545715.969,"Tinned Imports"
"Ireland",2003,"Total_Primary_Value",16531839.168,"Tinned Imports"
"Ireland",2004,"Total_Primary_Value",14686469.756,"Tinned Imports"
"Ireland",2005,"Total_Primary_Value",20841270.723,"Tinned Imports"
"Ireland",2006,"Total_Primary_Value",19642646.767,"Tinned Imports"
"Ireland",2007,"Total_Primary_Value",19059300.296,"Tinned Imports"
"Ireland",2008,"Total_Primary_Value",26918598.952,"Tinned Imports"
"Ireland",2009,"Total_Primary_Value",24252753.112,"Tinned Imports"
"Ireland",2010,"Total_Primary_Value",20274039.804,"Tinned Imports"
"Ireland",2011,"Total_Primary_Value",33073335.485,"Tinned Imports"
"Ireland",2012,"Total_Primary_Value",33026806.617,"Tinned Imports"
"Ireland",2013,"Total_Primary_Value",37522766.571,"Tinned Imports"
"Ireland",2014,"Total_Primary_Value",35960377.807,"Tinned Imports"
"Ireland",2015,"Total_Primary_Value",29214270.989,"Tinned Imports"
"Ireland",2016,"Total_Primary_Value",28949572.869,"Tinned Imports"
"Ireland",2017,"Total_Primary_Value",31606964.129,"Tinned Imports"
"Ireland",2018,"Total_Primary_Value",23168919.715,"Tinned Imports"
"Ireland",2019,"Total_Primary_Value",24654825.137,"Tinned Imports"
"Ireland",2020,"Total_Primary_Value",29767394.038,"Tinned Imports"
"Ireland",2021,"Total_Primary_Value",22474271.426,"Tinned Imports"
"Ireland",2022,"Total_Primary_Value",20822833.627,"Tinned Imports"
"Ireland",2023,"Total_Primary_Value",23142915.052,"Tinned Imports"
"Ireland",2024,"Total_Primary_Value",28422589.938,"Tinned Imports"
"Ireland",2025,"Total_Primary_Value",27953284.275,"Tinned Imports"
"Israel",2017,"Total_Primary_Value",98866000,"Tinned Imports"
"Israel",2018,"Total_Primary_Value",125527000,"Tinned Imports"
"Israel",2019,"Total_Primary_Value",102023000,"Tinned Imports"
"Israel",2020,"Total_Primary_Value",94521000,"Tinned Imports"
"Israel",2021,"Total_Primary_Value",108301000,"Tinned Imports"
"Israel",2022,"Total_Primary_Value",123142000,"Tinned Imports"
"Israel",2023,"Total_Primary_Value",125964000,"Tinned Imports"
"Israel",2024,"Total_Primary_Value",199685000,"Tinned Imports"
"Israel",2025,"Total_Primary_Value",106611000,"Tinned Imports"
"Italy",2000,"Total_Primary_Value",202071954.47,"Tinned Imports"
"Italy",2001,"Total_Primary_Value",231015297.896,"Tinned Imports"
"Italy",2002,"Total_Primary_Value",302143162.747,"Tinned Imports"
"Italy",2003,"Total_Primary_Value",390049530.224,"Tinned Imports"
"Italy",2004,"Total_Primary_Value",417273086.363,"Tinned Imports"
"Italy",2005,"Total_Primary_Value",459973027.033,"Tinned Imports"
"Italy",2006,"Total_Primary_Value",513639059.775,"Tinned Imports"
"Italy",2007,"Total_Primary_Value",618396486.51,"Tinned Imports"
"Italy",2008,"Total_Primary_Value",733839371.984,"Tinned Imports"
"Italy",2009,"Total_Primary_Value",676750764.636,"Tinned Imports"
"Italy",2010,"Total_Primary_Value",591309542.829,"Tinned Imports"
"Italy",2011,"Total_Primary_Value",720397279.113,"Tinned Imports"
"Italy",2012,"Total_Primary_Value",741592836.613,"Tinned Imports"
"Italy",2013,"Total_Primary_Value",813637675.15,"Tinned Imports"
"Italy",2014,"Total_Primary_Value",807667201.143,"Tinned Imports"
"Italy",2015,"Total_Primary_Value",623831571.962,"Tinned Imports"
"Italy",2016,"Total_Primary_Value",639728007.757,"Tinned Imports"
"Italy",2017,"Total_Primary_Value",786916426.991,"Tinned Imports"
"Italy",2018,"Total_Primary_Value",872150583.48,"Tinned Imports"
"Italy",2019,"Total_Primary_Value",740401272.261,"Tinned Imports"
"Italy",2020,"Total_Primary_Value",793769984.93,"Tinned Imports"
"Italy",2021,"Total_Primary_Value",787202909.962,"Tinned Imports"
"Italy",2022,"Total_Primary_Value",879303746.067,"Tinned Imports"
"Italy",2023,"Total_Primary_Value",976629678.212,"Tinned Imports"
"Italy",2024,"Total_Primary_Value",953165831.13,"Tinned Imports"
"Italy",2025,"Total_Primary_Value",799323275.167,"Tinned Imports"
"Japan",2010,"Total_Primary_Value",227684073.359,"Tinned Imports"
"Japan",2011,"Total_Primary_Value",305922078.741,"Tinned Imports"
"Japan",2012,"Total_Primary_Value",366634158.128,"Tinned Imports"
"Japan",2013,"Total_Primary_Value",338680412.499,"Tinned Imports"
"Japan",2014,"Total_Primary_Value",299032779.262,"Tinned Imports"
"Japan",2015,"Total_Primary_Value",270079007.914,"Tinned Imports"
"Japan",2016,"Total_Primary_Value",300103198.087,"Tinned Imports"
"Japan",2017,"Total_Primary_Value",346585470.225,"Tinned Imports"
"Japan",2018,"Total_Primary_Value",377391189.284,"Tinned Imports"
"Japan",2019,"Total_Primary_Value",366420219.421,"Tinned Imports"
"Japan",2020,"Total_Primary_Value",374032370.196,"Tinned Imports"
"Japan",2021,"Total_Primary_Value",357035278.241,"Tinned Imports"
"Japan",2022,"Total_Primary_Value",389369220.714,"Tinned Imports"
"Japan",2023,"Total_Primary_Value",419626581.197,"Tinned Imports"
"Japan",2024,"Total_Primary_Value",384687421.895,"Tinned Imports"
"Japan",2025,"Total_Primary_Value",344785008.164,"Tinned Imports"
"Jordan",2010,"Total_Primary_Value",27416714.207,"Tinned Imports"
"Jordan",2011,"Total_Primary_Value",23087497.806,"Tinned Imports"
"Jordan",2012,"Total_Primary_Value",32606278.679,"Tinned Imports"
"Jordan",2013,"Total_Primary_Value",35534142.672,"Tinned Imports"
"Jordan",2017,"Total_Primary_Value",44677792.292,"Tinned Imports"
"Jordan",2022,"Total_Primary_Value",45786774.442,"Tinned Imports"
"Kazakhstan",2023,"Total_Primary_Value",2158720.29,"Tinned Imports"
"Kuwait",2015,"Total_Primary_Value",27183632.832,"Tinned Imports"
"Kuwait",2016,"Total_Primary_Value",24889291.971,"Tinned Imports"
"Kuwait",2017,"Total_Primary_Value",33102786.679,"Tinned Imports"
"Kuwait",2021,"Total_Primary_Value",22069318,"Tinned Imports"
"Kuwait",2022,"Total_Primary_Value",23747273.325,"Tinned Imports"
"Kuwait",2023,"Total_Primary_Value",31844104.396,"Tinned Imports"
"Kuwait",2024,"Total_Primary_Value",25269661,"Tinned Imports"
"Lithuania",2011,"Total_Primary_Value",3886014,"Tinned Imports"
"Lithuania",2012,"Total_Primary_Value",3635830,"Tinned Imports"
"Lithuania",2013,"Total_Primary_Value",5679395,"Tinned Imports"
"Lithuania",2014,"Total_Primary_Value",4798969,"Tinned Imports"
"Lithuania",2015,"Total_Primary_Value",3966053,"Tinned Imports"
"Lithuania",2016,"Total_Primary_Value",4058878,"Tinned Imports"
"Lithuania",2017,"Total_Primary_Value",4802098,"Tinned Imports"
"Lithuania",2018,"Total_Primary_Value",5144042,"Tinned Imports"
"Lithuania",2019,"Total_Primary_Value",5126227,"Tinned Imports"
"Luxembourg",2013,"Total_Primary_Value",6329152.48,"Tinned Imports"
"Malaysia",2011,"Total_Primary_Value",11784514.588,"Tinned Imports"
"Malaysia",2012,"Total_Primary_Value",17210558.657,"Tinned Imports"
"Malaysia",2013,"Total_Primary_Value",12866746.082,"Tinned Imports"
"Malaysia",2014,"Total_Primary_Value",11263585.37,"Tinned Imports"
"Malaysia",2015,"Total_Primary_Value",15225552.055,"Tinned Imports"
"Malaysia",2016,"Total_Primary_Value",13129088.084,"Tinned Imports"
"Malaysia",2017,"Total_Primary_Value",12939570.277,"Tinned Imports"
"Malaysia",2018,"Total_Primary_Value",17964943.491,"Tinned Imports"
"Malaysia",2019,"Total_Primary_Value",16343311.772,"Tinned Imports"
"Malaysia",2020,"Total_Primary_Value",18472079.471,"Tinned Imports"
"Malaysia",2021,"Total_Primary_Value",21469336.858,"Tinned Imports"
"Malaysia",2022,"Total_Primary_Value",19754163.536,"Tinned Imports"
"Malaysia",2023,"Total_Primary_Value",13711194.322,"Tinned Imports"
"Malaysia",2024,"Total_Primary_Value",21629882.496,"Tinned Imports"
"Malaysia",2025,"Total_Primary_Value",19383943.518,"Tinned Imports"
"Malta",2010,"Total_Primary_Value",9691717.943,"Tinned Imports"
"Malta",2011,"Total_Primary_Value",10811143.989,"Tinned Imports"
"Malta",2012,"Total_Primary_Value",14072539.845,"Tinned Imports"
"Malta",2013,"Total_Primary_Value",13841033.122,"Tinned Imports"
"Malta",2014,"Total_Primary_Value",14101534.241,"Tinned Imports"
"Malta",2015,"Total_Primary_Value",10184111.457,"Tinned Imports"
"Malta",2016,"Total_Primary_Value",9809993.271,"Tinned Imports"
"Malta",2017,"Total_Primary_Value",6830735.803,"Tinned Imports"
"Malta",2019,"Total_Primary_Value",13410736.452,"Tinned Imports"
"Malta",2020,"Total_Primary_Value",12370415.961,"Tinned Imports"
"Malta",2021,"Total_Primary_Value",10718314.003,"Tinned Imports"
"Malta",2022,"Total_Primary_Value",11823217.179,"Tinned Imports"
"Malta",2023,"Total_Primary_Value",11662931.774,"Tinned Imports"
"Malta",2024,"Total_Primary_Value",15008381.436,"Tinned Imports"
"Mexico",2010,"Total_Primary_Value",26815137,"Tinned Imports"
"Mexico",2011,"Total_Primary_Value",15102650,"Tinned Imports"
"Mexico",2012,"Total_Primary_Value",30426617,"Tinned Imports"
"Mexico",2013,"Total_Primary_Value",21042586,"Tinned Imports"
"Mexico",2015,"Total_Primary_Value",14852520,"Tinned Imports"
"Mexico",2016,"Total_Primary_Value",13529646,"Tinned Imports"
"Mexico",2017,"Total_Primary_Value",22347589,"Tinned Imports"
"Mexico",2018,"Total_Primary_Value",15539278,"Tinned Imports"
"Mexico",2021,"Total_Primary_Value",31126331,"Tinned Imports"
"Mexico",2022,"Total_Primary_Value",30470944,"Tinned Imports"
"Mexico",2023,"Total_Primary_Value",15856865,"Tinned Imports"
"Mexico",2025,"Total_Primary_Value",27369474,"Tinned Imports"
"Minnows",2000,"Total_Primary_Value",3932219.414,"Tinned Imports"
"Minnows",2001,"Total_Primary_Value",4790069.046,"Tinned Imports"
"Minnows",2002,"Total_Primary_Value",10233040.974,"Tinned Imports"
"Minnows",2003,"Total_Primary_Value",6380318.159,"Tinned Imports"
"Minnows",2004,"Total_Primary_Value",8761135.553,"Tinned Imports"
"Minnows",2005,"Total_Primary_Value",9150856.571,"Tinned Imports"
"Minnows",2006,"Total_Primary_Value",192823514.235,"Tinned Imports"
"Minnows",2007,"Total_Primary_Value",24922513.57,"Tinned Imports"
"Minnows",2008,"Total_Primary_Value",21914611.545,"Tinned Imports"
"Minnows",2009,"Total_Primary_Value",19015704.924,"Tinned Imports"
"Minnows",2010,"Total_Primary_Value",162246221.067,"Tinned Imports"
"Minnows",2011,"Total_Primary_Value",1263784148.721,"Tinned Imports"
"Minnows",2012,"Total_Primary_Value",1567394340.856,"Tinned Imports"
"Minnows",2013,"Total_Primary_Value",1482097589.925,"Tinned Imports"
"Minnows",2014,"Total_Primary_Value",1365815637.952,"Tinned Imports"
"Minnows",2015,"Total_Primary_Value",1011899278.495,"Tinned Imports"
"Minnows",2016,"Total_Primary_Value",123086124.008,"Tinned Imports"
"Minnows",2017,"Total_Primary_Value",52087398.773,"Tinned Imports"
"Minnows",2018,"Total_Primary_Value",60578480.226,"Tinned Imports"
"Minnows",2019,"Total_Primary_Value",56808053.377,"Tinned Imports"
"Minnows",2020,"Total_Primary_Value",66320333.022,"Tinned Imports"
"Minnows",2021,"Total_Primary_Value",64446952.72,"Tinned Imports"
"Minnows",2022,"Total_Primary_Value",68642353.753,"Tinned Imports"
"Minnows",2023,"Total_Primary_Value",69709938.767,"Tinned Imports"
"Minnows",2024,"Total_Primary_Value",80209301.483,"Tinned Imports"
"Minnows",2025,"Total_Primary_Value",59396093.727,"Tinned Imports"
"Missing Imports",2004,"Total_Primary_Value",8231478.99199998,"Tinned Imports"
"Missing Imports",2012,"Total_Primary_Value",557237692.939,"Tinned Imports"
"Missing Imports",2013,"Total_Primary_Value",501798081.169999,"Tinned Imports"
"Missing Imports",2014,"Total_Primary_Value",225253493.319,"Tinned Imports"
"Missing Imports",2015,"Total_Primary_Value",NA,"Tinned Imports"
"Missing Imports",2016,"Total_Primary_Value",NA,"Tinned Imports"
"Missing Imports",2017,"Total_Primary_Value",32156829.5910015,"Tinned Imports"
"Missing Imports",2018,"Total_Primary_Value",92158403.2329998,"Tinned Imports"
"Missing Imports",2019,"Total_Primary_Value",NA,"Tinned Imports"
"Missing Imports",2020,"Total_Primary_Value",NA,"Tinned Imports"
"Missing Imports",2021,"Total_Primary_Value",NA,"Tinned Imports"
"Missing Imports",2024,"Total_Primary_Value",100287536.657998,"Tinned Imports"
"Morocco",2001,"Total_Primary_Value",845273.222,"Tinned Imports"
"Morocco",2002,"Total_Primary_Value",1494136.544,"Tinned Imports"
"Morocco",2003,"Total_Primary_Value",3017541.533,"Tinned Imports"
"Morocco",2004,"Total_Primary_Value",2853368.33,"Tinned Imports"
"Morocco",2005,"Total_Primary_Value",4872883.329,"Tinned Imports"
"Morocco",2006,"Total_Primary_Value",7662893.026,"Tinned Imports"
"Morocco",2007,"Total_Primary_Value",7122769.225,"Tinned Imports"
"Morocco",2008,"Total_Primary_Value",11626964.37,"Tinned Imports"
"Morocco",2009,"Total_Primary_Value",15503350.204,"Tinned Imports"
"Morocco",2013,"Total_Primary_Value",4147832.677,"Tinned Imports"
"Morocco",2015,"Total_Primary_Value",4517810.635,"Tinned Imports"
"Morocco",2018,"Total_Primary_Value",16091649.786,"Tinned Imports"
"Morocco",2019,"Total_Primary_Value",10387940.727,"Tinned Imports"
"Morocco",2020,"Total_Primary_Value",23060653.237,"Tinned Imports"
"Morocco",2021,"Total_Primary_Value",37967194.085,"Tinned Imports"
"Morocco",2022,"Total_Primary_Value",27629381.112,"Tinned Imports"
"Morocco",2023,"Total_Primary_Value",33011694.983,"Tinned Imports"
"Morocco",2024,"Total_Primary_Value",10762441.802,"Tinned Imports"
"Morocco",2025,"Total_Primary_Value",9237925.598,"Tinned Imports"
"Mozambique",2014,"Total_Primary_Value",1838990,"Tinned Imports"
"Mozambique",2015,"Total_Primary_Value",1543721.505,"Tinned Imports"
"Mozambique",2018,"Total_Primary_Value",1352387.411,"Tinned Imports"
"Myanmar",2018,"Total_Primary_Value",783700.455,"Tinned Imports"
"Netherlands",2010,"Total_Primary_Value",124536727.712,"Tinned Imports"
"Netherlands",2011,"Total_Primary_Value",151577367.379,"Tinned Imports"
"Netherlands",2012,"Total_Primary_Value",164455649.976,"Tinned Imports"
"Netherlands",2013,"Total_Primary_Value",223862722.777,"Tinned Imports"
"Netherlands",2014,"Total_Primary_Value",230192967.441,"Tinned Imports"
"Netherlands",2015,"Total_Primary_Value",155632333.29,"Tinned Imports"
"Netherlands",2016,"Total_Primary_Value",191639968.691,"Tinned Imports"
"Netherlands",2017,"Total_Primary_Value",249591985.836,"Tinned Imports"
"Netherlands",2018,"Total_Primary_Value",237936033.919,"Tinned Imports"
"Netherlands",2019,"Total_Primary_Value",306989894.899,"Tinned Imports"
"Netherlands",2020,"Total_Primary_Value",422437498.52,"Tinned Imports"
"Netherlands",2021,"Total_Primary_Value",390197585.4,"Tinned Imports"
"Netherlands",2022,"Total_Primary_Value",242043059.862,"Tinned Imports"
"Netherlands",2023,"Total_Primary_Value",288802192.016,"Tinned Imports"
"Netherlands",2024,"Total_Primary_Value",307497614.404,"Tinned Imports"
"Netherlands",2025,"Total_Primary_Value",262138157.797,"Tinned Imports"
"New Zealand",2010,"Total_Primary_Value",20904580.67,"Tinned Imports"
"New Zealand",2011,"Total_Primary_Value",25589775.364,"Tinned Imports"
"New Zealand",2012,"Total_Primary_Value",29071366.124,"Tinned Imports"
"New Zealand",2013,"Total_Primary_Value",27651361.161,"Tinned Imports"
"New Zealand",2014,"Total_Primary_Value",28826015.709,"Tinned Imports"
"New Zealand",2015,"Total_Primary_Value",23817548.453,"Tinned Imports"
"New Zealand",2016,"Total_Primary_Value",24759810.833,"Tinned Imports"
"New Zealand",2017,"Total_Primary_Value",27840660.8,"Tinned Imports"
"New Zealand",2018,"Total_Primary_Value",34383300.604,"Tinned Imports"
"New Zealand",2019,"Total_Primary_Value",26931009.855,"Tinned Imports"
"New Zealand",2020,"Total_Primary_Value",27820516.341,"Tinned Imports"
"New Zealand",2021,"Total_Primary_Value",28206499.081,"Tinned Imports"
"New Zealand",2022,"Total_Primary_Value",26639182.811,"Tinned Imports"
"New Zealand",2023,"Total_Primary_Value",27767010.963,"Tinned Imports"
"New Zealand",2024,"Total_Primary_Value",34688001.17,"Tinned Imports"
"New Zealand",2025,"Total_Primary_Value",27246863.388,"Tinned Imports"
"Nicaragua",2022,"Total_Primary_Value",6359699.07,"Tinned Imports"
"Nicaragua",2023,"Total_Primary_Value",6595225.7,"Tinned Imports"
"North Macedonia",2006,"Total_Primary_Value",3423243.7,"Tinned Imports"
"North Macedonia",2007,"Total_Primary_Value",4377524.85,"Tinned Imports"
"North Macedonia",2008,"Total_Primary_Value",4970612,"Tinned Imports"
"North Macedonia",2010,"Total_Primary_Value",3965257.02,"Tinned Imports"
"North Macedonia",2011,"Total_Primary_Value",5063914.903,"Tinned Imports"
"North Macedonia",2012,"Total_Primary_Value",4886156.958,"Tinned Imports"
"North Macedonia",2013,"Total_Primary_Value",5914150.482,"Tinned Imports"
"North Macedonia",2014,"Total_Primary_Value",6282403.519,"Tinned Imports"
"North Macedonia",2015,"Total_Primary_Value",5311280.68,"Tinned Imports"
"North Macedonia",2016,"Total_Primary_Value",5245407.57,"Tinned Imports"
"North Macedonia",2017,"Total_Primary_Value",6227102.68,"Tinned Imports"
"North Macedonia",2018,"Total_Primary_Value",6533934.89,"Tinned Imports"
"North Macedonia",2019,"Total_Primary_Value",6271781.9,"Tinned Imports"
"North Macedonia",2020,"Total_Primary_Value",6036672.44,"Tinned Imports"
"North Macedonia",2021,"Total_Primary_Value",6750934.53,"Tinned Imports"
"North Macedonia",2022,"Total_Primary_Value",7576173.4,"Tinned Imports"
"North Macedonia",2023,"Total_Primary_Value",6696442.433,"Tinned Imports"
"North Macedonia",2024,"Total_Primary_Value",9001443.212,"Tinned Imports"
"Norway",2000,"Total_Primary_Value",2721345.448,"Tinned Imports"
"Norway",2001,"Total_Primary_Value",2826809.091,"Tinned Imports"
"Norway",2002,"Total_Primary_Value",3465037.849,"Tinned Imports"
"Norway",2003,"Total_Primary_Value",5010923.594,"Tinned Imports"
"Norway",2004,"Total_Primary_Value",4279534.541,"Tinned Imports"
"Norway",2005,"Total_Primary_Value",6239447.915,"Tinned Imports"
"Norway",2006,"Total_Primary_Value",5732066.935,"Tinned Imports"
"Norway",2007,"Total_Primary_Value",6541788.94,"Tinned Imports"
"Norway",2008,"Total_Primary_Value",9294961.924,"Tinned Imports"
"Norway",2009,"Total_Primary_Value",8663919.467,"Tinned Imports"
"Norway",2010,"Total_Primary_Value",7217272.989,"Tinned Imports"
"Norway",2011,"Total_Primary_Value",10634485.366,"Tinned Imports"
"Norway",2012,"Total_Primary_Value",10720132.295,"Tinned Imports"
"Norway",2013,"Total_Primary_Value",16157186.941,"Tinned Imports"
"Norway",2014,"Total_Primary_Value",10888290.218,"Tinned Imports"
"Norway",2015,"Total_Primary_Value",12822610.541,"Tinned Imports"
"Norway",2016,"Total_Primary_Value",15645958.746,"Tinned Imports"
"Norway",2017,"Total_Primary_Value",9661121.282,"Tinned Imports"
"Norway",2018,"Total_Primary_Value",11295231.39,"Tinned Imports"
"Norway",2019,"Total_Primary_Value",12669663.657,"Tinned Imports"
"Norway",2020,"Total_Primary_Value",11475359.289,"Tinned Imports"
"Norway",2021,"Total_Primary_Value",7264687.947,"Tinned Imports"
"Norway",2022,"Total_Primary_Value",10367728.735,"Tinned Imports"
"Norway",2023,"Total_Primary_Value",6992335.411,"Tinned Imports"
"Norway",2024,"Total_Primary_Value",11604953.334,"Tinned Imports"
"Norway",2025,"Total_Primary_Value",11807004.164,"Tinned Imports"
"Oman",2015,"Total_Primary_Value",13390971.484,"Tinned Imports"
"Oman",2016,"Total_Primary_Value",14366815.35,"Tinned Imports"
"Oman",2018,"Total_Primary_Value",14614846.539,"Tinned Imports"
"Oman",2022,"Total_Primary_Value",17151565.645,"Tinned Imports"
"Oman",2023,"Total_Primary_Value",17677110.503,"Tinned Imports"
"Panama",2010,"Total_Primary_Value",6208381,"Tinned Imports"
"Panama",2011,"Total_Primary_Value",6663508,"Tinned Imports"
"Panama",2012,"Total_Primary_Value",13521997,"Tinned Imports"
"Panama",2013,"Total_Primary_Value",16574360,"Tinned Imports"
"Panama",2014,"Total_Primary_Value",17273452,"Tinned Imports"
"Panama",2015,"Total_Primary_Value",19233002,"Tinned Imports"
"Panama",2016,"Total_Primary_Value",16138018,"Tinned Imports"
"Panama",2017,"Total_Primary_Value",23213615,"Tinned Imports"
"Panama",2018,"Total_Primary_Value",26808828,"Tinned Imports"
"Panama",2019,"Total_Primary_Value",23972832,"Tinned Imports"
"Panama",2020,"Total_Primary_Value",31541969,"Tinned Imports"
"Panama",2021,"Total_Primary_Value",33574409,"Tinned Imports"
"Panama",2022,"Total_Primary_Value",30392701,"Tinned Imports"
"Panama",2023,"Total_Primary_Value",28038779,"Tinned Imports"
"Panama",2024,"Total_Primary_Value",33749549,"Tinned Imports"
"Panama",2025,"Total_Primary_Value",23989683,"Tinned Imports"
"Paraguay",2013,"Total_Primary_Value",2866894,"Tinned Imports"
"Paraguay",2014,"Total_Primary_Value",3347153,"Tinned Imports"
"Paraguay",2018,"Total_Primary_Value",4291676,"Tinned Imports"
"Paraguay",2019,"Total_Primary_Value",3472992,"Tinned Imports"
"Peru",2010,"Total_Primary_Value",30778883.48,"Tinned Imports"
"Peru",2011,"Total_Primary_Value",47500773.33,"Tinned Imports"
"Peru",2012,"Total_Primary_Value",55213287.19,"Tinned Imports"
"Peru",2013,"Total_Primary_Value",73514345.5,"Tinned Imports"
"Peru",2014,"Total_Primary_Value",51290798.4,"Tinned Imports"
"Peru",2015,"Total_Primary_Value",66726704.02,"Tinned Imports"
"Peru",2016,"Total_Primary_Value",56850872.63,"Tinned Imports"
"Peru",2017,"Total_Primary_Value",72373986.12,"Tinned Imports"
"Peru",2018,"Total_Primary_Value",67339108.31,"Tinned Imports"
"Peru",2019,"Total_Primary_Value",104049948.94,"Tinned Imports"
"Peru",2020,"Total_Primary_Value",30780500.02,"Tinned Imports"
"Peru",2024,"Total_Primary_Value",91757530.162,"Tinned Imports"
"Peru",2025,"Total_Primary_Value",52770798.621,"Tinned Imports"
"Philippines",2015,"Total_Primary_Value",2332415.75,"Tinned Imports"
"Philippines",2016,"Total_Primary_Value",3156930,"Tinned Imports"
"Philippines",2017,"Total_Primary_Value",2429630,"Tinned Imports"
"Philippines",2018,"Total_Primary_Value",5005461,"Tinned Imports"
"Philippines",2019,"Total_Primary_Value",9454637,"Tinned Imports"
"Philippines",2020,"Total_Primary_Value",15815240,"Tinned Imports"
"Philippines",2021,"Total_Primary_Value",15113728,"Tinned Imports"
"Philippines",2022,"Total_Primary_Value",13240606,"Tinned Imports"
"Philippines",2023,"Total_Primary_Value",15825153,"Tinned Imports"
"Philippines",2024,"Total_Primary_Value",4907265,"Tinned Imports"
"Philippines",2025,"Total_Primary_Value",17632327,"Tinned Imports"
"Poland",2004,"Total_Primary_Value",13281551,"Tinned Imports"
"Poland",2005,"Total_Primary_Value",13776737,"Tinned Imports"
"Poland",2006,"Total_Primary_Value",14268663,"Tinned Imports"
"Poland",2007,"Total_Primary_Value",16243532,"Tinned Imports"
"Poland",2008,"Total_Primary_Value",30727502,"Tinned Imports"
"Poland",2009,"Total_Primary_Value",23339993,"Tinned Imports"
"Poland",2010,"Total_Primary_Value",26979709.429,"Tinned Imports"
"Poland",2011,"Total_Primary_Value",27740342,"Tinned Imports"
"Poland",2012,"Total_Primary_Value",26003252,"Tinned Imports"
"Poland",2013,"Total_Primary_Value",48018837.667,"Tinned Imports"
"Poland",2014,"Total_Primary_Value",35376969,"Tinned Imports"
"Poland",2015,"Total_Primary_Value",34439941,"Tinned Imports"
"Poland",2016,"Total_Primary_Value",36602555,"Tinned Imports"
"Poland",2017,"Total_Primary_Value",32324843,"Tinned Imports"
"Poland",2018,"Total_Primary_Value",43991890,"Tinned Imports"
"Poland",2019,"Total_Primary_Value",48595616,"Tinned Imports"
"Poland",2020,"Total_Primary_Value",46475572,"Tinned Imports"
"Poland",2021,"Total_Primary_Value",55368077,"Tinned Imports"
"Poland",2022,"Total_Primary_Value",59223745,"Tinned Imports"
"Poland",2023,"Total_Primary_Value",64062035,"Tinned Imports"
"Poland",2024,"Total_Primary_Value",82516662,"Tinned Imports"
"Poland",2025,"Total_Primary_Value",72208324,"Tinned Imports"
"Portugal",2010,"Total_Primary_Value",59534107.84,"Tinned Imports"
"Portugal",2011,"Total_Primary_Value",70971200.563,"Tinned Imports"
"Portugal",2012,"Total_Primary_Value",79593615.43,"Tinned Imports"
"Portugal",2013,"Total_Primary_Value",122862426.926,"Tinned Imports"
"Portugal",2014,"Total_Primary_Value",125509309.511,"Tinned Imports"
"Portugal",2015,"Total_Primary_Value",82867766.726,"Tinned Imports"
"Portugal",2016,"Total_Primary_Value",90806279.943,"Tinned Imports"
"Portugal",2017,"Total_Primary_Value",116884232.366,"Tinned Imports"
"Portugal",2018,"Total_Primary_Value",117130771.501,"Tinned Imports"
"Portugal",2019,"Total_Primary_Value",111514209.226,"Tinned Imports"
"Portugal",2020,"Total_Primary_Value",132597822.541,"Tinned Imports"
"Portugal",2021,"Total_Primary_Value",120763953.91,"Tinned Imports"
"Portugal",2022,"Total_Primary_Value",139664280.224,"Tinned Imports"
"Portugal",2023,"Total_Primary_Value",171781486.722,"Tinned Imports"
"Portugal",2024,"Total_Primary_Value",174777148.69,"Tinned Imports"
"Portugal",2025,"Total_Primary_Value",189602660.088,"Tinned Imports"
"Qatar",2012,"Total_Primary_Value",11192060.976,"Tinned Imports"
"Qatar",2013,"Total_Primary_Value",9742052.342,"Tinned Imports"
"Qatar",2014,"Total_Primary_Value",9024802.167,"Tinned Imports"
"Qatar",2015,"Total_Primary_Value",14522450.794,"Tinned Imports"
"Qatar",2016,"Total_Primary_Value",13842601.983,"Tinned Imports"
"Qatar",2017,"Total_Primary_Value",13620334.939,"Tinned Imports"
"Qatar",2018,"Total_Primary_Value",12624133.281,"Tinned Imports"
"Qatar",2019,"Total_Primary_Value",12090987.771,"Tinned Imports"
"Qatar",2020,"Total_Primary_Value",10821201.819,"Tinned Imports"
"Qatar",2021,"Total_Primary_Value",9685615.38,"Tinned Imports"
"Qatar",2022,"Total_Primary_Value",14746544.597,"Tinned Imports"
"Qatar",2023,"Total_Primary_Value",10448555.262,"Tinned Imports"
"Rep. of Korea",2015,"Total_Primary_Value",8702001,"Tinned Imports"
"Rep. of Korea",2016,"Total_Primary_Value",7525849,"Tinned Imports"
"Rep. of Korea",2017,"Total_Primary_Value",6334230,"Tinned Imports"
"Rep. of Korea",2018,"Total_Primary_Value",6793957,"Tinned Imports"
"Rep. of Korea",2019,"Total_Primary_Value",5867083,"Tinned Imports"
"Rep. of Korea",2020,"Total_Primary_Value",6518461,"Tinned Imports"
"Rep. of Korea",2021,"Total_Primary_Value",7482973,"Tinned Imports"
"Rep. of Korea",2022,"Total_Primary_Value",9907134,"Tinned Imports"
"Rep. of Korea",2023,"Total_Primary_Value",24116044,"Tinned Imports"
"Rep. of Korea",2024,"Total_Primary_Value",32186626,"Tinned Imports"
"Romania",2000,"Total_Primary_Value",937187.5,"Tinned Imports"
"Romania",2001,"Total_Primary_Value",1279314.96,"Tinned Imports"
"Romania",2003,"Total_Primary_Value",2420019.24,"Tinned Imports"
"Romania",2004,"Total_Primary_Value",2963137.78,"Tinned Imports"
"Romania",2005,"Total_Primary_Value",4618585.64,"Tinned Imports"
"Romania",2006,"Total_Primary_Value",8235709.63,"Tinned Imports"
"Romania",2007,"Total_Primary_Value",6206445,"Tinned Imports"
"Romania",2008,"Total_Primary_Value",11504849.67,"Tinned Imports"
"Romania",2009,"Total_Primary_Value",9143631.39,"Tinned Imports"
"Romania",2010,"Total_Primary_Value",6920873.816,"Tinned Imports"
"Romania",2011,"Total_Primary_Value",10244534.16,"Tinned Imports"
"Romania",2012,"Total_Primary_Value",14463050.22,"Tinned Imports"
"Romania",2013,"Total_Primary_Value",17099683.138,"Tinned Imports"
"Romania",2014,"Total_Primary_Value",16979268.12,"Tinned Imports"
"Romania",2015,"Total_Primary_Value",16834825.532,"Tinned Imports"
"Romania",2016,"Total_Primary_Value",20340296.764,"Tinned Imports"
"Romania",2017,"Total_Primary_Value",28505103.16,"Tinned Imports"
"Romania",2018,"Total_Primary_Value",31168792.59,"Tinned Imports"
"Romania",2019,"Total_Primary_Value",30563187.53,"Tinned Imports"
"Romania",2020,"Total_Primary_Value",35482113.22,"Tinned Imports"
"Romania",2021,"Total_Primary_Value",39180462,"Tinned Imports"
"Romania",2022,"Total_Primary_Value",36510467.16,"Tinned Imports"
"Romania",2023,"Total_Primary_Value",41363148.52,"Tinned Imports"
"Romania",2024,"Total_Primary_Value",46420998.59,"Tinned Imports"
"Romania",2025,"Total_Primary_Value",36007162.74,"Tinned Imports"
"Russian Federation",2013,"Total_Primary_Value",20942979,"Tinned Imports"
"Russian Federation",2014,"Total_Primary_Value",23304263,"Tinned Imports"
"Russian Federation",2015,"Total_Primary_Value",14873886,"Tinned Imports"
"Russian Federation",2016,"Total_Primary_Value",15666142.57,"Tinned Imports"
"Russian Federation",2017,"Total_Primary_Value",13672031.54,"Tinned Imports"
"Russian Federation",2018,"Total_Primary_Value",16493369.56,"Tinned Imports"
"Russian Federation",2019,"Total_Primary_Value",23448150.2,"Tinned Imports"
"Russian Federation",2020,"Total_Primary_Value",22007718.82,"Tinned Imports"
"Russian Federation",2021,"Total_Primary_Value",22026696.7,"Tinned Imports"
"Saudi Arabia",2015,"Total_Primary_Value",138681011.256,"Tinned Imports"
"Saudi Arabia",2016,"Total_Primary_Value",158209264.428,"Tinned Imports"
"Saudi Arabia",2017,"Total_Primary_Value",115186445.011,"Tinned Imports"
"Saudi Arabia",2020,"Total_Primary_Value",262697833.167,"Tinned Imports"
"Saudi Arabia",2021,"Total_Primary_Value",184005562.067,"Tinned Imports"
"Saudi Arabia",2025,"Total_Primary_Value",69591992.129,"Tinned Imports"
"Serbia",2010,"Total_Primary_Value",16328634,"Tinned Imports"
"Serbia",2011,"Total_Primary_Value",20586068,"Tinned Imports"
"Serbia",2012,"Total_Primary_Value",15896837,"Tinned Imports"
"Serbia",2013,"Total_Primary_Value",15860302,"Tinned Imports"
"Serbia",2014,"Total_Primary_Value",12529267,"Tinned Imports"
"Serbia",2015,"Total_Primary_Value",6457665,"Tinned Imports"
"Serbia",2016,"Total_Primary_Value",8776209,"Tinned Imports"
"Serbia",2017,"Total_Primary_Value",15504051,"Tinned Imports"
"Serbia",2018,"Total_Primary_Value",14982136,"Tinned Imports"
"Serbia",2019,"Total_Primary_Value",14755705,"Tinned Imports"
"Serbia",2020,"Total_Primary_Value",13944678,"Tinned Imports"
"Serbia",2021,"Total_Primary_Value",17504626,"Tinned Imports"
"Serbia",2022,"Total_Primary_Value",19690873,"Tinned Imports"
"Serbia",2023,"Total_Primary_Value",21405098,"Tinned Imports"
"Serbia",2024,"Total_Primary_Value",24416640,"Tinned Imports"
"Serbia",2025,"Total_Primary_Value",20036752,"Tinned Imports"
"Singapore",2010,"Total_Primary_Value",11316722,"Tinned Imports"
"Singapore",2011,"Total_Primary_Value",12040882,"Tinned Imports"
"Singapore",2012,"Total_Primary_Value",15515067,"Tinned Imports"
"Singapore",2013,"Total_Primary_Value",12705170.033,"Tinned Imports"
"Singapore",2014,"Total_Primary_Value",12034678.714,"Tinned Imports"
"Singapore",2015,"Total_Primary_Value",10962577.352,"Tinned Imports"
"Singapore",2016,"Total_Primary_Value",12172298.118,"Tinned Imports"
"Singapore",2017,"Total_Primary_Value",10496958.174,"Tinned Imports"
"Singapore",2018,"Total_Primary_Value",11700502.425,"Tinned Imports"
"Singapore",2019,"Total_Primary_Value",11689691.717,"Tinned Imports"
"Singapore",2020,"Total_Primary_Value",29000140.424,"Tinned Imports"
"Singapore",2021,"Total_Primary_Value",12012170.978,"Tinned Imports"
"Singapore",2022,"Total_Primary_Value",10968075.765,"Tinned Imports"
"Singapore",2023,"Total_Primary_Value",10438627.106,"Tinned Imports"
"Singapore",2024,"Total_Primary_Value",11298957.674,"Tinned Imports"
"Slovakia",2010,"Total_Primary_Value",6466426.398,"Tinned Imports"
"Slovakia",2011,"Total_Primary_Value",9470427.772,"Tinned Imports"
"Slovakia",2012,"Total_Primary_Value",9286721.599,"Tinned Imports"
"Slovakia",2013,"Total_Primary_Value",12265647.502,"Tinned Imports"
"Slovakia",2014,"Total_Primary_Value",12565740.664,"Tinned Imports"
"Slovakia",2015,"Total_Primary_Value",12225952.485,"Tinned Imports"
"Slovakia",2016,"Total_Primary_Value",11054415.528,"Tinned Imports"
"Slovakia",2017,"Total_Primary_Value",13139342.362,"Tinned Imports"
"Slovakia",2018,"Total_Primary_Value",16343841.537,"Tinned Imports"
"Slovakia",2019,"Total_Primary_Value",16867116.44,"Tinned Imports"
"Slovakia",2020,"Total_Primary_Value",17978268.779,"Tinned Imports"
"Slovakia",2021,"Total_Primary_Value",17668516.958,"Tinned Imports"
"Slovakia",2022,"Total_Primary_Value",22563665.993,"Tinned Imports"
"Slovakia",2023,"Total_Primary_Value",21138197.705,"Tinned Imports"
"Slovakia",2024,"Total_Primary_Value",24747661.18,"Tinned Imports"
"Slovakia",2025,"Total_Primary_Value",18942460.508,"Tinned Imports"
"Slovenia",2010,"Total_Primary_Value",16368591.066,"Tinned Imports"
"Slovenia",2011,"Total_Primary_Value",21298932.441,"Tinned Imports"
"Slovenia",2012,"Total_Primary_Value",19990568.017,"Tinned Imports"
"Slovenia",2013,"Total_Primary_Value",23325817.191,"Tinned Imports"
"Slovenia",2014,"Total_Primary_Value",22388418.251,"Tinned Imports"
"Slovenia",2015,"Total_Primary_Value",17424525.035,"Tinned Imports"
"Slovenia",2016,"Total_Primary_Value",16910019.231,"Tinned Imports"
"Slovenia",2017,"Total_Primary_Value",19888849.27,"Tinned Imports"
"Slovenia",2018,"Total_Primary_Value",20028689.35,"Tinned Imports"
"Slovenia",2019,"Total_Primary_Value",20323551.269,"Tinned Imports"
"Slovenia",2020,"Total_Primary_Value",23144057.935,"Tinned Imports"
"Slovenia",2021,"Total_Primary_Value",23119974.224,"Tinned Imports"
"Slovenia",2022,"Total_Primary_Value",23868634.421,"Tinned Imports"
"Slovenia",2023,"Total_Primary_Value",25045029.608,"Tinned Imports"
"Slovenia",2024,"Total_Primary_Value",28433016.161,"Tinned Imports"
"Slovenia",2025,"Total_Primary_Value",20176318.124,"Tinned Imports"
"South Africa",2010,"Total_Primary_Value",33646563.531,"Tinned Imports"
"South Africa",2011,"Total_Primary_Value",31353090.432,"Tinned Imports"
"South Africa",2012,"Total_Primary_Value",49823833.011,"Tinned Imports"
"South Africa",2013,"Total_Primary_Value",51251206.606,"Tinned Imports"
"South Africa",2014,"Total_Primary_Value",44611831.132,"Tinned Imports"
"South Africa",2015,"Total_Primary_Value",37803646.657,"Tinned Imports"
"South Africa",2016,"Total_Primary_Value",23910724.145,"Tinned Imports"
"South Africa",2017,"Total_Primary_Value",46739352.033,"Tinned Imports"
"South Africa",2018,"Total_Primary_Value",39992173.489,"Tinned Imports"
"South Africa",2019,"Total_Primary_Value",46407730.967,"Tinned Imports"
"South Africa",2020,"Total_Primary_Value",27181612.339,"Tinned Imports"
"South Africa",2021,"Total_Primary_Value",35719424.616,"Tinned Imports"
"South Africa",2022,"Total_Primary_Value",37012640.895,"Tinned Imports"
"South Africa",2023,"Total_Primary_Value",24575438.505,"Tinned Imports"
"South Africa",2024,"Total_Primary_Value",47773301.384,"Tinned Imports"
"South Africa",2025,"Total_Primary_Value",23341893.016,"Tinned Imports"
"Spain",2002,"Total_Primary_Value",63260874.24,"Tinned Imports"
"Spain",2003,"Total_Primary_Value",107058934.025,"Tinned Imports"
"Spain",2004,"Total_Primary_Value",118133797.634,"Tinned Imports"
"Spain",2005,"Total_Primary_Value",206899070.841,"Tinned Imports"
"Spain",2006,"Total_Primary_Value",270129689.119,"Tinned Imports"
"Spain",2007,"Total_Primary_Value",313074983.226,"Tinned Imports"
"Spain",2008,"Total_Primary_Value",407854252.114,"Tinned Imports"
"Spain",2009,"Total_Primary_Value",398069920.913,"Tinned Imports"
"Spain",2010,"Total_Primary_Value",397843755.511,"Tinned Imports"
"Spain",2011,"Total_Primary_Value",436326167.986,"Tinned Imports"
"Spain",2012,"Total_Primary_Value",539862154.753,"Tinned Imports"
"Spain",2013,"Total_Primary_Value",582428048.293,"Tinned Imports"
"Spain",2014,"Total_Primary_Value",504777429.509,"Tinned Imports"
"Spain",2015,"Total_Primary_Value",464607944.611,"Tinned Imports"
"Spain",2016,"Total_Primary_Value",405801807.428,"Tinned Imports"
"Spain",2017,"Total_Primary_Value",619260506.757,"Tinned Imports"
"Spain",2018,"Total_Primary_Value",706951190.95,"Tinned Imports"
"Spain",2019,"Total_Primary_Value",715354608.125,"Tinned Imports"
"Spain",2020,"Total_Primary_Value",612321948.608,"Tinned Imports"
"Spain",2021,"Total_Primary_Value",653178549.51,"Tinned Imports"
"Spain",2022,"Total_Primary_Value",881492356.475,"Tinned Imports"
"Spain",2023,"Total_Primary_Value",816105992.502,"Tinned Imports"
"Spain",2024,"Total_Primary_Value",930840252.184,"Tinned Imports"
"Spain",2025,"Total_Primary_Value",912605897.632,"Tinned Imports"
"State of Palestine",2007,"Total_Primary_Value",10700140.745,"Tinned Imports"
"State of Palestine",2008,"Total_Primary_Value",11655895.691,"Tinned Imports"
"State of Palestine",2009,"Total_Primary_Value",7118965.428,"Tinned Imports"
"State of Palestine",2017,"Total_Primary_Value",6645524.767,"Tinned Imports"
"State of Palestine",2018,"Total_Primary_Value",9251092.095,"Tinned Imports"
"State of Palestine",2019,"Total_Primary_Value",10779304.83,"Tinned Imports"
"State of Palestine",2020,"Total_Primary_Value",10760907.99,"Tinned Imports"
"State of Palestine",2021,"Total_Primary_Value",8687653.59,"Tinned Imports"
"State of Palestine",2022,"Total_Primary_Value",13795601.473,"Tinned Imports"
"State of Palestine",2023,"Total_Primary_Value",10419653.611,"Tinned Imports"
"Sudan",2012,"Total_Primary_Value",2020937,"Tinned Imports"
"Sudan",2015,"Total_Primary_Value",1929428.31,"Tinned Imports"
"Sudan",2016,"Total_Primary_Value",1970989,"Tinned Imports"
"Sudan",2018,"Total_Primary_Value",1822130,"Tinned Imports"
"Sudan (...2011)",2009,"Total_Primary_Value",2416078.632,"Tinned Imports"
"Sweden",2010,"Total_Primary_Value",17526526.38,"Tinned Imports"
"Sweden",2011,"Total_Primary_Value",24399572.506,"Tinned Imports"
"Sweden",2012,"Total_Primary_Value",26376042.842,"Tinned Imports"
"Sweden",2013,"Total_Primary_Value",33354528.445,"Tinned Imports"
"Sweden",2014,"Total_Primary_Value",29894933.487,"Tinned Imports"
"Sweden",2015,"Total_Primary_Value",24938028.911,"Tinned Imports"
"Sweden",2016,"Total_Primary_Value",24175327.974,"Tinned Imports"
"Sweden",2017,"Total_Primary_Value",26093385.621,"Tinned Imports"
"Sweden",2018,"Total_Primary_Value",31792867.233,"Tinned Imports"
"Sweden",2019,"Total_Primary_Value",34523713.732,"Tinned Imports"
"Sweden",2020,"Total_Primary_Value",34844754.277,"Tinned Imports"
"Sweden",2021,"Total_Primary_Value",25897897.291,"Tinned Imports"
"Sweden",2022,"Total_Primary_Value",30011694.611,"Tinned Imports"
"Sweden",2023,"Total_Primary_Value",31910254.729,"Tinned Imports"
"Sweden",2024,"Total_Primary_Value",36036677.416,"Tinned Imports"
"Sweden",2025,"Total_Primary_Value",29372019.674,"Tinned Imports"
"Switzerland",2000,"Total_Primary_Value",26498259.897,"Tinned Imports"
"Switzerland",2001,"Total_Primary_Value",24995215.83,"Tinned Imports"
"Switzerland",2002,"Total_Primary_Value",28402097.366,"Tinned Imports"
"Switzerland",2003,"Total_Primary_Value",32073120.504,"Tinned Imports"
"Switzerland",2004,"Total_Primary_Value",30922069.864,"Tinned Imports"
"Switzerland",2005,"Total_Primary_Value",34094296.553,"Tinned Imports"
"Switzerland",2006,"Total_Primary_Value",37768139.659,"Tinned Imports"
"Switzerland",2007,"Total_Primary_Value",39470701.561,"Tinned Imports"
"Switzerland",2008,"Total_Primary_Value",50722897.754,"Tinned Imports"
"Switzerland",2009,"Total_Primary_Value",45067082.202,"Tinned Imports"
"Switzerland",2012,"Total_Primary_Value",50645284.378,"Tinned Imports"
"Switzerland",2013,"Total_Primary_Value",66842363.489,"Tinned Imports"
"Switzerland",2014,"Total_Primary_Value",58079467.099,"Tinned Imports"
"Switzerland",2015,"Total_Primary_Value",51523793.511,"Tinned Imports"
"Switzerland",2016,"Total_Primary_Value",51332622.585,"Tinned Imports"
"Switzerland",2017,"Total_Primary_Value",58826502.693,"Tinned Imports"
"Switzerland",2018,"Total_Primary_Value",62075646.494,"Tinned Imports"
"Switzerland",2019,"Total_Primary_Value",55576283.122,"Tinned Imports"
"Switzerland",2020,"Total_Primary_Value",65233560.625,"Tinned Imports"
"Switzerland",2021,"Total_Primary_Value",59921692.639,"Tinned Imports"
"Switzerland",2022,"Total_Primary_Value",63676157.931,"Tinned Imports"
"Switzerland",2023,"Total_Primary_Value",59243801.768,"Tinned Imports"
"Switzerland",2024,"Total_Primary_Value",69416250.584,"Tinned Imports"
"Switzerland",2025,"Total_Primary_Value",63610073.998,"Tinned Imports"
"Thailand",2010,"Total_Primary_Value",1879315622,"Tinned Imports"
"Thailand",2011,"Total_Primary_Value",1540146668,"Tinned Imports"
"Thailand",2012,"Total_Primary_Value",155553489,"Tinned Imports"
"Thailand",2013,"Total_Primary_Value",137007386,"Tinned Imports"
"Thailand",2014,"Total_Primary_Value",106681715.124,"Tinned Imports"
"Thailand",2015,"Total_Primary_Value",116911150.86,"Tinned Imports"
"Thailand",2016,"Total_Primary_Value",132976277.75,"Tinned Imports"
"Thailand",2017,"Total_Primary_Value",100851339.35,"Tinned Imports"
"Thailand",2018,"Total_Primary_Value",124016234.99,"Tinned Imports"
"Thailand",2019,"Total_Primary_Value",142143354.929,"Tinned Imports"
"Thailand",2020,"Total_Primary_Value",156816499.425,"Tinned Imports"
"Thailand",2021,"Total_Primary_Value",127826250.142,"Tinned Imports"
"Thailand",2022,"Total_Primary_Value",196505249.523,"Tinned Imports"
"Thailand",2023,"Total_Primary_Value",227070080.6,"Tinned Imports"
"Thailand",2024,"Total_Primary_Value",288921092.642,"Tinned Imports"
"Thailand",2025,"Total_Primary_Value",40499689.818,"Tinned Imports"
"Trinidad and Tobago",2011,"Total_Primary_Value",4529059.614,"Tinned Imports"
"Trinidad and Tobago",2012,"Total_Primary_Value",5589487.348,"Tinned Imports"
"Trinidad and Tobago",2013,"Total_Primary_Value",6062004.716,"Tinned Imports"
"Trinidad and Tobago",2014,"Total_Primary_Value",6215570.467,"Tinned Imports"
"Trinidad and Tobago",2015,"Total_Primary_Value",5535094.495,"Tinned Imports"
"Trinidad and Tobago",2016,"Total_Primary_Value",4689326.541,"Tinned Imports"
"Trinidad and Tobago",2017,"Total_Primary_Value",4947240.878,"Tinned Imports"
"Trinidad and Tobago",2018,"Total_Primary_Value",6766122.698,"Tinned Imports"
"Trinidad and Tobago",2019,"Total_Primary_Value",9885515.159,"Tinned Imports"
"Trinidad and Tobago",2020,"Total_Primary_Value",7867483.85,"Tinned Imports"
"Trinidad and Tobago",2021,"Total_Primary_Value",7004704.933,"Tinned Imports"
"Trinidad and Tobago",2023,"Total_Primary_Value",7590168.934,"Tinned Imports"
"Trinidad and Tobago",2024,"Total_Primary_Value",8659768.461,"Tinned Imports"
"Tunisia",2014,"Total_Primary_Value",11126596.737,"Tinned Imports"
"Türkiye",2014,"Total_Primary_Value",4448063,"Tinned Imports"
"Türkiye",2015,"Total_Primary_Value",4131190,"Tinned Imports"
"Türkiye",2016,"Total_Primary_Value",3364566,"Tinned Imports"
"Türkiye",2017,"Total_Primary_Value",2689412,"Tinned Imports"
"Türkiye",2019,"Total_Primary_Value",4129142,"Tinned Imports"
"Türkiye",2020,"Total_Primary_Value",10703555,"Tinned Imports"
"Türkiye",2021,"Total_Primary_Value",10736194,"Tinned Imports"
"Türkiye",2022,"Total_Primary_Value",14462900,"Tinned Imports"
"Türkiye",2023,"Total_Primary_Value",9970307,"Tinned Imports"
"Türkiye",2024,"Total_Primary_Value",16479564,"Tinned Imports"
"Türkiye",2025,"Total_Primary_Value",8479402,"Tinned Imports"
"USA",2010,"Total_Primary_Value",950600398,"Tinned Imports"
"USA",2016,"Total_Primary_Value",839412728,"Tinned Imports"
"USA",2017,"Total_Primary_Value",976793354,"Tinned Imports"
"USA",2018,"Total_Primary_Value",1102559745,"Tinned Imports"
"USA",2019,"Total_Primary_Value",1129684296,"Tinned Imports"
"USA",2020,"Total_Primary_Value",1288275815,"Tinned Imports"
"USA",2021,"Total_Primary_Value",1060432697,"Tinned Imports"
"USA",2022,"Total_Primary_Value",1325676061,"Tinned Imports"
"USA",2023,"Total_Primary_Value",1181803287,"Tinned Imports"
"USA",2024,"Total_Primary_Value",1152074646,"Tinned Imports"
"USA",2025,"Total_Primary_Value",904594342,"Tinned Imports"
"Ukraine",2013,"Total_Primary_Value",3396914.62,"Tinned Imports"
"Ukraine",2017,"Total_Primary_Value",3324466.3,"Tinned Imports"
"Ukraine",2018,"Total_Primary_Value",3928202.29,"Tinned Imports"
"Ukraine",2019,"Total_Primary_Value",8694330.42,"Tinned Imports"
"Ukraine",2020,"Total_Primary_Value",12141598.34,"Tinned Imports"
"Ukraine",2021,"Total_Primary_Value",13873425.75,"Tinned Imports"
"Ukraine",2022,"Total_Primary_Value",11532333.1,"Tinned Imports"
"Ukraine",2023,"Total_Primary_Value",14674594.34,"Tinned Imports"
"Ukraine",2024,"Total_Primary_Value",19428950.36,"Tinned Imports"
"Ukraine",2025,"Total_Primary_Value",16559501.35,"Tinned Imports"
"United Arab Emirates",2017,"Total_Primary_Value",95808999.995,"Tinned Imports"
"United Arab Emirates",2018,"Total_Primary_Value",83047122.028,"Tinned Imports"
"United Arab Emirates",2019,"Total_Primary_Value",82571566.951,"Tinned Imports"
"United Kingdom",2010,"Total_Primary_Value",372249035.676,"Tinned Imports"
"United Kingdom",2011,"Total_Primary_Value",468472997.187,"Tinned Imports"
"United Kingdom",2012,"Total_Primary_Value",513709923.905,"Tinned Imports"
"United Kingdom",2013,"Total_Primary_Value",614736717.802,"Tinned Imports"
"United Kingdom",2014,"Total_Primary_Value",544900630.927,"Tinned Imports"
"United Kingdom",2015,"Total_Primary_Value",506092439.572,"Tinned Imports"
"United Kingdom",2016,"Total_Primary_Value",463117204.518,"Tinned Imports"
"United Kingdom",2017,"Total_Primary_Value",513326934.7,"Tinned Imports"
"United Kingdom",2018,"Total_Primary_Value",549980928.588,"Tinned Imports"
"United Kingdom",2019,"Total_Primary_Value",511914242.712,"Tinned Imports"
"United Kingdom",2020,"Total_Primary_Value",481385030.03,"Tinned Imports"
"United Kingdom",2021,"Total_Primary_Value",450156235.202,"Tinned Imports"
"United Kingdom",2022,"Total_Primary_Value",443369681.454,"Tinned Imports"
"United Kingdom",2023,"Total_Primary_Value",464720676.346,"Tinned Imports"
"United Kingdom",2024,"Total_Primary_Value",539916437.847,"Tinned Imports"
"United Kingdom",2025,"Total_Primary_Value",485959667.954,"Tinned Imports"
"Uruguay",2012,"Total_Primary_Value",5022941.43,"Tinned Imports"
"Uruguay",2014,"Total_Primary_Value",7140501.37,"Tinned Imports"
"Uruguay",2019,"Total_Primary_Value",8814301.7,"Tinned Imports"
"Uruguay",2020,"Total_Primary_Value",9096555.07,"Tinned Imports"
"Uruguay",2021,"Total_Primary_Value",9281306.5,"Tinned Imports"
"Uruguay",2022,"Total_Primary_Value",11099378.71,"Tinned Imports"
"Uruguay",2023,"Total_Primary_Value",12967821.27,"Tinned Imports"
"Viet Nam",2017,"Total_Primary_Value",9065504.893,"Tinned Imports"
"Viet Nam",2018,"Total_Primary_Value",16663814.509,"Tinned Imports"
"Viet Nam",2019,"Total_Primary_Value",11754393.649,"Tinned Imports"
"Viet Nam",2020,"Total_Primary_Value",14128265.801,"Tinned Imports"
"Viet Nam",2021,"Total_Primary_Value",15084511.027,"Tinned Imports"
"Viet Nam",2022,"Total_Primary_Value",14578170.855,"Tinned Imports"
"Viet Nam",2023,"Total_Primary_Value",32052221.376,"Tinned Imports"
"Yemen",2012,"Total_Primary_Value",14679335.702,"Tinned Imports"
"Yemen",2015,"Total_Primary_Value",7336930.875,"Tinned Imports"
"Yemen",2016,"Total_Primary_Value",9291588.017,"Tinned Imports"
"Yemen",2018,"Total_Primary_Value",2059640.974,"Tinned Imports"
"Yemen",2019,"Total_Primary_Value",4838031.04,"Tinned Imports"
"Algeria",2010,"Average_Price",1.06349619696703,"Tinned Imports"
"Algeria",2011,"Average_Price",1.02884419439378,"Tinned Imports"
"Algeria",2012,"Average_Price",1.56237541233577,"Tinned Imports"
"Algeria",2013,"Average_Price",1.91529699355555,"Tinned Imports"
"Algeria",2014,"Average_Price",2.44473369566714,"Tinned Imports"
"Algeria",2015,"Average_Price",2.63368533532043,"Tinned Imports"
"Algeria",2016,"Average_Price",3.2227222690623,"Tinned Imports"
"Algeria",2017,"Average_Price",3.14116585802586,"Tinned Imports"
"Angola",2015,"Average_Price",0.765161371157998,"Tinned Imports"
"Angola",2016,"Average_Price",0.989602210628953,"Tinned Imports"
"Angola",2017,"Average_Price",4.98138019865918,"Tinned Imports"
"Angola",2018,"Average_Price",1.64729515842371,"Tinned Imports"
"Angola",2019,"Average_Price",4.16811357277146,"Tinned Imports"
"Angola",2020,"Average_Price",3.84494035280066,"Tinned Imports"
"Angola",2021,"Average_Price",2.98777965503069,"Tinned Imports"
"Angola",2022,"Average_Price",3.50870665223924,"Tinned Imports"
"Angola",2023,"Average_Price",3.73877568776241,"Tinned Imports"
"Argentina",2010,"Average_Price",3.64582756032334,"Tinned Imports"
"Argentina",2011,"Average_Price",4.28115288009082,"Tinned Imports"
"Argentina",2012,"Average_Price",5.46079658307522,"Tinned Imports"
"Argentina",2013,"Average_Price",5.91472161899535,"Tinned Imports"
"Argentina",2014,"Average_Price",5.02669936611047,"Tinned Imports"
"Argentina",2015,"Average_Price",4.14876936895942,"Tinned Imports"
"Argentina",2016,"Average_Price",4.20329335112677,"Tinned Imports"
"Argentina",2017,"Average_Price",4.787990402744,"Tinned Imports"
"Argentina",2018,"Average_Price",5.11531832689371,"Tinned Imports"
"Argentina",2019,"Average_Price",4.53260832860681,"Tinned Imports"
"Argentina",2020,"Average_Price",4.32285951900743,"Tinned Imports"
"Argentina",2021,"Average_Price",4.50145498868583,"Tinned Imports"
"Argentina",2022,"Average_Price",4.87988580568509,"Tinned Imports"
"Argentina",2023,"Average_Price",5.39050808150557,"Tinned Imports"
"Argentina",2024,"Average_Price",5.43585030645685,"Tinned Imports"
"Argentina",2025,"Average_Price",5.03407688735774,"Tinned Imports"
"Australia",2010,"Average_Price",17.2988509376242,"Tinned Imports"
"Australia",2011,"Average_Price",4.77325434293039,"Tinned Imports"
"Australia",2012,"Average_Price",5.58365089999565,"Tinned Imports"
"Australia",2013,"Average_Price",5.71311277204384,"Tinned Imports"
"Australia",2014,"Average_Price",5.16220611216517,"Tinned Imports"
"Australia",2015,"Average_Price",4.58938395034432,"Tinned Imports"
"Australia",2016,"Average_Price",4.6791773962544,"Tinned Imports"
"Australia",2017,"Average_Price",4.96065537492023,"Tinned Imports"
"Australia",2018,"Average_Price",5.13588465977874,"Tinned Imports"
"Australia",2019,"Average_Price",5.02993604036708,"Tinned Imports"
"Australia",2020,"Average_Price",4.89025797671521,"Tinned Imports"
"Australia",2021,"Average_Price",5.03295992743395,"Tinned Imports"
"Australia",2022,"Average_Price",5.43685443596135,"Tinned Imports"
"Australia",2023,"Average_Price",5.45547431267439,"Tinned Imports"
"Australia",2024,"Average_Price",5.28942985117229,"Tinned Imports"
"Australia",2025,"Average_Price",5.33155412259197,"Tinned Imports"
"Austria",2010,"Average_Price",5.41462297303865,"Tinned Imports"
"Austria",2011,"Average_Price",5.86059377764553,"Tinned Imports"
"Austria",2012,"Average_Price",6.79876808239378,"Tinned Imports"
"Austria",2013,"Average_Price",8.31573933173187,"Tinned Imports"
"Austria",2014,"Average_Price",9.28835334851515,"Tinned Imports"
"Austria",2015,"Average_Price",7.42408478607188,"Tinned Imports"
"Austria",2016,"Average_Price",7.29644487385648,"Tinned Imports"
"Austria",2017,"Average_Price",5.80497622983549,"Tinned Imports"
"Austria",2022,"Average_Price",6.37993376049874,"Tinned Imports"
"Bahrain",2017,"Average_Price",5.61468018249178,"Tinned Imports"
"Barbados",2011,"Average_Price",3.43742289592294,"Tinned Imports"
"Barbados",2012,"Average_Price",4.3677845574731,"Tinned Imports"
"Barbados",2013,"Average_Price",4.18396565512867,"Tinned Imports"
"Barbados",2014,"Average_Price",3.85580840274915,"Tinned Imports"
"Barbados",2015,"Average_Price",3.42736903350375,"Tinned Imports"
"Barbados",2016,"Average_Price",2.58570352584661,"Tinned Imports"
"Barbados",2017,"Average_Price",2.41943713752113,"Tinned Imports"
"Barbados",2018,"Average_Price",2.66750520514192,"Tinned Imports"
"Barbados",2019,"Average_Price",2.62847006900781,"Tinned Imports"
"Barbados",2020,"Average_Price",2.364126088705,"Tinned Imports"
"Barbados",2021,"Average_Price",2.37355265708358,"Tinned Imports"
"Barbados",2022,"Average_Price",2.29485735596974,"Tinned Imports"
"Barbados",2023,"Average_Price",1.82990340888379,"Tinned Imports"
"Barbados",2024,"Average_Price",2.95183841143016,"Tinned Imports"
"Belgium",2010,"Average_Price",4.31330396098661,"Tinned Imports"
"Belgium",2011,"Average_Price",4.85950687116153,"Tinned Imports"
"Belgium",2012,"Average_Price",5.3870387985706,"Tinned Imports"
"Belgium",2013,"Average_Price",6.30626833275723,"Tinned Imports"
"Belgium",2014,"Average_Price",5.62242695801584,"Tinned Imports"
"Belgium",2015,"Average_Price",4.73253838225016,"Tinned Imports"
"Belgium",2016,"Average_Price",4.71139726109983,"Tinned Imports"
"Belgium",2017,"Average_Price",5.06526109162381,"Tinned Imports"
"Belgium",2018,"Average_Price",5.74359570146652,"Tinned Imports"
"Belgium",2019,"Average_Price",5.39785413386634,"Tinned Imports"
"Belgium",2020,"Average_Price",5.63908217834937,"Tinned Imports"
"Belgium",2021,"Average_Price",5.62528091834872,"Tinned Imports"
"Belgium",2022,"Average_Price",5.36891303502775,"Tinned Imports"
"Belgium",2023,"Average_Price",6.15605458491841,"Tinned Imports"
"Belgium",2024,"Average_Price",6.06515678031335,"Tinned Imports"
"Belgium",2025,"Average_Price",6.18432325233055,"Tinned Imports"
"Bosnia Herzegovina",2010,"Average_Price",3.4572431839713,"Tinned Imports"
"Bosnia Herzegovina",2011,"Average_Price",4.39784310070103,"Tinned Imports"
"Bosnia Herzegovina",2012,"Average_Price",5.52679061245577,"Tinned Imports"
"Bosnia Herzegovina",2013,"Average_Price",5.65764595316082,"Tinned Imports"
"Bosnia Herzegovina",2014,"Average_Price",4.25760087524725,"Tinned Imports"
"Bosnia Herzegovina",2015,"Average_Price",3.57053735476061,"Tinned Imports"
"Bosnia Herzegovina",2016,"Average_Price",3.72663568360226,"Tinned Imports"
"Bosnia Herzegovina",2017,"Average_Price",4.15254601965083,"Tinned Imports"
"Bosnia Herzegovina",2018,"Average_Price",4.4373224441638,"Tinned Imports"
"Bosnia Herzegovina",2019,"Average_Price",4.36008058625534,"Tinned Imports"
"Bosnia Herzegovina",2020,"Average_Price",4.21580577091025,"Tinned Imports"
"Bosnia Herzegovina",2021,"Average_Price",4.98206653397946,"Tinned Imports"
"Bosnia Herzegovina",2022,"Average_Price",4.765460217148,"Tinned Imports"
"Bosnia Herzegovina",2023,"Average_Price",4.88629035085298,"Tinned Imports"
"Bosnia Herzegovina",2024,"Average_Price",4.87729096992885,"Tinned Imports"
"Bosnia Herzegovina",2025,"Average_Price",5.14923247769022,"Tinned Imports"
"Brazil",2000,"Average_Price",2.32163863887573,"Tinned Imports"
"Brazil",2007,"Average_Price",3.32238365083193,"Tinned Imports"
"Brazil",2009,"Average_Price",3.68614986361571,"Tinned Imports"
"Brazil",2010,"Average_Price",4.11425373170139,"Tinned Imports"
"Brazil",2011,"Average_Price",4.36848852145884,"Tinned Imports"
"Brazil",2012,"Average_Price",5.51139021094071,"Tinned Imports"
"Brazil",2013,"Average_Price",6.06122803583,"Tinned Imports"
"Brazil",2014,"Average_Price",4.80246969630779,"Tinned Imports"
"Brazil",2015,"Average_Price",4.05478718064839,"Tinned Imports"
"Brazil",2016,"Average_Price",4.11943054063853,"Tinned Imports"
"Brazil",2017,"Average_Price",4.85244649756931,"Tinned Imports"
"Brazil",2018,"Average_Price",5.54440553149512,"Tinned Imports"
"Brazil",2019,"Average_Price",4.54442897761853,"Tinned Imports"
"Brazil",2020,"Average_Price",4.3757518940735,"Tinned Imports"
"Brazil",2021,"Average_Price",4.24909024779323,"Tinned Imports"
"Brazil",2022,"Average_Price",5.30281391827453,"Tinned Imports"
"Brazil",2024,"Average_Price",4.9172372203767,"Tinned Imports"
"Brazil",2025,"Average_Price",4.56316654961301,"Tinned Imports"
"Bulgaria",2013,"Average_Price",4.66929819606049,"Tinned Imports"
"Bulgaria",2014,"Average_Price",4.68544458728918,"Tinned Imports"
"Bulgaria",2016,"Average_Price",3.73573686892694,"Tinned Imports"
"Bulgaria",2018,"Average_Price",4.68891836599004,"Tinned Imports"
"Bulgaria",2019,"Average_Price",4.47150802977339,"Tinned Imports"
"Bulgaria",2020,"Average_Price",3.88796758214587,"Tinned Imports"
"Bulgaria",2021,"Average_Price",4.48885663975441,"Tinned Imports"
"Bulgaria",2022,"Average_Price",4.45933659500461,"Tinned Imports"
"Bulgaria",2023,"Average_Price",4.83107026103156,"Tinned Imports"
"Canada",2010,"Average_Price",3.69322138130303,"Tinned Imports"
"Canada",2011,"Average_Price",4.5227388027088,"Tinned Imports"
"Canada",2012,"Average_Price",4.99805372480179,"Tinned Imports"
"Canada",2013,"Average_Price",5.18877449569447,"Tinned Imports"
"Canada",2014,"Average_Price",4.52287106540839,"Tinned Imports"
"Canada",2015,"Average_Price",4.40783349071059,"Tinned Imports"
"Canada",2016,"Average_Price",5.33431651637115,"Tinned Imports"
"Canada",2017,"Average_Price",5.01761955425902,"Tinned Imports"
"Canada",2018,"Average_Price",6.07971608469302,"Tinned Imports"
"Canada",2019,"Average_Price",5.52625675591959,"Tinned Imports"
"Canada",2020,"Average_Price",4.54351302305396,"Tinned Imports"
"Canada",2021,"Average_Price",5.01451963588113,"Tinned Imports"
"Canada",2022,"Average_Price",5.13683679877329,"Tinned Imports"
"Canada",2023,"Average_Price",5.56109773977303,"Tinned Imports"
"Canada",2024,"Average_Price",5.27430816942357,"Tinned Imports"
"Canada",2025,"Average_Price",5.2257596010868,"Tinned Imports"
"Chile",2003,"Average_Price",2.38681590824898,"Tinned Imports"
"Chile",2004,"Average_Price",2.51738590662908,"Tinned Imports"
"Chile",2005,"Average_Price",2.70922059900821,"Tinned Imports"
"Chile",2006,"Average_Price",2.97025025724304,"Tinned Imports"
"Chile",2007,"Average_Price",3.33471152211195,"Tinned Imports"
"Chile",2008,"Average_Price",4.11678472409952,"Tinned Imports"
"Chile",2009,"Average_Price",3.87647811197482,"Tinned Imports"
"Chile",2010,"Average_Price",3.87364707203742,"Tinned Imports"
"Chile",2011,"Average_Price",4.33962442561053,"Tinned Imports"
"Chile",2012,"Average_Price",5.33307525329512,"Tinned Imports"
"Chile",2013,"Average_Price",5.42946740856896,"Tinned Imports"
"Chile",2014,"Average_Price",4.60274970476979,"Tinned Imports"
"Chile",2015,"Average_Price",3.78675241854156,"Tinned Imports"
"Chile",2016,"Average_Price",3.66835758533208,"Tinned Imports"
"Chile",2017,"Average_Price",3.68848778529732,"Tinned Imports"
"Chile",2018,"Average_Price",3.75774099519589,"Tinned Imports"
"Chile",2019,"Average_Price",3.61577351126441,"Tinned Imports"
"Chile",2020,"Average_Price",3.36623372061938,"Tinned Imports"
"Chile",2021,"Average_Price",3.54352610645096,"Tinned Imports"
"Chile",2022,"Average_Price",3.9591961641566,"Tinned Imports"
"Chile",2023,"Average_Price",4.2038466296326,"Tinned Imports"
"Chile",2024,"Average_Price",4.05601580536093,"Tinned Imports"
"Chile",2025,"Average_Price",3.94554670074252,"Tinned Imports"
"China",2010,"Average_Price",2.8091096337195,"Tinned Imports"
"China",2011,"Average_Price",3.73671005387352,"Tinned Imports"
"China",2012,"Average_Price",4.95978371536582,"Tinned Imports"
"China",2015,"Average_Price",3.4336885571893,"Tinned Imports"
"China",2016,"Average_Price",3.80679702469198,"Tinned Imports"
"China",2017,"Average_Price",4.51823964269841,"Tinned Imports"
"China",2018,"Average_Price",4.76003376868542,"Tinned Imports"
"China",2019,"Average_Price",4.3714933380863,"Tinned Imports"
"China",2020,"Average_Price",4.46570909112305,"Tinned Imports"
"China",2021,"Average_Price",4.55324770682427,"Tinned Imports"
"China",2022,"Average_Price",4.7709766129723,"Tinned Imports"
"China",2023,"Average_Price",5.01558450974911,"Tinned Imports"
"China",2024,"Average_Price",5.25791088659049,"Tinned Imports"
"China",2025,"Average_Price",4.52326331428775,"Tinned Imports"
"Colombia",2010,"Average_Price",3.87524108257624,"Tinned Imports"
"Colombia",2014,"Average_Price",5.11876585223875,"Tinned Imports"
"Colombia",2015,"Average_Price",5.49080639717473,"Tinned Imports"
"Colombia",2016,"Average_Price",4.37274510098879,"Tinned Imports"
"Colombia",2017,"Average_Price",4.71753894669157,"Tinned Imports"
"Colombia",2018,"Average_Price",4.90449598485007,"Tinned Imports"
"Colombia",2019,"Average_Price",4.66616008517833,"Tinned Imports"
"Colombia",2020,"Average_Price",4.25265061029699,"Tinned Imports"
"Colombia",2021,"Average_Price",4.24385469459639,"Tinned Imports"
"Colombia",2022,"Average_Price",4.86518095984591,"Tinned Imports"
"Colombia",2023,"Average_Price",5.03122036030963,"Tinned Imports"
"Colombia",2024,"Average_Price",5.36184448365645,"Tinned Imports"
"Colombia",2025,"Average_Price",4.76813789355917,"Tinned Imports"
"Costa Rica",2018,"Average_Price",4.94170623508251,"Tinned Imports"
"Costa Rica",2020,"Average_Price",4.47316205063801,"Tinned Imports"
"Croatia",2010,"Average_Price",3.73780838328678,"Tinned Imports"
"Croatia",2011,"Average_Price",4.55160406650752,"Tinned Imports"
"Croatia",2012,"Average_Price",7.69165290340018,"Tinned Imports"
"Croatia",2013,"Average_Price",6.0261673855419,"Tinned Imports"
"Croatia",2014,"Average_Price",5.3900690263282,"Tinned Imports"
"Croatia",2015,"Average_Price",0.138647181570364,"Tinned Imports"
"Croatia",2016,"Average_Price",4.62543076693755,"Tinned Imports"
"Croatia",2017,"Average_Price",5.30223084829636,"Tinned Imports"
"Croatia",2018,"Average_Price",5.9844020508097,"Tinned Imports"
"Croatia",2019,"Average_Price",5.77992145654293,"Tinned Imports"
"Croatia",2020,"Average_Price",5.87172487293267,"Tinned Imports"
"Croatia",2021,"Average_Price",6.18191851091673,"Tinned Imports"
"Croatia",2022,"Average_Price",5.89377645990392,"Tinned Imports"
"Croatia",2023,"Average_Price",7.00538426555121,"Tinned Imports"
"Croatia",2024,"Average_Price",6.98543058076095,"Tinned Imports"
"Croatia",2025,"Average_Price",6.8665082766429,"Tinned Imports"
"Cyprus",2010,"Average_Price",4.81187705715772,"Tinned Imports"
"Cyprus",2011,"Average_Price",5.34295355802862,"Tinned Imports"
"Cyprus",2012,"Average_Price",5.74005559966394,"Tinned Imports"
"Cyprus",2013,"Average_Price",5.7320808332907,"Tinned Imports"
"Cyprus",2014,"Average_Price",5.36586450570425,"Tinned Imports"
"Cyprus",2015,"Average_Price",4.30018828537665,"Tinned Imports"
"Cyprus",2016,"Average_Price",4.64919588688181,"Tinned Imports"
"Cyprus",2017,"Average_Price",5.12183367569894,"Tinned Imports"
"Cyprus",2018,"Average_Price",5.59124030474704,"Tinned Imports"
"Cyprus",2019,"Average_Price",5.17327201206451,"Tinned Imports"
"Cyprus",2020,"Average_Price",4.91343118541563,"Tinned Imports"
"Cyprus",2021,"Average_Price",5.50282698340875,"Tinned Imports"
"Cyprus",2022,"Average_Price",5.28867924048451,"Tinned Imports"
"Cyprus",2023,"Average_Price",6.13058025559291,"Tinned Imports"
"Cyprus",2024,"Average_Price",6.32945562945339,"Tinned Imports"
"Czechia",2010,"Average_Price",7.44758844492832,"Tinned Imports"
"Czechia",2011,"Average_Price",6.85084591861899,"Tinned Imports"
"Czechia",2012,"Average_Price",8.52196072209007,"Tinned Imports"
"Czechia",2013,"Average_Price",6.78147118273576,"Tinned Imports"
"Czechia",2014,"Average_Price",5.42557719231167,"Tinned Imports"
"Czechia",2015,"Average_Price",4.8930351695367,"Tinned Imports"
"Czechia",2016,"Average_Price",5.11991963414826,"Tinned Imports"
"Czechia",2017,"Average_Price",5.62356745645492,"Tinned Imports"
"Czechia",2018,"Average_Price",5.93512303225824,"Tinned Imports"
"Czechia",2019,"Average_Price",5.57599387914235,"Tinned Imports"
"Czechia",2020,"Average_Price",5.42802242601785,"Tinned Imports"
"Czechia",2021,"Average_Price",5.89025058059549,"Tinned Imports"
"Czechia",2022,"Average_Price",5.83751920792008,"Tinned Imports"
"Czechia",2023,"Average_Price",6.49846479325412,"Tinned Imports"
"Czechia",2024,"Average_Price",6.30270857291378,"Tinned Imports"
"Czechia",2025,"Average_Price",6.38934270182288,"Tinned Imports"
"Denmark",2010,"Average_Price",4.13002984361565,"Tinned Imports"
"Denmark",2011,"Average_Price",4.68819256537297,"Tinned Imports"
"Denmark",2012,"Average_Price",5.51980698940698,"Tinned Imports"
"Denmark",2013,"Average_Price",6.17721489535451,"Tinned Imports"
"Denmark",2014,"Average_Price",5.33851458514235,"Tinned Imports"
"Denmark",2015,"Average_Price",4.57262781249233,"Tinned Imports"
"Denmark",2016,"Average_Price",4.48350105455861,"Tinned Imports"
"Denmark",2017,"Average_Price",4.86188808824199,"Tinned Imports"
"Denmark",2018,"Average_Price",5.39888308692131,"Tinned Imports"
"Denmark",2019,"Average_Price",4.81703074372703,"Tinned Imports"
"Denmark",2020,"Average_Price",4.72336313857138,"Tinned Imports"
"Denmark",2021,"Average_Price",4.98932587364207,"Tinned Imports"
"Denmark",2022,"Average_Price",4.78198393939399,"Tinned Imports"
"Denmark",2023,"Average_Price",5.47003219273796,"Tinned Imports"
"Denmark",2024,"Average_Price",5.51174685814924,"Tinned Imports"
"Denmark",2025,"Average_Price",5.48920631405405,"Tinned Imports"
"Dominican Rep.",2002,"Average_Price",0.440513899934397,"Tinned Imports"
"Dominican Rep.",2003,"Average_Price",0.437440934264731,"Tinned Imports"
"Dominican Rep.",2004,"Average_Price",0.453424176999089,"Tinned Imports"
"Dominican Rep.",2005,"Average_Price",0.463380039023702,"Tinned Imports"
"Dominican Rep.",2006,"Average_Price",0.473147530779168,"Tinned Imports"
"Dominican Rep.",2007,"Average_Price",0.531878746262345,"Tinned Imports"
"Dominican Rep.",2008,"Average_Price",0.726174700662388,"Tinned Imports"
"Dominican Rep.",2009,"Average_Price",1.00881842937793,"Tinned Imports"
"Dominican Rep.",2014,"Average_Price",4.42506089412463,"Tinned Imports"
"Dominican Rep.",2015,"Average_Price",3.81890565025293,"Tinned Imports"
"Dominican Rep.",2016,"Average_Price",3.7097520897221,"Tinned Imports"
"Dominican Rep.",2017,"Average_Price",3.8040196305784,"Tinned Imports"
"Dominican Rep.",2018,"Average_Price",4.11606902411142,"Tinned Imports"
"Dominican Rep.",2019,"Average_Price",3.86351659252378,"Tinned Imports"
"Dominican Rep.",2020,"Average_Price",3.9882538850707,"Tinned Imports"
"Dominican Rep.",2021,"Average_Price",3.79854177074067,"Tinned Imports"
"Dominican Rep.",2022,"Average_Price",4.78328148177151,"Tinned Imports"
"Dominican Rep.",2023,"Average_Price",4.66761486298462,"Tinned Imports"
"Dominican Rep.",2024,"Average_Price",4.62919041988237,"Tinned Imports"
"Egypt",2010,"Average_Price",1.64529464429019,"Tinned Imports"
"Egypt",2015,"Average_Price",1.99050103873857,"Tinned Imports"
"Egypt",2016,"Average_Price",1.59217630111378,"Tinned Imports"
"Egypt",2017,"Average_Price",2.75121187948919,"Tinned Imports"
"Egypt",2018,"Average_Price",5.43127293517794,"Tinned Imports"
"Egypt",2019,"Average_Price",4.85088976817864,"Tinned Imports"
"Egypt",2020,"Average_Price",4.80351536939365,"Tinned Imports"
"Egypt",2021,"Average_Price",4.92180644976522,"Tinned Imports"
"Egypt",2022,"Average_Price",5.19389839160288,"Tinned Imports"
"Egypt",2023,"Average_Price",5.63635297515087,"Tinned Imports"
"Egypt",2024,"Average_Price",5.57187155324041,"Tinned Imports"
"Egypt",2025,"Average_Price",5.3824680269657,"Tinned Imports"
"El Salvador",2012,"Average_Price",4.98721793037912,"Tinned Imports"
"El Salvador",2013,"Average_Price",5.11392883053153,"Tinned Imports"
"El Salvador",2017,"Average_Price",5.17490971761178,"Tinned Imports"
"Estonia",2014,"Average_Price",0.0141882621647802,"Tinned Imports"
"Ethiopia",2016,"Average_Price",2.27891006534406,"Tinned Imports"
"Ethiopia",2017,"Average_Price",1.79960540134506,"Tinned Imports"
"Fiji",2014,"Average_Price",3.35264805761457,"Tinned Imports"
"Fiji",2015,"Average_Price",3.31692261126641,"Tinned Imports"
"Fiji",2016,"Average_Price",2.65658976127266,"Tinned Imports"
"Fiji",2017,"Average_Price",2.46352772721783,"Tinned Imports"
"Fiji",2018,"Average_Price",2.46996945689652,"Tinned Imports"
"Fiji",2019,"Average_Price",2.65418645876383,"Tinned Imports"
"Fiji",2020,"Average_Price",2.69728030428791,"Tinned Imports"
"Fiji",2021,"Average_Price",2.46327499923868,"Tinned Imports"
"Fiji",2022,"Average_Price",2.84940527735761,"Tinned Imports"
"Fiji",2023,"Average_Price",3.0862872448029,"Tinned Imports"
"Fiji",2024,"Average_Price",2.77059023352642,"Tinned Imports"
"Fiji",2025,"Average_Price",2.9066850066567,"Tinned Imports"
"Finland",2010,"Average_Price",3.75340438104208,"Tinned Imports"
"Finland",2011,"Average_Price",4.57650452615726,"Tinned Imports"
"Finland",2012,"Average_Price",5.7207365985213,"Tinned Imports"
"Finland",2013,"Average_Price",6.27682663016759,"Tinned Imports"
"Finland",2014,"Average_Price",5.58977619748604,"Tinned Imports"
"Finland",2015,"Average_Price",4.87398732174758,"Tinned Imports"
"Finland",2016,"Average_Price",4.66271674980437,"Tinned Imports"
"Finland",2017,"Average_Price",4.83480188106319,"Tinned Imports"
"Finland",2018,"Average_Price",5.48835493810544,"Tinned Imports"
"Finland",2019,"Average_Price",5.03750071908058,"Tinned Imports"
"Finland",2020,"Average_Price",4.79995890872222,"Tinned Imports"
"Finland",2021,"Average_Price",4.89693603040125,"Tinned Imports"
"Finland",2022,"Average_Price",5.24218268361806,"Tinned Imports"
"Finland",2023,"Average_Price",5.98825946321629,"Tinned Imports"
"Finland",2024,"Average_Price",5.81529549933686,"Tinned Imports"
"Finland",2025,"Average_Price",5.78371783331993,"Tinned Imports"
"France",2000,"Average_Price",2.27014205558062,"Tinned Imports"
"France",2001,"Average_Price",2.4786181398298,"Tinned Imports"
"France",2002,"Average_Price",2.5084486894581,"Tinned Imports"
"France",2003,"Average_Price",2.86205586814097,"Tinned Imports"
"France",2004,"Average_Price",2.86329498924813,"Tinned Imports"
"France",2005,"Average_Price",3.0076273565562,"Tinned Imports"
"France",2006,"Average_Price",3.22241379097497,"Tinned Imports"
"France",2007,"Average_Price",3.99498951462141,"Tinned Imports"
"France",2008,"Average_Price",5.07331298826933,"Tinned Imports"
"France",2009,"Average_Price",4.75370854955501,"Tinned Imports"
"France",2010,"Average_Price",4.38634658119658,"Tinned Imports"
"France",2011,"Average_Price",5.16937546974372,"Tinned Imports"
"France",2012,"Average_Price",5.47790809617243,"Tinned Imports"
"France",2013,"Average_Price",6.23599607476755,"Tinned Imports"
"France",2014,"Average_Price",5.5817982432332,"Tinned Imports"
"France",2015,"Average_Price",4.61932950570986,"Tinned Imports"
"France",2016,"Average_Price",4.68504953474138,"Tinned Imports"
"France",2017,"Average_Price",5.19787023407188,"Tinned Imports"
"France",2018,"Average_Price",5.43127293549804,"Tinned Imports"
"France",2019,"Average_Price",5.39811230462447,"Tinned Imports"
"France",2020,"Average_Price",5.51957368661019,"Tinned Imports"
"France",2021,"Average_Price",5.64605731749744,"Tinned Imports"
"France",2022,"Average_Price",5.59179885368628,"Tinned Imports"
"France",2023,"Average_Price",6.30903445442287,"Tinned Imports"
"France",2024,"Average_Price",6.16503722930883,"Tinned Imports"
"Germany",2008,"Average_Price",4.25122259022393,"Tinned Imports"
"Germany",2009,"Average_Price",3.73484094744693,"Tinned Imports"
"Germany",2010,"Average_Price",3.43046262551783,"Tinned Imports"
"Germany",2011,"Average_Price",4.10395991614283,"Tinned Imports"
"Germany",2012,"Average_Price",4.91560119353419,"Tinned Imports"
"Germany",2013,"Average_Price",5.52604693981988,"Tinned Imports"
"Germany",2014,"Average_Price",4.86849586182242,"Tinned Imports"
"Germany",2015,"Average_Price",4.16839048956087,"Tinned Imports"
"Germany",2016,"Average_Price",3.96289767432727,"Tinned Imports"
"Germany",2017,"Average_Price",4.53985791011137,"Tinned Imports"
"Germany",2018,"Average_Price",5.00621429229559,"Tinned Imports"
"Germany",2019,"Average_Price",4.5080222599465,"Tinned Imports"
"Germany",2020,"Average_Price",4.491199780174,"Tinned Imports"
"Germany",2021,"Average_Price",4.70590556182865,"Tinned Imports"
"Germany",2022,"Average_Price",4.8902513873818,"Tinned Imports"
"Germany",2023,"Average_Price",5.45769249218433,"Tinned Imports"
"Germany",2024,"Average_Price",5.26974903823394,"Tinned Imports"
"Germany",2025,"Average_Price",5.25116189132422,"Tinned Imports"
"Ghana",2012,"Average_Price",1.91786059784385,"Tinned Imports"
"Ghana",2013,"Average_Price",3.76640570647394,"Tinned Imports"
"Ghana",2014,"Average_Price",1.71776269595196,"Tinned Imports"
"Ghana",2015,"Average_Price",2.02951245107792,"Tinned Imports"
"Ghana",2020,"Average_Price",0.832464862172578,"Tinned Imports"
"Ghana",2021,"Average_Price",1.02380345011505,"Tinned Imports"
"Greece",2010,"Average_Price",5.82323201609909,"Tinned Imports"
"Greece",2011,"Average_Price",6.56539676021398,"Tinned Imports"
"Greece",2012,"Average_Price",6.56296242883074,"Tinned Imports"
"Greece",2013,"Average_Price",7.12818709912192,"Tinned Imports"
"Greece",2014,"Average_Price",6.71902063536773,"Tinned Imports"
"Greece",2015,"Average_Price",5.61662241094004,"Tinned Imports"
"Greece",2016,"Average_Price",5.29932026399656,"Tinned Imports"
"Greece",2017,"Average_Price",6.20462197489791,"Tinned Imports"
"Greece",2018,"Average_Price",6.56722580979907,"Tinned Imports"
"Greece",2019,"Average_Price",6.09512706234093,"Tinned Imports"
"Greece",2020,"Average_Price",6.16533081382381,"Tinned Imports"
"Greece",2021,"Average_Price",6.55638798363272,"Tinned Imports"
"Greece",2022,"Average_Price",6.49142069795525,"Tinned Imports"
"Greece",2023,"Average_Price",7.17055244511623,"Tinned Imports"
"Greece",2024,"Average_Price",7.46823148528042,"Tinned Imports"
"Greece",2025,"Average_Price",6.92917614451002,"Tinned Imports"
"Guatemala",2011,"Average_Price",3.09571275963369,"Tinned Imports"
"Guatemala",2021,"Average_Price",3.84109874215174,"Tinned Imports"
"Guatemala",2022,"Average_Price",4.48973003640019,"Tinned Imports"
"Guatemala",2023,"Average_Price",4.54621347569734,"Tinned Imports"
"Guatemala",2024,"Average_Price",4.35426448090034,"Tinned Imports"
"Guatemala",2025,"Average_Price",4.77236818965541,"Tinned Imports"
"Hungary",2011,"Average_Price",7.12008472329012,"Tinned Imports"
"Hungary",2012,"Average_Price",6.58221558934797,"Tinned Imports"
"Hungary",2017,"Average_Price",5.53131170462769,"Tinned Imports"
"Hungary",2018,"Average_Price",6.10144861100032,"Tinned Imports"
"Hungary",2019,"Average_Price",6.18205333636955,"Tinned Imports"
"Hungary",2020,"Average_Price",6.15326351892925,"Tinned Imports"
"Hungary",2021,"Average_Price",6.17590401341235,"Tinned Imports"
"Hungary",2022,"Average_Price",5.66382266421186,"Tinned Imports"
"Hungary",2023,"Average_Price",5.2911086237498,"Tinned Imports"
"Hungary",2024,"Average_Price",6.35833899593287,"Tinned Imports"
"Hungary",2025,"Average_Price",2.5409687353342,"Tinned Imports"
"Indonesia",2014,"Average_Price",4.71639191574197,"Tinned Imports"
"Indonesia",2015,"Average_Price",4.36689966875726,"Tinned Imports"
"Indonesia",2016,"Average_Price",4.32369819219953,"Tinned Imports"
"Indonesia",2019,"Average_Price",3.99849786396648,"Tinned Imports"
"Ireland",2000,"Average_Price",2.96234937152662,"Tinned Imports"
"Ireland",2001,"Average_Price",2.66317988589803,"Tinned Imports"
"Ireland",2002,"Average_Price",2.92378962555023,"Tinned Imports"
"Ireland",2003,"Average_Price",3.31602742147877,"Tinned Imports"
"Ireland",2004,"Average_Price",3.70930209362013,"Tinned Imports"
"Ireland",2005,"Average_Price",3.35841799199798,"Tinned Imports"
"Ireland",2006,"Average_Price",3.12787922646695,"Tinned Imports"
"Ireland",2007,"Average_Price",3.5783404256917,"Tinned Imports"
"Ireland",2008,"Average_Price",4.8555680051199,"Tinned Imports"
"Ireland",2009,"Average_Price",4.66458123200974,"Tinned Imports"
"Ireland",2010,"Average_Price",4.36420570578845,"Tinned Imports"
"Ireland",2011,"Average_Price",5.19999413310517,"Tinned Imports"
"Ireland",2012,"Average_Price",5.82332797498918,"Tinned Imports"
"Ireland",2013,"Average_Price",6.40670102632837,"Tinned Imports"
"Ireland",2014,"Average_Price",6.45259524153016,"Tinned Imports"
"Ireland",2015,"Average_Price",5.32096442887952,"Tinned Imports"
"Ireland",2016,"Average_Price",3.71489950362051,"Tinned Imports"
"Ireland",2017,"Average_Price",3.05457515580474,"Tinned Imports"
"Ireland",2018,"Average_Price",6.2180714424505,"Tinned Imports"
"Ireland",2019,"Average_Price",5.95463058939455,"Tinned Imports"
"Ireland",2020,"Average_Price",5.20042774738348,"Tinned Imports"
"Ireland",2021,"Average_Price",5.21196065497279,"Tinned Imports"
"Ireland",2022,"Average_Price",5.34426999638162,"Tinned Imports"
"Ireland",2023,"Average_Price",6.01378918042045,"Tinned Imports"
"Ireland",2024,"Average_Price",4.24207388714575,"Tinned Imports"
"Ireland",2025,"Average_Price",3.69994895007875,"Tinned Imports"
"Israel",2017,"Average_Price",4.75331330355045,"Tinned Imports"
"Israel",2018,"Average_Price",5.43127293416918,"Tinned Imports"
"Israel",2019,"Average_Price",4.72003146635211,"Tinned Imports"
"Israel",2020,"Average_Price",4.83474829706821,"Tinned Imports"
"Israel",2021,"Average_Price",4.79434637076609,"Tinned Imports"
"Israel",2022,"Average_Price",5.06015521473228,"Tinned Imports"
"Israel",2023,"Average_Price",5.68435826054765,"Tinned Imports"
"Israel",2024,"Average_Price",5.6145467113692,"Tinned Imports"
"Israel",2025,"Average_Price",5.46911856844632,"Tinned Imports"
"Italy",2000,"Average_Price",3.12891310828954,"Tinned Imports"
"Italy",2001,"Average_Price",3.21055079308139,"Tinned Imports"
"Italy",2002,"Average_Price",3.59225097664416,"Tinned Imports"
"Italy",2003,"Average_Price",4.10131077570785,"Tinned Imports"
"Italy",2004,"Average_Price",4.26729296626629,"Tinned Imports"
"Italy",2005,"Average_Price",4.57923840741872,"Tinned Imports"
"Italy",2006,"Average_Price",5.0379443291322,"Tinned Imports"
"Italy",2007,"Average_Price",5.77836080269288,"Tinned Imports"
"Italy",2008,"Average_Price",6.80208029772567,"Tinned Imports"
"Italy",2009,"Average_Price",6.0778053459552,"Tinned Imports"
"Italy",2010,"Average_Price",6.30667616790014,"Tinned Imports"
"Italy",2011,"Average_Price",7.08852900771043,"Tinned Imports"
"Italy",2012,"Average_Price",7.05036684520606,"Tinned Imports"
"Italy",2013,"Average_Price",7.59701171105055,"Tinned Imports"
"Italy",2014,"Average_Price",6.59647791062888,"Tinned Imports"
"Italy",2015,"Average_Price",5.88867193684627,"Tinned Imports"
"Italy",2016,"Average_Price",5.56601925792281,"Tinned Imports"
"Italy",2017,"Average_Price",6.06452841816533,"Tinned Imports"
"Italy",2018,"Average_Price",6.75065443322839,"Tinned Imports"
"Italy",2019,"Average_Price",6.25541843651306,"Tinned Imports"
"Italy",2020,"Average_Price",6.31512055931903,"Tinned Imports"
"Italy",2021,"Average_Price",6.4829833390003,"Tinned Imports"
"Italy",2022,"Average_Price",6.73327730027162,"Tinned Imports"
"Italy",2023,"Average_Price",7.2511512471394,"Tinned Imports"
"Italy",2024,"Average_Price",7.46505174910506,"Tinned Imports"
"Italy",2025,"Average_Price",7.18000099605353,"Tinned Imports"
"Japan",2010,"Average_Price",4.80518108957431,"Tinned Imports"
"Japan",2011,"Average_Price",5.77654497624895,"Tinned Imports"
"Japan",2012,"Average_Price",6.56152486168347,"Tinned Imports"
"Japan",2013,"Average_Price",6.31511852037334,"Tinned Imports"
"Japan",2014,"Average_Price",5.51150198584005,"Tinned Imports"
"Japan",2015,"Average_Price",4.95211991160155,"Tinned Imports"
"Japan",2016,"Average_Price",4.96885151224829,"Tinned Imports"
"Japan",2017,"Average_Price",5.5046692578715,"Tinned Imports"
"Japan",2018,"Average_Price",5.78795240535679,"Tinned Imports"
"Japan",2019,"Average_Price",5.62938280144235,"Tinned Imports"
"Japan",2020,"Average_Price",5.56457138411822,"Tinned Imports"
"Japan",2021,"Average_Price",5.36139086266602,"Tinned Imports"
"Japan",2022,"Average_Price",5.65767909548559,"Tinned Imports"
"Japan",2023,"Average_Price",5.97302713094208,"Tinned Imports"
"Japan",2024,"Average_Price",5.60492250813782,"Tinned Imports"
"Japan",2025,"Average_Price",5.45799661291889,"Tinned Imports"
"Jordan",2010,"Average_Price",3.5179581796293,"Tinned Imports"
"Jordan",2011,"Average_Price",4.28456226870042,"Tinned Imports"
"Jordan",2012,"Average_Price",4.81263693119892,"Tinned Imports"
"Jordan",2013,"Average_Price",5.20914456599376,"Tinned Imports"
"Jordan",2017,"Average_Price",4.20466128500333,"Tinned Imports"
"Jordan",2022,"Average_Price",5.19389839109972,"Tinned Imports"
"Kazakhstan",2023,"Average_Price",1.16058447962442,"Tinned Imports"
"Kuwait",2015,"Average_Price",5.06831198208466,"Tinned Imports"
"Kuwait",2016,"Average_Price",5.13390762354371,"Tinned Imports"
"Kuwait",2017,"Average_Price",5.36098577278199,"Tinned Imports"
"Kuwait",2021,"Average_Price",5.02756004736404,"Tinned Imports"
"Kuwait",2022,"Average_Price",5.19389838649483,"Tinned Imports"
"Kuwait",2023,"Average_Price",5.32730018888257,"Tinned Imports"
"Kuwait",2024,"Average_Price",5.02522017237619,"Tinned Imports"
"Lithuania",2011,"Average_Price",3.82135570611363,"Tinned Imports"
"Lithuania",2012,"Average_Price",4.20852194121919,"Tinned Imports"
"Lithuania",2013,"Average_Price",4.9811370993704,"Tinned Imports"
"Lithuania",2014,"Average_Price",4.66660082104505,"Tinned Imports"
"Lithuania",2015,"Average_Price",3.83268284252391,"Tinned Imports"
"Lithuania",2016,"Average_Price",4.22837186330333,"Tinned Imports"
"Lithuania",2017,"Average_Price",4.70987636012804,"Tinned Imports"
"Lithuania",2018,"Average_Price",5.46610095108955,"Tinned Imports"
"Lithuania",2019,"Average_Price",5.23728359871066,"Tinned Imports"
"Luxembourg",2013,"Average_Price",0.0505462899262146,"Tinned Imports"
"Malaysia",2011,"Average_Price",4.26078487143216,"Tinned Imports"
"Malaysia",2012,"Average_Price",4.7247793513189,"Tinned Imports"
"Malaysia",2013,"Average_Price",3.50926877813247,"Tinned Imports"
"Malaysia",2014,"Average_Price",4.06664565224303,"Tinned Imports"
"Malaysia",2015,"Average_Price",4.9380735984799,"Tinned Imports"
"Malaysia",2016,"Average_Price",4.84478885696444,"Tinned Imports"
"Malaysia",2017,"Average_Price",5.29766065918745,"Tinned Imports"
"Malaysia",2018,"Average_Price",5.60948571389389,"Tinned Imports"
"Malaysia",2019,"Average_Price",5.36272443096978,"Tinned Imports"
"Malaysia",2020,"Average_Price",5.55412232163924,"Tinned Imports"
"Malaysia",2021,"Average_Price",6.15515032372031,"Tinned Imports"
"Malaysia",2022,"Average_Price",4.41467765232175,"Tinned Imports"
"Malaysia",2023,"Average_Price",2.90040455572879,"Tinned Imports"
"Malaysia",2024,"Average_Price",2.6684707604207,"Tinned Imports"
"Malaysia",2025,"Average_Price",3.60942398045581,"Tinned Imports"
"Malta",2010,"Average_Price",5.97221958528469,"Tinned Imports"
"Malta",2011,"Average_Price",7.70738147073501,"Tinned Imports"
"Malta",2012,"Average_Price",8.15279522912925,"Tinned Imports"
"Malta",2013,"Average_Price",9.42207836759701,"Tinned Imports"
"Malta",2014,"Average_Price",6.24431397112872,"Tinned Imports"
"Malta",2015,"Average_Price",5.38943391294868,"Tinned Imports"
"Malta",2016,"Average_Price",5.40174963451439,"Tinned Imports"
"Malta",2017,"Average_Price",5.2641021534255,"Tinned Imports"
"Malta",2019,"Average_Price",5.49809625116843,"Tinned Imports"
"Malta",2020,"Average_Price",5.89143173693761,"Tinned Imports"
"Malta",2021,"Average_Price",6.16728042466564,"Tinned Imports"
"Malta",2022,"Average_Price",6.3863369464115,"Tinned Imports"
"Malta",2023,"Average_Price",6.6520569845581,"Tinned Imports"
"Malta",2024,"Average_Price",6.54925955537907,"Tinned Imports"
"Mexico",2010,"Average_Price",3.36378919438496,"Tinned Imports"
"Mexico",2011,"Average_Price",3.94273212787726,"Tinned Imports"
"Mexico",2012,"Average_Price",6.34738952883776,"Tinned Imports"
"Mexico",2013,"Average_Price",6.37504306927261,"Tinned Imports"
"Mexico",2015,"Average_Price",3.9983587371252,"Tinned Imports"
"Mexico",2016,"Average_Price",4.48457804195752,"Tinned Imports"
"Mexico",2017,"Average_Price",4.84618038583661,"Tinned Imports"
"Mexico",2018,"Average_Price",5.46005297270479,"Tinned Imports"
"Mexico",2021,"Average_Price",4.08762589021074,"Tinned Imports"
"Mexico",2022,"Average_Price",4.92423649630177,"Tinned Imports"
"Mexico",2023,"Average_Price",4.67933021001539,"Tinned Imports"
"Mexico",2025,"Average_Price",4.53251650417523,"Tinned Imports"
"Minnows",2000,"Average_Price",2.00010990224625,"Tinned Imports"
"Minnows",2001,"Average_Price",2.04931025987619,"Tinned Imports"
"Minnows",2002,"Average_Price",2.76521637969734,"Tinned Imports"
"Minnows",2003,"Average_Price",2.12402809870216,"Tinned Imports"
"Minnows",2004,"Average_Price",2.28057665002088,"Tinned Imports"
"Minnows",2005,"Average_Price",2.1923055542036,"Tinned Imports"
"Minnows",2006,"Average_Price",49.7776939417056,"Tinned Imports"
"Minnows",2007,"Average_Price",6.71029189223423,"Tinned Imports"
"Minnows",2008,"Average_Price",4.13018441329842,"Tinned Imports"
"Minnows",2009,"Average_Price",3.53070914469487,"Tinned Imports"
"Minnows",2010,"Average_Price",10.489155261403,"Tinned Imports"
"Minnows",2011,"Average_Price",95.0538255183723,"Tinned Imports"
"Minnows",2012,"Average_Price",165.716522121064,"Tinned Imports"
"Minnows",2013,"Average_Price",137.676424144476,"Tinned Imports"
"Minnows",2014,"Average_Price",123.065438032716,"Tinned Imports"
"Minnows",2015,"Average_Price",81.9363776719671,"Tinned Imports"
"Minnows",2016,"Average_Price",8.99821756379379,"Tinned Imports"
"Minnows",2017,"Average_Price",3.64199037852731,"Tinned Imports"
"Minnows",2018,"Average_Price",4.20674695035343,"Tinned Imports"
"Minnows",2019,"Average_Price",4.01759518905406,"Tinned Imports"
"Minnows",2020,"Average_Price",4.01847771689724,"Tinned Imports"
"Minnows",2021,"Average_Price",4.29445206517983,"Tinned Imports"
"Minnows",2022,"Average_Price",4.36665177076864,"Tinned Imports"
"Minnows",2023,"Average_Price",4.87357915186105,"Tinned Imports"
"Minnows",2024,"Average_Price",5.05984698444984,"Tinned Imports"
"Minnows",2025,"Average_Price",5.00245992327575,"Tinned Imports"
"Missing Imports",2004,"Average_Price",NA,"Tinned Imports"
"Missing Imports",2012,"Average_Price",1.53174426783377,"Tinned Imports"
"Missing Imports",2013,"Average_Price",1.22500379075626,"Tinned Imports"
"Missing Imports",2014,"Average_Price",1.16394942930409,"Tinned Imports"
"Missing Imports",2015,"Average_Price",NA,"Tinned Imports"
"Missing Imports",2016,"Average_Price",NA,"Tinned Imports"
"Missing Imports",2017,"Average_Price",0.259232282600735,"Tinned Imports"
"Missing Imports",2018,"Average_Price",0.49963416656397,"Tinned Imports"
"Missing Imports",2019,"Average_Price",NA,"Tinned Imports"
"Missing Imports",2020,"Average_Price",NA,"Tinned Imports"
"Missing Imports",2021,"Average_Price",NA,"Tinned Imports"
"Missing Imports",2024,"Average_Price",0.609729258184304,"Tinned Imports"
"Morocco",2001,"Average_Price",1.17729682803651,"Tinned Imports"
"Morocco",2002,"Average_Price",0.936618854157198,"Tinned Imports"
"Morocco",2003,"Average_Price",1.45580213376406,"Tinned Imports"
"Morocco",2004,"Average_Price",1.53727661319129,"Tinned Imports"
"Morocco",2005,"Average_Price",1.75233587289669,"Tinned Imports"
"Morocco",2006,"Average_Price",2.11715405708798,"Tinned Imports"
"Morocco",2007,"Average_Price",2.20248599398634,"Tinned Imports"
"Morocco",2008,"Average_Price",2.6646069285951,"Tinned Imports"
"Morocco",2009,"Average_Price",3.32274148034937,"Tinned Imports"
"Morocco",2013,"Average_Price",4.83001102039182,"Tinned Imports"
"Morocco",2015,"Average_Price",4.33977013316285,"Tinned Imports"
"Morocco",2018,"Average_Price",4.75218827654071,"Tinned Imports"
"Morocco",2019,"Average_Price",4.65377546498372,"Tinned Imports"
"Morocco",2020,"Average_Price",4.32495402859762,"Tinned Imports"
"Morocco",2021,"Average_Price",4.85564291467631,"Tinned Imports"
"Morocco",2022,"Average_Price",4.61695938170835,"Tinned Imports"
"Morocco",2023,"Average_Price",4.95679981611562,"Tinned Imports"
"Morocco",2024,"Average_Price",4.9805629509956,"Tinned Imports"
"Morocco",2025,"Average_Price",4.96611104442747,"Tinned Imports"
"Mozambique",2014,"Average_Price",1.40898044119179,"Tinned Imports"
"Mozambique",2015,"Average_Price",1.3226589083525,"Tinned Imports"
"Mozambique",2018,"Average_Price",1.52912869268682,"Tinned Imports"
"Myanmar",2018,"Average_Price",0.501814102389202,"Tinned Imports"
"Netherlands",2010,"Average_Price",2.44853647660224,"Tinned Imports"
"Netherlands",2011,"Average_Price",4.1847918787215,"Tinned Imports"
"Netherlands",2012,"Average_Price",5.24542858196572,"Tinned Imports"
"Netherlands",2013,"Average_Price",5.95510768742346,"Tinned Imports"
"Netherlands",2014,"Average_Price",5.08889787952279,"Tinned Imports"
"Netherlands",2015,"Average_Price",4.29691382143849,"Tinned Imports"
"Netherlands",2016,"Average_Price",4.12812040304805,"Tinned Imports"
"Netherlands",2017,"Average_Price",4.71761880443375,"Tinned Imports"
"Netherlands",2018,"Average_Price",4.95306668400459,"Tinned Imports"
"Netherlands",2019,"Average_Price",4.68681869526755,"Tinned Imports"
"Netherlands",2020,"Average_Price",4.6217287547191,"Tinned Imports"
"Netherlands",2021,"Average_Price",5.01304991991353,"Tinned Imports"
"Netherlands",2022,"Average_Price",5.24106452722248,"Tinned Imports"
"Netherlands",2023,"Average_Price",5.44653832622022,"Tinned Imports"
"Netherlands",2024,"Average_Price",5.29914220943428,"Tinned Imports"
"Netherlands",2025,"Average_Price",5.31313661182887,"Tinned Imports"
"New Zealand",2010,"Average_Price",4.05991680936381,"Tinned Imports"
"New Zealand",2011,"Average_Price",3.80314535276526,"Tinned Imports"
"New Zealand",2012,"Average_Price",4.23595416233972,"Tinned Imports"
"New Zealand",2013,"Average_Price",4.19769473058123,"Tinned Imports"
"New Zealand",2014,"Average_Price",3.76700164147928,"Tinned Imports"
"New Zealand",2015,"Average_Price",3.2704305827719,"Tinned Imports"
"New Zealand",2016,"Average_Price",3.24707162431147,"Tinned Imports"
"New Zealand",2017,"Average_Price",3.9630703551813,"Tinned Imports"
"New Zealand",2018,"Average_Price",5.58210273080027,"Tinned Imports"
"New Zealand",2019,"Average_Price",5.17548917492766,"Tinned Imports"
"New Zealand",2020,"Average_Price",4.95597270756224,"Tinned Imports"
"New Zealand",2021,"Average_Price",4.96748790043785,"Tinned Imports"
"New Zealand",2022,"Average_Price",4.8892538668779,"Tinned Imports"
"New Zealand",2023,"Average_Price",5.38108791903895,"Tinned Imports"
"New Zealand",2024,"Average_Price",5.34432043026955,"Tinned Imports"
"New Zealand",2025,"Average_Price",5.31425974918097,"Tinned Imports"
"Nicaragua",2022,"Average_Price",5.3064748280796,"Tinned Imports"
"Nicaragua",2023,"Average_Price",5.62240943243485,"Tinned Imports"
"North Macedonia",2006,"Average_Price",2.39006097258712,"Tinned Imports"
"North Macedonia",2007,"Average_Price",2.68654907289267,"Tinned Imports"
"North Macedonia",2008,"Average_Price",3.40814700538243,"Tinned Imports"
"North Macedonia",2010,"Average_Price",3.32511050328285,"Tinned Imports"
"North Macedonia",2011,"Average_Price",3.67523940315925,"Tinned Imports"
"North Macedonia",2012,"Average_Price",4.55917468227371,"Tinned Imports"
"North Macedonia",2013,"Average_Price",4.62277034154791,"Tinned Imports"
"North Macedonia",2014,"Average_Price",3.9616169818983,"Tinned Imports"
"North Macedonia",2015,"Average_Price",3.39296788828776,"Tinned Imports"
"North Macedonia",2016,"Average_Price",3.36214957276043,"Tinned Imports"
"North Macedonia",2017,"Average_Price",3.88833031842321,"Tinned Imports"
"North Macedonia",2018,"Average_Price",4.17194596337539,"Tinned Imports"
"North Macedonia",2019,"Average_Price",4.09990593160397,"Tinned Imports"
"North Macedonia",2020,"Average_Price",3.76627045373013,"Tinned Imports"
"North Macedonia",2021,"Average_Price",4.13069959469679,"Tinned Imports"
"North Macedonia",2022,"Average_Price",4.59833660073198,"Tinned Imports"
"North Macedonia",2023,"Average_Price",4.37059807382664,"Tinned Imports"
"North Macedonia",2024,"Average_Price",4.4040117108359,"Tinned Imports"
"Norway",2000,"Average_Price",1.73595825553557,"Tinned Imports"
"Norway",2001,"Average_Price",1.89071446745069,"Tinned Imports"
"Norway",2002,"Average_Price",2.1052337111979,"Tinned Imports"
"Norway",2003,"Average_Price",2.03952431023058,"Tinned Imports"
"Norway",2004,"Average_Price",2.41348276427973,"Tinned Imports"
"Norway",2005,"Average_Price",2.6245070369512,"Tinned Imports"
"Norway",2006,"Average_Price",2.70771218234235,"Tinned Imports"
"Norway",2007,"Average_Price",3.2030882939063,"Tinned Imports"
"Norway",2008,"Average_Price",4.09933798353202,"Tinned Imports"
"Norway",2009,"Average_Price",3.59021577007819,"Tinned Imports"
"Norway",2010,"Average_Price",3.19291709258667,"Tinned Imports"
"Norway",2011,"Average_Price",4.1791790830512,"Tinned Imports"
"Norway",2012,"Average_Price",5.00266103516473,"Tinned Imports"
"Norway",2013,"Average_Price",5.51116681106437,"Tinned Imports"
"Norway",2014,"Average_Price",4.38045464028969,"Tinned Imports"
"Norway",2015,"Average_Price",4.12036554565412,"Tinned Imports"
"Norway",2016,"Average_Price",4.26972261629949,"Tinned Imports"
"Norway",2017,"Average_Price",4.85886840834703,"Tinned Imports"
"Norway",2018,"Average_Price",5.64622672322609,"Tinned Imports"
"Norway",2019,"Average_Price",5.43757487893886,"Tinned Imports"
"Norway",2020,"Average_Price",5.28964901753896,"Tinned Imports"
"Norway",2021,"Average_Price",5.3581467959266,"Tinned Imports"
"Norway",2022,"Average_Price",5.41193691911375,"Tinned Imports"
"Norway",2023,"Average_Price",5.77055344231828,"Tinned Imports"
"Norway",2024,"Average_Price",5.66172615479187,"Tinned Imports"
"Norway",2025,"Average_Price",5.47857554487609,"Tinned Imports"
"Oman",2015,"Average_Price",3.58411143609931,"Tinned Imports"
"Oman",2016,"Average_Price",3.55674723647313,"Tinned Imports"
"Oman",2018,"Average_Price",4.51836799688116,"Tinned Imports"
"Oman",2022,"Average_Price",5.19389840048833,"Tinned Imports"
"Oman",2023,"Average_Price",5.64714383691498,"Tinned Imports"
"Panama",2010,"Average_Price",3.65384798735827,"Tinned Imports"
"Panama",2011,"Average_Price",3.69254725329896,"Tinned Imports"
"Panama",2012,"Average_Price",4.45819264790392,"Tinned Imports"
"Panama",2013,"Average_Price",4.59563631987751,"Tinned Imports"
"Panama",2014,"Average_Price",4.96083732078715,"Tinned Imports"
"Panama",2015,"Average_Price",4.90086833501214,"Tinned Imports"
"Panama",2016,"Average_Price",4.33548002667158,"Tinned Imports"
"Panama",2017,"Average_Price",4.55093340380529,"Tinned Imports"
"Panama",2018,"Average_Price",5.12236177760029,"Tinned Imports"
"Panama",2019,"Average_Price",4.96119713596627,"Tinned Imports"
"Panama",2020,"Average_Price",4.49347866564266,"Tinned Imports"
"Panama",2021,"Average_Price",4.64483750599032,"Tinned Imports"
"Panama",2022,"Average_Price",5.02016576141582,"Tinned Imports"
"Panama",2023,"Average_Price",5.21883467132287,"Tinned Imports"
"Panama",2024,"Average_Price",5.4370161192364,"Tinned Imports"
"Panama",2025,"Average_Price",5.419560149102,"Tinned Imports"
"Paraguay",2013,"Average_Price",3.06346424686429,"Tinned Imports"
"Paraguay",2014,"Average_Price",2.77813993482833,"Tinned Imports"
"Paraguay",2018,"Average_Price",3.80664812278697,"Tinned Imports"
"Paraguay",2019,"Average_Price",3.55911182892449,"Tinned Imports"
"Peru",2010,"Average_Price",3.99707933544886,"Tinned Imports"
"Peru",2011,"Average_Price",4.05781626083901,"Tinned Imports"
"Peru",2012,"Average_Price",5.35208012470789,"Tinned Imports"
"Peru",2013,"Average_Price",5.49757533082553,"Tinned Imports"
"Peru",2014,"Average_Price",4.60768709142696,"Tinned Imports"
"Peru",2015,"Average_Price",4.22307179319018,"Tinned Imports"
"Peru",2016,"Average_Price",4.16360728657061,"Tinned Imports"
"Peru",2017,"Average_Price",4.47279994313003,"Tinned Imports"
"Peru",2018,"Average_Price",4.65575189860156,"Tinned Imports"
"Peru",2019,"Average_Price",4.30686232102624,"Tinned Imports"
"Peru",2020,"Average_Price",3.91522174308386,"Tinned Imports"
"Peru",2024,"Average_Price",4.80291590580589,"Tinned Imports"
"Peru",2025,"Average_Price",4.68839931833209,"Tinned Imports"
"Philippines",2015,"Average_Price",2.28022393243294,"Tinned Imports"
"Philippines",2016,"Average_Price",1.80949246530892,"Tinned Imports"
"Philippines",2017,"Average_Price",2.00657188776293,"Tinned Imports"
"Philippines",2018,"Average_Price",3.06165073089154,"Tinned Imports"
"Philippines",2019,"Average_Price",3.21660744944536,"Tinned Imports"
"Philippines",2020,"Average_Price",3.27498577587478,"Tinned Imports"
"Philippines",2021,"Average_Price",3.66944118462279,"Tinned Imports"
"Philippines",2022,"Average_Price",3.78558730933421,"Tinned Imports"
"Philippines",2023,"Average_Price",3.76779230752484,"Tinned Imports"
"Philippines",2024,"Average_Price",2.60488901444386,"Tinned Imports"
"Philippines",2025,"Average_Price",3.61793650189422,"Tinned Imports"
"Poland",2004,"Average_Price",1.86685311465216,"Tinned Imports"
"Poland",2005,"Average_Price",2.31227543804215,"Tinned Imports"
"Poland",2006,"Average_Price",2.55531251876392,"Tinned Imports"
"Poland",2007,"Average_Price",3.31344447821537,"Tinned Imports"
"Poland",2008,"Average_Price",4.51894700122241,"Tinned Imports"
"Poland",2009,"Average_Price",3.75838216896719,"Tinned Imports"
"Poland",2010,"Average_Price",3.51797595923902,"Tinned Imports"
"Poland",2011,"Average_Price",4.00322303103455,"Tinned Imports"
"Poland",2012,"Average_Price",4.96182676192946,"Tinned Imports"
"Poland",2013,"Average_Price",5.33442946184946,"Tinned Imports"
"Poland",2014,"Average_Price",4.66137923292264,"Tinned Imports"
"Poland",2015,"Average_Price",3.74693898821812,"Tinned Imports"
"Poland",2016,"Average_Price",3.88344525398134,"Tinned Imports"
"Poland",2017,"Average_Price",4.33946194974818,"Tinned Imports"
"Poland",2018,"Average_Price",5.01879142335777,"Tinned Imports"
"Poland",2019,"Average_Price",4.78338758768243,"Tinned Imports"
"Poland",2020,"Average_Price",3.91298101245228,"Tinned Imports"
"Poland",2021,"Average_Price",4.85881084022081,"Tinned Imports"
"Poland",2022,"Average_Price",4.95555013713086,"Tinned Imports"
"Poland",2023,"Average_Price",5.48881242621634,"Tinned Imports"
"Poland",2024,"Average_Price",5.7790430429105,"Tinned Imports"
"Poland",2025,"Average_Price",5.76464502103055,"Tinned Imports"
"Portugal",2010,"Average_Price",4.71417376878324,"Tinned Imports"
"Portugal",2011,"Average_Price",5.25982250329965,"Tinned Imports"
"Portugal",2012,"Average_Price",6.18439070007479,"Tinned Imports"
"Portugal",2013,"Average_Price",6.89865361144065,"Tinned Imports"
"Portugal",2014,"Average_Price",5.9457101477596,"Tinned Imports"
"Portugal",2015,"Average_Price",4.61315669256421,"Tinned Imports"
"Portugal",2016,"Average_Price",4.51573530147759,"Tinned Imports"
"Portugal",2017,"Average_Price",5.40506295509636,"Tinned Imports"
"Portugal",2018,"Average_Price",5.84789801217253,"Tinned Imports"
"Portugal",2019,"Average_Price",5.37256465821305,"Tinned Imports"
"Portugal",2020,"Average_Price",4.90591752922477,"Tinned Imports"
"Portugal",2021,"Average_Price",4.77110140256951,"Tinned Imports"
"Portugal",2022,"Average_Price",5.10699026153852,"Tinned Imports"
"Portugal",2023,"Average_Price",5.58295815381901,"Tinned Imports"
"Portugal",2024,"Average_Price",4.94368770053868,"Tinned Imports"
"Portugal",2025,"Average_Price",5.44379467013163,"Tinned Imports"
"Qatar",2012,"Average_Price",5.02842406620299,"Tinned Imports"
"Qatar",2013,"Average_Price",5.83751316204741,"Tinned Imports"
"Qatar",2014,"Average_Price",5.23888119135408,"Tinned Imports"
"Qatar",2015,"Average_Price",5.40393504552629,"Tinned Imports"
"Qatar",2016,"Average_Price",5.29326097186928,"Tinned Imports"
"Qatar",2017,"Average_Price",5.02593191226032,"Tinned Imports"
"Qatar",2018,"Average_Price",4.64805537821163,"Tinned Imports"
"Qatar",2019,"Average_Price",4.12792200175776,"Tinned Imports"
"Qatar",2020,"Average_Price",4.31418008345935,"Tinned Imports"
"Qatar",2021,"Average_Price",4.64113492263233,"Tinned Imports"
"Qatar",2022,"Average_Price",5.0155972808331,"Tinned Imports"
"Qatar",2023,"Average_Price",5.63635297823583,"Tinned Imports"
"Rep. of Korea",2015,"Average_Price",5.14167507667039,"Tinned Imports"
"Rep. of Korea",2016,"Average_Price",5.47435812054125,"Tinned Imports"
"Rep. of Korea",2017,"Average_Price",5.94493335172998,"Tinned Imports"
"Rep. of Korea",2018,"Average_Price",4.97982129775448,"Tinned Imports"
"Rep. of Korea",2019,"Average_Price",4.29503612559635,"Tinned Imports"
"Rep. of Korea",2020,"Average_Price",4.91317593973567,"Tinned Imports"
"Rep. of Korea",2021,"Average_Price",5.15948318623925,"Tinned Imports"
"Rep. of Korea",2022,"Average_Price",4.99462210695866,"Tinned Imports"
"Rep. of Korea",2023,"Average_Price",4.92327677444465,"Tinned Imports"
"Rep. of Korea",2024,"Average_Price",4.71170741048629,"Tinned Imports"
"Romania",2000,"Average_Price",1.27173699172926,"Tinned Imports"
"Romania",2001,"Average_Price",0.964990249360129,"Tinned Imports"
"Romania",2003,"Average_Price",1.56300978418262,"Tinned Imports"
"Romania",2004,"Average_Price",1.7792517987006,"Tinned Imports"
"Romania",2005,"Average_Price",1.95860299512065,"Tinned Imports"
"Romania",2006,"Average_Price",2.27639794633472,"Tinned Imports"
"Romania",2007,"Average_Price",2.73885097067786,"Tinned Imports"
"Romania",2008,"Average_Price",4.0422240927293,"Tinned Imports"
"Romania",2009,"Average_Price",4.58748539824907,"Tinned Imports"
"Romania",2010,"Average_Price",3.73207784139856,"Tinned Imports"
"Romania",2011,"Average_Price",3.94324453504966,"Tinned Imports"
"Romania",2012,"Average_Price",4.76875522033126,"Tinned Imports"
"Romania",2013,"Average_Price",5.90213297235633,"Tinned Imports"
"Romania",2014,"Average_Price",5.3602739603209,"Tinned Imports"
"Romania",2015,"Average_Price",6.24352300817517,"Tinned Imports"
"Romania",2016,"Average_Price",5.85299268415364,"Tinned Imports"
"Romania",2017,"Average_Price",5.62145256862082,"Tinned Imports"
"Romania",2018,"Average_Price",6.02698114703568,"Tinned Imports"
"Romania",2019,"Average_Price",5.59914677646083,"Tinned Imports"
"Romania",2020,"Average_Price",5.46030175696136,"Tinned Imports"
"Romania",2021,"Average_Price",5.69226160804006,"Tinned Imports"
"Romania",2022,"Average_Price",5.39638866939602,"Tinned Imports"
"Romania",2023,"Average_Price",6.40323122256435,"Tinned Imports"
"Romania",2024,"Average_Price",6.1729717204395,"Tinned Imports"
"Romania",2025,"Average_Price",6.60608009768126,"Tinned Imports"
"Russian Federation",2013,"Average_Price",3.84081534743156,"Tinned Imports"
"Russian Federation",2014,"Average_Price",3.44393581382385,"Tinned Imports"
"Russian Federation",2015,"Average_Price",2.76541277643882,"Tinned Imports"
"Russian Federation",2016,"Average_Price",2.68210272015471,"Tinned Imports"
"Russian Federation",2017,"Average_Price",3.2662432947921,"Tinned Imports"
"Russian Federation",2018,"Average_Price",3.53703263859109,"Tinned Imports"
"Russian Federation",2019,"Average_Price",3.32399989212663,"Tinned Imports"
"Russian Federation",2020,"Average_Price",3.2769145615553,"Tinned Imports"
"Russian Federation",2021,"Average_Price",3.46629334549396,"Tinned Imports"
"Saudi Arabia",2015,"Average_Price",4.08260807089344,"Tinned Imports"
"Saudi Arabia",2016,"Average_Price",4.06070851436051,"Tinned Imports"
"Saudi Arabia",2017,"Average_Price",4.29736028245784,"Tinned Imports"
"Saudi Arabia",2020,"Average_Price",4.00006177789306,"Tinned Imports"
"Saudi Arabia",2021,"Average_Price",4.15509624914993,"Tinned Imports"
"Saudi Arabia",2025,"Average_Price",4.27467532402358,"Tinned Imports"
"Serbia",2010,"Average_Price",2.99612306306825,"Tinned Imports"
"Serbia",2011,"Average_Price",3.70193031668789,"Tinned Imports"
"Serbia",2012,"Average_Price",4.09016123072996,"Tinned Imports"
"Serbia",2013,"Average_Price",4.51327991677056,"Tinned Imports"
"Serbia",2014,"Average_Price",4.05719884060299,"Tinned Imports"
"Serbia",2015,"Average_Price",0.492183232448829,"Tinned Imports"
"Serbia",2016,"Average_Price",2.06836641360263,"Tinned Imports"
"Serbia",2017,"Average_Price",3.23371727342466,"Tinned Imports"
"Serbia",2018,"Average_Price",3.42455476277825,"Tinned Imports"
"Serbia",2019,"Average_Price",3.43391912349068,"Tinned Imports"
"Serbia",2020,"Average_Price",3.18517740214633,"Tinned Imports"
"Serbia",2021,"Average_Price",3.58136040590028,"Tinned Imports"
"Serbia",2022,"Average_Price",3.64497229925358,"Tinned Imports"
"Serbia",2023,"Average_Price",4.20298776966594,"Tinned Imports"
"Serbia",2024,"Average_Price",4.63012586307695,"Tinned Imports"
"Serbia",2025,"Average_Price",4.74385696420649,"Tinned Imports"
"Singapore",2010,"Average_Price",4.8857540854296,"Tinned Imports"
"Singapore",2011,"Average_Price",5.52331492932024,"Tinned Imports"
"Singapore",2012,"Average_Price",6.24686120737806,"Tinned Imports"
"Singapore",2013,"Average_Price",5.01984905237364,"Tinned Imports"
"Singapore",2014,"Average_Price",4.73081020965109,"Tinned Imports"
"Singapore",2015,"Average_Price",4.93689261512231,"Tinned Imports"
"Singapore",2016,"Average_Price",4.52395530144749,"Tinned Imports"
"Singapore",2017,"Average_Price",4.95766606433877,"Tinned Imports"
"Singapore",2018,"Average_Price",5.09723076207686,"Tinned Imports"
"Singapore",2019,"Average_Price",4.95105206087217,"Tinned Imports"
"Singapore",2020,"Average_Price",4.4356004339073,"Tinned Imports"
"Singapore",2021,"Average_Price",5.50454109836632,"Tinned Imports"
"Singapore",2022,"Average_Price",5.15920021688059,"Tinned Imports"
"Singapore",2023,"Average_Price",5.3013046708194,"Tinned Imports"
"Singapore",2024,"Average_Price",5.27304855591011,"Tinned Imports"
"Slovakia",2010,"Average_Price",4.74433681368119,"Tinned Imports"
"Slovakia",2011,"Average_Price",5.37886574896063,"Tinned Imports"
"Slovakia",2012,"Average_Price",5.67309608220953,"Tinned Imports"
"Slovakia",2013,"Average_Price",6.24977514327957,"Tinned Imports"
"Slovakia",2014,"Average_Price",6.36371378094985,"Tinned Imports"
"Slovakia",2015,"Average_Price",4.97259590566592,"Tinned Imports"
"Slovakia",2016,"Average_Price",5.04435457732645,"Tinned Imports"
"Slovakia",2017,"Average_Price",6.00795857773997,"Tinned Imports"
"Slovakia",2018,"Average_Price",5.88416165796431,"Tinned Imports"
"Slovakia",2019,"Average_Price",5.5396267420211,"Tinned Imports"
"Slovakia",2020,"Average_Price",5.44413944001725,"Tinned Imports"
"Slovakia",2021,"Average_Price",6.08981371557079,"Tinned Imports"
"Slovakia",2022,"Average_Price",5.95152939121392,"Tinned Imports"
"Slovakia",2023,"Average_Price",5.87130236231713,"Tinned Imports"
"Slovakia",2024,"Average_Price",6.96147365595142,"Tinned Imports"
"Slovakia",2025,"Average_Price",6.94966568085219,"Tinned Imports"
"Slovenia",2010,"Average_Price",6.15743310117722,"Tinned Imports"
"Slovenia",2011,"Average_Price",7.21419395133275,"Tinned Imports"
"Slovenia",2012,"Average_Price",7.38866994893403,"Tinned Imports"
"Slovenia",2013,"Average_Price",8.74640935952539,"Tinned Imports"
"Slovenia",2014,"Average_Price",7.95361475543187,"Tinned Imports"
"Slovenia",2015,"Average_Price",6.25909391795455,"Tinned Imports"
"Slovenia",2016,"Average_Price",10.8929761287927,"Tinned Imports"
"Slovenia",2017,"Average_Price",6.7946704051701,"Tinned Imports"
"Slovenia",2018,"Average_Price",7.16507751446965,"Tinned Imports"
"Slovenia",2019,"Average_Price",6.73823171860024,"Tinned Imports"
"Slovenia",2020,"Average_Price",6.68280932457131,"Tinned Imports"
"Slovenia",2021,"Average_Price",6.86660566330171,"Tinned Imports"
"Slovenia",2022,"Average_Price",6.84338354762488,"Tinned Imports"
"Slovenia",2023,"Average_Price",7.85258138174802,"Tinned Imports"
"Slovenia",2024,"Average_Price",8.3720485131271,"Tinned Imports"
"Slovenia",2025,"Average_Price",8.32982138143943,"Tinned Imports"
"South Africa",2010,"Average_Price",2.7239550868634,"Tinned Imports"
"South Africa",2011,"Average_Price",3.17780361830307,"Tinned Imports"
"South Africa",2012,"Average_Price",4.23323165970175,"Tinned Imports"
"South Africa",2013,"Average_Price",4.23661981588808,"Tinned Imports"
"South Africa",2014,"Average_Price",3.45287786040507,"Tinned Imports"
"South Africa",2015,"Average_Price",3.01515136151061,"Tinned Imports"
"South Africa",2016,"Average_Price",3.22416094659383,"Tinned Imports"
"South Africa",2017,"Average_Price",3.47923339308564,"Tinned Imports"
"South Africa",2018,"Average_Price",3.85957875445839,"Tinned Imports"
"South Africa",2019,"Average_Price",3.56294242157159,"Tinned Imports"
"South Africa",2020,"Average_Price",3.40344235833316,"Tinned Imports"
"South Africa",2021,"Average_Price",3.44776556824939,"Tinned Imports"
"South Africa",2022,"Average_Price",3.7170918606544,"Tinned Imports"
"South Africa",2023,"Average_Price",4.13427056031618,"Tinned Imports"
"South Africa",2024,"Average_Price",3.80208990951807,"Tinned Imports"
"South Africa",2025,"Average_Price",3.85458966238571,"Tinned Imports"
"Spain",2002,"Average_Price",2.72903762044788,"Tinned Imports"
"Spain",2003,"Average_Price",2.73778112677545,"Tinned Imports"
"Spain",2004,"Average_Price",3.06700647485005,"Tinned Imports"
"Spain",2005,"Average_Price",3.3026847595974,"Tinned Imports"
"Spain",2006,"Average_Price",3.56561138619292,"Tinned Imports"
"Spain",2007,"Average_Price",4.18487347685237,"Tinned Imports"
"Spain",2008,"Average_Price",5.09269457217363,"Tinned Imports"
"Spain",2009,"Average_Price",4.1604109896597,"Tinned Imports"
"Spain",2010,"Average_Price",4.23516119993914,"Tinned Imports"
"Spain",2011,"Average_Price",4.88249134567205,"Tinned Imports"
"Spain",2012,"Average_Price",6.09710262702431,"Tinned Imports"
"Spain",2013,"Average_Price",6.46213259895839,"Tinned Imports"
"Spain",2014,"Average_Price",5.20173851000474,"Tinned Imports"
"Spain",2015,"Average_Price",4.00464347032567,"Tinned Imports"
"Spain",2016,"Average_Price",4.26982130172092,"Tinned Imports"
"Spain",2017,"Average_Price",5.05150974556231,"Tinned Imports"
"Spain",2018,"Average_Price",5.51103032129322,"Tinned Imports"
"Spain",2019,"Average_Price",4.6241461867744,"Tinned Imports"
"Spain",2020,"Average_Price",4.41432990244119,"Tinned Imports"
"Spain",2021,"Average_Price",4.71877656666004,"Tinned Imports"
"Spain",2022,"Average_Price",5.34930435276029,"Tinned Imports"
"Spain",2023,"Average_Price",5.79779254524801,"Tinned Imports"
"Spain",2024,"Average_Price",5.36168412527703,"Tinned Imports"
"Spain",2025,"Average_Price",5.42931984283549,"Tinned Imports"
"State of Palestine",2007,"Average_Price",3.33848843716588,"Tinned Imports"
"State of Palestine",2008,"Average_Price",4.33763561158005,"Tinned Imports"
"State of Palestine",2009,"Average_Price",3.94261679306747,"Tinned Imports"
"State of Palestine",2017,"Average_Price",4.8917167182022,"Tinned Imports"
"State of Palestine",2018,"Average_Price",5.43127293840886,"Tinned Imports"
"State of Palestine",2019,"Average_Price",4.85088975805589,"Tinned Imports"
"State of Palestine",2020,"Average_Price",4.80351536714373,"Tinned Imports"
"State of Palestine",2021,"Average_Price",4.9218064466447,"Tinned Imports"
"State of Palestine",2022,"Average_Price",5.19389839415628,"Tinned Imports"
"State of Palestine",2023,"Average_Price",5.71067161408935,"Tinned Imports"
"Sudan",2012,"Average_Price",1.31576730310729,"Tinned Imports"
"Sudan",2015,"Average_Price",2.28951491930645,"Tinned Imports"
"Sudan",2016,"Average_Price",2.04579131359011,"Tinned Imports"
"Sudan",2018,"Average_Price",1.79966389575731,"Tinned Imports"
"Sudan (...2011)",2009,"Average_Price",1.97087081500773,"Tinned Imports"
"Sweden",2010,"Average_Price",3.57305030987523,"Tinned Imports"
"Sweden",2011,"Average_Price",4.17136623288257,"Tinned Imports"
"Sweden",2012,"Average_Price",5.23783953328126,"Tinned Imports"
"Sweden",2013,"Average_Price",5.51280939726534,"Tinned Imports"
"Sweden",2014,"Average_Price",4.98469226146593,"Tinned Imports"
"Sweden",2015,"Average_Price",4.15815856246579,"Tinned Imports"
"Sweden",2016,"Average_Price",4.14077484117549,"Tinned Imports"
"Sweden",2017,"Average_Price",4.78658179215899,"Tinned Imports"
"Sweden",2018,"Average_Price",5.08980293790925,"Tinned Imports"
"Sweden",2019,"Average_Price",4.94962914840543,"Tinned Imports"
"Sweden",2020,"Average_Price",4.74975844810052,"Tinned Imports"
"Sweden",2021,"Average_Price",4.83497215922825,"Tinned Imports"
"Sweden",2022,"Average_Price",4.98830208171942,"Tinned Imports"
"Sweden",2023,"Average_Price",5.69050932169514,"Tinned Imports"
"Sweden",2024,"Average_Price",5.47655000794032,"Tinned Imports"
"Sweden",2025,"Average_Price",5.50253960748006,"Tinned Imports"
"Switzerland",2000,"Average_Price",3.36907841097725,"Tinned Imports"
"Switzerland",2001,"Average_Price",3.37105035600385,"Tinned Imports"
"Switzerland",2002,"Average_Price",3.6321220290093,"Tinned Imports"
"Switzerland",2003,"Average_Price",3.56597139072806,"Tinned Imports"
"Switzerland",2004,"Average_Price",3.73354577187341,"Tinned Imports"
"Switzerland",2005,"Average_Price",4.36256225726789,"Tinned Imports"
"Switzerland",2006,"Average_Price",4.56462098956479,"Tinned Imports"
"Switzerland",2007,"Average_Price",4.88593114029441,"Tinned Imports"
"Switzerland",2008,"Average_Price",5.85225760023149,"Tinned Imports"
"Switzerland",2009,"Average_Price",5.20308374563159,"Tinned Imports"
"Switzerland",2012,"Average_Price",6.69478712339608,"Tinned Imports"
"Switzerland",2013,"Average_Price",7.12349969671467,"Tinned Imports"
"Switzerland",2014,"Average_Price",6.74109177660504,"Tinned Imports"
"Switzerland",2015,"Average_Price",5.7366603957835,"Tinned Imports"
"Switzerland",2016,"Average_Price",5.7929589120367,"Tinned Imports"
"Switzerland",2017,"Average_Price",6.40979897707079,"Tinned Imports"
"Switzerland",2018,"Average_Price",6.81338609903954,"Tinned Imports"
"Switzerland",2019,"Average_Price",6.51823107397308,"Tinned Imports"
"Switzerland",2020,"Average_Price",6.41011119211341,"Tinned Imports"
"Switzerland",2021,"Average_Price",6.69318523255347,"Tinned Imports"
"Switzerland",2022,"Average_Price",6.21670338928211,"Tinned Imports"
"Switzerland",2023,"Average_Price",6.81350608148637,"Tinned Imports"
"Switzerland",2024,"Average_Price",6.85902471551586,"Tinned Imports"
"Switzerland",2025,"Average_Price",6.63376853496668,"Tinned Imports"
"Thailand",2010,"Average_Price",3.19216827820311,"Tinned Imports"
"Thailand",2011,"Average_Price",3.80566169526389,"Tinned Imports"
"Thailand",2012,"Average_Price",5.16691326456892,"Tinned Imports"
"Thailand",2013,"Average_Price",5.24789875119766,"Tinned Imports"
"Thailand",2014,"Average_Price",3.96265341380743,"Tinned Imports"
"Thailand",2015,"Average_Price",3.57813980735064,"Tinned Imports"
"Thailand",2016,"Average_Price",3.77127561576763,"Tinned Imports"
"Thailand",2017,"Average_Price",4.33375648903289,"Tinned Imports"
"Thailand",2018,"Average_Price",4.61806267564443,"Tinned Imports"
"Thailand",2019,"Average_Price",4.3743096828791,"Tinned Imports"
"Thailand",2020,"Average_Price",3.62061791418423,"Tinned Imports"
"Thailand",2021,"Average_Price",3.21677906698589,"Tinned Imports"
"Thailand",2022,"Average_Price",3.61703281565453,"Tinned Imports"
"Thailand",2023,"Average_Price",3.95347219495169,"Tinned Imports"
"Thailand",2024,"Average_Price",3.84616871907708,"Tinned Imports"
"Thailand",2025,"Average_Price",3.92466916894675,"Tinned Imports"
"Trinidad and Tobago",2011,"Average_Price",3.1490816497661,"Tinned Imports"
"Trinidad and Tobago",2012,"Average_Price",4.0314317136166,"Tinned Imports"
"Trinidad and Tobago",2013,"Average_Price",4.13785328447822,"Tinned Imports"
"Trinidad and Tobago",2014,"Average_Price",3.56973992222529,"Tinned Imports"
"Trinidad and Tobago",2015,"Average_Price",3.64794864553683,"Tinned Imports"
"Trinidad and Tobago",2016,"Average_Price",3.51617300031118,"Tinned Imports"
"Trinidad and Tobago",2017,"Average_Price",3.6708578927022,"Tinned Imports"
"Trinidad and Tobago",2018,"Average_Price",4.03914346041938,"Tinned Imports"
"Trinidad and Tobago",2019,"Average_Price",5.59107643906864,"Tinned Imports"
"Trinidad and Tobago",2020,"Average_Price",3.62123312734339,"Tinned Imports"
"Trinidad and Tobago",2021,"Average_Price",3.93910020132152,"Tinned Imports"
"Trinidad and Tobago",2023,"Average_Price",4.14732734688971,"Tinned Imports"
"Trinidad and Tobago",2024,"Average_Price",3.90291683725483,"Tinned Imports"
"Tunisia",2014,"Average_Price",1.09968167049746,"Tinned Imports"
"Türkiye",2014,"Average_Price",4.39187770847547,"Tinned Imports"
"Türkiye",2015,"Average_Price",4.00982852971951,"Tinned Imports"
"Türkiye",2016,"Average_Price",3.35088100198788,"Tinned Imports"
"Türkiye",2017,"Average_Price",3.11644976146415,"Tinned Imports"
"Türkiye",2019,"Average_Price",3.62334162575301,"Tinned Imports"
"Türkiye",2020,"Average_Price",3.86536912848625,"Tinned Imports"
"Türkiye",2021,"Average_Price",4.12196511596657,"Tinned Imports"
"Türkiye",2022,"Average_Price",4.59844777865743,"Tinned Imports"
"Türkiye",2023,"Average_Price",4.22184230104916,"Tinned Imports"
"Türkiye",2024,"Average_Price",4.03824772658771,"Tinned Imports"
"Türkiye",2025,"Average_Price",3.928413513213,"Tinned Imports"
"USA",2010,"Average_Price",46.2679302391266,"Tinned Imports"
"USA",2016,"Average_Price",4.40997438071743,"Tinned Imports"
"USA",2017,"Average_Price",4.94582627169803,"Tinned Imports"
"USA",2018,"Average_Price",5.28205138585014,"Tinned Imports"
"USA",2019,"Average_Price",5.30533516372524,"Tinned Imports"
"USA",2020,"Average_Price",4.94607781335811,"Tinned Imports"
"USA",2021,"Average_Price",5.21824623212682,"Tinned Imports"
"USA",2022,"Average_Price",5.1999204186655,"Tinned Imports"
"USA",2023,"Average_Price",5.42463621105904,"Tinned Imports"
"USA",2024,"Average_Price",4.99691788214674,"Tinned Imports"
"USA",2025,"Average_Price",4.95470978591812,"Tinned Imports"
"Ukraine",2013,"Average_Price",3.40905758083119,"Tinned Imports"
"Ukraine",2017,"Average_Price",2.95641388065372,"Tinned Imports"
"Ukraine",2018,"Average_Price",3.3516064605065,"Tinned Imports"
"Ukraine",2019,"Average_Price",3.6240388039024,"Tinned Imports"
"Ukraine",2020,"Average_Price",4.03492236149785,"Tinned Imports"
"Ukraine",2021,"Average_Price",4.05668660007035,"Tinned Imports"
"Ukraine",2022,"Average_Price",4.66330193728881,"Tinned Imports"
"Ukraine",2023,"Average_Price",4.48794592602501,"Tinned Imports"
"Ukraine",2024,"Average_Price",4.44493609156068,"Tinned Imports"
"Ukraine",2025,"Average_Price",4.45551796421943,"Tinned Imports"
"United Arab Emirates",2017,"Average_Price",3.06285362536273,"Tinned Imports"
"United Arab Emirates",2018,"Average_Price",3.55594741314076,"Tinned Imports"
"United Arab Emirates",2019,"Average_Price",3.44209715464465,"Tinned Imports"
"United Kingdom",2010,"Average_Price",3.8758163331207,"Tinned Imports"
"United Kingdom",2011,"Average_Price",4.49334949958466,"Tinned Imports"
"United Kingdom",2012,"Average_Price",5.17204254114607,"Tinned Imports"
"United Kingdom",2013,"Average_Price",5.70263122911821,"Tinned Imports"
"United Kingdom",2014,"Average_Price",5.22438712829665,"Tinned Imports"
"United Kingdom",2015,"Average_Price",4.49392929165026,"Tinned Imports"
"United Kingdom",2016,"Average_Price",4.06301519586682,"Tinned Imports"
"United Kingdom",2017,"Average_Price",4.76076456167085,"Tinned Imports"
"United Kingdom",2018,"Average_Price",5.24293272771584,"Tinned Imports"
"United Kingdom",2019,"Average_Price",4.9383455113691,"Tinned Imports"
"United Kingdom",2020,"Average_Price",4.84604870788787,"Tinned Imports"
"United Kingdom",2021,"Average_Price",4.79295030231594,"Tinned Imports"
"United Kingdom",2022,"Average_Price",4.59825826988586,"Tinned Imports"
"United Kingdom",2023,"Average_Price",5.27403691536747,"Tinned Imports"
"United Kingdom",2024,"Average_Price",5.32170503359902,"Tinned Imports"
"United Kingdom",2025,"Average_Price",5.42682606491098,"Tinned Imports"
"Uruguay",2012,"Average_Price",5.57150324923587,"Tinned Imports"
"Uruguay",2014,"Average_Price",5.23114002222522,"Tinned Imports"
"Uruguay",2019,"Average_Price",4.7805339005403,"Tinned Imports"
"Uruguay",2020,"Average_Price",4.40817967787632,"Tinned Imports"
"Uruguay",2021,"Average_Price",4.46809280276122,"Tinned Imports"
"Uruguay",2022,"Average_Price",4.94490198089873,"Tinned Imports"
"Uruguay",2023,"Average_Price",5.24933272281338,"Tinned Imports"
"Viet Nam",2017,"Average_Price",4.89171672879133,"Tinned Imports"
"Viet Nam",2018,"Average_Price",5.43127293700876,"Tinned Imports"
"Viet Nam",2019,"Average_Price",4.85088976256721,"Tinned Imports"
"Viet Nam",2020,"Average_Price",4.80351536053544,"Tinned Imports"
"Viet Nam",2021,"Average_Price",4.92180645290566,"Tinned Imports"
"Viet Nam",2022,"Average_Price",5.19389839603762,"Tinned Imports"
"Viet Nam",2023,"Average_Price",5.68435826047739,"Tinned Imports"
"Yemen",2012,"Average_Price",1.21083498084043,"Tinned Imports"
"Yemen",2015,"Average_Price",1.89587456830462,"Tinned Imports"
"Yemen",2016,"Average_Price",3.71839028701547,"Tinned Imports"
"Yemen",2018,"Average_Price",1.35888457957953,"Tinned Imports"
"Yemen",2019,"Average_Price",1.08783920049953,"Tinned Imports"
