"reporter_desc","Year","variable","value","Source"
"Algeria",2010,"Total_Net_Wgt",2327279,"Raw Imports"
"Algeria",2012,"Total_Net_Wgt",2846475,"Raw Imports"
"Algeria",2013,"Total_Net_Wgt",2081651,"Raw Imports"
"Algeria",2014,"Total_Net_Wgt",5551129,"Raw Imports"
"Algeria",2015,"Total_Net_Wgt",11915370.91,"Raw Imports"
"Algeria",2016,"Total_Net_Wgt",6659497,"Raw Imports"
"Areas, nes",2008,"Total_Net_Wgt",5965168,"Raw Imports"
"Areas, nes",2010,"Total_Net_Wgt",11300364,"Raw Imports"
"Areas, nes",2016,"Total_Net_Wgt",27526201,"Raw Imports"
"Areas, nes",2018,"Total_Net_Wgt",5260692,"Raw Imports"
"Areas, nes",2019,"Total_Net_Wgt",4337310.66,"Raw Imports"
"Areas, nes",2022,"Total_Net_Wgt",2830472.1,"Raw Imports"
"Australia",2025,"Total_Net_Wgt",1155383.77,"Raw Imports"
"Belgium",2013,"Total_Net_Wgt",1806792.75,"Raw Imports"
"Belgium",2022,"Total_Net_Wgt",1491235.88,"Raw Imports"
"Belgium",2023,"Total_Net_Wgt",1356556.18,"Raw Imports"
"Belgium",2024,"Total_Net_Wgt",3154072.06,"Raw Imports"
"Belgium",2025,"Total_Net_Wgt",1075269.39,"Raw Imports"
"Benin",2016,"Total_Net_Wgt",3447593,"Raw Imports"
"Brazil",2003,"Total_Net_Wgt",3197330,"Raw Imports"
"Brazil",2015,"Total_Net_Wgt",1925057,"Raw Imports"
"Brazil",2016,"Total_Net_Wgt",2796524,"Raw Imports"
"Brazil",2017,"Total_Net_Wgt",2283083,"Raw Imports"
"Burkina Faso",2024,"Total_Net_Wgt",1404090,"Raw Imports"
"Cameroon",2011,"Total_Net_Wgt",6494024,"Raw Imports"
"Cameroon",2012,"Total_Net_Wgt",3645271,"Raw Imports"
"Cameroon",2013,"Total_Net_Wgt",2994501,"Raw Imports"
"Cameroon",2022,"Total_Net_Wgt",13118856.11,"Raw Imports"
"Cameroon",2023,"Total_Net_Wgt",5790951.16,"Raw Imports"
"Canada",2010,"Total_Net_Wgt",5628754,"Raw Imports"
"Canada",2011,"Total_Net_Wgt",7117707,"Raw Imports"
"Canada",2012,"Total_Net_Wgt",6916148,"Raw Imports"
"Canada",2013,"Total_Net_Wgt",7765623,"Raw Imports"
"Canada",2014,"Total_Net_Wgt",6183720,"Raw Imports"
"Canada",2015,"Total_Net_Wgt",5452596,"Raw Imports"
"Canada",2016,"Total_Net_Wgt",7358500,"Raw Imports"
"Canada",2017,"Total_Net_Wgt",9344693,"Raw Imports"
"Canada",2018,"Total_Net_Wgt",7784465,"Raw Imports"
"Canada",2019,"Total_Net_Wgt",6533602,"Raw Imports"
"Canada",2020,"Total_Net_Wgt",4077662.442,"Raw Imports"
"Canada",2021,"Total_Net_Wgt",5263752.69,"Raw Imports"
"Canada",2022,"Total_Net_Wgt",8855302.953,"Raw Imports"
"Canada",2023,"Total_Net_Wgt",3947577.081,"Raw Imports"
"Canada",2024,"Total_Net_Wgt",5092228.408,"Raw Imports"
"Canada",2025,"Total_Net_Wgt",6792305.748,"Raw Imports"
"Chile",2025,"Total_Net_Wgt",1363587.742,"Raw Imports"
"China",2010,"Total_Net_Wgt",23939463,"Raw Imports"
"China",2011,"Total_Net_Wgt",30920721,"Raw Imports"
"China",2012,"Total_Net_Wgt",38815882,"Raw Imports"
"China",2015,"Total_Net_Wgt",2750335,"Raw Imports"
"China",2016,"Total_Net_Wgt",81584453.638,"Raw Imports"
"China",2017,"Total_Net_Wgt",75722846.191,"Raw Imports"
"China",2018,"Total_Net_Wgt",114685293,"Raw Imports"
"China",2019,"Total_Net_Wgt",97685527.426,"Raw Imports"
"China",2020,"Total_Net_Wgt",46535917,"Raw Imports"
"China",2021,"Total_Net_Wgt",23093997.503,"Raw Imports"
"China",2022,"Total_Net_Wgt",3325503,"Raw Imports"
"China",2023,"Total_Net_Wgt",33891190,"Raw Imports"
"China",2024,"Total_Net_Wgt",145866853,"Raw Imports"
"China",2025,"Total_Net_Wgt",1121610,"Raw Imports"
"Colombia",2010,"Total_Net_Wgt",1877419,"Raw Imports"
"Colombia",2014,"Total_Net_Wgt",22461454.66,"Raw Imports"
"Colombia",2016,"Total_Net_Wgt",13266736.84,"Raw Imports"
"Colombia",2017,"Total_Net_Wgt",7129725.8,"Raw Imports"
"Colombia",2018,"Total_Net_Wgt",18883952.58,"Raw Imports"
"Colombia",2019,"Total_Net_Wgt",13523723.57,"Raw Imports"
"Colombia",2020,"Total_Net_Wgt",12640983.48,"Raw Imports"
"Colombia",2021,"Total_Net_Wgt",18394311.78,"Raw Imports"
"Colombia",2022,"Total_Net_Wgt",11152511.89,"Raw Imports"
"Colombia",2023,"Total_Net_Wgt",11562746.69,"Raw Imports"
"Colombia",2024,"Total_Net_Wgt",2984715.56,"Raw Imports"
"Colombia",2025,"Total_Net_Wgt",13246128.36,"Raw Imports"
"Costa Rica",2018,"Total_Net_Wgt",2123874.96,"Raw Imports"
"Costa Rica",2020,"Total_Net_Wgt",3791155.25,"Raw Imports"
"Croatia",2015,"Total_Net_Wgt",18357444,"Raw Imports"
"Croatia",2023,"Total_Net_Wgt",1233145.29,"Raw Imports"
"Croatia",2025,"Total_Net_Wgt",1648710.813,"Raw Imports"
"Côte d'Ivoire",2008,"Total_Net_Wgt",64417099,"Raw Imports"
"Côte d'Ivoire",2009,"Total_Net_Wgt",68641225,"Raw Imports"
"Côte d'Ivoire",2010,"Total_Net_Wgt",16952097,"Raw Imports"
"Côte d'Ivoire",2011,"Total_Net_Wgt",20502950,"Raw Imports"
"Côte d'Ivoire",2012,"Total_Net_Wgt",17127669,"Raw Imports"
"Côte d'Ivoire",2013,"Total_Net_Wgt",21822855,"Raw Imports"
"Côte d'Ivoire",2014,"Total_Net_Wgt",30567756,"Raw Imports"
"Côte d'Ivoire",2015,"Total_Net_Wgt",35203617,"Raw Imports"
"Côte d'Ivoire",2016,"Total_Net_Wgt",32695528,"Raw Imports"
"Côte d'Ivoire",2017,"Total_Net_Wgt",40957835,"Raw Imports"
"Côte d'Ivoire",2018,"Total_Net_Wgt",78480389,"Raw Imports"
"Côte d'Ivoire",2019,"Total_Net_Wgt",64518796,"Raw Imports"
"Dem. Rep. of the Congo",2015,"Total_Net_Wgt",6514130,"Raw Imports"
"Denmark",2021,"Total_Net_Wgt",1477471,"Raw Imports"
"Denmark",2025,"Total_Net_Wgt",914615,"Raw Imports"
"Ecuador",2010,"Total_Net_Wgt",144722496.45,"Raw Imports"
"Ecuador",2011,"Total_Net_Wgt",161838599.81,"Raw Imports"
"Ecuador",2012,"Total_Net_Wgt",81380031.739,"Raw Imports"
"Ecuador",2013,"Total_Net_Wgt",48913371.75,"Raw Imports"
"Ecuador",2014,"Total_Net_Wgt",70915484.25,"Raw Imports"
"Ecuador",2015,"Total_Net_Wgt",54633093.789,"Raw Imports"
"Ecuador",2016,"Total_Net_Wgt",47463369.036,"Raw Imports"
"Ecuador",2017,"Total_Net_Wgt",44402795.942,"Raw Imports"
"Ecuador",2018,"Total_Net_Wgt",62816966.09,"Raw Imports"
"Ecuador",2019,"Total_Net_Wgt",181419504.09,"Raw Imports"
"Ecuador",2020,"Total_Net_Wgt",62665284.74,"Raw Imports"
"Ecuador",2021,"Total_Net_Wgt",85726515.355,"Raw Imports"
"Ecuador",2022,"Total_Net_Wgt",5007028.85,"Raw Imports"
"Ecuador",2024,"Total_Net_Wgt",64302791.094,"Raw Imports"
"El Salvador",2004,"Total_Net_Wgt",4217102.52,"Raw Imports"
"El Salvador",2005,"Total_Net_Wgt",23308580.3,"Raw Imports"
"El Salvador",2006,"Total_Net_Wgt",11610014.12,"Raw Imports"
"El Salvador",2007,"Total_Net_Wgt",26323589.72,"Raw Imports"
"El Salvador",2008,"Total_Net_Wgt",8148906.58,"Raw Imports"
"El Salvador",2009,"Total_Net_Wgt",30570609,"Raw Imports"
"El Salvador",2010,"Total_Net_Wgt",16761216,"Raw Imports"
"El Salvador",2011,"Total_Net_Wgt",11348763.1,"Raw Imports"
"El Salvador",2012,"Total_Net_Wgt",13153851.51,"Raw Imports"
"El Salvador",2013,"Total_Net_Wgt",18830795.3,"Raw Imports"
"El Salvador",2014,"Total_Net_Wgt",16924718.1,"Raw Imports"
"El Salvador",2015,"Total_Net_Wgt",15565174.84,"Raw Imports"
"El Salvador",2016,"Total_Net_Wgt",13491447.67,"Raw Imports"
"El Salvador",2017,"Total_Net_Wgt",18336787.13,"Raw Imports"
"El Salvador",2018,"Total_Net_Wgt",16726275.29,"Raw Imports"
"El Salvador",2019,"Total_Net_Wgt",15838428.8,"Raw Imports"
"El Salvador",2020,"Total_Net_Wgt",5122657,"Raw Imports"
"El Salvador",2021,"Total_Net_Wgt",5676950.78,"Raw Imports"
"El Salvador",2022,"Total_Net_Wgt",12872359.28,"Raw Imports"
"El Salvador",2023,"Total_Net_Wgt",13852207.29,"Raw Imports"
"El Salvador",2024,"Total_Net_Wgt",11182196.62,"Raw Imports"
"El Salvador",2025,"Total_Net_Wgt",62202011.56,"Raw Imports"
"Fiji",2014,"Total_Net_Wgt",77946760.29,"Raw Imports"
"Fiji",2015,"Total_Net_Wgt",51910138.883,"Raw Imports"
"Fiji",2016,"Total_Net_Wgt",19291646.1,"Raw Imports"
"Fiji",2017,"Total_Net_Wgt",19211253.36,"Raw Imports"
"Fiji",2020,"Total_Net_Wgt",3863869.6,"Raw Imports"
"Fiji",2022,"Total_Net_Wgt",1748501,"Raw Imports"
"Fiji",2023,"Total_Net_Wgt",1349268,"Raw Imports"
"France",2000,"Total_Net_Wgt",13538774.973,"Raw Imports"
"France",2001,"Total_Net_Wgt",15533501.385,"Raw Imports"
"France",2002,"Total_Net_Wgt",16285464.23,"Raw Imports"
"France",2003,"Total_Net_Wgt",17232206.324,"Raw Imports"
"France",2004,"Total_Net_Wgt",13239613.076,"Raw Imports"
"France",2005,"Total_Net_Wgt",14993371.854,"Raw Imports"
"France",2006,"Total_Net_Wgt",17317360.039,"Raw Imports"
"France",2007,"Total_Net_Wgt",16110823.718,"Raw Imports"
"France",2008,"Total_Net_Wgt",15582381.312,"Raw Imports"
"France",2009,"Total_Net_Wgt",15154892.736,"Raw Imports"
"France",2010,"Total_Net_Wgt",13708700,"Raw Imports"
"France",2011,"Total_Net_Wgt",14173200,"Raw Imports"
"France",2012,"Total_Net_Wgt",16133000,"Raw Imports"
"France",2013,"Total_Net_Wgt",15100900,"Raw Imports"
"France",2014,"Total_Net_Wgt",17810196,"Raw Imports"
"France",2015,"Total_Net_Wgt",19592723,"Raw Imports"
"France",2016,"Total_Net_Wgt",18643414,"Raw Imports"
"France",2017,"Total_Net_Wgt",22037533.299,"Raw Imports"
"France",2018,"Total_Net_Wgt",17636799.576,"Raw Imports"
"France",2019,"Total_Net_Wgt",19451272,"Raw Imports"
"France",2020,"Total_Net_Wgt",18050116,"Raw Imports"
"France",2021,"Total_Net_Wgt",17662372,"Raw Imports"
"France",2022,"Total_Net_Wgt",16631036.58,"Raw Imports"
"France",2023,"Total_Net_Wgt",14275917.506,"Raw Imports"
"France",2024,"Total_Net_Wgt",14903209.319,"Raw Imports"
"Germany",2015,"Total_Net_Wgt",2006682,"Raw Imports"
"Germany",2017,"Total_Net_Wgt",4349493.164,"Raw Imports"
"Germany",2018,"Total_Net_Wgt",3016709.686,"Raw Imports"
"Germany",2019,"Total_Net_Wgt",2424115.182,"Raw Imports"
"Germany",2020,"Total_Net_Wgt",3239203.856,"Raw Imports"
"Germany",2021,"Total_Net_Wgt",3031809.199,"Raw Imports"
"Germany",2022,"Total_Net_Wgt",2409261.048,"Raw Imports"
"Germany",2023,"Total_Net_Wgt",2032779,"Raw Imports"
"Germany",2024,"Total_Net_Wgt",2194709.386,"Raw Imports"
"Germany",2025,"Total_Net_Wgt",2053698.794,"Raw Imports"
"Ghana",2011,"Total_Net_Wgt",3839572.48,"Raw Imports"
"Ghana",2013,"Total_Net_Wgt",2483177.6,"Raw Imports"
"Ghana",2014,"Total_Net_Wgt",2938348.92,"Raw Imports"
"Ghana",2015,"Total_Net_Wgt",3931610.91,"Raw Imports"
"Ghana",2016,"Total_Net_Wgt",2713515.65,"Raw Imports"
"Ghana",2020,"Total_Net_Wgt",12301143.44,"Raw Imports"
"Ghana",2021,"Total_Net_Wgt",32589126.279,"Raw Imports"
"Ghana",2022,"Total_Net_Wgt",20938153.845,"Raw Imports"
"Ghana",2023,"Total_Net_Wgt",10201670.124,"Raw Imports"
"Guatemala",2010,"Total_Net_Wgt",10551953,"Raw Imports"
"Guatemala",2011,"Total_Net_Wgt",16623698,"Raw Imports"
"Guatemala",2012,"Total_Net_Wgt",13328645,"Raw Imports"
"Guatemala",2017,"Total_Net_Wgt",11638819,"Raw Imports"
"Guatemala",2019,"Total_Net_Wgt",9412001,"Raw Imports"
"Guatemala",2020,"Total_Net_Wgt",16074620,"Raw Imports"
"Guatemala",2021,"Total_Net_Wgt",21157312,"Raw Imports"
"Guatemala",2022,"Total_Net_Wgt",21132631,"Raw Imports"
"Guatemala",2023,"Total_Net_Wgt",16074716,"Raw Imports"
"Guatemala",2024,"Total_Net_Wgt",23325599,"Raw Imports"
"Guatemala",2025,"Total_Net_Wgt",17105651,"Raw Imports"
"Indonesia",2013,"Total_Net_Wgt",3395856,"Raw Imports"
"Indonesia",2014,"Total_Net_Wgt",5519525,"Raw Imports"
"Indonesia",2015,"Total_Net_Wgt",9703051.695,"Raw Imports"
"Indonesia",2016,"Total_Net_Wgt",13269219.16,"Raw Imports"
"Indonesia",2017,"Total_Net_Wgt",5847551,"Raw Imports"
"Indonesia",2018,"Total_Net_Wgt",15952700,"Raw Imports"
"Indonesia",2019,"Total_Net_Wgt",27972115,"Raw Imports"
"Indonesia",2020,"Total_Net_Wgt",38201579,"Raw Imports"
"Indonesia",2021,"Total_Net_Wgt",25591852,"Raw Imports"
"Indonesia",2022,"Total_Net_Wgt",28830380,"Raw Imports"
"Indonesia",2023,"Total_Net_Wgt",16775234,"Raw Imports"
"Indonesia",2024,"Total_Net_Wgt",16598409,"Raw Imports"
"Iran",2010,"Total_Net_Wgt",5749196,"Raw Imports"
"Ireland",2001,"Total_Net_Wgt",427438,"Raw Imports"
"Israel",2017,"Total_Net_Wgt",2684121.06,"Raw Imports"
"Israel",2018,"Total_Net_Wgt",2165425.969,"Raw Imports"
"Israel",2019,"Total_Net_Wgt",2914814.094,"Raw Imports"
"Israel",2020,"Total_Net_Wgt",2183466.332,"Raw Imports"
"Israel",2021,"Total_Net_Wgt",2610085.325,"Raw Imports"
"Israel",2022,"Total_Net_Wgt",2871591.933,"Raw Imports"
"Israel",2023,"Total_Net_Wgt",2995552.015,"Raw Imports"
"Israel",2024,"Total_Net_Wgt",3274311.763,"Raw Imports"
"Israel",2025,"Total_Net_Wgt",2204070.76,"Raw Imports"
"Italy",2000,"Total_Net_Wgt",43129968,"Raw Imports"
"Italy",2001,"Total_Net_Wgt",38667000,"Raw Imports"
"Italy",2002,"Total_Net_Wgt",40346403,"Raw Imports"
"Italy",2003,"Total_Net_Wgt",42862137,"Raw Imports"
"Italy",2004,"Total_Net_Wgt",34456182,"Raw Imports"
"Italy",2005,"Total_Net_Wgt",28266991,"Raw Imports"
"Italy",2006,"Total_Net_Wgt",21987711,"Raw Imports"
"Italy",2007,"Total_Net_Wgt",22839310,"Raw Imports"
"Italy",2008,"Total_Net_Wgt",19770771,"Raw Imports"
"Italy",2009,"Total_Net_Wgt",19167398,"Raw Imports"
"Italy",2010,"Total_Net_Wgt",23613700,"Raw Imports"
"Italy",2011,"Total_Net_Wgt",24805100,"Raw Imports"
"Italy",2012,"Total_Net_Wgt",30807400,"Raw Imports"
"Italy",2013,"Total_Net_Wgt",30725300,"Raw Imports"
"Italy",2014,"Total_Net_Wgt",30149900,"Raw Imports"
"Italy",2015,"Total_Net_Wgt",30945587,"Raw Imports"
"Italy",2016,"Total_Net_Wgt",39755107,"Raw Imports"
"Italy",2017,"Total_Net_Wgt",37879296.516,"Raw Imports"
"Italy",2018,"Total_Net_Wgt",39724649,"Raw Imports"
"Italy",2019,"Total_Net_Wgt",42736822,"Raw Imports"
"Italy",2020,"Total_Net_Wgt",42239922,"Raw Imports"
"Italy",2021,"Total_Net_Wgt",48087097,"Raw Imports"
"Italy",2022,"Total_Net_Wgt",50029139.013,"Raw Imports"
"Italy",2023,"Total_Net_Wgt",39112610.409,"Raw Imports"
"Italy",2024,"Total_Net_Wgt",37544159.874,"Raw Imports"
"Italy",2025,"Total_Net_Wgt",27604082.537,"Raw Imports"
"Japan",2010,"Total_Net_Wgt",249329317,"Raw Imports"
"Japan",2011,"Total_Net_Wgt",210508395,"Raw Imports"
"Japan",2012,"Total_Net_Wgt",247563908,"Raw Imports"
"Japan",2013,"Total_Net_Wgt",226892836,"Raw Imports"
"Japan",2014,"Total_Net_Wgt",235572282,"Raw Imports"
"Japan",2015,"Total_Net_Wgt",245859417,"Raw Imports"
"Japan",2016,"Total_Net_Wgt",238069077,"Raw Imports"
"Japan",2017,"Total_Net_Wgt",247224949,"Raw Imports"
"Japan",2018,"Total_Net_Wgt",221002299,"Raw Imports"
"Japan",2019,"Total_Net_Wgt",219300419,"Raw Imports"
"Japan",2020,"Total_Net_Wgt",210341830,"Raw Imports"
"Japan",2021,"Total_Net_Wgt",198559375,"Raw Imports"
"Japan",2022,"Total_Net_Wgt",201416523,"Raw Imports"
"Japan",2023,"Total_Net_Wgt",197686624,"Raw Imports"
"Japan",2024,"Total_Net_Wgt",208828326,"Raw Imports"
"Japan",2025,"Total_Net_Wgt",201455851,"Raw Imports"
"Kenya",2011,"Total_Net_Wgt",3285385,"Raw Imports"
"Luxembourg",2013,"Total_Net_Wgt",23352684,"Raw Imports"
"Madagascar",2003,"Total_Net_Wgt",30592782,"Raw Imports"
"Madagascar",2004,"Total_Net_Wgt",33827645,"Raw Imports"
"Madagascar",2005,"Total_Net_Wgt",14445683,"Raw Imports"
"Madagascar",2006,"Total_Net_Wgt",29481137,"Raw Imports"
"Madagascar",2007,"Total_Net_Wgt",21421093,"Raw Imports"
"Madagascar",2008,"Total_Net_Wgt",13500887.31,"Raw Imports"
"Madagascar",2009,"Total_Net_Wgt",14207958,"Raw Imports"
"Madagascar",2010,"Total_Net_Wgt",16977669,"Raw Imports"
"Madagascar",2011,"Total_Net_Wgt",19585029,"Raw Imports"
"Madagascar",2012,"Total_Net_Wgt",13754764,"Raw Imports"
"Madagascar",2013,"Total_Net_Wgt",16325443,"Raw Imports"
"Madagascar",2014,"Total_Net_Wgt",19825671,"Raw Imports"
"Madagascar",2015,"Total_Net_Wgt",14731139.4,"Raw Imports"
"Madagascar",2016,"Total_Net_Wgt",13297972.3,"Raw Imports"
"Madagascar",2017,"Total_Net_Wgt",12632344.2,"Raw Imports"
"Madagascar",2018,"Total_Net_Wgt",5886020,"Raw Imports"
"Madagascar",2019,"Total_Net_Wgt",20736384,"Raw Imports"
"Madagascar",2020,"Total_Net_Wgt",9384160.87,"Raw Imports"
"Madagascar",2021,"Total_Net_Wgt",19912187.68,"Raw Imports"
"Madagascar",2022,"Total_Net_Wgt",16020584,"Raw Imports"
"Madagascar",2023,"Total_Net_Wgt",21924074,"Raw Imports"
"Malaysia",2010,"Total_Net_Wgt",1660697.46,"Raw Imports"
"Malaysia",2011,"Total_Net_Wgt",3124017.76,"Raw Imports"
"Malaysia",2012,"Total_Net_Wgt",3108619.42,"Raw Imports"
"Malaysia",2013,"Total_Net_Wgt",3012759.01,"Raw Imports"
"Malaysia",2014,"Total_Net_Wgt",2439699.59,"Raw Imports"
"Malaysia",2015,"Total_Net_Wgt",2291545.18,"Raw Imports"
"Malaysia",2017,"Total_Net_Wgt",3544774.51,"Raw Imports"
"Malaysia",2019,"Total_Net_Wgt",3326640.58,"Raw Imports"
"Malaysia",2020,"Total_Net_Wgt",2165631.5,"Raw Imports"
"Malaysia",2021,"Total_Net_Wgt",4091149.73,"Raw Imports"
"Malaysia",2022,"Total_Net_Wgt",3752867.62,"Raw Imports"
"Malaysia",2023,"Total_Net_Wgt",1834418.903,"Raw Imports"
"Malaysia",2024,"Total_Net_Wgt",2504093.605,"Raw Imports"
"Malaysia",2025,"Total_Net_Wgt",3686455.19,"Raw Imports"
"Malta",2012,"Total_Net_Wgt",2175600,"Raw Imports"
"Malta",2014,"Total_Net_Wgt",2494700,"Raw Imports"
"Malta",2016,"Total_Net_Wgt",4995378,"Raw Imports"
"Malta",2017,"Total_Net_Wgt",3396768,"Raw Imports"
"Malta",2019,"Total_Net_Wgt",7262730,"Raw Imports"
"Malta",2020,"Total_Net_Wgt",11443060,"Raw Imports"
"Malta",2021,"Total_Net_Wgt",9408999,"Raw Imports"
"Malta",2022,"Total_Net_Wgt",8458959,"Raw Imports"
"Malta",2023,"Total_Net_Wgt",10865084,"Raw Imports"
"Malta",2024,"Total_Net_Wgt",10312082,"Raw Imports"
"Mauritius",2010,"Total_Net_Wgt",105416221,"Raw Imports"
"Mauritius",2011,"Total_Net_Wgt",115496333,"Raw Imports"
"Mauritius",2012,"Total_Net_Wgt",106001456,"Raw Imports"
"Mauritius",2013,"Total_Net_Wgt",102064038,"Raw Imports"
"Mauritius",2014,"Total_Net_Wgt",116977606,"Raw Imports"
"Mauritius",2015,"Total_Net_Wgt",95194159,"Raw Imports"
"Mauritius",2016,"Total_Net_Wgt",109847162,"Raw Imports"
"Mauritius",2017,"Total_Net_Wgt",114124864,"Raw Imports"
"Mauritius",2018,"Total_Net_Wgt",98009820,"Raw Imports"
"Mauritius",2019,"Total_Net_Wgt",112100304,"Raw Imports"
"Mauritius",2020,"Total_Net_Wgt",96524252,"Raw Imports"
"Mauritius",2021,"Total_Net_Wgt",95759480,"Raw Imports"
"Mauritius",2022,"Total_Net_Wgt",100400742,"Raw Imports"
"Mauritius",2023,"Total_Net_Wgt",84864709,"Raw Imports"
"Mauritius",2024,"Total_Net_Wgt",85235957,"Raw Imports"
"Mauritius",2025,"Total_Net_Wgt",74958176,"Raw Imports"
"Mexico",2010,"Total_Net_Wgt",31017693.08,"Raw Imports"
"Mexico",2011,"Total_Net_Wgt",37078245.868,"Raw Imports"
"Mexico",2012,"Total_Net_Wgt",41238699.686,"Raw Imports"
"Mexico",2013,"Total_Net_Wgt",24138470.758,"Raw Imports"
"Mexico",2024,"Total_Net_Wgt",1528781,"Raw Imports"
"Mexico",2025,"Total_Net_Wgt",1211032,"Raw Imports"
"Minnows",2000,"Total_Net_Wgt",1694564.871,"Raw Imports"
"Minnows",2001,"Total_Net_Wgt",724031.35,"Raw Imports"
"Minnows",2002,"Total_Net_Wgt",3223164.037,"Raw Imports"
"Minnows",2003,"Total_Net_Wgt",3563185.953,"Raw Imports"
"Minnows",2004,"Total_Net_Wgt",4420605.974,"Raw Imports"
"Minnows",2005,"Total_Net_Wgt",6654782.607,"Raw Imports"
"Minnows",2006,"Total_Net_Wgt",10278233.686,"Raw Imports"
"Minnows",2007,"Total_Net_Wgt",6186237.549,"Raw Imports"
"Minnows",2008,"Total_Net_Wgt",4558159.79,"Raw Imports"
"Minnows",2009,"Total_Net_Wgt",8317716.129,"Raw Imports"
"Minnows",2010,"Total_Net_Wgt",10740378.448,"Raw Imports"
"Minnows",2011,"Total_Net_Wgt",13801738.043,"Raw Imports"
"Minnows",2012,"Total_Net_Wgt",17450560.481,"Raw Imports"
"Minnows",2013,"Total_Net_Wgt",18428147.366,"Raw Imports"
"Minnows",2014,"Total_Net_Wgt",19532366.584,"Raw Imports"
"Minnows",2015,"Total_Net_Wgt",20519729.472,"Raw Imports"
"Minnows",2016,"Total_Net_Wgt",28110591.198,"Raw Imports"
"Minnows",2017,"Total_Net_Wgt",20972153.325,"Raw Imports"
"Minnows",2018,"Total_Net_Wgt",24070599.519,"Raw Imports"
"Minnows",2019,"Total_Net_Wgt",22781331.086,"Raw Imports"
"Minnows",2020,"Total_Net_Wgt",23115773.75,"Raw Imports"
"Minnows",2021,"Total_Net_Wgt",20834936.202,"Raw Imports"
"Minnows",2022,"Total_Net_Wgt",21436957.906,"Raw Imports"
"Minnows",2023,"Total_Net_Wgt",17513107.477,"Raw Imports"
"Minnows",2024,"Total_Net_Wgt",20851953.87,"Raw Imports"
"Minnows",2025,"Total_Net_Wgt",9940750.657,"Raw Imports"
"Missing Imports",2000,"Total_Net_Wgt",86720798.883,"Raw Imports"
"Missing Imports",2001,"Total_Net_Wgt",135766722.857,"Raw Imports"
"Missing Imports",2002,"Total_Net_Wgt",36847001.288,"Raw Imports"
"Missing Imports",2003,"Total_Net_Wgt",54573021.6960001,"Raw Imports"
"Missing Imports",2004,"Total_Net_Wgt",70137019.5549999,"Raw Imports"
"Missing Imports",2005,"Total_Net_Wgt",16519011.7909999,"Raw Imports"
"Missing Imports",2006,"Total_Net_Wgt",35378285.7719999,"Raw Imports"
"Missing Imports",2008,"Total_Net_Wgt",14587435.298,"Raw Imports"
"Missing Imports",2009,"Total_Net_Wgt",27398100.4979999,"Raw Imports"
"Morocco",2001,"Total_Net_Wgt",1645461,"Raw Imports"
"Morocco",2015,"Total_Net_Wgt",3856009.65,"Raw Imports"
"Morocco",2018,"Total_Net_Wgt",16213393.6,"Raw Imports"
"Morocco",2019,"Total_Net_Wgt",12775664,"Raw Imports"
"Morocco",2020,"Total_Net_Wgt",17371863.37,"Raw Imports"
"Morocco",2021,"Total_Net_Wgt",19502447.23,"Raw Imports"
"Morocco",2022,"Total_Net_Wgt",16358632.4,"Raw Imports"
"Morocco",2023,"Total_Net_Wgt",16690604.94,"Raw Imports"
"Morocco",2024,"Total_Net_Wgt",3448550.27,"Raw Imports"
"Morocco",2025,"Total_Net_Wgt",1430844.81,"Raw Imports"
"Netherlands",2012,"Total_Net_Wgt",2001721.349,"Raw Imports"
"Netherlands",2016,"Total_Net_Wgt",3377599.357,"Raw Imports"
"Netherlands",2017,"Total_Net_Wgt",4637002.327,"Raw Imports"
"Netherlands",2018,"Total_Net_Wgt",4275276.388,"Raw Imports"
"Netherlands",2019,"Total_Net_Wgt",4131618.847,"Raw Imports"
"Netherlands",2020,"Total_Net_Wgt",4487217.28,"Raw Imports"
"Netherlands",2021,"Total_Net_Wgt",4127427.85,"Raw Imports"
"Netherlands",2022,"Total_Net_Wgt",4292631.756,"Raw Imports"
"Netherlands",2023,"Total_Net_Wgt",3743187.344,"Raw Imports"
"Netherlands",2024,"Total_Net_Wgt",3609613.301,"Raw Imports"
"Netherlands",2025,"Total_Net_Wgt",2602358.124,"Raw Imports"
"New Zealand",2018,"Total_Net_Wgt",2261334,"Raw Imports"
"New Zealand",2019,"Total_Net_Wgt",2231058,"Raw Imports"
"Nigeria",2011,"Total_Net_Wgt",2166665,"Raw Imports"
"Oman",2018,"Total_Net_Wgt",4027841,"Raw Imports"
"Other Asia, nes",2010,"Total_Net_Wgt",2083739.04,"Raw Imports"
"Other Asia, nes",2014,"Total_Net_Wgt",2719790,"Raw Imports"
"Other Asia, nes",2015,"Total_Net_Wgt",8112178.507,"Raw Imports"
"Other Asia, nes",2016,"Total_Net_Wgt",23759416.135,"Raw Imports"
"Other Asia, nes",2017,"Total_Net_Wgt",18128347.522,"Raw Imports"
"Other Asia, nes",2018,"Total_Net_Wgt",5033718.576,"Raw Imports"
"Other Asia, nes",2019,"Total_Net_Wgt",6370918.09,"Raw Imports"
"Other Asia, nes",2020,"Total_Net_Wgt",4827797.558,"Raw Imports"
"Other Asia, nes",2021,"Total_Net_Wgt",4666357.056,"Raw Imports"
"Other Asia, nes",2022,"Total_Net_Wgt",2603157.586,"Raw Imports"
"Other Asia, nes",2023,"Total_Net_Wgt",1806046.967,"Raw Imports"
"Other Asia, nes",2025,"Total_Net_Wgt",4470892.326,"Raw Imports"
"Peru",2010,"Total_Net_Wgt",12075817.77,"Raw Imports"
"Peru",2011,"Total_Net_Wgt",8155254.95,"Raw Imports"
"Peru",2012,"Total_Net_Wgt",8888713.62,"Raw Imports"
"Peru",2013,"Total_Net_Wgt",12638897.11,"Raw Imports"
"Peru",2014,"Total_Net_Wgt",16359989.45,"Raw Imports"
"Peru",2015,"Total_Net_Wgt",18584255.02,"Raw Imports"
"Peru",2016,"Total_Net_Wgt",30744951.86,"Raw Imports"
"Peru",2017,"Total_Net_Wgt",16570543.25,"Raw Imports"
"Peru",2018,"Total_Net_Wgt",30339726.3,"Raw Imports"
"Peru",2019,"Total_Net_Wgt",24270221.02,"Raw Imports"
"Peru",2020,"Total_Net_Wgt",9792930.4,"Raw Imports"
"Peru",2024,"Total_Net_Wgt",27060350.028,"Raw Imports"
"Peru",2025,"Total_Net_Wgt",11294050,"Raw Imports"
"Philippines",2010,"Total_Net_Wgt",55146844,"Raw Imports"
"Philippines",2011,"Total_Net_Wgt",52290065,"Raw Imports"
"Philippines",2012,"Total_Net_Wgt",56433369,"Raw Imports"
"Philippines",2013,"Total_Net_Wgt",64538224,"Raw Imports"
"Philippines",2014,"Total_Net_Wgt",87330164.82,"Raw Imports"
"Philippines",2015,"Total_Net_Wgt",136157253.63,"Raw Imports"
"Philippines",2016,"Total_Net_Wgt",730735446.715,"Raw Imports"
"Philippines",2017,"Total_Net_Wgt",131494241.55,"Raw Imports"
"Philippines",2018,"Total_Net_Wgt",144782166.46,"Raw Imports"
"Philippines",2019,"Total_Net_Wgt",161124444.324,"Raw Imports"
"Philippines",2020,"Total_Net_Wgt",160311297.251,"Raw Imports"
"Philippines",2021,"Total_Net_Wgt",147951301.395,"Raw Imports"
"Philippines",2022,"Total_Net_Wgt",147066857.092,"Raw Imports"
"Philippines",2023,"Total_Net_Wgt",121530526.127,"Raw Imports"
"Philippines",2024,"Total_Net_Wgt",159922325.46,"Raw Imports"
"Philippines",2025,"Total_Net_Wgt",118776356.97,"Raw Imports"
"Poland",2010,"Total_Net_Wgt",1321200,"Raw Imports"
"Portugal",2010,"Total_Net_Wgt",13835383,"Raw Imports"
"Portugal",2011,"Total_Net_Wgt",13361795,"Raw Imports"
"Portugal",2012,"Total_Net_Wgt",14490939,"Raw Imports"
"Portugal",2013,"Total_Net_Wgt",22173982,"Raw Imports"
"Portugal",2014,"Total_Net_Wgt",22637373,"Raw Imports"
"Portugal",2015,"Total_Net_Wgt",22216429,"Raw Imports"
"Portugal",2016,"Total_Net_Wgt",27760467.735,"Raw Imports"
"Portugal",2017,"Total_Net_Wgt",31222363,"Raw Imports"
"Portugal",2018,"Total_Net_Wgt",26626989,"Raw Imports"
"Portugal",2019,"Total_Net_Wgt",24434268,"Raw Imports"
"Portugal",2020,"Total_Net_Wgt",25742507,"Raw Imports"
"Portugal",2021,"Total_Net_Wgt",28282621.91,"Raw Imports"
"Portugal",2022,"Total_Net_Wgt",27816104.18,"Raw Imports"
"Portugal",2023,"Total_Net_Wgt",27833269.519,"Raw Imports"
"Portugal",2024,"Total_Net_Wgt",34345183,"Raw Imports"
"Portugal",2025,"Total_Net_Wgt",35836380.343,"Raw Imports"
"Qatar",2013,"Total_Net_Wgt",2076798.9,"Raw Imports"
"Rep. of Korea",2015,"Total_Net_Wgt",14441475,"Raw Imports"
"Rep. of Korea",2016,"Total_Net_Wgt",12860352.22,"Raw Imports"
"Rep. of Korea",2017,"Total_Net_Wgt",16627830.73,"Raw Imports"
"Rep. of Korea",2018,"Total_Net_Wgt",17002884.77,"Raw Imports"
"Rep. of Korea",2019,"Total_Net_Wgt",12923785.47,"Raw Imports"
"Rep. of Korea",2020,"Total_Net_Wgt",12412329.1,"Raw Imports"
"Rep. of Korea",2021,"Total_Net_Wgt",13264604.92,"Raw Imports"
"Rep. of Korea",2022,"Total_Net_Wgt",15227120.567,"Raw Imports"
"Rep. of Korea",2023,"Total_Net_Wgt",12627552.78,"Raw Imports"
"Rep. of Korea",2024,"Total_Net_Wgt",10549212.419,"Raw Imports"
"Russian Federation",2013,"Total_Net_Wgt",1837857,"Raw Imports"
"Russian Federation",2015,"Total_Net_Wgt",1954218,"Raw Imports"
"Russian Federation",2017,"Total_Net_Wgt",2680641.19,"Raw Imports"
"Russian Federation",2018,"Total_Net_Wgt",3464304.86,"Raw Imports"
"Russian Federation",2019,"Total_Net_Wgt",6110446.39,"Raw Imports"
"Russian Federation",2020,"Total_Net_Wgt",3879046.53,"Raw Imports"
"Russian Federation",2021,"Total_Net_Wgt",5973533.51,"Raw Imports"
"Saudi Arabia",2021,"Total_Net_Wgt",2454440,"Raw Imports"
"Saudi Arabia",2022,"Total_Net_Wgt",7236203,"Raw Imports"
"Saudi Arabia",2023,"Total_Net_Wgt",4583862,"Raw Imports"
"Saudi Arabia",2024,"Total_Net_Wgt",5186567,"Raw Imports"
"Saudi Arabia",2025,"Total_Net_Wgt",2051480,"Raw Imports"
"Senegal",2010,"Total_Net_Wgt",5524528,"Raw Imports"
"Senegal",2011,"Total_Net_Wgt",13071135,"Raw Imports"
"Senegal",2012,"Total_Net_Wgt",7480530,"Raw Imports"
"Senegal",2013,"Total_Net_Wgt",7021836,"Raw Imports"
"Senegal",2014,"Total_Net_Wgt",7041583,"Raw Imports"
"Senegal",2015,"Total_Net_Wgt",5974169,"Raw Imports"
"Senegal",2016,"Total_Net_Wgt",6953302,"Raw Imports"
"Senegal",2017,"Total_Net_Wgt",10253805,"Raw Imports"
"Senegal",2018,"Total_Net_Wgt",11310159,"Raw Imports"
"Senegal",2019,"Total_Net_Wgt",3638831,"Raw Imports"
"Senegal",2022,"Total_Net_Wgt",2005004,"Raw Imports"
"Seychelles",2003,"Total_Net_Wgt",72000000,"Raw Imports"
"Seychelles",2004,"Total_Net_Wgt",81561471,"Raw Imports"
"Seychelles",2005,"Total_Net_Wgt",69528017.906,"Raw Imports"
"Seychelles",2006,"Total_Net_Wgt",48029189,"Raw Imports"
"Seychelles",2007,"Total_Net_Wgt",211424320.002,"Raw Imports"
"Seychelles",2008,"Total_Net_Wgt",35406884.89,"Raw Imports"
"Seychelles",2010,"Total_Net_Wgt",69702217,"Raw Imports"
"Seychelles",2011,"Total_Net_Wgt",69635330.01,"Raw Imports"
"Seychelles",2012,"Total_Net_Wgt",62810848.56,"Raw Imports"
"Seychelles",2013,"Total_Net_Wgt",56045262.22,"Raw Imports"
"Seychelles",2014,"Total_Net_Wgt",66971603.267,"Raw Imports"
"Seychelles",2015,"Total_Net_Wgt",54222621.36,"Raw Imports"
"Seychelles",2016,"Total_Net_Wgt",68231708.985,"Raw Imports"
"Seychelles",2017,"Total_Net_Wgt",76686726.947,"Raw Imports"
"Seychelles",2018,"Total_Net_Wgt",78393665.491,"Raw Imports"
"Seychelles",2019,"Total_Net_Wgt",63881087.23,"Raw Imports"
"Seychelles",2020,"Total_Net_Wgt",76641630.899,"Raw Imports"
"Seychelles",2021,"Total_Net_Wgt",72131927.18,"Raw Imports"
"Seychelles",2022,"Total_Net_Wgt",68879978.138,"Raw Imports"
"Singapore",2011,"Total_Net_Wgt",6652770,"Raw Imports"
"Singapore",2012,"Total_Net_Wgt",6880660,"Raw Imports"
"Singapore",2013,"Total_Net_Wgt",3249390,"Raw Imports"
"Singapore",2014,"Total_Net_Wgt",3121830,"Raw Imports"
"Singapore",2015,"Total_Net_Wgt",6196690,"Raw Imports"
"Singapore",2017,"Total_Net_Wgt",2510830.001,"Raw Imports"
"Singapore",2018,"Total_Net_Wgt",2180780.502,"Raw Imports"
"Singapore",2019,"Total_Net_Wgt",3552811.805,"Raw Imports"
"Singapore",2020,"Total_Net_Wgt",4290854.688,"Raw Imports"
"Singapore",2021,"Total_Net_Wgt",2061393.319,"Raw Imports"
"Singapore",2022,"Total_Net_Wgt",2061370.108,"Raw Imports"
"Singapore",2023,"Total_Net_Wgt",3748394.413,"Raw Imports"
"Singapore",2024,"Total_Net_Wgt",8028130.703,"Raw Imports"
"Singapore",2025,"Total_Net_Wgt",1952365.718,"Raw Imports"
"Slovenia",2023,"Total_Net_Wgt",1262453.859,"Raw Imports"
"Slovenia",2025,"Total_Net_Wgt",1127138.306,"Raw Imports"
"Spain",2002,"Total_Net_Wgt",206176080.36,"Raw Imports"
"Spain",2003,"Total_Net_Wgt",153583177.23,"Raw Imports"
"Spain",2004,"Total_Net_Wgt",128723629.23,"Raw Imports"
"Spain",2005,"Total_Net_Wgt",159301638.812,"Raw Imports"
"Spain",2006,"Total_Net_Wgt",143303939.82,"Raw Imports"
"Spain",2007,"Total_Net_Wgt",158404791.98,"Raw Imports"
"Spain",2008,"Total_Net_Wgt",147888570.11,"Raw Imports"
"Spain",2009,"Total_Net_Wgt",148941721.674,"Raw Imports"
"Spain",2010,"Total_Net_Wgt",151491829.41,"Raw Imports"
"Spain",2011,"Total_Net_Wgt",173283630.221,"Raw Imports"
"Spain",2012,"Total_Net_Wgt",168298294.568,"Raw Imports"
"Spain",2013,"Total_Net_Wgt",167528449.472,"Raw Imports"
"Spain",2014,"Total_Net_Wgt",181148372.08,"Raw Imports"
"Spain",2015,"Total_Net_Wgt",180751703.431,"Raw Imports"
"Spain",2016,"Total_Net_Wgt",208788008.983,"Raw Imports"
"Spain",2017,"Total_Net_Wgt",203591905.263,"Raw Imports"
"Spain",2018,"Total_Net_Wgt",198543899.467,"Raw Imports"
"Spain",2019,"Total_Net_Wgt",195378846.169,"Raw Imports"
"Spain",2020,"Total_Net_Wgt",175343895.37,"Raw Imports"
"Spain",2021,"Total_Net_Wgt",158998960.837,"Raw Imports"
"Spain",2022,"Total_Net_Wgt",143254497.745,"Raw Imports"
"Spain",2023,"Total_Net_Wgt",101350727.42,"Raw Imports"
"Spain",2024,"Total_Net_Wgt",138828824.674,"Raw Imports"
"Spain",2025,"Total_Net_Wgt",111446630.677,"Raw Imports"
"Thailand",2010,"Total_Net_Wgt",17860077,"Raw Imports"
"Thailand",2011,"Total_Net_Wgt",200064625,"Raw Imports"
"Thailand",2012,"Total_Net_Wgt",729053795,"Raw Imports"
"Thailand",2013,"Total_Net_Wgt",761761277,"Raw Imports"
"Thailand",2014,"Total_Net_Wgt",700347005,"Raw Imports"
"Thailand",2015,"Total_Net_Wgt",671747340,"Raw Imports"
"Thailand",2016,"Total_Net_Wgt",762617251,"Raw Imports"
"Thailand",2017,"Total_Net_Wgt",712568985,"Raw Imports"
"Thailand",2018,"Total_Net_Wgt",851774040,"Raw Imports"
"Thailand",2019,"Total_Net_Wgt",602552090.650001,"Raw Imports"
"Thailand",2020,"Total_Net_Wgt",841093384,"Raw Imports"
"Thailand",2021,"Total_Net_Wgt",697231887,"Raw Imports"
"Thailand",2022,"Total_Net_Wgt",729698051,"Raw Imports"
"Thailand",2023,"Total_Net_Wgt",668826782.222,"Raw Imports"
"Thailand",2024,"Total_Net_Wgt",828732066,"Raw Imports"
"Thailand",2025,"Total_Net_Wgt",147048811,"Raw Imports"
"Togo",2012,"Total_Net_Wgt",2620000,"Raw Imports"
"Tunisia",2014,"Total_Net_Wgt",13126353,"Raw Imports"
"Tunisia",2021,"Total_Net_Wgt",43579289,"Raw Imports"
"Tunisia",2022,"Total_Net_Wgt",49052055,"Raw Imports"
"Türkiye",2000,"Total_Net_Wgt",26784032,"Raw Imports"
"Türkiye",2001,"Total_Net_Wgt",2641532,"Raw Imports"
"Türkiye",2002,"Total_Net_Wgt",5366160,"Raw Imports"
"Türkiye",2003,"Total_Net_Wgt",7343618,"Raw Imports"
"Türkiye",2004,"Total_Net_Wgt",11202090,"Raw Imports"
"Türkiye",2005,"Total_Net_Wgt",9216923,"Raw Imports"
"Türkiye",2006,"Total_Net_Wgt",9270177,"Raw Imports"
"Türkiye",2007,"Total_Net_Wgt",10664623,"Raw Imports"
"Türkiye",2008,"Total_Net_Wgt",9982457,"Raw Imports"
"Türkiye",2009,"Total_Net_Wgt",13043279,"Raw Imports"
"Türkiye",2010,"Total_Net_Wgt",7848737,"Raw Imports"
"Türkiye",2011,"Total_Net_Wgt",9084777,"Raw Imports"
"Türkiye",2012,"Total_Net_Wgt",9901349,"Raw Imports"
"Türkiye",2013,"Total_Net_Wgt",13135179,"Raw Imports"
"Türkiye",2014,"Total_Net_Wgt",17883271,"Raw Imports"
"Türkiye",2015,"Total_Net_Wgt",20658360,"Raw Imports"
"Türkiye",2016,"Total_Net_Wgt",23258621,"Raw Imports"
"Türkiye",2017,"Total_Net_Wgt",26857945,"Raw Imports"
"Türkiye",2018,"Total_Net_Wgt",25321410,"Raw Imports"
"Türkiye",2019,"Total_Net_Wgt",21920062,"Raw Imports"
"Türkiye",2020,"Total_Net_Wgt",25464286,"Raw Imports"
"Türkiye",2021,"Total_Net_Wgt",29967280,"Raw Imports"
"Türkiye",2022,"Total_Net_Wgt",31226315,"Raw Imports"
"Türkiye",2023,"Total_Net_Wgt",35964071,"Raw Imports"
"Türkiye",2024,"Total_Net_Wgt",37571036,"Raw Imports"
"Türkiye",2025,"Total_Net_Wgt",35664304,"Raw Imports"
"USA",2010,"Total_Net_Wgt",2035000,"Raw Imports"
"USA",2016,"Total_Net_Wgt",59102162,"Raw Imports"
"USA",2017,"Total_Net_Wgt",60326765,"Raw Imports"
"USA",2018,"Total_Net_Wgt",62295273,"Raw Imports"
"USA",2019,"Total_Net_Wgt",69639328,"Raw Imports"
"USA",2020,"Total_Net_Wgt",52545122,"Raw Imports"
"USA",2021,"Total_Net_Wgt",63811845,"Raw Imports"
"USA",2022,"Total_Net_Wgt",112239079.443,"Raw Imports"
"USA",2023,"Total_Net_Wgt",65037758,"Raw Imports"
"USA",2024,"Total_Net_Wgt",70749284,"Raw Imports"
"USA",2025,"Total_Net_Wgt",54020288,"Raw Imports"
"Ukraine",2023,"Total_Net_Wgt",1333783,"Raw Imports"
"Ukraine",2024,"Total_Net_Wgt",1681708.232,"Raw Imports"
"Ukraine",2025,"Total_Net_Wgt",1545501.296,"Raw Imports"
"United Arab Emirates",2017,"Total_Net_Wgt",1796822.91,"Raw Imports"
"United Arab Emirates",2018,"Total_Net_Wgt",2651484.21,"Raw Imports"
"United Arab Emirates",2019,"Total_Net_Wgt",11927793.94,"Raw Imports"
"United Kingdom",2013,"Total_Net_Wgt",2129796,"Raw Imports"
"United Kingdom",2014,"Total_Net_Wgt",3293355,"Raw Imports"
"United Kingdom",2015,"Total_Net_Wgt",3121623,"Raw Imports"
"United Kingdom",2016,"Total_Net_Wgt",3853157,"Raw Imports"
"United Kingdom",2017,"Total_Net_Wgt",2852785,"Raw Imports"
"United Kingdom",2018,"Total_Net_Wgt",2471176,"Raw Imports"
"United Kingdom",2019,"Total_Net_Wgt",2877362,"Raw Imports"
"United Kingdom",2020,"Total_Net_Wgt",2442415,"Raw Imports"
"United Kingdom",2021,"Total_Net_Wgt",3195653,"Raw Imports"
"United Kingdom",2022,"Total_Net_Wgt",3145262,"Raw Imports"
"United Kingdom",2023,"Total_Net_Wgt",2670044,"Raw Imports"
"United Kingdom",2024,"Total_Net_Wgt",3369862,"Raw Imports"
"United Kingdom",2025,"Total_Net_Wgt",3387562,"Raw Imports"
"Viet Nam",2015,"Total_Net_Wgt",84772391.822,"Raw Imports"
"Viet Nam",2016,"Total_Net_Wgt",69907358.441,"Raw Imports"
"Viet Nam",2017,"Total_Net_Wgt",68592978.332,"Raw Imports"
"Viet Nam",2018,"Total_Net_Wgt",99094650.196,"Raw Imports"
"Viet Nam",2019,"Total_Net_Wgt",119487496.394,"Raw Imports"
"Viet Nam",2020,"Total_Net_Wgt",117308612.202,"Raw Imports"
"Viet Nam",2021,"Total_Net_Wgt",125158597.161,"Raw Imports"
"Viet Nam",2022,"Total_Net_Wgt",147145076.286,"Raw Imports"
"Viet Nam",2023,"Total_Net_Wgt",112453085.66,"Raw Imports"
"Yemen",2012,"Total_Net_Wgt",2440909.9,"Raw Imports"
"Yemen",2015,"Total_Net_Wgt",4521207.7,"Raw Imports"
"Algeria",2010,"Total_Primary_Value",3034277.736,"Raw Imports"
"Algeria",2012,"Total_Primary_Value",5105277,"Raw Imports"
"Algeria",2013,"Total_Primary_Value",4708279.594,"Raw Imports"
"Algeria",2014,"Total_Primary_Value",18271926.53,"Raw Imports"
"Algeria",2015,"Total_Primary_Value",36269692.31,"Raw Imports"
"Algeria",2016,"Total_Primary_Value",15299811.58,"Raw Imports"
"Areas, nes",2008,"Total_Primary_Value",10795173.43,"Raw Imports"
"Areas, nes",2010,"Total_Primary_Value",17631214.845,"Raw Imports"
"Areas, nes",2016,"Total_Primary_Value",49189471.669,"Raw Imports"
"Areas, nes",2018,"Total_Primary_Value",6053259.893,"Raw Imports"
"Areas, nes",2019,"Total_Primary_Value",4135195.538,"Raw Imports"
"Areas, nes",2022,"Total_Primary_Value",4118763.827,"Raw Imports"
"Australia",2025,"Total_Primary_Value",10924669.29,"Raw Imports"
"Belgium",2013,"Total_Primary_Value",20296615.449,"Raw Imports"
"Belgium",2022,"Total_Primary_Value",22029351.656,"Raw Imports"
"Belgium",2023,"Total_Primary_Value",18028323.088,"Raw Imports"
"Belgium",2024,"Total_Primary_Value",17283427.803,"Raw Imports"
"Belgium",2025,"Total_Primary_Value",14848645.213,"Raw Imports"
"Benin",2016,"Total_Primary_Value",2299434.361,"Raw Imports"
"Brazil",2003,"Total_Primary_Value",2482261,"Raw Imports"
"Brazil",2015,"Total_Primary_Value",2490268,"Raw Imports"
"Brazil",2016,"Total_Primary_Value",4529177,"Raw Imports"
"Brazil",2017,"Total_Primary_Value",5198116,"Raw Imports"
"Burkina Faso",2024,"Total_Primary_Value",480734.488,"Raw Imports"
"Cameroon",2011,"Total_Primary_Value",7860526.101,"Raw Imports"
"Cameroon",2012,"Total_Primary_Value",4567647.942,"Raw Imports"
"Cameroon",2013,"Total_Primary_Value",2913448.685,"Raw Imports"
"Cameroon",2022,"Total_Primary_Value",12921756.828,"Raw Imports"
"Cameroon",2023,"Total_Primary_Value",6759133.965,"Raw Imports"
"Canada",2010,"Total_Primary_Value",28504618.761,"Raw Imports"
"Canada",2011,"Total_Primary_Value",38977116.254,"Raw Imports"
"Canada",2012,"Total_Primary_Value",37284114.511,"Raw Imports"
"Canada",2013,"Total_Primary_Value",51019571.633,"Raw Imports"
"Canada",2014,"Total_Primary_Value",39735842.852,"Raw Imports"
"Canada",2015,"Total_Primary_Value",40129560.988,"Raw Imports"
"Canada",2016,"Total_Primary_Value",49616564.644,"Raw Imports"
"Canada",2017,"Total_Primary_Value",63660045.2,"Raw Imports"
"Canada",2018,"Total_Primary_Value",54193675.805,"Raw Imports"
"Canada",2019,"Total_Primary_Value",49742354.176,"Raw Imports"
"Canada",2020,"Total_Primary_Value",29311214.044,"Raw Imports"
"Canada",2021,"Total_Primary_Value",39756604.636,"Raw Imports"
"Canada",2022,"Total_Primary_Value",79359059.8820001,"Raw Imports"
"Canada",2023,"Total_Primary_Value",40865906.248,"Raw Imports"
"Canada",2024,"Total_Primary_Value",45476465.021,"Raw Imports"
"Canada",2025,"Total_Primary_Value",53732088.494,"Raw Imports"
"Chile",2025,"Total_Primary_Value",9132008.987,"Raw Imports"
"China",2010,"Total_Primary_Value",32243264.639,"Raw Imports"
"China",2011,"Total_Primary_Value",54484070.236,"Raw Imports"
"China",2012,"Total_Primary_Value",86267398.141,"Raw Imports"
"China",2015,"Total_Primary_Value",29154070.943,"Raw Imports"
"China",2016,"Total_Primary_Value",172945964.626,"Raw Imports"
"China",2017,"Total_Primary_Value",188445291.518,"Raw Imports"
"China",2018,"Total_Primary_Value",222363168.739,"Raw Imports"
"China",2019,"Total_Primary_Value",173832089.545,"Raw Imports"
"China",2020,"Total_Primary_Value",102774601.245,"Raw Imports"
"China",2021,"Total_Primary_Value",92075261.063,"Raw Imports"
"China",2022,"Total_Primary_Value",74663965.02,"Raw Imports"
"China",2023,"Total_Primary_Value",141182244.351,"Raw Imports"
"China",2024,"Total_Primary_Value",281562537.068,"Raw Imports"
"China",2025,"Total_Primary_Value",27214916.539,"Raw Imports"
"Colombia",2010,"Total_Primary_Value",4455084.38,"Raw Imports"
"Colombia",2014,"Total_Primary_Value",52699985.73,"Raw Imports"
"Colombia",2016,"Total_Primary_Value",28042517.74,"Raw Imports"
"Colombia",2017,"Total_Primary_Value",18675022.12,"Raw Imports"
"Colombia",2018,"Total_Primary_Value",34596736.87,"Raw Imports"
"Colombia",2019,"Total_Primary_Value",25282552.54,"Raw Imports"
"Colombia",2020,"Total_Primary_Value",24210655.57,"Raw Imports"
"Colombia",2021,"Total_Primary_Value",33171179.83,"Raw Imports"
"Colombia",2022,"Total_Primary_Value",25180801.18,"Raw Imports"
"Colombia",2023,"Total_Primary_Value",24865494.72,"Raw Imports"
"Colombia",2024,"Total_Primary_Value",5775360.31,"Raw Imports"
"Colombia",2025,"Total_Primary_Value",26374712.96,"Raw Imports"
"Costa Rica",2018,"Total_Primary_Value",4573887.08,"Raw Imports"
"Costa Rica",2020,"Total_Primary_Value",11838672.62,"Raw Imports"
"Croatia",2015,"Total_Primary_Value",4884987,"Raw Imports"
"Croatia",2023,"Total_Primary_Value",10468249,"Raw Imports"
"Croatia",2025,"Total_Primary_Value",14507075,"Raw Imports"
"Côte d'Ivoire",2008,"Total_Primary_Value",101365172.417,"Raw Imports"
"Côte d'Ivoire",2009,"Total_Primary_Value",73538432.714,"Raw Imports"
"Côte d'Ivoire",2010,"Total_Primary_Value",6150099.038,"Raw Imports"
"Côte d'Ivoire",2011,"Total_Primary_Value",8846619.87,"Raw Imports"
"Côte d'Ivoire",2012,"Total_Primary_Value",7512896.352,"Raw Imports"
"Côte d'Ivoire",2013,"Total_Primary_Value",11338755.678,"Raw Imports"
"Côte d'Ivoire",2014,"Total_Primary_Value",13496639.708,"Raw Imports"
"Côte d'Ivoire",2015,"Total_Primary_Value",15165306.171,"Raw Imports"
"Côte d'Ivoire",2016,"Total_Primary_Value",19006296.853,"Raw Imports"
"Côte d'Ivoire",2017,"Total_Primary_Value",23561482.45,"Raw Imports"
"Côte d'Ivoire",2018,"Total_Primary_Value",33256833.435,"Raw Imports"
"Côte d'Ivoire",2019,"Total_Primary_Value",44662134.878,"Raw Imports"
"Dem. Rep. of the Congo",2015,"Total_Primary_Value",6815641.595,"Raw Imports"
"Denmark",2021,"Total_Primary_Value",22036321.459,"Raw Imports"
"Denmark",2025,"Total_Primary_Value",10839998.047,"Raw Imports"
"Ecuador",2010,"Total_Primary_Value",207727374.88,"Raw Imports"
"Ecuador",2011,"Total_Primary_Value",273410449.62,"Raw Imports"
"Ecuador",2012,"Total_Primary_Value",167025264.703,"Raw Imports"
"Ecuador",2013,"Total_Primary_Value",95277116.94,"Raw Imports"
"Ecuador",2014,"Total_Primary_Value",111646342.88,"Raw Imports"
"Ecuador",2015,"Total_Primary_Value",70499605.705,"Raw Imports"
"Ecuador",2016,"Total_Primary_Value",66524311.035,"Raw Imports"
"Ecuador",2017,"Total_Primary_Value",69723284.71,"Raw Imports"
"Ecuador",2018,"Total_Primary_Value",102223332.537,"Raw Imports"
"Ecuador",2019,"Total_Primary_Value",112397945.674,"Raw Imports"
"Ecuador",2020,"Total_Primary_Value",93156763.708,"Raw Imports"
"Ecuador",2021,"Total_Primary_Value",137223017.746,"Raw Imports"
"Ecuador",2022,"Total_Primary_Value",9064256.832,"Raw Imports"
"Ecuador",2024,"Total_Primary_Value",104763623.407,"Raw Imports"
"El Salvador",2004,"Total_Primary_Value",5672233.34,"Raw Imports"
"El Salvador",2005,"Total_Primary_Value",32330677.9,"Raw Imports"
"El Salvador",2006,"Total_Primary_Value",20585264.69,"Raw Imports"
"El Salvador",2007,"Total_Primary_Value",48620566.88,"Raw Imports"
"El Salvador",2008,"Total_Primary_Value",17249544.95,"Raw Imports"
"El Salvador",2009,"Total_Primary_Value",57352117.99,"Raw Imports"
"El Salvador",2010,"Total_Primary_Value",26819670.58,"Raw Imports"
"El Salvador",2011,"Total_Primary_Value",22425617.73,"Raw Imports"
"El Salvador",2012,"Total_Primary_Value",32831109.65,"Raw Imports"
"El Salvador",2013,"Total_Primary_Value",47814281.49,"Raw Imports"
"El Salvador",2014,"Total_Primary_Value",36350119.32,"Raw Imports"
"El Salvador",2015,"Total_Primary_Value",19221136.18,"Raw Imports"
"El Salvador",2016,"Total_Primary_Value",22277944.67,"Raw Imports"
"El Salvador",2017,"Total_Primary_Value",36468768.78,"Raw Imports"
"El Salvador",2018,"Total_Primary_Value",28499961.5,"Raw Imports"
"El Salvador",2019,"Total_Primary_Value",23146281.22,"Raw Imports"
"El Salvador",2020,"Total_Primary_Value",9345614.95,"Raw Imports"
"El Salvador",2021,"Total_Primary_Value",10237073.24,"Raw Imports"
"El Salvador",2022,"Total_Primary_Value",23776404.78,"Raw Imports"
"El Salvador",2023,"Total_Primary_Value",25545654.88,"Raw Imports"
"El Salvador",2024,"Total_Primary_Value",16046106.03,"Raw Imports"
"El Salvador",2025,"Total_Primary_Value",113729777.61,"Raw Imports"
"Fiji",2014,"Total_Primary_Value",139652184.086,"Raw Imports"
"Fiji",2015,"Total_Primary_Value",65590611.564,"Raw Imports"
"Fiji",2016,"Total_Primary_Value",45564890.44,"Raw Imports"
"Fiji",2017,"Total_Primary_Value",47101728.21,"Raw Imports"
"Fiji",2020,"Total_Primary_Value",13234243.498,"Raw Imports"
"Fiji",2022,"Total_Primary_Value",4778514.227,"Raw Imports"
"Fiji",2023,"Total_Primary_Value",4418416.469,"Raw Imports"
"France",2000,"Total_Primary_Value",34185078.841,"Raw Imports"
"France",2001,"Total_Primary_Value",39844535.418,"Raw Imports"
"France",2002,"Total_Primary_Value",45168516.376,"Raw Imports"
"France",2003,"Total_Primary_Value",50737328.85,"Raw Imports"
"France",2004,"Total_Primary_Value",49301392.561,"Raw Imports"
"France",2005,"Total_Primary_Value",53518343.302,"Raw Imports"
"France",2006,"Total_Primary_Value",61016129.973,"Raw Imports"
"France",2007,"Total_Primary_Value",73067885.642,"Raw Imports"
"France",2008,"Total_Primary_Value",76201018.149,"Raw Imports"
"France",2009,"Total_Primary_Value",70464977.038,"Raw Imports"
"France",2010,"Total_Primary_Value",71374031.283,"Raw Imports"
"France",2011,"Total_Primary_Value",72542005.242,"Raw Imports"
"France",2012,"Total_Primary_Value",86756415.957,"Raw Imports"
"France",2013,"Total_Primary_Value",98554214.12,"Raw Imports"
"France",2014,"Total_Primary_Value",114317924.737,"Raw Imports"
"France",2015,"Total_Primary_Value",122351007.274,"Raw Imports"
"France",2016,"Total_Primary_Value",128972700.716,"Raw Imports"
"France",2017,"Total_Primary_Value",153998189.33,"Raw Imports"
"France",2018,"Total_Primary_Value",146825720.936,"Raw Imports"
"France",2019,"Total_Primary_Value",145513116.89,"Raw Imports"
"France",2020,"Total_Primary_Value",130171917.832,"Raw Imports"
"France",2021,"Total_Primary_Value",144341859.435,"Raw Imports"
"France",2022,"Total_Primary_Value",154634197.496,"Raw Imports"
"France",2023,"Total_Primary_Value",121917436.854,"Raw Imports"
"France",2024,"Total_Primary_Value",128676496.846,"Raw Imports"
"Germany",2015,"Total_Primary_Value",18728350.246,"Raw Imports"
"Germany",2017,"Total_Primary_Value",34296927.576,"Raw Imports"
"Germany",2018,"Total_Primary_Value",27414068.34,"Raw Imports"
"Germany",2019,"Total_Primary_Value",25936275.917,"Raw Imports"
"Germany",2020,"Total_Primary_Value",24332794.363,"Raw Imports"
"Germany",2021,"Total_Primary_Value",30864322.25,"Raw Imports"
"Germany",2022,"Total_Primary_Value",33597167.796,"Raw Imports"
"Germany",2023,"Total_Primary_Value",26769205.348,"Raw Imports"
"Germany",2024,"Total_Primary_Value",25829106.292,"Raw Imports"
"Germany",2025,"Total_Primary_Value",25658544.037,"Raw Imports"
"Ghana",2011,"Total_Primary_Value",3145096.542,"Raw Imports"
"Ghana",2013,"Total_Primary_Value",3033808.39,"Raw Imports"
"Ghana",2014,"Total_Primary_Value",2887934.011,"Raw Imports"
"Ghana",2015,"Total_Primary_Value",2507249.96,"Raw Imports"
"Ghana",2016,"Total_Primary_Value",2373286.102,"Raw Imports"
"Ghana",2020,"Total_Primary_Value",17268731.912,"Raw Imports"
"Ghana",2021,"Total_Primary_Value",44806365.003,"Raw Imports"
"Ghana",2022,"Total_Primary_Value",32033524.341,"Raw Imports"
"Ghana",2023,"Total_Primary_Value",17607079.81,"Raw Imports"
"Guatemala",2010,"Total_Primary_Value",40258922,"Raw Imports"
"Guatemala",2011,"Total_Primary_Value",25314230,"Raw Imports"
"Guatemala",2012,"Total_Primary_Value",36566765,"Raw Imports"
"Guatemala",2017,"Total_Primary_Value",26627921,"Raw Imports"
"Guatemala",2019,"Total_Primary_Value",16754230,"Raw Imports"
"Guatemala",2020,"Total_Primary_Value",35467703,"Raw Imports"
"Guatemala",2021,"Total_Primary_Value",43602193,"Raw Imports"
"Guatemala",2022,"Total_Primary_Value",51137370,"Raw Imports"
"Guatemala",2023,"Total_Primary_Value",36172372,"Raw Imports"
"Guatemala",2024,"Total_Primary_Value",52183363,"Raw Imports"
"Guatemala",2025,"Total_Primary_Value",37625577,"Raw Imports"
"Indonesia",2013,"Total_Primary_Value",10138736,"Raw Imports"
"Indonesia",2014,"Total_Primary_Value",9599601,"Raw Imports"
"Indonesia",2015,"Total_Primary_Value",15672993,"Raw Imports"
"Indonesia",2016,"Total_Primary_Value",22974543,"Raw Imports"
"Indonesia",2017,"Total_Primary_Value",9784762,"Raw Imports"
"Indonesia",2018,"Total_Primary_Value",29503938,"Raw Imports"
"Indonesia",2019,"Total_Primary_Value",47362432,"Raw Imports"
"Indonesia",2020,"Total_Primary_Value",57836776,"Raw Imports"
"Indonesia",2021,"Total_Primary_Value",41318055,"Raw Imports"
"Indonesia",2022,"Total_Primary_Value",58406362,"Raw Imports"
"Indonesia",2023,"Total_Primary_Value",43719980,"Raw Imports"
"Indonesia",2024,"Total_Primary_Value",35910718,"Raw Imports"
"Iran",2010,"Total_Primary_Value",4469999.11,"Raw Imports"
"Ireland",2001,"Total_Primary_Value",490701.227,"Raw Imports"
"Israel",2017,"Total_Primary_Value",22179000,"Raw Imports"
"Israel",2018,"Total_Primary_Value",22325000,"Raw Imports"
"Israel",2019,"Total_Primary_Value",25091000,"Raw Imports"
"Israel",2020,"Total_Primary_Value",21718000,"Raw Imports"
"Israel",2021,"Total_Primary_Value",28823000,"Raw Imports"
"Israel",2022,"Total_Primary_Value",35046000,"Raw Imports"
"Israel",2023,"Total_Primary_Value",36950000,"Raw Imports"
"Israel",2024,"Total_Primary_Value",40172000,"Raw Imports"
"Israel",2025,"Total_Primary_Value",26067000,"Raw Imports"
"Italy",2000,"Total_Primary_Value",45937808.672,"Raw Imports"
"Italy",2001,"Total_Primary_Value",47822678.893,"Raw Imports"
"Italy",2002,"Total_Primary_Value",57338246.129,"Raw Imports"
"Italy",2003,"Total_Primary_Value",80611910.66,"Raw Imports"
"Italy",2004,"Total_Primary_Value",57480669.481,"Raw Imports"
"Italy",2005,"Total_Primary_Value",61569148.866,"Raw Imports"
"Italy",2006,"Total_Primary_Value",58943250.77,"Raw Imports"
"Italy",2007,"Total_Primary_Value",72663045.187,"Raw Imports"
"Italy",2008,"Total_Primary_Value",74878596.562,"Raw Imports"
"Italy",2009,"Total_Primary_Value",56951439.057,"Raw Imports"
"Italy",2010,"Total_Primary_Value",77323986.9660001,"Raw Imports"
"Italy",2011,"Total_Primary_Value",107882748.163,"Raw Imports"
"Italy",2012,"Total_Primary_Value",135306618.601,"Raw Imports"
"Italy",2013,"Total_Primary_Value",149867199.757,"Raw Imports"
"Italy",2014,"Total_Primary_Value",137733290.785,"Raw Imports"
"Italy",2015,"Total_Primary_Value",122127710.971,"Raw Imports"
"Italy",2016,"Total_Primary_Value",169407021.909,"Raw Imports"
"Italy",2017,"Total_Primary_Value",189521110.701,"Raw Imports"
"Italy",2018,"Total_Primary_Value",204614567.762,"Raw Imports"
"Italy",2019,"Total_Primary_Value",211346417.885,"Raw Imports"
"Italy",2020,"Total_Primary_Value",198210052.491,"Raw Imports"
"Italy",2021,"Total_Primary_Value",258655567.067,"Raw Imports"
"Italy",2022,"Total_Primary_Value",300611423.116,"Raw Imports"
"Italy",2023,"Total_Primary_Value",274325607.312,"Raw Imports"
"Italy",2024,"Total_Primary_Value",242753890.885,"Raw Imports"
"Italy",2025,"Total_Primary_Value",171459631.543,"Raw Imports"
"Japan",2010,"Total_Primary_Value",1483329197.999,"Raw Imports"
"Japan",2011,"Total_Primary_Value",1613647474.951,"Raw Imports"
"Japan",2012,"Total_Primary_Value",2333346384.265,"Raw Imports"
"Japan",2013,"Total_Primary_Value",1818053586.953,"Raw Imports"
"Japan",2014,"Total_Primary_Value",1814214189.011,"Raw Imports"
"Japan",2015,"Total_Primary_Value",1659450753.076,"Raw Imports"
"Japan",2016,"Total_Primary_Value",1733477694.674,"Raw Imports"
"Japan",2017,"Total_Primary_Value",1827655135.131,"Raw Imports"
"Japan",2018,"Total_Primary_Value",1811037107.32,"Raw Imports"
"Japan",2019,"Total_Primary_Value",1744053215.53,"Raw Imports"
"Japan",2020,"Total_Primary_Value",1498152387.996,"Raw Imports"
"Japan",2021,"Total_Primary_Value",1690523687.937,"Raw Imports"
"Japan",2022,"Total_Primary_Value",1758165110.146,"Raw Imports"
"Japan",2023,"Total_Primary_Value",1500368273.894,"Raw Imports"
"Japan",2024,"Total_Primary_Value",1248201630.457,"Raw Imports"
"Japan",2025,"Total_Primary_Value",1347032699.34,"Raw Imports"
"Kenya",2011,"Total_Primary_Value",2133631.324,"Raw Imports"
"Luxembourg",2013,"Total_Primary_Value",2279784.445,"Raw Imports"
"Madagascar",2003,"Total_Primary_Value",23463999.121,"Raw Imports"
"Madagascar",2004,"Total_Primary_Value",31858321.594,"Raw Imports"
"Madagascar",2005,"Total_Primary_Value",12290770.551,"Raw Imports"
"Madagascar",2006,"Total_Primary_Value",30281366.778,"Raw Imports"
"Madagascar",2007,"Total_Primary_Value",55136061.748,"Raw Imports"
"Madagascar",2008,"Total_Primary_Value",23022853.847,"Raw Imports"
"Madagascar",2009,"Total_Primary_Value",16687446.659,"Raw Imports"
"Madagascar",2010,"Total_Primary_Value",24798173.878,"Raw Imports"
"Madagascar",2011,"Total_Primary_Value",37236440.227,"Raw Imports"
"Madagascar",2012,"Total_Primary_Value",31491879.371,"Raw Imports"
"Madagascar",2013,"Total_Primary_Value",38689923.962,"Raw Imports"
"Madagascar",2014,"Total_Primary_Value",30606022.04,"Raw Imports"
"Madagascar",2015,"Total_Primary_Value",18797427.497,"Raw Imports"
"Madagascar",2016,"Total_Primary_Value",18117908.656,"Raw Imports"
"Madagascar",2017,"Total_Primary_Value",24292699.026,"Raw Imports"
"Madagascar",2018,"Total_Primary_Value",10347588.935,"Raw Imports"
"Madagascar",2019,"Total_Primary_Value",26529460.223,"Raw Imports"
"Madagascar",2020,"Total_Primary_Value",13233038.958,"Raw Imports"
"Madagascar",2021,"Total_Primary_Value",28448750.63,"Raw Imports"
"Madagascar",2022,"Total_Primary_Value",25013020.047,"Raw Imports"
"Madagascar",2023,"Total_Primary_Value",37217190.172,"Raw Imports"
"Malaysia",2010,"Total_Primary_Value",5892418.353,"Raw Imports"
"Malaysia",2011,"Total_Primary_Value",5985513.897,"Raw Imports"
"Malaysia",2012,"Total_Primary_Value",8003335.939,"Raw Imports"
"Malaysia",2013,"Total_Primary_Value",8449716.626,"Raw Imports"
"Malaysia",2014,"Total_Primary_Value",7835658.711,"Raw Imports"
"Malaysia",2015,"Total_Primary_Value",5210424.921,"Raw Imports"
"Malaysia",2017,"Total_Primary_Value",7749762.378,"Raw Imports"
"Malaysia",2019,"Total_Primary_Value",8534429.375,"Raw Imports"
"Malaysia",2020,"Total_Primary_Value",6209739.795,"Raw Imports"
"Malaysia",2021,"Total_Primary_Value",10371613.394,"Raw Imports"
"Malaysia",2022,"Total_Primary_Value",10917935.961,"Raw Imports"
"Malaysia",2023,"Total_Primary_Value",7953803.521,"Raw Imports"
"Malaysia",2024,"Total_Primary_Value",8890206.521,"Raw Imports"
"Malaysia",2025,"Total_Primary_Value",13381833.327,"Raw Imports"
"Malta",2012,"Total_Primary_Value",40149725,"Raw Imports"
"Malta",2014,"Total_Primary_Value",37583214.85,"Raw Imports"
"Malta",2016,"Total_Primary_Value",62517509.917,"Raw Imports"
"Malta",2017,"Total_Primary_Value",43979220.606,"Raw Imports"
"Malta",2019,"Total_Primary_Value",78612061.85,"Raw Imports"
"Malta",2020,"Total_Primary_Value",48855845.668,"Raw Imports"
"Malta",2021,"Total_Primary_Value",66359072.923,"Raw Imports"
"Malta",2022,"Total_Primary_Value",111694428.084,"Raw Imports"
"Malta",2023,"Total_Primary_Value",143348089.991,"Raw Imports"
"Malta",2024,"Total_Primary_Value",48504283.721,"Raw Imports"
"Mauritius",2010,"Total_Primary_Value",157197317.722,"Raw Imports"
"Mauritius",2011,"Total_Primary_Value",225420428.643,"Raw Imports"
"Mauritius",2012,"Total_Primary_Value",253751317.382,"Raw Imports"
"Mauritius",2013,"Total_Primary_Value",240429155.069,"Raw Imports"
"Mauritius",2014,"Total_Primary_Value",211137799.67,"Raw Imports"
"Mauritius",2015,"Total_Primary_Value",136527823.715,"Raw Imports"
"Mauritius",2016,"Total_Primary_Value",183141483.035,"Raw Imports"
"Mauritius",2017,"Total_Primary_Value",234623628.987,"Raw Imports"
"Mauritius",2018,"Total_Primary_Value",173759243.056,"Raw Imports"
"Mauritius",2019,"Total_Primary_Value",167746787.308,"Raw Imports"
"Mauritius",2020,"Total_Primary_Value",149812541.237,"Raw Imports"
"Mauritius",2021,"Total_Primary_Value",150851742.307,"Raw Imports"
"Mauritius",2022,"Total_Primary_Value",166303906.217,"Raw Imports"
"Mauritius",2023,"Total_Primary_Value",161721798.9,"Raw Imports"
"Mauritius",2024,"Total_Primary_Value",143338121.776,"Raw Imports"
"Mauritius",2025,"Total_Primary_Value",131424890.964,"Raw Imports"
"Mexico",2010,"Total_Primary_Value",40500038,"Raw Imports"
"Mexico",2011,"Total_Primary_Value",62285749,"Raw Imports"
"Mexico",2012,"Total_Primary_Value",97097469,"Raw Imports"
"Mexico",2013,"Total_Primary_Value",58829048,"Raw Imports"
"Mexico",2024,"Total_Primary_Value",8667772,"Raw Imports"
"Mexico",2025,"Total_Primary_Value",6664837,"Raw Imports"
"Minnows",2000,"Total_Primary_Value",2703678.702,"Raw Imports"
"Minnows",2001,"Total_Primary_Value",1629109.469,"Raw Imports"
"Minnows",2002,"Total_Primary_Value",8526707.167,"Raw Imports"
"Minnows",2003,"Total_Primary_Value",5414501.095,"Raw Imports"
"Minnows",2004,"Total_Primary_Value",5801318.833,"Raw Imports"
"Minnows",2005,"Total_Primary_Value",9286716.536,"Raw Imports"
"Minnows",2006,"Total_Primary_Value",14871923.672,"Raw Imports"
"Minnows",2007,"Total_Primary_Value",12674581.229,"Raw Imports"
"Minnows",2008,"Total_Primary_Value",18949789.575,"Raw Imports"
"Minnows",2009,"Total_Primary_Value",22029218.329,"Raw Imports"
"Minnows",2010,"Total_Primary_Value",102361509.225,"Raw Imports"
"Minnows",2011,"Total_Primary_Value",334767253.237,"Raw Imports"
"Minnows",2012,"Total_Primary_Value",721843282.622,"Raw Imports"
"Minnows",2013,"Total_Primary_Value",767082939.892,"Raw Imports"
"Minnows",2014,"Total_Primary_Value",692203649.654,"Raw Imports"
"Minnows",2015,"Total_Primary_Value",763385190.428,"Raw Imports"
"Minnows",2016,"Total_Primary_Value",196520336.343,"Raw Imports"
"Minnows",2017,"Total_Primary_Value",134515779.386,"Raw Imports"
"Minnows",2018,"Total_Primary_Value",157589528.553,"Raw Imports"
"Minnows",2019,"Total_Primary_Value",148761756.444,"Raw Imports"
"Minnows",2020,"Total_Primary_Value",140966797.389,"Raw Imports"
"Minnows",2021,"Total_Primary_Value",162897073.549,"Raw Imports"
"Minnows",2022,"Total_Primary_Value",197125079.995,"Raw Imports"
"Minnows",2023,"Total_Primary_Value",144917323.933,"Raw Imports"
"Minnows",2024,"Total_Primary_Value",166039497.602,"Raw Imports"
"Minnows",2025,"Total_Primary_Value",91024966.895,"Raw Imports"
"Missing Imports",2000,"Total_Primary_Value",67005574.9010001,"Raw Imports"
"Missing Imports",2001,"Total_Primary_Value",127468965.156,"Raw Imports"
"Missing Imports",2002,"Total_Primary_Value",102855099.951,"Raw Imports"
"Missing Imports",2003,"Total_Primary_Value",NA,"Raw Imports"
"Missing Imports",2004,"Total_Primary_Value",38104256.104,"Raw Imports"
"Missing Imports",2005,"Total_Primary_Value",NA,"Raw Imports"
"Missing Imports",2006,"Total_Primary_Value",NA,"Raw Imports"
"Missing Imports",2008,"Total_Primary_Value",10159682.1890004,"Raw Imports"
"Missing Imports",2009,"Total_Primary_Value",131981133.474,"Raw Imports"
"Morocco",2001,"Total_Primary_Value",1724007.149,"Raw Imports"
"Morocco",2015,"Total_Primary_Value",6487621.296,"Raw Imports"
"Morocco",2018,"Total_Primary_Value",29717380.492,"Raw Imports"
"Morocco",2019,"Total_Primary_Value",19723198.079,"Raw Imports"
"Morocco",2020,"Total_Primary_Value",25745873.462,"Raw Imports"
"Morocco",2021,"Total_Primary_Value",32315714.735,"Raw Imports"
"Morocco",2022,"Total_Primary_Value",29087342.688,"Raw Imports"
"Morocco",2023,"Total_Primary_Value",34507559.681,"Raw Imports"
"Morocco",2024,"Total_Primary_Value",6924445.837,"Raw Imports"
"Morocco",2025,"Total_Primary_Value",2631286.724,"Raw Imports"
"Netherlands",2012,"Total_Primary_Value",16576723.548,"Raw Imports"
"Netherlands",2016,"Total_Primary_Value",25396710.593,"Raw Imports"
"Netherlands",2017,"Total_Primary_Value",35121312.11,"Raw Imports"
"Netherlands",2018,"Total_Primary_Value",35214824.795,"Raw Imports"
"Netherlands",2019,"Total_Primary_Value",38601470.488,"Raw Imports"
"Netherlands",2020,"Total_Primary_Value",40939683.732,"Raw Imports"
"Netherlands",2021,"Total_Primary_Value",45047098.475,"Raw Imports"
"Netherlands",2022,"Total_Primary_Value",53255123.804,"Raw Imports"
"Netherlands",2023,"Total_Primary_Value",52508174.604,"Raw Imports"
"Netherlands",2024,"Total_Primary_Value",41703292.22,"Raw Imports"
"Netherlands",2025,"Total_Primary_Value",31259847.877,"Raw Imports"
"New Zealand",2018,"Total_Primary_Value",5491092.899,"Raw Imports"
"New Zealand",2019,"Total_Primary_Value",5187253.806,"Raw Imports"
"Nigeria",2011,"Total_Primary_Value",2084718.443,"Raw Imports"
"Oman",2018,"Total_Primary_Value",3244244.184,"Raw Imports"
"Other Asia, nes",2010,"Total_Primary_Value",9437751.521,"Raw Imports"
"Other Asia, nes",2014,"Total_Primary_Value",6990009.811,"Raw Imports"
"Other Asia, nes",2015,"Total_Primary_Value",15103678.206,"Raw Imports"
"Other Asia, nes",2016,"Total_Primary_Value",52031308.704,"Raw Imports"
"Other Asia, nes",2017,"Total_Primary_Value",53628850.814,"Raw Imports"
"Other Asia, nes",2018,"Total_Primary_Value",15890939.241,"Raw Imports"
"Other Asia, nes",2019,"Total_Primary_Value",20776704.237,"Raw Imports"
"Other Asia, nes",2020,"Total_Primary_Value",14888341.247,"Raw Imports"
"Other Asia, nes",2021,"Total_Primary_Value",25812049.753,"Raw Imports"
"Other Asia, nes",2022,"Total_Primary_Value",17920741.751,"Raw Imports"
"Other Asia, nes",2023,"Total_Primary_Value",7751718.312,"Raw Imports"
"Other Asia, nes",2025,"Total_Primary_Value",11319460.259,"Raw Imports"
"Peru",2010,"Total_Primary_Value",15950793.7,"Raw Imports"
"Peru",2011,"Total_Primary_Value",12423979.09,"Raw Imports"
"Peru",2012,"Total_Primary_Value",17732201.03,"Raw Imports"
"Peru",2013,"Total_Primary_Value",27354786.92,"Raw Imports"
"Peru",2014,"Total_Primary_Value",24529073.67,"Raw Imports"
"Peru",2015,"Total_Primary_Value",20248775.75,"Raw Imports"
"Peru",2016,"Total_Primary_Value",36967399.26,"Raw Imports"
"Peru",2017,"Total_Primary_Value",27044949.53,"Raw Imports"
"Peru",2018,"Total_Primary_Value",50999369.2,"Raw Imports"
"Peru",2019,"Total_Primary_Value",35235320.16,"Raw Imports"
"Peru",2020,"Total_Primary_Value",11256440.25,"Raw Imports"
"Peru",2024,"Total_Primary_Value",39350048.553,"Raw Imports"
"Peru",2025,"Total_Primary_Value",19864457.504,"Raw Imports"
"Philippines",2010,"Total_Primary_Value",63575999,"Raw Imports"
"Philippines",2011,"Total_Primary_Value",59943374,"Raw Imports"
"Philippines",2012,"Total_Primary_Value",79172173,"Raw Imports"
"Philippines",2013,"Total_Primary_Value",89897837,"Raw Imports"
"Philippines",2014,"Total_Primary_Value",84240594,"Raw Imports"
"Philippines",2015,"Total_Primary_Value",171324987.17,"Raw Imports"
"Philippines",2016,"Total_Primary_Value",179329313,"Raw Imports"
"Philippines",2017,"Total_Primary_Value",206890228,"Raw Imports"
"Philippines",2018,"Total_Primary_Value",223282220.65,"Raw Imports"
"Philippines",2019,"Total_Primary_Value",279742026,"Raw Imports"
"Philippines",2020,"Total_Primary_Value",249892256,"Raw Imports"
"Philippines",2021,"Total_Primary_Value",258052196,"Raw Imports"
"Philippines",2022,"Total_Primary_Value",281350159,"Raw Imports"
"Philippines",2023,"Total_Primary_Value",271591653,"Raw Imports"
"Philippines",2024,"Total_Primary_Value",273942865,"Raw Imports"
"Philippines",2025,"Total_Primary_Value",214945737,"Raw Imports"
"Poland",2010,"Total_Primary_Value",3528258.008,"Raw Imports"
"Portugal",2010,"Total_Primary_Value",21556506.974,"Raw Imports"
"Portugal",2011,"Total_Primary_Value",27847590.06,"Raw Imports"
"Portugal",2012,"Total_Primary_Value",47118223.93,"Raw Imports"
"Portugal",2013,"Total_Primary_Value",61654648.748,"Raw Imports"
"Portugal",2014,"Total_Primary_Value",53261356.397,"Raw Imports"
"Portugal",2015,"Total_Primary_Value",48490117.545,"Raw Imports"
"Portugal",2016,"Total_Primary_Value",66464001.217,"Raw Imports"
"Portugal",2017,"Total_Primary_Value",85947341.804,"Raw Imports"
"Portugal",2018,"Total_Primary_Value",80243063.185,"Raw Imports"
"Portugal",2019,"Total_Primary_Value",65690984.451,"Raw Imports"
"Portugal",2020,"Total_Primary_Value",66911644.77,"Raw Imports"
"Portugal",2021,"Total_Primary_Value",79259805.618,"Raw Imports"
"Portugal",2022,"Total_Primary_Value",100642856.207,"Raw Imports"
"Portugal",2023,"Total_Primary_Value",103047345.178,"Raw Imports"
"Portugal",2024,"Total_Primary_Value",122897938.502,"Raw Imports"
"Portugal",2025,"Total_Primary_Value",139701618.595,"Raw Imports"
"Qatar",2013,"Total_Primary_Value",1324325.323,"Raw Imports"
"Rep. of Korea",2015,"Total_Primary_Value",127413378,"Raw Imports"
"Rep. of Korea",2016,"Total_Primary_Value",134796534,"Raw Imports"
"Rep. of Korea",2017,"Total_Primary_Value",181212507,"Raw Imports"
"Rep. of Korea",2018,"Total_Primary_Value",201979512,"Raw Imports"
"Rep. of Korea",2019,"Total_Primary_Value",178316075,"Raw Imports"
"Rep. of Korea",2020,"Total_Primary_Value",166256064,"Raw Imports"
"Rep. of Korea",2021,"Total_Primary_Value",181507165,"Raw Imports"
"Rep. of Korea",2022,"Total_Primary_Value",244806359,"Raw Imports"
"Rep. of Korea",2023,"Total_Primary_Value",273040468,"Raw Imports"
"Rep. of Korea",2024,"Total_Primary_Value",128042189,"Raw Imports"
"Russian Federation",2013,"Total_Primary_Value",14775782,"Raw Imports"
"Russian Federation",2015,"Total_Primary_Value",11956498,"Raw Imports"
"Russian Federation",2017,"Total_Primary_Value",14087555.26,"Raw Imports"
"Russian Federation",2018,"Total_Primary_Value",23123630.79,"Raw Imports"
"Russian Federation",2019,"Total_Primary_Value",40442416.33,"Raw Imports"
"Russian Federation",2020,"Total_Primary_Value",21904667.28,"Raw Imports"
"Russian Federation",2021,"Total_Primary_Value",38662416.28,"Raw Imports"
"Saudi Arabia",2021,"Total_Primary_Value",5667496.128,"Raw Imports"
"Saudi Arabia",2022,"Total_Primary_Value",20235880.821,"Raw Imports"
"Saudi Arabia",2023,"Total_Primary_Value",10068922.682,"Raw Imports"
"Saudi Arabia",2024,"Total_Primary_Value",13722313.792,"Raw Imports"
"Saudi Arabia",2025,"Total_Primary_Value",4365184.424,"Raw Imports"
"Senegal",2010,"Total_Primary_Value",4373454.745,"Raw Imports"
"Senegal",2011,"Total_Primary_Value",15676804.232,"Raw Imports"
"Senegal",2012,"Total_Primary_Value",13126044.72,"Raw Imports"
"Senegal",2013,"Total_Primary_Value",14166036.106,"Raw Imports"
"Senegal",2014,"Total_Primary_Value",11628129.852,"Raw Imports"
"Senegal",2015,"Total_Primary_Value",6959718.082,"Raw Imports"
"Senegal",2016,"Total_Primary_Value",10112777.656,"Raw Imports"
"Senegal",2017,"Total_Primary_Value",18660705.249,"Raw Imports"
"Senegal",2018,"Total_Primary_Value",21650248.576,"Raw Imports"
"Senegal",2019,"Total_Primary_Value",5976301.005,"Raw Imports"
"Senegal",2022,"Total_Primary_Value",2616130.143,"Raw Imports"
"Seychelles",2003,"Total_Primary_Value",164967761.089,"Raw Imports"
"Seychelles",2004,"Total_Primary_Value",221189817.031,"Raw Imports"
"Seychelles",2005,"Total_Primary_Value",210696922.294,"Raw Imports"
"Seychelles",2006,"Total_Primary_Value",281666568.056,"Raw Imports"
"Seychelles",2007,"Total_Primary_Value",299922714.224,"Raw Imports"
"Seychelles",2008,"Total_Primary_Value",195588746.989,"Raw Imports"
"Seychelles",2010,"Total_Primary_Value",282191094.738,"Raw Imports"
"Seychelles",2011,"Total_Primary_Value",436619872.966,"Raw Imports"
"Seychelles",2012,"Total_Primary_Value",434351368.41,"Raw Imports"
"Seychelles",2013,"Total_Primary_Value",405079300.69,"Raw Imports"
"Seychelles",2014,"Total_Primary_Value",377894408.3,"Raw Imports"
"Seychelles",2015,"Total_Primary_Value",77003965.761,"Raw Imports"
"Seychelles",2016,"Total_Primary_Value",107091886.941,"Raw Imports"
"Seychelles",2017,"Total_Primary_Value",158771567.986,"Raw Imports"
"Seychelles",2018,"Total_Primary_Value",157763907.821,"Raw Imports"
"Seychelles",2019,"Total_Primary_Value",102658176.381,"Raw Imports"
"Seychelles",2020,"Total_Primary_Value",131918071.22,"Raw Imports"
"Seychelles",2021,"Total_Primary_Value",123334500.494,"Raw Imports"
"Seychelles",2022,"Total_Primary_Value",138747048.289,"Raw Imports"
"Singapore",2011,"Total_Primary_Value",27251019,"Raw Imports"
"Singapore",2012,"Total_Primary_Value",39549251,"Raw Imports"
"Singapore",2013,"Total_Primary_Value",16439288.081,"Raw Imports"
"Singapore",2014,"Total_Primary_Value",16468049.652,"Raw Imports"
"Singapore",2015,"Total_Primary_Value",27037007.955,"Raw Imports"
"Singapore",2017,"Total_Primary_Value",13756064.757,"Raw Imports"
"Singapore",2018,"Total_Primary_Value",12581224.385,"Raw Imports"
"Singapore",2019,"Total_Primary_Value",15178801.127,"Raw Imports"
"Singapore",2020,"Total_Primary_Value",15936818.572,"Raw Imports"
"Singapore",2021,"Total_Primary_Value",14233083.789,"Raw Imports"
"Singapore",2022,"Total_Primary_Value",16702452.978,"Raw Imports"
"Singapore",2023,"Total_Primary_Value",19939134.188,"Raw Imports"
"Singapore",2024,"Total_Primary_Value",33561478.223,"Raw Imports"
"Singapore",2025,"Total_Primary_Value",7871222.251,"Raw Imports"
"Slovenia",2023,"Total_Primary_Value",11274328.822,"Raw Imports"
"Slovenia",2025,"Total_Primary_Value",10310371.566,"Raw Imports"
"Spain",2002,"Total_Primary_Value",267675826.458,"Raw Imports"
"Spain",2003,"Total_Primary_Value",200136298.471,"Raw Imports"
"Spain",2004,"Total_Primary_Value",207131281.158,"Raw Imports"
"Spain",2005,"Total_Primary_Value",262957792.685,"Raw Imports"
"Spain",2006,"Total_Primary_Value",250753139.398,"Raw Imports"
"Spain",2007,"Total_Primary_Value",349884960.476,"Raw Imports"
"Spain",2008,"Total_Primary_Value",368945202.161,"Raw Imports"
"Spain",2009,"Total_Primary_Value",306744563.978,"Raw Imports"
"Spain",2010,"Total_Primary_Value",318276457.837,"Raw Imports"
"Spain",2011,"Total_Primary_Value",456117728.544,"Raw Imports"
"Spain",2012,"Total_Primary_Value",504334943.76,"Raw Imports"
"Spain",2013,"Total_Primary_Value",517704804.511,"Raw Imports"
"Spain",2014,"Total_Primary_Value",459985525.433,"Raw Imports"
"Spain",2015,"Total_Primary_Value",388105862.536,"Raw Imports"
"Spain",2016,"Total_Primary_Value",481150009.565,"Raw Imports"
"Spain",2017,"Total_Primary_Value",555314726.695,"Raw Imports"
"Spain",2018,"Total_Primary_Value",550071381.463,"Raw Imports"
"Spain",2019,"Total_Primary_Value",496077314.111999,"Raw Imports"
"Spain",2020,"Total_Primary_Value",442080176.789,"Raw Imports"
"Spain",2021,"Total_Primary_Value",460971656.359,"Raw Imports"
"Spain",2022,"Total_Primary_Value",533127248.693,"Raw Imports"
"Spain",2023,"Total_Primary_Value",364696420.367,"Raw Imports"
"Spain",2024,"Total_Primary_Value",432932797.635,"Raw Imports"
"Spain",2025,"Total_Primary_Value",404947923.188,"Raw Imports"
"Thailand",2010,"Total_Primary_Value",33955547,"Raw Imports"
"Thailand",2011,"Total_Primary_Value",434355022,"Raw Imports"
"Thailand",2012,"Total_Primary_Value",1650448559,"Raw Imports"
"Thailand",2013,"Total_Primary_Value",1630243626,"Raw Imports"
"Thailand",2014,"Total_Primary_Value",1132520856.98,"Raw Imports"
"Thailand",2015,"Total_Primary_Value",899101482.35,"Raw Imports"
"Thailand",2016,"Total_Primary_Value",1171143345.2,"Raw Imports"
"Thailand",2017,"Total_Primary_Value",1333014398.54,"Raw Imports"
"Thailand",2018,"Total_Primary_Value",1350461619.11,"Raw Imports"
"Thailand",2019,"Total_Primary_Value",1008966581.256,"Raw Imports"
"Thailand",2020,"Total_Primary_Value",1301579214.837,"Raw Imports"
"Thailand",2021,"Total_Primary_Value",1087392199.704,"Raw Imports"
"Thailand",2022,"Total_Primary_Value",1303050923.118,"Raw Imports"
"Thailand",2023,"Total_Primary_Value",1320725110.236,"Raw Imports"
"Thailand",2024,"Total_Primary_Value",1353630128.505,"Raw Imports"
"Thailand",2025,"Total_Primary_Value",253750600.225,"Raw Imports"
"Togo",2012,"Total_Primary_Value",1550375.58,"Raw Imports"
"Tunisia",2014,"Total_Primary_Value",19552254.352,"Raw Imports"
"Tunisia",2021,"Total_Primary_Value",61457321.177,"Raw Imports"
"Tunisia",2022,"Total_Primary_Value",84103628.467,"Raw Imports"
"Türkiye",2000,"Total_Primary_Value",19682772,"Raw Imports"
"Türkiye",2001,"Total_Primary_Value",2330159,"Raw Imports"
"Türkiye",2002,"Total_Primary_Value",4708665,"Raw Imports"
"Türkiye",2003,"Total_Primary_Value",6337931,"Raw Imports"
"Türkiye",2004,"Total_Primary_Value",13470312,"Raw Imports"
"Türkiye",2005,"Total_Primary_Value",10511357,"Raw Imports"
"Türkiye",2006,"Total_Primary_Value",11621499,"Raw Imports"
"Türkiye",2007,"Total_Primary_Value",16090135,"Raw Imports"
"Türkiye",2008,"Total_Primary_Value",28147550,"Raw Imports"
"Türkiye",2009,"Total_Primary_Value",22533732,"Raw Imports"
"Türkiye",2010,"Total_Primary_Value",12421378,"Raw Imports"
"Türkiye",2011,"Total_Primary_Value",20380052,"Raw Imports"
"Türkiye",2012,"Total_Primary_Value",29815031,"Raw Imports"
"Türkiye",2013,"Total_Primary_Value",39099043,"Raw Imports"
"Türkiye",2014,"Total_Primary_Value",40869122,"Raw Imports"
"Türkiye",2015,"Total_Primary_Value",43728379,"Raw Imports"
"Türkiye",2016,"Total_Primary_Value",40275618,"Raw Imports"
"Türkiye",2017,"Total_Primary_Value",64818595,"Raw Imports"
"Türkiye",2018,"Total_Primary_Value",49604039,"Raw Imports"
"Türkiye",2019,"Total_Primary_Value",41573021,"Raw Imports"
"Türkiye",2020,"Total_Primary_Value",39311529,"Raw Imports"
"Türkiye",2021,"Total_Primary_Value",51845470,"Raw Imports"
"Türkiye",2022,"Total_Primary_Value",70813994,"Raw Imports"
"Türkiye",2023,"Total_Primary_Value",80205346,"Raw Imports"
"Türkiye",2024,"Total_Primary_Value",69583181,"Raw Imports"
"Türkiye",2025,"Total_Primary_Value",68884921,"Raw Imports"
"USA",2010,"Total_Primary_Value",253440352,"Raw Imports"
"USA",2016,"Total_Primary_Value",654459927,"Raw Imports"
"USA",2017,"Total_Primary_Value",687117749,"Raw Imports"
"USA",2018,"Total_Primary_Value",758063961,"Raw Imports"
"USA",2019,"Total_Primary_Value",838078438,"Raw Imports"
"USA",2020,"Total_Primary_Value",613443592,"Raw Imports"
"USA",2021,"Total_Primary_Value",798663003,"Raw Imports"
"USA",2022,"Total_Primary_Value",1176898360,"Raw Imports"
"USA",2023,"Total_Primary_Value",874009584,"Raw Imports"
"USA",2024,"Total_Primary_Value",908346579,"Raw Imports"
"USA",2025,"Total_Primary_Value",642958238,"Raw Imports"
"Ukraine",2023,"Total_Primary_Value",10009061.3,"Raw Imports"
"Ukraine",2024,"Total_Primary_Value",12584400.77,"Raw Imports"
"Ukraine",2025,"Total_Primary_Value",10506082.19,"Raw Imports"
"United Arab Emirates",2017,"Total_Primary_Value",9219239.803,"Raw Imports"
"United Arab Emirates",2018,"Total_Primary_Value",10987592.078,"Raw Imports"
"United Arab Emirates",2019,"Total_Primary_Value",26949889.346,"Raw Imports"
"United Kingdom",2013,"Total_Primary_Value",21352235.426,"Raw Imports"
"United Kingdom",2014,"Total_Primary_Value",30559035.843,"Raw Imports"
"United Kingdom",2015,"Total_Primary_Value",29271231.577,"Raw Imports"
"United Kingdom",2016,"Total_Primary_Value",42333255.958,"Raw Imports"
"United Kingdom",2017,"Total_Primary_Value",27148016.44,"Raw Imports"
"United Kingdom",2018,"Total_Primary_Value",25168616.684,"Raw Imports"
"United Kingdom",2019,"Total_Primary_Value",30114709.029,"Raw Imports"
"United Kingdom",2020,"Total_Primary_Value",22967819.745,"Raw Imports"
"United Kingdom",2021,"Total_Primary_Value",37808887.11,"Raw Imports"
"United Kingdom",2022,"Total_Primary_Value",40519992.281,"Raw Imports"
"United Kingdom",2023,"Total_Primary_Value",36640239.551,"Raw Imports"
"United Kingdom",2024,"Total_Primary_Value",41625011.003,"Raw Imports"
"United Kingdom",2025,"Total_Primary_Value",46936745.795,"Raw Imports"
"Viet Nam",2015,"Total_Primary_Value",166666116.033,"Raw Imports"
"Viet Nam",2016,"Total_Primary_Value",170157777.365,"Raw Imports"
"Viet Nam",2017,"Total_Primary_Value",183267788.05,"Raw Imports"
"Viet Nam",2018,"Total_Primary_Value",237942541.441,"Raw Imports"
"Viet Nam",2019,"Total_Primary_Value",282187735.287,"Raw Imports"
"Viet Nam",2020,"Total_Primary_Value",276552505.835,"Raw Imports"
"Viet Nam",2021,"Total_Primary_Value",302761547.555,"Raw Imports"
"Viet Nam",2022,"Total_Primary_Value",385804039.533,"Raw Imports"
"Viet Nam",2023,"Total_Primary_Value",328348485.257,"Raw Imports"
"Yemen",2012,"Total_Primary_Value",2993293.582,"Raw Imports"
"Yemen",2015,"Total_Primary_Value",8875272.954,"Raw Imports"
"Algeria",2010,"Average_Price",1.30378770057221,"Raw Imports"
"Algeria",2012,"Average_Price",1.79354359339183,"Raw Imports"
"Algeria",2013,"Average_Price",2.26180065438443,"Raw Imports"
"Algeria",2014,"Average_Price",3.2915694320921,"Raw Imports"
"Algeria",2015,"Average_Price",3.04394152594617,"Raw Imports"
"Algeria",2016,"Average_Price",2.29744252155981,"Raw Imports"
"Areas, nes",2008,"Average_Price",1.80970149206192,"Raw Imports"
"Areas, nes",2010,"Average_Price",1.56023424068464,"Raw Imports"
"Areas, nes",2016,"Average_Price",1.7870054668641,"Raw Imports"
"Areas, nes",2018,"Average_Price",1.15065848618395,"Raw Imports"
"Areas, nes",2019,"Average_Price",0.953400819576064,"Raw Imports"
"Areas, nes",2022,"Average_Price",1.4551508304922,"Raw Imports"
"Australia",2025,"Average_Price",9.45544638384526,"Raw Imports"
"Belgium",2013,"Average_Price",11.233505032052,"Raw Imports"
"Belgium",2022,"Average_Price",14.7725466852367,"Raw Imports"
"Belgium",2023,"Average_Price",13.2897725533195,"Raw Imports"
"Belgium",2024,"Average_Price",5.47971874903834,"Raw Imports"
"Belgium",2025,"Average_Price",13.8092326919117,"Raw Imports"
"Benin",2016,"Average_Price",0.666968044371827,"Raw Imports"
"Brazil",2003,"Average_Price",0.776354333146719,"Raw Imports"
"Brazil",2015,"Average_Price",1.2936074100663,"Raw Imports"
"Brazil",2016,"Average_Price",1.61957379947392,"Raw Imports"
"Brazil",2017,"Average_Price",2.27679676998164,"Raw Imports"
"Burkina Faso",2024,"Average_Price",0.342381533947254,"Raw Imports"
"Cameroon",2011,"Average_Price",1.21042455355878,"Raw Imports"
"Cameroon",2012,"Average_Price",1.2530338463176,"Raw Imports"
"Cameroon",2013,"Average_Price",0.972932947759911,"Raw Imports"
"Cameroon",2022,"Average_Price",0.98497587896785,"Raw Imports"
"Cameroon",2023,"Average_Price",1.16718890873879,"Raw Imports"
"Canada",2010,"Average_Price",5.06410810651878,"Raw Imports"
"Canada",2011,"Average_Price",5.47607765450306,"Raw Imports"
"Canada",2012,"Average_Price",5.39087863808004,"Raw Imports"
"Canada",2013,"Average_Price",6.56992640938145,"Raw Imports"
"Canada",2014,"Average_Price",6.42588002884994,"Raw Imports"
"Canada",2015,"Average_Price",7.35971654382609,"Raw Imports"
"Canada",2016,"Average_Price",6.74275526860093,"Raw Imports"
"Canada",2017,"Average_Price",6.81242767418898,"Raw Imports"
"Canada",2018,"Average_Price",6.96177268508497,"Raw Imports"
"Canada",2019,"Average_Price",7.61331256112631,"Raw Imports"
"Canada",2020,"Average_Price",7.1882394535884,"Raw Imports"
"Canada",2021,"Average_Price",7.55290131915373,"Raw Imports"
"Canada",2022,"Average_Price",8.96175549308732,"Raw Imports"
"Canada",2023,"Average_Price",10.3521490295125,"Raw Imports"
"Canada",2024,"Average_Price",8.930562688342,"Raw Imports"
"Canada",2025,"Average_Price",7.91072876980272,"Raw Imports"
"Chile",2025,"Average_Price",6.69704537942378,"Raw Imports"
"China",2010,"Average_Price",1.3468666627568,"Raw Imports"
"China",2011,"Average_Price",1.76205691439084,"Raw Imports"
"China",2012,"Average_Price",2.2224768238166,"Raw Imports"
"China",2015,"Average_Price",10.6001890471524,"Raw Imports"
"China",2016,"Average_Price",2.11983971104816,"Raw Imports"
"China",2017,"Average_Price",2.48861870620491,"Raw Imports"
"China",2018,"Average_Price",1.93889872818305,"Raw Imports"
"China",2019,"Average_Price",1.77950709921368,"Raw Imports"
"China",2020,"Average_Price",2.20850061351536,"Raw Imports"
"China",2021,"Average_Price",3.98697804704617,"Raw Imports"
"China",2022,"Average_Price",22.4519313379059,"Raw Imports"
"China",2023,"Average_Price",4.16575057857219,"Raw Imports"
"China",2024,"Average_Price",1.93027086879018,"Raw Imports"
"China",2025,"Average_Price",24.2641529043072,"Raw Imports"
"Colombia",2010,"Average_Price",2.37298353750548,"Raw Imports"
"Colombia",2014,"Average_Price",2.34624099497214,"Raw Imports"
"Colombia",2016,"Average_Price",2.11374643804271,"Raw Imports"
"Colombia",2017,"Average_Price",2.61931842035215,"Raw Imports"
"Colombia",2018,"Average_Price",1.83207073431446,"Raw Imports"
"Colombia",2019,"Average_Price",1.86949640083482,"Raw Imports"
"Colombia",2020,"Average_Price",1.91525094612338,"Raw Imports"
"Colombia",2021,"Average_Price",1.80333900103111,"Raw Imports"
"Colombia",2022,"Average_Price",2.25785916467649,"Raw Imports"
"Colombia",2023,"Average_Price",2.15048339176234,"Raw Imports"
"Colombia",2024,"Average_Price",1.93497845737769,"Raw Imports"
"Colombia",2025,"Average_Price",1.99112617990666,"Raw Imports"
"Costa Rica",2018,"Average_Price",2.15355760868333,"Raw Imports"
"Costa Rica",2020,"Average_Price",3.12270847256915,"Raw Imports"
"Croatia",2015,"Average_Price",0.266103875899063,"Raw Imports"
"Croatia",2023,"Average_Price",8.48906376636285,"Raw Imports"
"Croatia",2025,"Average_Price",8.79904158183015,"Raw Imports"
"Côte d'Ivoire",2008,"Average_Price",1.57357555665461,"Raw Imports"
"Côte d'Ivoire",2009,"Average_Price",1.07134499295431,"Raw Imports"
"Côte d'Ivoire",2010,"Average_Price",0.362792817785316,"Raw Imports"
"Côte d'Ivoire",2011,"Average_Price",0.431480341609378,"Raw Imports"
"Côte d'Ivoire",2012,"Average_Price",0.438640912082082,"Raw Imports"
"Côte d'Ivoire",2013,"Average_Price",0.519581680673771,"Raw Imports"
"Côte d'Ivoire",2014,"Average_Price",0.441531910553068,"Raw Imports"
"Côte d'Ivoire",2015,"Average_Price",0.430788295731089,"Raw Imports"
"Côte d'Ivoire",2016,"Average_Price",0.581311818943557,"Raw Imports"
"Côte d'Ivoire",2017,"Average_Price",0.575261911426715,"Raw Imports"
"Côte d'Ivoire",2018,"Average_Price",0.423759793481656,"Raw Imports"
"Côte d'Ivoire",2019,"Average_Price",0.692234475020272,"Raw Imports"
"Dem. Rep. of the Congo",2015,"Average_Price",1.04628578106363,"Raw Imports"
"Denmark",2021,"Average_Price",14.9148927180297,"Raw Imports"
"Denmark",2025,"Average_Price",11.8519792994867,"Raw Imports"
"Ecuador",2010,"Average_Price",1.43534958265295,"Raw Imports"
"Ecuador",2011,"Average_Price",1.6894019717236,"Raw Imports"
"Ecuador",2012,"Average_Price",2.052410906384,"Raw Imports"
"Ecuador",2013,"Average_Price",1.94787465127059,"Raw Imports"
"Ecuador",2014,"Average_Price",1.57435775925058,"Raw Imports"
"Ecuador",2015,"Average_Price",1.29041942924335,"Raw Imports"
"Ecuador",2016,"Average_Price",1.40159268897542,"Raw Imports"
"Ecuador",2017,"Average_Price",1.57024536925725,"Raw Imports"
"Ecuador",2018,"Average_Price",1.62732043426836,"Raw Imports"
"Ecuador",2019,"Average_Price",0.619547199391752,"Raw Imports"
"Ecuador",2020,"Average_Price",1.48657688374847,"Raw Imports"
"Ecuador",2021,"Average_Price",1.60070681956159,"Raw Imports"
"Ecuador",2022,"Average_Price",1.81030649184296,"Raw Imports"
"Ecuador",2024,"Average_Price",1.62922357839573,"Raw Imports"
"El Salvador",2004,"Average_Price",1.34505464666768,"Raw Imports"
"El Salvador",2005,"Average_Price",1.38707194877931,"Raw Imports"
"El Salvador",2006,"Average_Price",1.773061124408,"Raw Imports"
"El Salvador",2007,"Average_Price",1.84703406325541,"Raw Imports"
"El Salvador",2008,"Average_Price",2.11679257586973,"Raw Imports"
"El Salvador",2009,"Average_Price",1.87605415351719,"Raw Imports"
"El Salvador",2010,"Average_Price",1.60010291496751,"Raw Imports"
"El Salvador",2011,"Average_Price",1.97604069557148,"Raw Imports"
"El Salvador",2012,"Average_Price",2.49593129624739,"Raw Imports"
"El Salvador",2013,"Average_Price",2.539153590077,"Raw Imports"
"El Salvador",2014,"Average_Price",2.14775330999457,"Raw Imports"
"El Salvador",2015,"Average_Price",1.23488083992509,"Raw Imports"
"El Salvador",2016,"Average_Price",1.65126420936561,"Raw Imports"
"El Salvador",2017,"Average_Price",1.98883089613529,"Raw Imports"
"El Salvador",2018,"Average_Price",1.7039036489516,"Raw Imports"
"El Salvador",2019,"Average_Price",1.46140008660455,"Raw Imports"
"El Salvador",2020,"Average_Price",1.82436867235109,"Raw Imports"
"El Salvador",2021,"Average_Price",1.80326968415252,"Raw Imports"
"El Salvador",2022,"Average_Price",1.84708989726085,"Raw Imports"
"El Salvador",2023,"Average_Price",1.84415771040631,"Raw Imports"
"El Salvador",2024,"Average_Price",1.43496904725326,"Raw Imports"
"El Salvador",2025,"Average_Price",1.82839388562694,"Raw Imports"
"Fiji",2014,"Average_Price",1.79163551591401,"Raw Imports"
"Fiji",2015,"Average_Price",1.26354143863561,"Raw Imports"
"Fiji",2016,"Average_Price",2.36189748680907,"Raw Imports"
"Fiji",2017,"Average_Price",2.45177799320845,"Raw Imports"
"Fiji",2020,"Average_Price",3.42512684641324,"Raw Imports"
"Fiji",2022,"Average_Price",2.73292049990249,"Raw Imports"
"Fiji",2023,"Average_Price",3.2746766906204,"Raw Imports"
"France",2000,"Average_Price",2.52497577581239,"Raw Imports"
"France",2001,"Average_Price",2.56507109572064,"Raw Imports"
"France",2002,"Average_Price",2.77354797739161,"Raw Imports"
"France",2003,"Average_Price",2.94433155546287,"Raw Imports"
"France",2004,"Average_Price",3.72377895622725,"Raw Imports"
"France",2005,"Average_Price",3.56946681661351,"Raw Imports"
"France",2006,"Average_Price",3.52340829292612,"Raw Imports"
"France",2007,"Average_Price",4.5353289764051,"Raw Imports"
"France",2008,"Average_Price",4.89020366163916,"Raw Imports"
"France",2009,"Average_Price",4.64965198141011,"Raw Imports"
"France",2010,"Average_Price",5.20647700241453,"Raw Imports"
"France",2011,"Average_Price",5.11825171746677,"Raw Imports"
"France",2012,"Average_Price",5.37757490590715,"Raw Imports"
"France",2013,"Average_Price",6.52638015747406,"Raw Imports"
"France",2014,"Average_Price",6.41867864547925,"Raw Imports"
"France",2015,"Average_Price",6.24471684073725,"Raw Imports"
"France",2016,"Average_Price",6.9178692655755,"Raw Imports"
"France",2017,"Average_Price",6.98799576343637,"Raw Imports"
"France",2018,"Average_Price",8.32496396544638,"Raw Imports"
"France",2019,"Average_Price",7.48090494493111,"Raw Imports"
"France",2020,"Average_Price",7.21169425348846,"Raw Imports"
"France",2021,"Average_Price",8.17228056543028,"Raw Imports"
"France",2022,"Average_Price",9.29792901074841,"Raw Imports"
"France",2023,"Average_Price",8.54007714759906,"Raw Imports"
"France",2024,"Average_Price",8.63414678621947,"Raw Imports"
"Germany",2015,"Average_Price",9.33299359141109,"Raw Imports"
"Germany",2017,"Average_Price",7.88526991141628,"Raw Imports"
"Germany",2018,"Average_Price",9.08740687485564,"Raw Imports"
"Germany",2019,"Average_Price",10.6992753931773,"Raw Imports"
"Germany",2020,"Average_Price",7.51196758361725,"Raw Imports"
"Germany",2021,"Average_Price",10.1801664366544,"Raw Imports"
"Germany",2022,"Average_Price",13.9450093313425,"Raw Imports"
"Germany",2023,"Average_Price",13.1687730678052,"Raw Imports"
"Germany",2024,"Average_Price",11.768804770583,"Raw Imports"
"Germany",2025,"Average_Price",12.4938204725848,"Raw Imports"
"Ghana",2011,"Average_Price",0.819126753924437,"Raw Imports"
"Ghana",2013,"Average_Price",1.22174442536853,"Raw Imports"
"Ghana",2014,"Average_Price",0.982842436220951,"Raw Imports"
"Ghana",2015,"Average_Price",0.637715688910833,"Raw Imports"
"Ghana",2016,"Average_Price",0.87461669955727,"Raw Imports"
"Ghana",2020,"Average_Price",1.40383144024211,"Raw Imports"
"Ghana",2021,"Average_Price",1.37488696749359,"Raw Imports"
"Ghana",2022,"Average_Price",1.5299115947918,"Raw Imports"
"Ghana",2023,"Average_Price",1.72590170001462,"Raw Imports"
"Guatemala",2010,"Average_Price",3.81530528045377,"Raw Imports"
"Guatemala",2011,"Average_Price",1.52277970882291,"Raw Imports"
"Guatemala",2012,"Average_Price",2.743472048359,"Raw Imports"
"Guatemala",2017,"Average_Price",2.28785420582621,"Raw Imports"
"Guatemala",2019,"Average_Price",1.78009224605905,"Raw Imports"
"Guatemala",2020,"Average_Price",2.20644114759789,"Raw Imports"
"Guatemala",2021,"Average_Price",2.06085692738284,"Raw Imports"
"Guatemala",2022,"Average_Price",2.41982978834959,"Raw Imports"
"Guatemala",2023,"Average_Price",2.25026507466757,"Raw Imports"
"Guatemala",2024,"Average_Price",2.23717140125748,"Raw Imports"
"Guatemala",2025,"Average_Price",2.19959924354823,"Raw Imports"
"Indonesia",2013,"Average_Price",2.98562012052337,"Raw Imports"
"Indonesia",2014,"Average_Price",1.73920781226645,"Raw Imports"
"Indonesia",2015,"Average_Price",1.615264299589,"Raw Imports"
"Indonesia",2016,"Average_Price",1.73141634959626,"Raw Imports"
"Indonesia",2017,"Average_Price",1.67330939054657,"Raw Imports"
"Indonesia",2018,"Average_Price",1.84946360177274,"Raw Imports"
"Indonesia",2019,"Average_Price",1.69320167602629,"Raw Imports"
"Indonesia",2020,"Average_Price",1.5139891468884,"Raw Imports"
"Indonesia",2021,"Average_Price",1.61450038863932,"Raw Imports"
"Indonesia",2022,"Average_Price",2.0258616778551,"Raw Imports"
"Indonesia",2023,"Average_Price",2.60622176715985,"Raw Imports"
"Indonesia",2024,"Average_Price",2.16350362254599,"Raw Imports"
"Iran",2010,"Average_Price",0.777499864328856,"Raw Imports"
"Ireland",2001,"Average_Price",1.14800562186797,"Raw Imports"
"Israel",2017,"Average_Price",8.2630401178701,"Raw Imports"
"Israel",2018,"Average_Price",10.3097498227149,"Raw Imports"
"Israel",2019,"Average_Price",8.60809615668065,"Raw Imports"
"Israel",2020,"Average_Price",9.94656967305141,"Raw Imports"
"Israel",2021,"Average_Price",11.0429340082972,"Raw Imports"
"Israel",2022,"Average_Price",12.204380294169,"Raw Imports"
"Israel",2023,"Average_Price",12.3349552319491,"Raw Imports"
"Israel",2024,"Average_Price",12.2688378223317,"Raw Imports"
"Israel",2025,"Average_Price",11.8267527853779,"Raw Imports"
"Italy",2000,"Average_Price",1.06510184918292,"Raw Imports"
"Italy",2001,"Average_Price",1.23678275772623,"Raw Imports"
"Italy",2002,"Average_Price",1.42114889718917,"Raw Imports"
"Italy",2003,"Average_Price",1.88072542113334,"Raw Imports"
"Italy",2004,"Average_Price",1.6682251527752,"Raw Imports"
"Italy",2005,"Average_Price",2.17812885941769,"Raw Imports"
"Italy",2006,"Average_Price",2.68073610618222,"Raw Imports"
"Italy",2007,"Average_Price",3.18149038596175,"Raw Imports"
"Italy",2008,"Average_Price",3.78733821569225,"Raw Imports"
"Italy",2009,"Average_Price",2.97126605588302,"Raw Imports"
"Italy",2010,"Average_Price",3.27453922790584,"Raw Imports"
"Italy",2011,"Average_Price",4.34921641771249,"Raw Imports"
"Italy",2012,"Average_Price",4.39201680768257,"Raw Imports"
"Italy",2013,"Average_Price",4.87764805411175,"Raw Imports"
"Italy",2014,"Average_Price",4.56828350293036,"Raw Imports"
"Italy",2015,"Average_Price",3.94653075965242,"Raw Imports"
"Italy",2016,"Average_Price",4.26126439325141,"Raw Imports"
"Italy",2017,"Average_Price",5.00329013821435,"Raw Imports"
"Italy",2018,"Average_Price",5.15082128886778,"Raw Imports"
"Italy",2019,"Average_Price",4.94530028192082,"Raw Imports"
"Italy",2020,"Average_Price",4.69248149868743,"Raw Imports"
"Italy",2021,"Average_Price",5.37889752560859,"Raw Imports"
"Italy",2022,"Average_Price",6.00872669501441,"Raw Imports"
"Italy",2023,"Average_Price",7.013738138247,"Raw Imports"
"Italy",2024,"Average_Price",6.46582295887546,"Raw Imports"
"Italy",2025,"Average_Price",6.21138671474332,"Raw Imports"
"Japan",2010,"Average_Price",5.94927710807069,"Raw Imports"
"Japan",2011,"Average_Price",7.66547802025188,"Raw Imports"
"Japan",2012,"Average_Price",9.42522843137943,"Raw Imports"
"Japan",2013,"Average_Price",8.01282940001243,"Raw Imports"
"Japan",2014,"Average_Price",7.70130583109519,"Raw Imports"
"Japan",2015,"Average_Price",6.74959199580304,"Raw Imports"
"Japan",2016,"Average_Price",7.28140637380637,"Raw Imports"
"Japan",2017,"Average_Price",7.39268080557274,"Raw Imports"
"Japan",2018,"Average_Price",8.19465279553494,"Raw Imports"
"Japan",2019,"Average_Price",7.95280384544089,"Raw Imports"
"Japan",2020,"Average_Price",7.12246531275305,"Raw Imports"
"Japan",2021,"Average_Price",8.51394545302633,"Raw Imports"
"Japan",2022,"Average_Price",8.72900139451817,"Raw Imports"
"Japan",2023,"Average_Price",7.58962970551817,"Raw Imports"
"Japan",2024,"Average_Price",5.97716628948604,"Raw Imports"
"Japan",2025,"Average_Price",6.68649082493017,"Raw Imports"
"Kenya",2011,"Average_Price",0.64943113942506,"Raw Imports"
"Luxembourg",2013,"Average_Price",0.0976240865932156,"Raw Imports"
"Madagascar",2003,"Average_Price",0.766978273535241,"Raw Imports"
"Madagascar",2004,"Average_Price",0.94178360905703,"Raw Imports"
"Madagascar",2005,"Average_Price",0.850826544580827,"Raw Imports"
"Madagascar",2006,"Average_Price",1.02714378953566,"Raw Imports"
"Madagascar",2007,"Average_Price",2.57391449390561,"Raw Imports"
"Madagascar",2008,"Average_Price",1.70528449859345,"Raw Imports"
"Madagascar",2009,"Average_Price",1.17451407577359,"Raw Imports"
"Madagascar",2010,"Average_Price",1.46063478313778,"Raw Imports"
"Madagascar",2011,"Average_Price",1.9012706198699,"Raw Imports"
"Madagascar",2012,"Average_Price",2.28952524165445,"Raw Imports"
"Madagascar",2013,"Average_Price",2.36991571757042,"Raw Imports"
"Madagascar",2014,"Average_Price",1.54375718430917,"Raw Imports"
"Madagascar",2015,"Average_Price",1.27603350878616,"Raw Imports"
"Madagascar",2016,"Average_Price",1.36245648940027,"Raw Imports"
"Madagascar",2017,"Average_Price",1.92305550271501,"Raw Imports"
"Madagascar",2018,"Average_Price",1.75799418537484,"Raw Imports"
"Madagascar",2019,"Average_Price",1.27936771536445,"Raw Imports"
"Madagascar",2020,"Average_Price",1.4101462177939,"Raw Imports"
"Madagascar",2021,"Average_Price",1.42871045046317,"Raw Imports"
"Madagascar",2022,"Average_Price",1.56130513388276,"Raw Imports"
"Madagascar",2023,"Average_Price",1.69754901265157,"Raw Imports"
"Malaysia",2010,"Average_Price",3.54815882779757,"Raw Imports"
"Malaysia",2011,"Average_Price",1.91596666755185,"Raw Imports"
"Malaysia",2012,"Average_Price",2.5745628067266,"Raw Imports"
"Malaysia",2013,"Average_Price",2.80464404818094,"Raw Imports"
"Malaysia",2014,"Average_Price",3.21173096192552,"Raw Imports"
"Malaysia",2015,"Average_Price",2.27376050294588,"Raw Imports"
"Malaysia",2017,"Average_Price",2.18624974766025,"Raw Imports"
"Malaysia",2019,"Average_Price",2.56547984964459,"Raw Imports"
"Malaysia",2020,"Average_Price",2.86740370880272,"Raw Imports"
"Malaysia",2021,"Average_Price",2.53513415017446,"Raw Imports"
"Malaysia",2022,"Average_Price",2.90922490919091,"Raw Imports"
"Malaysia",2023,"Average_Price",4.33587088968195,"Raw Imports"
"Malaysia",2024,"Average_Price",3.55026924842133,"Raw Imports"
"Malaysia",2025,"Average_Price",3.63000026781826,"Raw Imports"
"Malta",2012,"Average_Price",18.4545527670528,"Raw Imports"
"Malta",2014,"Average_Price",15.0652242153365,"Raw Imports"
"Malta",2016,"Average_Price",12.5150709149538,"Raw Imports"
"Malta",2017,"Average_Price",12.947372504098,"Raw Imports"
"Malta",2019,"Average_Price",10.8240374969192,"Raw Imports"
"Malta",2020,"Average_Price",4.26947387045074,"Raw Imports"
"Malta",2021,"Average_Price",7.0527239850913,"Raw Imports"
"Malta",2022,"Average_Price",13.2042758552205,"Raw Imports"
"Malta",2023,"Average_Price",13.1934635747869,"Raw Imports"
"Malta",2024,"Average_Price",4.70363634821756,"Raw Imports"
"Mauritius",2010,"Average_Price",1.49120615623282,"Raw Imports"
"Mauritius",2011,"Average_Price",1.95175398895998,"Raw Imports"
"Mauritius",2012,"Average_Price",2.39384747113285,"Raw Imports"
"Mauritius",2013,"Average_Price",2.35566963428392,"Raw Imports"
"Mauritius",2014,"Average_Price",1.80494204736931,"Raw Imports"
"Mauritius",2015,"Average_Price",1.43420379095949,"Raw Imports"
"Mauritius",2016,"Average_Price",1.66723909567186,"Raw Imports"
"Mauritius",2017,"Average_Price",2.05585023949733,"Raw Imports"
"Mauritius",2018,"Average_Price",1.77287585117491,"Raw Imports"
"Mauritius",2019,"Average_Price",1.49639904016674,"Raw Imports"
"Mauritius",2020,"Average_Price",1.55207150672351,"Raw Imports"
"Mauritius",2021,"Average_Price",1.57531914654298,"Raw Imports"
"Mauritius",2022,"Average_Price",1.65640116700532,"Raw Imports"
"Mauritius",2023,"Average_Price",1.9056425315734,"Raw Imports"
"Mauritius",2024,"Average_Price",1.68166260837548,"Raw Imports"
"Mauritius",2025,"Average_Price",1.75330961847311,"Raw Imports"
"Mexico",2010,"Average_Price",1.30570761324975,"Raw Imports"
"Mexico",2011,"Average_Price",1.67984616159404,"Raw Imports"
"Mexico",2012,"Average_Price",2.35452305090413,"Raw Imports"
"Mexico",2013,"Average_Price",2.43714892255562,"Raw Imports"
"Mexico",2024,"Average_Price",5.66972771116334,"Raw Imports"
"Mexico",2025,"Average_Price",5.50343591251098,"Raw Imports"
"Minnows",2000,"Average_Price",1.59550026574344,"Raw Imports"
"Minnows",2001,"Average_Price",2.25005377046174,"Raw Imports"
"Minnows",2002,"Average_Price",2.64544623516473,"Raw Imports"
"Minnows",2003,"Average_Price",1.51956736651403,"Raw Imports"
"Minnows",2004,"Average_Price",1.312335654234,"Raw Imports"
"Minnows",2005,"Average_Price",1.39549510245932,"Raw Imports"
"Minnows",2006,"Average_Price",1.44693379488511,"Raw Imports"
"Minnows",2007,"Average_Price",2.04883519725957,"Raw Imports"
"Minnows",2008,"Average_Price",4.15733332047142,"Raw Imports"
"Minnows",2009,"Average_Price",2.64846960239414,"Raw Imports"
"Minnows",2010,"Average_Price",9.53053095108218,"Raw Imports"
"Minnows",2011,"Average_Price",24.2554417562495,"Raw Imports"
"Minnows",2012,"Average_Price",41.3650486130767,"Raw Imports"
"Minnows",2013,"Average_Price",41.6256135061776,"Raw Imports"
"Minnows",2014,"Average_Price",35.4388008579063,"Raw Imports"
"Minnows",2015,"Average_Price",37.2024977946064,"Raw Imports"
"Minnows",2016,"Average_Price",6.99097130184092,"Raw Imports"
"Minnows",2017,"Average_Price",6.41401849878952,"Raw Imports"
"Minnows",2018,"Average_Price",6.54697147981742,"Raw Imports"
"Minnows",2019,"Average_Price",6.52998527094055,"Raw Imports"
"Minnows",2020,"Average_Price",6.09829456342555,"Raw Imports"
"Minnows",2021,"Average_Price",7.8184579962075,"Raw Imports"
"Minnows",2022,"Average_Price",9.1955715386196,"Raw Imports"
"Minnows",2023,"Average_Price",8.27479213059819,"Raw Imports"
"Minnows",2024,"Average_Price",7.96277886653506,"Raw Imports"
"Minnows",2025,"Average_Price",9.15674983064812,"Raw Imports"
"Missing Imports",2000,"Average_Price",0.772658644339764,"Raw Imports"
"Missing Imports",2001,"Average_Price",0.938882242081222,"Raw Imports"
"Missing Imports",2002,"Average_Price",2.79141032799586,"Raw Imports"
"Missing Imports",2003,"Average_Price",NA,"Raw Imports"
"Missing Imports",2004,"Average_Price",0.543283081399252,"Raw Imports"
"Missing Imports",2005,"Average_Price",NA,"Raw Imports"
"Missing Imports",2006,"Average_Price",NA,"Raw Imports"
"Missing Imports",2008,"Average_Price",0.696468020694034,"Raw Imports"
"Missing Imports",2009,"Average_Price",4.81716363817393,"Raw Imports"
"Morocco",2001,"Average_Price",1.04773504142608,"Raw Imports"
"Morocco",2015,"Average_Price",1.68247019195089,"Raw Imports"
"Morocco",2018,"Average_Price",1.83289083242881,"Raw Imports"
"Morocco",2019,"Average_Price",1.54381001871997,"Raw Imports"
"Morocco",2020,"Average_Price",1.48204443666425,"Raw Imports"
"Morocco",2021,"Average_Price",1.65700818742838,"Raw Imports"
"Morocco",2022,"Average_Price",1.77810357105402,"Raw Imports"
"Morocco",2023,"Average_Price",2.06748406094621,"Raw Imports"
"Morocco",2024,"Average_Price",2.00792950511346,"Raw Imports"
"Morocco",2025,"Average_Price",1.83897422390623,"Raw Imports"
"Netherlands",2012,"Average_Price",8.28123432678641,"Raw Imports"
"Netherlands",2016,"Average_Price",7.51916018114045,"Raw Imports"
"Netherlands",2017,"Average_Price",7.57414157536608,"Raw Imports"
"Netherlands",2018,"Average_Price",8.2368533865652,"Raw Imports"
"Netherlands",2019,"Average_Price",9.34294084654707,"Raw Imports"
"Netherlands",2020,"Average_Price",9.12362410317692,"Raw Imports"
"Netherlands",2021,"Average_Price",10.9140850214983,"Raw Imports"
"Netherlands",2022,"Average_Price",12.4061710463664,"Raw Imports"
"Netherlands",2023,"Average_Price",14.0276640676738,"Raw Imports"
"Netherlands",2024,"Average_Price",11.5533960960435,"Raw Imports"
"Netherlands",2025,"Average_Price",12.0121237690958,"Raw Imports"
"New Zealand",2018,"Average_Price",2.42825380903484,"Raw Imports"
"New Zealand",2019,"Average_Price",2.32501970186342,"Raw Imports"
"Nigeria",2011,"Average_Price",0.962178483060372,"Raw Imports"
"Oman",2018,"Average_Price",0.805454878680663,"Raw Imports"
"Other Asia, nes",2010,"Average_Price",4.52923870975705,"Raw Imports"
"Other Asia, nes",2014,"Average_Price",2.57005497152354,"Raw Imports"
"Other Asia, nes",2015,"Average_Price",1.86185229935054,"Raw Imports"
"Other Asia, nes",2016,"Average_Price",2.18992370891441,"Raw Imports"
"Other Asia, nes",2017,"Average_Price",2.95828677980261,"Raw Imports"
"Other Asia, nes",2018,"Average_Price",3.15689862297141,"Raw Imports"
"Other Asia, nes",2019,"Average_Price",3.26117899233578,"Raw Imports"
"Other Asia, nes",2020,"Average_Price",3.08387853221579,"Raw Imports"
"Other Asia, nes",2021,"Average_Price",5.53152050801832,"Raw Imports"
"Other Asia, nes",2022,"Average_Price",6.88423238277208,"Raw Imports"
"Other Asia, nes",2023,"Average_Price",4.29209121005102,"Raw Imports"
"Other Asia, nes",2025,"Average_Price",2.53181231701172,"Raw Imports"
"Peru",2010,"Average_Price",1.32088724787042,"Raw Imports"
"Peru",2011,"Average_Price",1.52343233487753,"Raw Imports"
"Peru",2012,"Average_Price",1.99491195105012,"Raw Imports"
"Peru",2013,"Average_Price",2.1643333814591,"Raw Imports"
"Peru",2014,"Average_Price",1.49933309828632,"Raw Imports"
"Peru",2015,"Average_Price",1.08956617998454,"Raw Imports"
"Peru",2016,"Average_Price",1.20238923867354,"Raw Imports"
"Peru",2017,"Average_Price",1.63211001123937,"Raw Imports"
"Peru",2018,"Average_Price",1.68094361484072,"Raw Imports"
"Peru",2019,"Average_Price",1.45179230675173,"Raw Imports"
"Peru",2020,"Average_Price",1.14944554798429,"Raw Imports"
"Peru",2024,"Average_Price",1.45415888975137,"Raw Imports"
"Peru",2025,"Average_Price",1.75884270956831,"Raw Imports"
"Philippines",2010,"Average_Price",1.15284927275258,"Raw Imports"
"Philippines",2011,"Average_Price",1.14636258340853,"Raw Imports"
"Philippines",2012,"Average_Price",1.40293188946419,"Raw Imports"
"Philippines",2013,"Average_Price",1.39293943074727,"Raw Imports"
"Philippines",2014,"Average_Price",0.964621951345586,"Raw Imports"
"Philippines",2015,"Average_Price",1.25828762407008,"Raw Imports"
"Philippines",2016,"Average_Price",0.245409352736575,"Raw Imports"
"Philippines",2017,"Average_Price",1.57337861765856,"Raw Imports"
"Philippines",2018,"Average_Price",1.54219422259915,"Raw Imports"
"Philippines",2019,"Average_Price",1.73618613348001,"Raw Imports"
"Philippines",2020,"Average_Price",1.55879379859763,"Raw Imports"
"Philippines",2021,"Average_Price",1.74416982863201,"Raw Imports"
"Philippines",2022,"Average_Price",1.91307657322137,"Raw Imports"
"Philippines",2023,"Average_Price",2.23476077702639,"Raw Imports"
"Philippines",2024,"Average_Price",1.712974496913,"Raw Imports"
"Philippines",2025,"Average_Price",1.80966770225399,"Raw Imports"
"Poland",2010,"Average_Price",2.67049501059643,"Raw Imports"
"Portugal",2010,"Average_Price",1.55807085167068,"Raw Imports"
"Portugal",2011,"Average_Price",2.0841204389081,"Raw Imports"
"Portugal",2012,"Average_Price",3.25156457631904,"Raw Imports"
"Portugal",2013,"Average_Price",2.78049512027204,"Raw Imports"
"Portugal",2014,"Average_Price",2.35280641428667,"Raw Imports"
"Portugal",2015,"Average_Price",2.18262428876396,"Raw Imports"
"Portugal",2016,"Average_Price",2.39419601468757,"Raw Imports"
"Portugal",2017,"Average_Price",2.75274942527572,"Raw Imports"
"Portugal",2018,"Average_Price",3.01359884082275,"Raw Imports"
"Portugal",2019,"Average_Price",2.68847769251774,"Raw Imports"
"Portugal",2020,"Average_Price",2.59926683791909,"Raw Imports"
"Portugal",2021,"Average_Price",2.80242071863839,"Raw Imports"
"Portugal",2022,"Average_Price",3.61815067831688,"Raw Imports"
"Portugal",2023,"Average_Price",3.70230831514983,"Raw Imports"
"Portugal",2024,"Average_Price",3.57831660125381,"Raw Imports"
"Portugal",2025,"Average_Price",3.8983183362236,"Raw Imports"
"Qatar",2013,"Average_Price",0.637676244435607,"Raw Imports"
"Rep. of Korea",2015,"Average_Price",8.82273992095683,"Raw Imports"
"Rep. of Korea",2016,"Average_Price",10.4815584903164,"Raw Imports"
"Rep. of Korea",2017,"Average_Price",10.8981447996735,"Raw Imports"
"Rep. of Korea",2018,"Average_Price",11.8791319668515,"Raw Imports"
"Rep. of Korea",2019,"Average_Price",13.7975112178955,"Raw Imports"
"Rep. of Korea",2020,"Average_Price",13.3944292534106,"Raw Imports"
"Rep. of Korea",2021,"Average_Price",13.683571134963,"Raw Imports"
"Rep. of Korea",2022,"Average_Price",16.0769961676498,"Raw Imports"
"Rep. of Korea",2023,"Average_Price",21.6225956649694,"Raw Imports"
"Rep. of Korea",2024,"Average_Price",12.1376064785069,"Raw Imports"
"Russian Federation",2013,"Average_Price",8.039679909808,"Raw Imports"
"Russian Federation",2015,"Average_Price",6.11830307570599,"Raw Imports"
"Russian Federation",2017,"Average_Price",5.25529314126521,"Raw Imports"
"Russian Federation",2018,"Average_Price",6.67482560700504,"Raw Imports"
"Russian Federation",2019,"Average_Price",6.61856986360042,"Raw Imports"
"Russian Federation",2020,"Average_Price",5.64692047661516,"Raw Imports"
"Russian Federation",2021,"Average_Price",6.47228582802409,"Raw Imports"
"Saudi Arabia",2021,"Average_Price",2.30907910888023,"Raw Imports"
"Saudi Arabia",2022,"Average_Price",2.7964777689349,"Raw Imports"
"Saudi Arabia",2023,"Average_Price",2.19660248977827,"Raw Imports"
"Saudi Arabia",2024,"Average_Price",2.64574116019325,"Raw Imports"
"Saudi Arabia",2025,"Average_Price",2.12782207187006,"Raw Imports"
"Senegal",2010,"Average_Price",0.791643149423806,"Raw Imports"
"Senegal",2011,"Average_Price",1.19934529266204,"Raw Imports"
"Senegal",2012,"Average_Price",1.75469448287755,"Raw Imports"
"Senegal",2013,"Average_Price",2.01742622670196,"Raw Imports"
"Senegal",2014,"Average_Price",1.65135167078198,"Raw Imports"
"Senegal",2015,"Average_Price",1.16496839677619,"Raw Imports"
"Senegal",2016,"Average_Price",1.45438493193593,"Raw Imports"
"Senegal",2017,"Average_Price",1.81988103430873,"Raw Imports"
"Senegal",2018,"Average_Price",1.91423025759408,"Raw Imports"
"Senegal",2019,"Average_Price",1.64236838836429,"Raw Imports"
"Senegal",2022,"Average_Price",1.30480046074721,"Raw Imports"
"Seychelles",2003,"Average_Price",2.29121890401389,"Raw Imports"
"Seychelles",2004,"Average_Price",2.71194001676355,"Raw Imports"
"Seychelles",2005,"Average_Price",3.0303887359317,"Raw Imports"
"Seychelles",2006,"Average_Price",5.86448728201511,"Raw Imports"
"Seychelles",2007,"Average_Price",1.41858190307133,"Raw Imports"
"Seychelles",2008,"Average_Price",5.52403148700157,"Raw Imports"
"Seychelles",2010,"Average_Price",4.04852394778203,"Raw Imports"
"Seychelles",2011,"Average_Price",6.27009124396049,"Raw Imports"
"Seychelles",2012,"Average_Price",6.91522847355081,"Raw Imports"
"Seychelles",2013,"Average_Price",7.22771711014398,"Raw Imports"
"Seychelles",2014,"Average_Price",5.64260656555322,"Raw Imports"
"Seychelles",2015,"Average_Price",1.42014465235363,"Raw Imports"
"Seychelles",2016,"Average_Price",1.56953253163486,"Raw Imports"
"Seychelles",2017,"Average_Price",2.07039176539287,"Raw Imports"
"Seychelles",2018,"Average_Price",2.01245734375199,"Raw Imports"
"Seychelles",2019,"Average_Price",1.6070198682027,"Raw Imports"
"Seychelles",2020,"Average_Price",1.72123256867856,"Raw Imports"
"Seychelles",2021,"Average_Price",1.70984618484167,"Raw Imports"
"Seychelles",2022,"Average_Price",2.01433060868606,"Raw Imports"
"Singapore",2011,"Average_Price",4.09619136089178,"Raw Imports"
"Singapore",2012,"Average_Price",5.74788624928423,"Raw Imports"
"Singapore",2013,"Average_Price",5.05919205789394,"Raw Imports"
"Singapore",2014,"Average_Price",5.27512697744592,"Raw Imports"
"Singapore",2015,"Average_Price",4.36313708689639,"Raw Imports"
"Singapore",2017,"Average_Price",5.47869220597225,"Raw Imports"
"Singapore",2018,"Average_Price",5.76913833073147,"Raw Imports"
"Singapore",2019,"Average_Price",4.27233469153596,"Raw Imports"
"Singapore",2020,"Average_Price",3.7141361641935,"Raw Imports"
"Singapore",2021,"Average_Price",6.90459392577472,"Raw Imports"
"Singapore",2022,"Average_Price",8.10259783683639,"Raw Imports"
"Singapore",2023,"Average_Price",5.31937997742395,"Raw Imports"
"Singapore",2024,"Average_Price",4.18048478090404,"Raw Imports"
"Singapore",2025,"Average_Price",4.03163309949084,"Raw Imports"
"Slovenia",2023,"Average_Price",8.93048782862487,"Raw Imports"
"Slovenia",2025,"Average_Price",9.14738813428279,"Raw Imports"
"Spain",2002,"Average_Price",1.29828749285861,"Raw Imports"
"Spain",2003,"Average_Price",1.30311341437665,"Raw Imports"
"Spain",2004,"Average_Price",1.6091162313945,"Raw Imports"
"Spain",2005,"Average_Price",1.6506910703871,"Raw Imports"
"Spain",2006,"Average_Price",1.74979934056917,"Raw Imports"
"Spain",2007,"Average_Price",2.20880287838878,"Raw Imports"
"Spain",2008,"Average_Price",2.49475129745712,"Raw Imports"
"Spain",2009,"Average_Price",2.05949387807799,"Raw Imports"
"Spain",2010,"Average_Price",2.1009480120252,"Raw Imports"
"Spain",2011,"Average_Price",2.63220321482348,"Raw Imports"
"Spain",2012,"Average_Price",2.99667293156216,"Raw Imports"
"Spain",2013,"Average_Price",3.09025008076331,"Raw Imports"
"Spain",2014,"Average_Price",2.53927496091357,"Raw Imports"
"Spain",2015,"Average_Price",2.14717679097367,"Raw Imports"
"Spain",2016,"Average_Price",2.30449062620343,"Raw Imports"
"Spain",2017,"Average_Price",2.72758745480398,"Raw Imports"
"Spain",2018,"Average_Price",2.77052774192353,"Raw Imports"
"Spain",2019,"Average_Price",2.53905335116423,"Raw Imports"
"Spain",2020,"Average_Price",2.52121795204874,"Raw Imports"
"Spain",2021,"Average_Price",2.89921175542507,"Raw Imports"
"Spain",2022,"Average_Price",3.72153933792705,"Raw Imports"
"Spain",2023,"Average_Price",3.59836016623432,"Raw Imports"
"Spain",2024,"Average_Price",3.11846476156244,"Raw Imports"
"Spain",2025,"Average_Price",3.6335591370334,"Raw Imports"
"Thailand",2010,"Average_Price",1.90119824231441,"Raw Imports"
"Thailand",2011,"Average_Price",2.17107358184886,"Raw Imports"
"Thailand",2012,"Average_Price",2.26382273889679,"Raw Imports"
"Thailand",2013,"Average_Price",2.14009779076759,"Raw Imports"
"Thailand",2014,"Average_Price",1.61708531470053,"Raw Imports"
"Thailand",2015,"Average_Price",1.33845186845102,"Raw Imports"
"Thailand",2016,"Average_Price",1.53568955287113,"Raw Imports"
"Thailand",2017,"Average_Price",1.87071627674056,"Raw Imports"
"Thailand",2018,"Average_Price",1.58546933305223,"Raw Imports"
"Thailand",2019,"Average_Price",1.67448855777362,"Raw Imports"
"Thailand",2020,"Average_Price",1.54748478539572,"Raw Imports"
"Thailand",2021,"Average_Price",1.55958472350247,"Raw Imports"
"Thailand",2022,"Average_Price",1.78573989793759,"Raw Imports"
"Thailand",2023,"Average_Price",1.97468932964712,"Raw Imports"
"Thailand",2024,"Average_Price",1.63337486751116,"Raw Imports"
"Thailand",2025,"Average_Price",1.72562157081977,"Raw Imports"
"Togo",2012,"Average_Price",0.591746404580153,"Raw Imports"
"Tunisia",2014,"Average_Price",1.48954201917319,"Raw Imports"
"Tunisia",2021,"Average_Price",1.41024148367818,"Raw Imports"
"Tunisia",2022,"Average_Price",1.71457910309772,"Raw Imports"
"Türkiye",2000,"Average_Price",0.734869641732806,"Raw Imports"
"Türkiye",2001,"Average_Price",0.882124085568526,"Raw Imports"
"Türkiye",2002,"Average_Price",0.877473836039179,"Raw Imports"
"Türkiye",2003,"Average_Price",0.863052925683226,"Raw Imports"
"Türkiye",2004,"Average_Price",1.2024820368342,"Raw Imports"
"Türkiye",2005,"Average_Price",1.14044101268938,"Raw Imports"
"Türkiye",2006,"Average_Price",1.25364370065426,"Raw Imports"
"Türkiye",2007,"Average_Price",1.50873922125517,"Raw Imports"
"Türkiye",2008,"Average_Price",2.8197016025213,"Raw Imports"
"Türkiye",2009,"Average_Price",1.72761251216048,"Raw Imports"
"Türkiye",2010,"Average_Price",1.5825957730524,"Raw Imports"
"Türkiye",2011,"Average_Price",2.2433189059016,"Raw Imports"
"Türkiye",2012,"Average_Price",3.01120897768577,"Raw Imports"
"Türkiye",2013,"Average_Price",2.97666617257367,"Raw Imports"
"Türkiye",2014,"Average_Price",2.28532699638673,"Raw Imports"
"Türkiye",2015,"Average_Price",2.1167400994077,"Raw Imports"
"Türkiye",2016,"Average_Price",1.73164255954813,"Raw Imports"
"Türkiye",2017,"Average_Price",2.41338624380979,"Raw Imports"
"Türkiye",2018,"Average_Price",1.95897617865672,"Raw Imports"
"Türkiye",2019,"Average_Price",1.89657406078505,"Raw Imports"
"Türkiye",2020,"Average_Price",1.54379074284667,"Raw Imports"
"Türkiye",2021,"Average_Price",1.73006926220865,"Raw Imports"
"Türkiye",2022,"Average_Price",2.26776659365666,"Raw Imports"
"Türkiye",2023,"Average_Price",2.23015203145384,"Raw Imports"
"Türkiye",2024,"Average_Price",1.85204318028388,"Raw Imports"
"Türkiye",2025,"Average_Price",1.93148087230302,"Raw Imports"
"USA",2010,"Average_Price",124.540713513514,"Raw Imports"
"USA",2016,"Average_Price",11.0733669438353,"Raw Imports"
"USA",2017,"Average_Price",11.3899319646926,"Raw Imports"
"USA",2018,"Average_Price",12.1688841623665,"Raw Imports"
"USA",2019,"Average_Price",12.0345566516667,"Raw Imports"
"USA",2020,"Average_Price",11.6746059129904,"Raw Imports"
"USA",2021,"Average_Price",12.5159052053737,"Raw Imports"
"USA",2022,"Average_Price",10.4856380312499,"Raw Imports"
"USA",2023,"Average_Price",13.4384949739504,"Raw Imports"
"USA",2024,"Average_Price",12.8389508365908,"Raw Imports"
"USA",2025,"Average_Price",11.9021623505598,"Raw Imports"
"Ukraine",2023,"Average_Price",7.50426516157426,"Raw Imports"
"Ukraine",2024,"Average_Price",7.48310588634854,"Raw Imports"
"Ukraine",2025,"Average_Price",6.79784754447724,"Raw Imports"
"United Arab Emirates",2017,"Average_Price",5.13085610812921,"Raw Imports"
"United Arab Emirates",2018,"Average_Price",4.14394022659483,"Raw Imports"
"United Arab Emirates",2019,"Average_Price",2.25941942672427,"Raw Imports"
"United Kingdom",2013,"Average_Price",10.0254838613651,"Raw Imports"
"United Kingdom",2014,"Average_Price",9.27899842045574,"Raw Imports"
"United Kingdom",2015,"Average_Price",9.37692718723561,"Raw Imports"
"United Kingdom",2016,"Average_Price",10.9866418518633,"Raw Imports"
"United Kingdom",2017,"Average_Price",9.51632052187599,"Raw Imports"
"United Kingdom",2018,"Average_Price",10.1848741991667,"Raw Imports"
"United Kingdom",2019,"Average_Price",10.4660828317744,"Raw Imports"
"United Kingdom",2020,"Average_Price",9.40373349533146,"Raw Imports"
"United Kingdom",2021,"Average_Price",11.8313493705355,"Raw Imports"
"United Kingdom",2022,"Average_Price",12.8828670810254,"Raw Imports"
"United Kingdom",2023,"Average_Price",13.7227100193855,"Raw Imports"
"United Kingdom",2024,"Average_Price",12.3521411271441,"Raw Imports"
"United Kingdom",2025,"Average_Price",13.8556123238482,"Raw Imports"
"Viet Nam",2015,"Average_Price",1.96604239246848,"Raw Imports"
"Viet Nam",2016,"Average_Price",2.43404673212776,"Raw Imports"
"Viet Nam",2017,"Average_Price",2.67181557801671,"Raw Imports"
"Viet Nam",2018,"Average_Price",2.40116435115692,"Raw Imports"
"Viet Nam",2019,"Average_Price",2.36165074843069,"Raw Imports"
"Viet Nam",2020,"Average_Price",2.35747828436321,"Raw Imports"
"Viet Nam",2021,"Average_Price",2.41902317877163,"Raw Imports"
"Viet Nam",2022,"Average_Price",2.62192965793247,"Raw Imports"
"Viet Nam",2023,"Average_Price",2.91987083617924,"Raw Imports"
"Yemen",2012,"Average_Price",1.22630236454037,"Raw Imports"
"Yemen",2015,"Average_Price",1.96303146037728,"Raw Imports"
