"Year","PNA","Measure","variable","value"
1997,"Non-PNA Member","American Samoa","Fleet_catch_in_own_national_waters",0
1998,"Non-PNA Member","American Samoa","Fleet_catch_in_own_national_waters",0
1999,"Non-PNA Member","American Samoa","Fleet_catch_in_own_national_waters",0
2000,"Non-PNA Member","American Samoa","Fleet_catch_in_own_national_waters",0
2001,"Non-PNA Member","American Samoa","Fleet_catch_in_own_national_waters",0
2002,"Non-PNA Member","American Samoa","Fleet_catch_in_own_national_waters",0
2003,"Non-PNA Member","American Samoa","Fleet_catch_in_own_national_waters",0
2004,"Non-PNA Member","American Samoa","Fleet_catch_in_own_national_waters",0
2005,"Non-PNA Member","American Samoa","Fleet_catch_in_own_national_waters",0
2006,"Non-PNA Member","American Samoa","Fleet_catch_in_own_national_waters",0
2007,"Non-PNA Member","American Samoa","Fleet_catch_in_own_national_waters",0
2008,"Non-PNA Member","American Samoa","Fleet_catch_in_own_national_waters",0
2009,"Non-PNA Member","American Samoa","Fleet_catch_in_own_national_waters",0
2010,"Non-PNA Member","American Samoa","Fleet_catch_in_own_national_waters",0
2011,"Non-PNA Member","American Samoa","Fleet_catch_in_own_national_waters",0
2012,"Non-PNA Member","American Samoa","Fleet_catch_in_own_national_waters",0
2013,"Non-PNA Member","American Samoa","Fleet_catch_in_own_national_waters",0
2014,"Non-PNA Member","American Samoa","Fleet_catch_in_own_national_waters",0
2015,"Non-PNA Member","American Samoa","Fleet_catch_in_own_national_waters",0
2016,"Non-PNA Member","American Samoa","Fleet_catch_in_own_national_waters",0
2017,"Non-PNA Member","American Samoa","Fleet_catch_in_own_national_waters",0
2018,"Non-PNA Member","American Samoa","Fleet_catch_in_own_national_waters",0
2019,"Non-PNA Member","American Samoa","Fleet_catch_in_own_national_waters",0
2020,"Non-PNA Member","American Samoa","Fleet_catch_in_own_national_waters",0
2021,"Non-PNA Member","American Samoa","Fleet_catch_in_own_national_waters",0
2022,"Non-PNA Member","American Samoa","Fleet_catch_in_own_national_waters",0
2023,"Non-PNA Member","American Samoa","Fleet_catch_in_own_national_waters",0
1997,"Non-PNA Member","Australia","Fleet_catch_in_own_national_waters",7545
1998,"Non-PNA Member","Australia","Fleet_catch_in_own_national_waters",5053
1999,"Non-PNA Member","Australia","Fleet_catch_in_own_national_waters",7521
2000,"Non-PNA Member","Australia","Fleet_catch_in_own_national_waters",6971
2001,"Non-PNA Member","Australia","Fleet_catch_in_own_national_waters",5236
2002,"Non-PNA Member","Australia","Fleet_catch_in_own_national_waters",5188
2003,"Non-PNA Member","Australia","Fleet_catch_in_own_national_waters",5686
2004,"Non-PNA Member","Australia","Fleet_catch_in_own_national_waters",4107
2005,"Non-PNA Member","Australia","Fleet_catch_in_own_national_waters",3018
2006,"Non-PNA Member","Australia","Fleet_catch_in_own_national_waters",4962
2007,"Non-PNA Member","Australia","Fleet_catch_in_own_national_waters",4377
2008,"Non-PNA Member","Australia","Fleet_catch_in_own_national_waters",3956
2009,"Non-PNA Member","Australia","Fleet_catch_in_own_national_waters",3636
2010,"Non-PNA Member","Australia","Fleet_catch_in_own_national_waters",2559
2011,"Non-PNA Member","Australia","Fleet_catch_in_own_national_waters",2916
2012,"Non-PNA Member","Australia","Fleet_catch_in_own_national_waters",2519
2013,"Non-PNA Member","Australia","Fleet_catch_in_own_national_waters",2584
2014,"Non-PNA Member","Australia","Fleet_catch_in_own_national_waters",2911
2015,"Non-PNA Member","Australia","Fleet_catch_in_own_national_waters",3907
2016,"Non-PNA Member","Australia","Fleet_catch_in_own_national_waters",3457
2017,"Non-PNA Member","Australia","Fleet_catch_in_own_national_waters",2918
2018,"Non-PNA Member","Australia","Fleet_catch_in_own_national_waters",2390
2019,"Non-PNA Member","Australia","Fleet_catch_in_own_national_waters",3009
2020,"Non-PNA Member","Australia","Fleet_catch_in_own_national_waters",3193
2021,"Non-PNA Member","Australia","Fleet_catch_in_own_national_waters",2888
2022,"Non-PNA Member","Australia","Fleet_catch_in_own_national_waters",2888
2023,"Non-PNA Member","Australia","Fleet_catch_in_own_national_waters",2529
1997,"Non-PNA Member","Australia (includes Norfolk Island)","Fleet_catch_in_own_national_waters",0
1998,"Non-PNA Member","Australia (includes Norfolk Island)","Fleet_catch_in_own_national_waters",0
1999,"Non-PNA Member","Australia (includes Norfolk Island)","Fleet_catch_in_own_national_waters",0
2000,"Non-PNA Member","Australia (includes Norfolk Island)","Fleet_catch_in_own_national_waters",0
2001,"Non-PNA Member","Australia (includes Norfolk Island)","Fleet_catch_in_own_national_waters",0
2002,"Non-PNA Member","Australia (includes Norfolk Island)","Fleet_catch_in_own_national_waters",0
2003,"Non-PNA Member","Australia (includes Norfolk Island)","Fleet_catch_in_own_national_waters",0
2004,"Non-PNA Member","Australia (includes Norfolk Island)","Fleet_catch_in_own_national_waters",0
2005,"Non-PNA Member","Australia (includes Norfolk Island)","Fleet_catch_in_own_national_waters",0
2006,"Non-PNA Member","Australia (includes Norfolk Island)","Fleet_catch_in_own_national_waters",0
2007,"Non-PNA Member","Australia (includes Norfolk Island)","Fleet_catch_in_own_national_waters",0
2008,"Non-PNA Member","Australia (includes Norfolk Island)","Fleet_catch_in_own_national_waters",0
2009,"Non-PNA Member","Australia (includes Norfolk Island)","Fleet_catch_in_own_national_waters",0
2010,"Non-PNA Member","Australia (includes Norfolk Island)","Fleet_catch_in_own_national_waters",0
2011,"Non-PNA Member","Australia (includes Norfolk Island)","Fleet_catch_in_own_national_waters",0
2012,"Non-PNA Member","Australia (includes Norfolk Island)","Fleet_catch_in_own_national_waters",0
2013,"Non-PNA Member","Australia (includes Norfolk Island)","Fleet_catch_in_own_national_waters",0
2014,"Non-PNA Member","Australia (includes Norfolk Island)","Fleet_catch_in_own_national_waters",0
2015,"Non-PNA Member","Australia (includes Norfolk Island)","Fleet_catch_in_own_national_waters",0
2016,"Non-PNA Member","Australia (includes Norfolk Island)","Fleet_catch_in_own_national_waters",0
2017,"Non-PNA Member","Australia (includes Norfolk Island)","Fleet_catch_in_own_national_waters",0
2018,"Non-PNA Member","Australia (includes Norfolk Island)","Fleet_catch_in_own_national_waters",0
2019,"Non-PNA Member","Australia (includes Norfolk Island)","Fleet_catch_in_own_national_waters",0
2020,"Non-PNA Member","Australia (includes Norfolk Island)","Fleet_catch_in_own_national_waters",0
2021,"Non-PNA Member","Australia (includes Norfolk Island)","Fleet_catch_in_own_national_waters",0
2022,"Non-PNA Member","Australia (includes Norfolk Island)","Fleet_catch_in_own_national_waters",0
2023,"Non-PNA Member","Australia (includes Norfolk Island)","Fleet_catch_in_own_national_waters",0
1997,"Non-PNA Member","Belize","Fleet_catch_in_own_national_waters",0
1998,"Non-PNA Member","Belize","Fleet_catch_in_own_national_waters",0
1999,"Non-PNA Member","Belize","Fleet_catch_in_own_national_waters",0
2000,"Non-PNA Member","Belize","Fleet_catch_in_own_national_waters",0
2001,"Non-PNA Member","Belize","Fleet_catch_in_own_national_waters",0
2002,"Non-PNA Member","Belize","Fleet_catch_in_own_national_waters",0
2003,"Non-PNA Member","Belize","Fleet_catch_in_own_national_waters",0
2004,"Non-PNA Member","Belize","Fleet_catch_in_own_national_waters",0
2005,"Non-PNA Member","Belize","Fleet_catch_in_own_national_waters",0
2006,"Non-PNA Member","Belize","Fleet_catch_in_own_national_waters",0
2007,"Non-PNA Member","Belize","Fleet_catch_in_own_national_waters",0
2008,"Non-PNA Member","Belize","Fleet_catch_in_own_national_waters",0
2009,"Non-PNA Member","Belize","Fleet_catch_in_own_national_waters",0
2010,"Non-PNA Member","Belize","Fleet_catch_in_own_national_waters",0
2011,"Non-PNA Member","Belize","Fleet_catch_in_own_national_waters",0
2012,"Non-PNA Member","Belize","Fleet_catch_in_own_national_waters",0
2013,"Non-PNA Member","Belize","Fleet_catch_in_own_national_waters",0
2014,"Non-PNA Member","Belize","Fleet_catch_in_own_national_waters",0
2015,"Non-PNA Member","Belize","Fleet_catch_in_own_national_waters",0
2016,"Non-PNA Member","Belize","Fleet_catch_in_own_national_waters",0
2017,"Non-PNA Member","Belize","Fleet_catch_in_own_national_waters",0
2018,"Non-PNA Member","Belize","Fleet_catch_in_own_national_waters",0
2019,"Non-PNA Member","Belize","Fleet_catch_in_own_national_waters",0
2020,"Non-PNA Member","Belize","Fleet_catch_in_own_national_waters",0
2021,"Non-PNA Member","Belize","Fleet_catch_in_own_national_waters",0
2022,"Non-PNA Member","Belize","Fleet_catch_in_own_national_waters",0
2023,"Non-PNA Member","Belize","Fleet_catch_in_own_national_waters",0
1997,"Non-PNA Member","Canada","Fleet_catch_in_own_national_waters",0
1998,"Non-PNA Member","Canada","Fleet_catch_in_own_national_waters",0
1999,"Non-PNA Member","Canada","Fleet_catch_in_own_national_waters",0
2000,"Non-PNA Member","Canada","Fleet_catch_in_own_national_waters",0
2001,"Non-PNA Member","Canada","Fleet_catch_in_own_national_waters",0
2002,"Non-PNA Member","Canada","Fleet_catch_in_own_national_waters",0
2003,"Non-PNA Member","Canada","Fleet_catch_in_own_national_waters",0
2004,"Non-PNA Member","Canada","Fleet_catch_in_own_national_waters",0
2005,"Non-PNA Member","Canada","Fleet_catch_in_own_national_waters",0
2006,"Non-PNA Member","Canada","Fleet_catch_in_own_national_waters",0
2007,"Non-PNA Member","Canada","Fleet_catch_in_own_national_waters",0
2008,"Non-PNA Member","Canada","Fleet_catch_in_own_national_waters",0
2009,"Non-PNA Member","Canada","Fleet_catch_in_own_national_waters",0
2010,"Non-PNA Member","Canada","Fleet_catch_in_own_national_waters",0
2011,"Non-PNA Member","Canada","Fleet_catch_in_own_national_waters",0
2012,"Non-PNA Member","Canada","Fleet_catch_in_own_national_waters",0
2013,"Non-PNA Member","Canada","Fleet_catch_in_own_national_waters",0
2014,"Non-PNA Member","Canada","Fleet_catch_in_own_national_waters",0
2015,"Non-PNA Member","Canada","Fleet_catch_in_own_national_waters",0
2016,"Non-PNA Member","Canada","Fleet_catch_in_own_national_waters",0
2017,"Non-PNA Member","Canada","Fleet_catch_in_own_national_waters",0
2018,"Non-PNA Member","Canada","Fleet_catch_in_own_national_waters",0
2019,"Non-PNA Member","Canada","Fleet_catch_in_own_national_waters",0
2020,"Non-PNA Member","Canada","Fleet_catch_in_own_national_waters",0
2021,"Non-PNA Member","Canada","Fleet_catch_in_own_national_waters",0
2022,"Non-PNA Member","Canada","Fleet_catch_in_own_national_waters",0
2023,"Non-PNA Member","Canada","Fleet_catch_in_own_national_waters",0
1997,"Non-PNA Member","China","Fleet_catch_in_own_national_waters",0
1998,"Non-PNA Member","China","Fleet_catch_in_own_national_waters",0
1999,"Non-PNA Member","China","Fleet_catch_in_own_national_waters",0
2000,"Non-PNA Member","China","Fleet_catch_in_own_national_waters",0
2001,"Non-PNA Member","China","Fleet_catch_in_own_national_waters",0
2002,"Non-PNA Member","China","Fleet_catch_in_own_national_waters",0
2003,"Non-PNA Member","China","Fleet_catch_in_own_national_waters",0
2004,"Non-PNA Member","China","Fleet_catch_in_own_national_waters",0
2005,"Non-PNA Member","China","Fleet_catch_in_own_national_waters",0
2006,"Non-PNA Member","China","Fleet_catch_in_own_national_waters",0
2007,"Non-PNA Member","China","Fleet_catch_in_own_national_waters",0
2008,"Non-PNA Member","China","Fleet_catch_in_own_national_waters",0
2009,"Non-PNA Member","China","Fleet_catch_in_own_national_waters",0
2010,"Non-PNA Member","China","Fleet_catch_in_own_national_waters",0
2011,"Non-PNA Member","China","Fleet_catch_in_own_national_waters",0
2012,"Non-PNA Member","China","Fleet_catch_in_own_national_waters",0
2013,"Non-PNA Member","China","Fleet_catch_in_own_national_waters",0
2014,"Non-PNA Member","China","Fleet_catch_in_own_national_waters",0
2015,"Non-PNA Member","China","Fleet_catch_in_own_national_waters",0
2016,"Non-PNA Member","China","Fleet_catch_in_own_national_waters",0
2017,"Non-PNA Member","China","Fleet_catch_in_own_national_waters",2
2018,"Non-PNA Member","China","Fleet_catch_in_own_national_waters",0
2019,"Non-PNA Member","China","Fleet_catch_in_own_national_waters",0
2020,"Non-PNA Member","China","Fleet_catch_in_own_national_waters",0
2021,"Non-PNA Member","China","Fleet_catch_in_own_national_waters",0
2022,"Non-PNA Member","China","Fleet_catch_in_own_national_waters",0
2023,"Non-PNA Member","China","Fleet_catch_in_own_national_waters",0
1997,"Non-PNA Member","Cook Islands","Fleet_catch_in_own_national_waters",0
1998,"Non-PNA Member","Cook Islands","Fleet_catch_in_own_national_waters",0
1999,"Non-PNA Member","Cook Islands","Fleet_catch_in_own_national_waters",0
2000,"Non-PNA Member","Cook Islands","Fleet_catch_in_own_national_waters",0
2001,"Non-PNA Member","Cook Islands","Fleet_catch_in_own_national_waters",4
2002,"Non-PNA Member","Cook Islands","Fleet_catch_in_own_national_waters",604
2003,"Non-PNA Member","Cook Islands","Fleet_catch_in_own_national_waters",1755
2004,"Non-PNA Member","Cook Islands","Fleet_catch_in_own_national_waters",2825
2005,"Non-PNA Member","Cook Islands","Fleet_catch_in_own_national_waters",2909
2006,"Non-PNA Member","Cook Islands","Fleet_catch_in_own_national_waters",2417
2007,"Non-PNA Member","Cook Islands","Fleet_catch_in_own_national_waters",2799
2008,"Non-PNA Member","Cook Islands","Fleet_catch_in_own_national_waters",2338
2009,"Non-PNA Member","Cook Islands","Fleet_catch_in_own_national_waters",1740
2010,"Non-PNA Member","Cook Islands","Fleet_catch_in_own_national_waters",2763
2011,"Non-PNA Member","Cook Islands","Fleet_catch_in_own_national_waters",3629
2012,"Non-PNA Member","Cook Islands","Fleet_catch_in_own_national_waters",5267
2013,"Non-PNA Member","Cook Islands","Fleet_catch_in_own_national_waters",1716
2014,"Non-PNA Member","Cook Islands","Fleet_catch_in_own_national_waters",1835
2015,"Non-PNA Member","Cook Islands","Fleet_catch_in_own_national_waters",1533
2016,"Non-PNA Member","Cook Islands","Fleet_catch_in_own_national_waters",1708
2017,"Non-PNA Member","Cook Islands","Fleet_catch_in_own_national_waters",3184
2018,"Non-PNA Member","Cook Islands","Fleet_catch_in_own_national_waters",2900
2019,"Non-PNA Member","Cook Islands","Fleet_catch_in_own_national_waters",1465
2020,"Non-PNA Member","Cook Islands","Fleet_catch_in_own_national_waters",546
2021,"Non-PNA Member","Cook Islands","Fleet_catch_in_own_national_waters",407
2022,"Non-PNA Member","Cook Islands","Fleet_catch_in_own_national_waters",342
2023,"Non-PNA Member","Cook Islands","Fleet_catch_in_own_national_waters",1007
1997,"Non-PNA Member","Eastern Pacific fleet","Fleet_catch_in_own_national_waters",0
1998,"Non-PNA Member","Eastern Pacific fleet","Fleet_catch_in_own_national_waters",0
1999,"Non-PNA Member","Eastern Pacific fleet","Fleet_catch_in_own_national_waters",0
2000,"Non-PNA Member","Eastern Pacific fleet","Fleet_catch_in_own_national_waters",0
2001,"Non-PNA Member","Eastern Pacific fleet","Fleet_catch_in_own_national_waters",0
2002,"Non-PNA Member","Eastern Pacific fleet","Fleet_catch_in_own_national_waters",0
2003,"Non-PNA Member","Eastern Pacific fleet","Fleet_catch_in_own_national_waters",0
2004,"Non-PNA Member","Eastern Pacific fleet","Fleet_catch_in_own_national_waters",0
2005,"Non-PNA Member","Eastern Pacific fleet","Fleet_catch_in_own_national_waters",0
2006,"Non-PNA Member","Eastern Pacific fleet","Fleet_catch_in_own_national_waters",0
2007,"Non-PNA Member","Eastern Pacific fleet","Fleet_catch_in_own_national_waters",0
2008,"Non-PNA Member","Eastern Pacific fleet","Fleet_catch_in_own_national_waters",0
2009,"Non-PNA Member","Eastern Pacific fleet","Fleet_catch_in_own_national_waters",0
2010,"Non-PNA Member","Eastern Pacific fleet","Fleet_catch_in_own_national_waters",0
2011,"Non-PNA Member","Eastern Pacific fleet","Fleet_catch_in_own_national_waters",0
2012,"Non-PNA Member","Eastern Pacific fleet","Fleet_catch_in_own_national_waters",0
2013,"Non-PNA Member","Eastern Pacific fleet","Fleet_catch_in_own_national_waters",0
2014,"Non-PNA Member","Eastern Pacific fleet","Fleet_catch_in_own_national_waters",0
2015,"Non-PNA Member","Eastern Pacific fleet","Fleet_catch_in_own_national_waters",0
2016,"Non-PNA Member","Eastern Pacific fleet","Fleet_catch_in_own_national_waters",0
2017,"Non-PNA Member","Eastern Pacific fleet","Fleet_catch_in_own_national_waters",0
2018,"Non-PNA Member","Eastern Pacific fleet","Fleet_catch_in_own_national_waters",0
2019,"Non-PNA Member","Eastern Pacific fleet","Fleet_catch_in_own_national_waters",0
2020,"Non-PNA Member","Eastern Pacific fleet","Fleet_catch_in_own_national_waters",0
2021,"Non-PNA Member","Eastern Pacific fleet","Fleet_catch_in_own_national_waters",0
2022,"Non-PNA Member","Eastern Pacific fleet","Fleet_catch_in_own_national_waters",0
2023,"Non-PNA Member","Eastern Pacific fleet","Fleet_catch_in_own_national_waters",0
1997,"Non-PNA Member","Ecuador","Fleet_catch_in_own_national_waters",0
1998,"Non-PNA Member","Ecuador","Fleet_catch_in_own_national_waters",0
1999,"Non-PNA Member","Ecuador","Fleet_catch_in_own_national_waters",0
2000,"Non-PNA Member","Ecuador","Fleet_catch_in_own_national_waters",0
2001,"Non-PNA Member","Ecuador","Fleet_catch_in_own_national_waters",0
2002,"Non-PNA Member","Ecuador","Fleet_catch_in_own_national_waters",0
2003,"Non-PNA Member","Ecuador","Fleet_catch_in_own_national_waters",0
2004,"Non-PNA Member","Ecuador","Fleet_catch_in_own_national_waters",0
2005,"Non-PNA Member","Ecuador","Fleet_catch_in_own_national_waters",0
2006,"Non-PNA Member","Ecuador","Fleet_catch_in_own_national_waters",0
2007,"Non-PNA Member","Ecuador","Fleet_catch_in_own_national_waters",0
2008,"Non-PNA Member","Ecuador","Fleet_catch_in_own_national_waters",0
2009,"Non-PNA Member","Ecuador","Fleet_catch_in_own_national_waters",0
2010,"Non-PNA Member","Ecuador","Fleet_catch_in_own_national_waters",0
2011,"Non-PNA Member","Ecuador","Fleet_catch_in_own_national_waters",0
2012,"Non-PNA Member","Ecuador","Fleet_catch_in_own_national_waters",0
2013,"Non-PNA Member","Ecuador","Fleet_catch_in_own_national_waters",0
2014,"Non-PNA Member","Ecuador","Fleet_catch_in_own_national_waters",0
2015,"Non-PNA Member","Ecuador","Fleet_catch_in_own_national_waters",0
2016,"Non-PNA Member","Ecuador","Fleet_catch_in_own_national_waters",0
2017,"Non-PNA Member","Ecuador","Fleet_catch_in_own_national_waters",0
2018,"Non-PNA Member","Ecuador","Fleet_catch_in_own_national_waters",0
2019,"Non-PNA Member","Ecuador","Fleet_catch_in_own_national_waters",0
2020,"Non-PNA Member","Ecuador","Fleet_catch_in_own_national_waters",0
2021,"Non-PNA Member","Ecuador","Fleet_catch_in_own_national_waters",0
2022,"Non-PNA Member","Ecuador","Fleet_catch_in_own_national_waters",0
2023,"Non-PNA Member","Ecuador","Fleet_catch_in_own_national_waters",0
1997,"Non-PNA Member","El Salvador","Fleet_catch_in_own_national_waters",0
1998,"Non-PNA Member","El Salvador","Fleet_catch_in_own_national_waters",0
1999,"Non-PNA Member","El Salvador","Fleet_catch_in_own_national_waters",0
2000,"Non-PNA Member","El Salvador","Fleet_catch_in_own_national_waters",0
2001,"Non-PNA Member","El Salvador","Fleet_catch_in_own_national_waters",0
2002,"Non-PNA Member","El Salvador","Fleet_catch_in_own_national_waters",0
2003,"Non-PNA Member","El Salvador","Fleet_catch_in_own_national_waters",0
2004,"Non-PNA Member","El Salvador","Fleet_catch_in_own_national_waters",0
2005,"Non-PNA Member","El Salvador","Fleet_catch_in_own_national_waters",0
2006,"Non-PNA Member","El Salvador","Fleet_catch_in_own_national_waters",0
2007,"Non-PNA Member","El Salvador","Fleet_catch_in_own_national_waters",0
2008,"Non-PNA Member","El Salvador","Fleet_catch_in_own_national_waters",0
2009,"Non-PNA Member","El Salvador","Fleet_catch_in_own_national_waters",0
2010,"Non-PNA Member","El Salvador","Fleet_catch_in_own_national_waters",0
2011,"Non-PNA Member","El Salvador","Fleet_catch_in_own_national_waters",0
2012,"Non-PNA Member","El Salvador","Fleet_catch_in_own_national_waters",0
2013,"Non-PNA Member","El Salvador","Fleet_catch_in_own_national_waters",0
2014,"Non-PNA Member","El Salvador","Fleet_catch_in_own_national_waters",0
2015,"Non-PNA Member","El Salvador","Fleet_catch_in_own_national_waters",0
2016,"Non-PNA Member","El Salvador","Fleet_catch_in_own_national_waters",0
2017,"Non-PNA Member","El Salvador","Fleet_catch_in_own_national_waters",0
2018,"Non-PNA Member","El Salvador","Fleet_catch_in_own_national_waters",0
2019,"Non-PNA Member","El Salvador","Fleet_catch_in_own_national_waters",0
2020,"Non-PNA Member","El Salvador","Fleet_catch_in_own_national_waters",0
2021,"Non-PNA Member","El Salvador","Fleet_catch_in_own_national_waters",0
2022,"Non-PNA Member","El Salvador","Fleet_catch_in_own_national_waters",0
2023,"Non-PNA Member","El Salvador","Fleet_catch_in_own_national_waters",0
1997,"Non-PNA Member","Fiji","Fleet_catch_in_own_national_waters",4308
1998,"Non-PNA Member","Fiji","Fleet_catch_in_own_national_waters",3835
1999,"Non-PNA Member","Fiji","Fleet_catch_in_own_national_waters",3801
2000,"Non-PNA Member","Fiji","Fleet_catch_in_own_national_waters",8059
2001,"Non-PNA Member","Fiji","Fleet_catch_in_own_national_waters",10410
2002,"Non-PNA Member","Fiji","Fleet_catch_in_own_national_waters",9033
2003,"Non-PNA Member","Fiji","Fleet_catch_in_own_national_waters",7157
2004,"Non-PNA Member","Fiji","Fleet_catch_in_own_national_waters",9808
2005,"Non-PNA Member","Fiji","Fleet_catch_in_own_national_waters",8123
2006,"Non-PNA Member","Fiji","Fleet_catch_in_own_national_waters",7856
2007,"Non-PNA Member","Fiji","Fleet_catch_in_own_national_waters",5525
2008,"Non-PNA Member","Fiji","Fleet_catch_in_own_national_waters",6901
2009,"Non-PNA Member","Fiji","Fleet_catch_in_own_national_waters",7550
2010,"Non-PNA Member","Fiji","Fleet_catch_in_own_national_waters",8543
2011,"Non-PNA Member","Fiji","Fleet_catch_in_own_national_waters",6374
2012,"Non-PNA Member","Fiji","Fleet_catch_in_own_national_waters",5817
2013,"Non-PNA Member","Fiji","Fleet_catch_in_own_national_waters",4761
2014,"Non-PNA Member","Fiji","Fleet_catch_in_own_national_waters",6696
2015,"Non-PNA Member","Fiji","Fleet_catch_in_own_national_waters",9158
2016,"Non-PNA Member","Fiji","Fleet_catch_in_own_national_waters",7916
2017,"Non-PNA Member","Fiji","Fleet_catch_in_own_national_waters",10636
2018,"Non-PNA Member","Fiji","Fleet_catch_in_own_national_waters",8827
2019,"Non-PNA Member","Fiji","Fleet_catch_in_own_national_waters",8782
2020,"Non-PNA Member","Fiji","Fleet_catch_in_own_national_waters",8102
2021,"Non-PNA Member","Fiji","Fleet_catch_in_own_national_waters",6915
2022,"Non-PNA Member","Fiji","Fleet_catch_in_own_national_waters",7832
2023,"Non-PNA Member","Fiji","Fleet_catch_in_own_national_waters",6098
1997,"Non-PNA Member","French Polynesia","Fleet_catch_in_own_national_waters",4563
1998,"Non-PNA Member","French Polynesia","Fleet_catch_in_own_national_waters",5710
1999,"Non-PNA Member","French Polynesia","Fleet_catch_in_own_national_waters",5200
2000,"Non-PNA Member","French Polynesia","Fleet_catch_in_own_national_waters",6777
2001,"Non-PNA Member","French Polynesia","Fleet_catch_in_own_national_waters",7732
2002,"Non-PNA Member","French Polynesia","Fleet_catch_in_own_national_waters",7346
2003,"Non-PNA Member","French Polynesia","Fleet_catch_in_own_national_waters",6264
2004,"Non-PNA Member","French Polynesia","Fleet_catch_in_own_national_waters",5484
2005,"Non-PNA Member","French Polynesia","Fleet_catch_in_own_national_waters",4818
2006,"Non-PNA Member","French Polynesia","Fleet_catch_in_own_national_waters",5822
2007,"Non-PNA Member","French Polynesia","Fleet_catch_in_own_national_waters",6365
2008,"Non-PNA Member","French Polynesia","Fleet_catch_in_own_national_waters",5657
2009,"Non-PNA Member","French Polynesia","Fleet_catch_in_own_national_waters",6873
2010,"Non-PNA Member","French Polynesia","Fleet_catch_in_own_national_waters",6249
2011,"Non-PNA Member","French Polynesia","Fleet_catch_in_own_national_waters",6027
2012,"Non-PNA Member","French Polynesia","Fleet_catch_in_own_national_waters",7266
2013,"Non-PNA Member","French Polynesia","Fleet_catch_in_own_national_waters",6671
2014,"Non-PNA Member","French Polynesia","Fleet_catch_in_own_national_waters",7173
2015,"Non-PNA Member","French Polynesia","Fleet_catch_in_own_national_waters",7402
2016,"Non-PNA Member","French Polynesia","Fleet_catch_in_own_national_waters",6663
2017,"Non-PNA Member","French Polynesia","Fleet_catch_in_own_national_waters",6349
2018,"Non-PNA Member","French Polynesia","Fleet_catch_in_own_national_waters",7071
2019,"Non-PNA Member","French Polynesia","Fleet_catch_in_own_national_waters",7371
2020,"Non-PNA Member","French Polynesia","Fleet_catch_in_own_national_waters",6313
2021,"Non-PNA Member","French Polynesia","Fleet_catch_in_own_national_waters",7639
2022,"Non-PNA Member","French Polynesia","Fleet_catch_in_own_national_waters",8563
2023,"Non-PNA Member","French Polynesia","Fleet_catch_in_own_national_waters",9617
1997,"PNA Member","FSM","Fleet_catch_in_own_national_waters",2529
1998,"PNA Member","FSM","Fleet_catch_in_own_national_waters",3767
1999,"PNA Member","FSM","Fleet_catch_in_own_national_waters",3048
2000,"PNA Member","FSM","Fleet_catch_in_own_national_waters",3072
2001,"PNA Member","FSM","Fleet_catch_in_own_national_waters",2664
2002,"PNA Member","FSM","Fleet_catch_in_own_national_waters",2839
2003,"PNA Member","FSM","Fleet_catch_in_own_national_waters",4711
2004,"PNA Member","FSM","Fleet_catch_in_own_national_waters",1539
2005,"PNA Member","FSM","Fleet_catch_in_own_national_waters",7012
2006,"PNA Member","FSM","Fleet_catch_in_own_national_waters",3956
2007,"PNA Member","FSM","Fleet_catch_in_own_national_waters",3935
2008,"PNA Member","FSM","Fleet_catch_in_own_national_waters",4745
2009,"PNA Member","FSM","Fleet_catch_in_own_national_waters",5721
2010,"PNA Member","FSM","Fleet_catch_in_own_national_waters",7056
2011,"PNA Member","FSM","Fleet_catch_in_own_national_waters",9506
2012,"PNA Member","FSM","Fleet_catch_in_own_national_waters",11804
2013,"PNA Member","FSM","Fleet_catch_in_own_national_waters",10019
2014,"PNA Member","FSM","Fleet_catch_in_own_national_waters",16891
2015,"PNA Member","FSM","Fleet_catch_in_own_national_waters",8774
2016,"PNA Member","FSM","Fleet_catch_in_own_national_waters",35498
2017,"PNA Member","FSM","Fleet_catch_in_own_national_waters",30868
2018,"PNA Member","FSM","Fleet_catch_in_own_national_waters",50164
2019,"PNA Member","FSM","Fleet_catch_in_own_national_waters",34248
2020,"PNA Member","FSM","Fleet_catch_in_own_national_waters",69978
2021,"PNA Member","FSM","Fleet_catch_in_own_national_waters",29792
2022,"PNA Member","FSM","Fleet_catch_in_own_national_waters",61634
2023,"PNA Member","FSM","Fleet_catch_in_own_national_waters",26734
1997,"High Seas","H4","Fleet_catch_in_own_national_waters",0
1998,"High Seas","H4","Fleet_catch_in_own_national_waters",0
1999,"High Seas","H4","Fleet_catch_in_own_national_waters",0
2000,"High Seas","H4","Fleet_catch_in_own_national_waters",0
2001,"High Seas","H4","Fleet_catch_in_own_national_waters",0
2002,"High Seas","H4","Fleet_catch_in_own_national_waters",0
2003,"High Seas","H4","Fleet_catch_in_own_national_waters",0
2004,"High Seas","H4","Fleet_catch_in_own_national_waters",0
2005,"High Seas","H4","Fleet_catch_in_own_national_waters",0
2006,"High Seas","H4","Fleet_catch_in_own_national_waters",0
2007,"High Seas","H4","Fleet_catch_in_own_national_waters",0
2008,"High Seas","H4","Fleet_catch_in_own_national_waters",0
2009,"High Seas","H4","Fleet_catch_in_own_national_waters",0
2010,"High Seas","H4","Fleet_catch_in_own_national_waters",0
2011,"High Seas","H4","Fleet_catch_in_own_national_waters",0
2012,"High Seas","H4","Fleet_catch_in_own_national_waters",0
2013,"High Seas","H4","Fleet_catch_in_own_national_waters",0
2014,"High Seas","H4","Fleet_catch_in_own_national_waters",0
2015,"High Seas","H4","Fleet_catch_in_own_national_waters",0
2016,"High Seas","H4","Fleet_catch_in_own_national_waters",0
2017,"High Seas","H4","Fleet_catch_in_own_national_waters",0
2018,"High Seas","H4","Fleet_catch_in_own_national_waters",0
2019,"High Seas","H4","Fleet_catch_in_own_national_waters",0
2020,"High Seas","H4","Fleet_catch_in_own_national_waters",0
2021,"High Seas","H4","Fleet_catch_in_own_national_waters",0
2022,"High Seas","H4","Fleet_catch_in_own_national_waters",0
2023,"High Seas","H4","Fleet_catch_in_own_national_waters",0
1997,"High Seas","H5","Fleet_catch_in_own_national_waters",0
1998,"High Seas","H5","Fleet_catch_in_own_national_waters",0
1999,"High Seas","H5","Fleet_catch_in_own_national_waters",0
2000,"High Seas","H5","Fleet_catch_in_own_national_waters",0
2001,"High Seas","H5","Fleet_catch_in_own_national_waters",0
2002,"High Seas","H5","Fleet_catch_in_own_national_waters",0
2003,"High Seas","H5","Fleet_catch_in_own_national_waters",0
2004,"High Seas","H5","Fleet_catch_in_own_national_waters",0
2005,"High Seas","H5","Fleet_catch_in_own_national_waters",0
2006,"High Seas","H5","Fleet_catch_in_own_national_waters",0
2007,"High Seas","H5","Fleet_catch_in_own_national_waters",0
2008,"High Seas","H5","Fleet_catch_in_own_national_waters",0
2009,"High Seas","H5","Fleet_catch_in_own_national_waters",0
2010,"High Seas","H5","Fleet_catch_in_own_national_waters",0
2011,"High Seas","H5","Fleet_catch_in_own_national_waters",0
2012,"High Seas","H5","Fleet_catch_in_own_national_waters",0
2013,"High Seas","H5","Fleet_catch_in_own_national_waters",0
2014,"High Seas","H5","Fleet_catch_in_own_national_waters",0
2015,"High Seas","H5","Fleet_catch_in_own_national_waters",0
2016,"High Seas","H5","Fleet_catch_in_own_national_waters",0
2017,"High Seas","H5","Fleet_catch_in_own_national_waters",0
2018,"High Seas","H5","Fleet_catch_in_own_national_waters",0
2019,"High Seas","H5","Fleet_catch_in_own_national_waters",0
2020,"High Seas","H5","Fleet_catch_in_own_national_waters",0
2021,"High Seas","H5","Fleet_catch_in_own_national_waters",0
2022,"High Seas","H5","Fleet_catch_in_own_national_waters",0
2023,"High Seas","H5","Fleet_catch_in_own_national_waters",0
1997,"High Seas","I1","Fleet_catch_in_own_national_waters",0
1998,"High Seas","I1","Fleet_catch_in_own_national_waters",0
1999,"High Seas","I1","Fleet_catch_in_own_national_waters",0
2000,"High Seas","I1","Fleet_catch_in_own_national_waters",0
2001,"High Seas","I1","Fleet_catch_in_own_national_waters",0
2002,"High Seas","I1","Fleet_catch_in_own_national_waters",0
2003,"High Seas","I1","Fleet_catch_in_own_national_waters",0
2004,"High Seas","I1","Fleet_catch_in_own_national_waters",0
2005,"High Seas","I1","Fleet_catch_in_own_national_waters",0
2006,"High Seas","I1","Fleet_catch_in_own_national_waters",0
2007,"High Seas","I1","Fleet_catch_in_own_national_waters",0
2008,"High Seas","I1","Fleet_catch_in_own_national_waters",0
2009,"High Seas","I1","Fleet_catch_in_own_national_waters",0
2010,"High Seas","I1","Fleet_catch_in_own_national_waters",0
2011,"High Seas","I1","Fleet_catch_in_own_national_waters",0
2012,"High Seas","I1","Fleet_catch_in_own_national_waters",0
2013,"High Seas","I1","Fleet_catch_in_own_national_waters",0
2014,"High Seas","I1","Fleet_catch_in_own_national_waters",0
2015,"High Seas","I1","Fleet_catch_in_own_national_waters",0
2016,"High Seas","I1","Fleet_catch_in_own_national_waters",0
2017,"High Seas","I1","Fleet_catch_in_own_national_waters",0
2018,"High Seas","I1","Fleet_catch_in_own_national_waters",0
2019,"High Seas","I1","Fleet_catch_in_own_national_waters",0
2020,"High Seas","I1","Fleet_catch_in_own_national_waters",0
2021,"High Seas","I1","Fleet_catch_in_own_national_waters",0
2022,"High Seas","I1","Fleet_catch_in_own_national_waters",0
2023,"High Seas","I1","Fleet_catch_in_own_national_waters",0
1997,"High Seas","I2","Fleet_catch_in_own_national_waters",0
1998,"High Seas","I2","Fleet_catch_in_own_national_waters",0
1999,"High Seas","I2","Fleet_catch_in_own_national_waters",0
2000,"High Seas","I2","Fleet_catch_in_own_national_waters",0
2001,"High Seas","I2","Fleet_catch_in_own_national_waters",0
2002,"High Seas","I2","Fleet_catch_in_own_national_waters",0
2003,"High Seas","I2","Fleet_catch_in_own_national_waters",0
2004,"High Seas","I2","Fleet_catch_in_own_national_waters",0
2005,"High Seas","I2","Fleet_catch_in_own_national_waters",0
2006,"High Seas","I2","Fleet_catch_in_own_national_waters",0
2007,"High Seas","I2","Fleet_catch_in_own_national_waters",0
2008,"High Seas","I2","Fleet_catch_in_own_national_waters",0
2009,"High Seas","I2","Fleet_catch_in_own_national_waters",0
2010,"High Seas","I2","Fleet_catch_in_own_national_waters",0
2011,"High Seas","I2","Fleet_catch_in_own_national_waters",0
2012,"High Seas","I2","Fleet_catch_in_own_national_waters",0
2013,"High Seas","I2","Fleet_catch_in_own_national_waters",0
2014,"High Seas","I2","Fleet_catch_in_own_national_waters",0
2015,"High Seas","I2","Fleet_catch_in_own_national_waters",0
2016,"High Seas","I2","Fleet_catch_in_own_national_waters",0
2017,"High Seas","I2","Fleet_catch_in_own_national_waters",0
2018,"High Seas","I2","Fleet_catch_in_own_national_waters",0
2019,"High Seas","I2","Fleet_catch_in_own_national_waters",0
2020,"High Seas","I2","Fleet_catch_in_own_national_waters",0
2021,"High Seas","I2","Fleet_catch_in_own_national_waters",0
2022,"High Seas","I2","Fleet_catch_in_own_national_waters",0
2023,"High Seas","I2","Fleet_catch_in_own_national_waters",0
1997,"High Seas","I3","Fleet_catch_in_own_national_waters",0
1998,"High Seas","I3","Fleet_catch_in_own_national_waters",0
1999,"High Seas","I3","Fleet_catch_in_own_national_waters",0
2000,"High Seas","I3","Fleet_catch_in_own_national_waters",0
2001,"High Seas","I3","Fleet_catch_in_own_national_waters",0
2002,"High Seas","I3","Fleet_catch_in_own_national_waters",0
2003,"High Seas","I3","Fleet_catch_in_own_national_waters",0
2004,"High Seas","I3","Fleet_catch_in_own_national_waters",0
2005,"High Seas","I3","Fleet_catch_in_own_national_waters",0
2006,"High Seas","I3","Fleet_catch_in_own_national_waters",0
2007,"High Seas","I3","Fleet_catch_in_own_national_waters",0
2008,"High Seas","I3","Fleet_catch_in_own_national_waters",0
2009,"High Seas","I3","Fleet_catch_in_own_national_waters",0
2010,"High Seas","I3","Fleet_catch_in_own_national_waters",0
2011,"High Seas","I3","Fleet_catch_in_own_national_waters",0
2012,"High Seas","I3","Fleet_catch_in_own_national_waters",0
2013,"High Seas","I3","Fleet_catch_in_own_national_waters",0
2014,"High Seas","I3","Fleet_catch_in_own_national_waters",0
2015,"High Seas","I3","Fleet_catch_in_own_national_waters",0
2016,"High Seas","I3","Fleet_catch_in_own_national_waters",0
2017,"High Seas","I3","Fleet_catch_in_own_national_waters",0
2018,"High Seas","I3","Fleet_catch_in_own_national_waters",0
2019,"High Seas","I3","Fleet_catch_in_own_national_waters",0
2020,"High Seas","I3","Fleet_catch_in_own_national_waters",0
2021,"High Seas","I3","Fleet_catch_in_own_national_waters",0
2022,"High Seas","I3","Fleet_catch_in_own_national_waters",0
2023,"High Seas","I3","Fleet_catch_in_own_national_waters",0
1997,"High Seas","I4","Fleet_catch_in_own_national_waters",0
1998,"High Seas","I4","Fleet_catch_in_own_national_waters",0
1999,"High Seas","I4","Fleet_catch_in_own_national_waters",0
2000,"High Seas","I4","Fleet_catch_in_own_national_waters",0
2001,"High Seas","I4","Fleet_catch_in_own_national_waters",0
2002,"High Seas","I4","Fleet_catch_in_own_national_waters",0
2003,"High Seas","I4","Fleet_catch_in_own_national_waters",0
2004,"High Seas","I4","Fleet_catch_in_own_national_waters",0
2005,"High Seas","I4","Fleet_catch_in_own_national_waters",0
2006,"High Seas","I4","Fleet_catch_in_own_national_waters",0
2007,"High Seas","I4","Fleet_catch_in_own_national_waters",0
2008,"High Seas","I4","Fleet_catch_in_own_national_waters",0
2009,"High Seas","I4","Fleet_catch_in_own_national_waters",0
2010,"High Seas","I4","Fleet_catch_in_own_national_waters",0
2011,"High Seas","I4","Fleet_catch_in_own_national_waters",0
2012,"High Seas","I4","Fleet_catch_in_own_national_waters",0
2013,"High Seas","I4","Fleet_catch_in_own_national_waters",0
2014,"High Seas","I4","Fleet_catch_in_own_national_waters",0
2015,"High Seas","I4","Fleet_catch_in_own_national_waters",0
2016,"High Seas","I4","Fleet_catch_in_own_national_waters",0
2017,"High Seas","I4","Fleet_catch_in_own_national_waters",0
2018,"High Seas","I4","Fleet_catch_in_own_national_waters",0
2019,"High Seas","I4","Fleet_catch_in_own_national_waters",0
2020,"High Seas","I4","Fleet_catch_in_own_national_waters",0
2021,"High Seas","I4","Fleet_catch_in_own_national_waters",0
2022,"High Seas","I4","Fleet_catch_in_own_national_waters",0
2023,"High Seas","I4","Fleet_catch_in_own_national_waters",0
1997,"High Seas","I5","Fleet_catch_in_own_national_waters",0
1998,"High Seas","I5","Fleet_catch_in_own_national_waters",0
1999,"High Seas","I5","Fleet_catch_in_own_national_waters",0
2000,"High Seas","I5","Fleet_catch_in_own_national_waters",0
2001,"High Seas","I5","Fleet_catch_in_own_national_waters",0
2002,"High Seas","I5","Fleet_catch_in_own_national_waters",0
2003,"High Seas","I5","Fleet_catch_in_own_national_waters",0
2004,"High Seas","I5","Fleet_catch_in_own_national_waters",0
2005,"High Seas","I5","Fleet_catch_in_own_national_waters",0
2006,"High Seas","I5","Fleet_catch_in_own_national_waters",0
2007,"High Seas","I5","Fleet_catch_in_own_national_waters",0
2008,"High Seas","I5","Fleet_catch_in_own_national_waters",0
2009,"High Seas","I5","Fleet_catch_in_own_national_waters",0
2010,"High Seas","I5","Fleet_catch_in_own_national_waters",0
2011,"High Seas","I5","Fleet_catch_in_own_national_waters",0
2012,"High Seas","I5","Fleet_catch_in_own_national_waters",0
2013,"High Seas","I5","Fleet_catch_in_own_national_waters",0
2014,"High Seas","I5","Fleet_catch_in_own_national_waters",0
2015,"High Seas","I5","Fleet_catch_in_own_national_waters",0
2016,"High Seas","I5","Fleet_catch_in_own_national_waters",0
2017,"High Seas","I5","Fleet_catch_in_own_national_waters",0
2018,"High Seas","I5","Fleet_catch_in_own_national_waters",0
2019,"High Seas","I5","Fleet_catch_in_own_national_waters",0
2020,"High Seas","I5","Fleet_catch_in_own_national_waters",0
2021,"High Seas","I5","Fleet_catch_in_own_national_waters",0
2022,"High Seas","I5","Fleet_catch_in_own_national_waters",0
2023,"High Seas","I5","Fleet_catch_in_own_national_waters",0
1997,"High Seas","I6","Fleet_catch_in_own_national_waters",0
1998,"High Seas","I6","Fleet_catch_in_own_national_waters",0
1999,"High Seas","I6","Fleet_catch_in_own_national_waters",0
2000,"High Seas","I6","Fleet_catch_in_own_national_waters",0
2001,"High Seas","I6","Fleet_catch_in_own_national_waters",0
2002,"High Seas","I6","Fleet_catch_in_own_national_waters",0
2003,"High Seas","I6","Fleet_catch_in_own_national_waters",0
2004,"High Seas","I6","Fleet_catch_in_own_national_waters",0
2005,"High Seas","I6","Fleet_catch_in_own_national_waters",0
2006,"High Seas","I6","Fleet_catch_in_own_national_waters",0
2007,"High Seas","I6","Fleet_catch_in_own_national_waters",0
2008,"High Seas","I6","Fleet_catch_in_own_national_waters",0
2009,"High Seas","I6","Fleet_catch_in_own_national_waters",0
2010,"High Seas","I6","Fleet_catch_in_own_national_waters",0
2011,"High Seas","I6","Fleet_catch_in_own_national_waters",0
2012,"High Seas","I6","Fleet_catch_in_own_national_waters",0
2013,"High Seas","I6","Fleet_catch_in_own_national_waters",0
2014,"High Seas","I6","Fleet_catch_in_own_national_waters",0
2015,"High Seas","I6","Fleet_catch_in_own_national_waters",0
2016,"High Seas","I6","Fleet_catch_in_own_national_waters",0
2017,"High Seas","I6","Fleet_catch_in_own_national_waters",0
2018,"High Seas","I6","Fleet_catch_in_own_national_waters",0
2019,"High Seas","I6","Fleet_catch_in_own_national_waters",0
2020,"High Seas","I6","Fleet_catch_in_own_national_waters",0
2021,"High Seas","I6","Fleet_catch_in_own_national_waters",0
2022,"High Seas","I6","Fleet_catch_in_own_national_waters",0
2023,"High Seas","I6","Fleet_catch_in_own_national_waters",0
1997,"High Seas","I7","Fleet_catch_in_own_national_waters",0
1998,"High Seas","I7","Fleet_catch_in_own_national_waters",0
1999,"High Seas","I7","Fleet_catch_in_own_national_waters",0
2000,"High Seas","I7","Fleet_catch_in_own_national_waters",0
2001,"High Seas","I7","Fleet_catch_in_own_national_waters",0
2002,"High Seas","I7","Fleet_catch_in_own_national_waters",0
2003,"High Seas","I7","Fleet_catch_in_own_national_waters",0
2004,"High Seas","I7","Fleet_catch_in_own_national_waters",0
2005,"High Seas","I7","Fleet_catch_in_own_national_waters",0
2006,"High Seas","I7","Fleet_catch_in_own_national_waters",0
2007,"High Seas","I7","Fleet_catch_in_own_national_waters",0
2008,"High Seas","I7","Fleet_catch_in_own_national_waters",0
2009,"High Seas","I7","Fleet_catch_in_own_national_waters",0
2010,"High Seas","I7","Fleet_catch_in_own_national_waters",0
2011,"High Seas","I7","Fleet_catch_in_own_national_waters",0
2012,"High Seas","I7","Fleet_catch_in_own_national_waters",0
2013,"High Seas","I7","Fleet_catch_in_own_national_waters",0
2014,"High Seas","I7","Fleet_catch_in_own_national_waters",0
2015,"High Seas","I7","Fleet_catch_in_own_national_waters",0
2016,"High Seas","I7","Fleet_catch_in_own_national_waters",0
2017,"High Seas","I7","Fleet_catch_in_own_national_waters",0
2018,"High Seas","I7","Fleet_catch_in_own_national_waters",0
2019,"High Seas","I7","Fleet_catch_in_own_national_waters",0
2020,"High Seas","I7","Fleet_catch_in_own_national_waters",0
2021,"High Seas","I7","Fleet_catch_in_own_national_waters",0
2022,"High Seas","I7","Fleet_catch_in_own_national_waters",0
2023,"High Seas","I7","Fleet_catch_in_own_national_waters",0
1997,"High Seas","I8","Fleet_catch_in_own_national_waters",0
1998,"High Seas","I8","Fleet_catch_in_own_national_waters",0
1999,"High Seas","I8","Fleet_catch_in_own_national_waters",0
2000,"High Seas","I8","Fleet_catch_in_own_national_waters",0
2001,"High Seas","I8","Fleet_catch_in_own_national_waters",0
2002,"High Seas","I8","Fleet_catch_in_own_national_waters",0
2003,"High Seas","I8","Fleet_catch_in_own_national_waters",0
2004,"High Seas","I8","Fleet_catch_in_own_national_waters",0
2005,"High Seas","I8","Fleet_catch_in_own_national_waters",0
2006,"High Seas","I8","Fleet_catch_in_own_national_waters",0
2007,"High Seas","I8","Fleet_catch_in_own_national_waters",0
2008,"High Seas","I8","Fleet_catch_in_own_national_waters",0
2009,"High Seas","I8","Fleet_catch_in_own_national_waters",0
2010,"High Seas","I8","Fleet_catch_in_own_national_waters",0
2011,"High Seas","I8","Fleet_catch_in_own_national_waters",0
2012,"High Seas","I8","Fleet_catch_in_own_national_waters",0
2013,"High Seas","I8","Fleet_catch_in_own_national_waters",0
2014,"High Seas","I8","Fleet_catch_in_own_national_waters",0
2015,"High Seas","I8","Fleet_catch_in_own_national_waters",0
2016,"High Seas","I8","Fleet_catch_in_own_national_waters",0
2017,"High Seas","I8","Fleet_catch_in_own_national_waters",0
2018,"High Seas","I8","Fleet_catch_in_own_national_waters",0
2019,"High Seas","I8","Fleet_catch_in_own_national_waters",0
2020,"High Seas","I8","Fleet_catch_in_own_national_waters",0
2021,"High Seas","I8","Fleet_catch_in_own_national_waters",0
2022,"High Seas","I8","Fleet_catch_in_own_national_waters",0
2023,"High Seas","I8","Fleet_catch_in_own_national_waters",0
1997,"High Seas","I9","Fleet_catch_in_own_national_waters",0
1998,"High Seas","I9","Fleet_catch_in_own_national_waters",0
1999,"High Seas","I9","Fleet_catch_in_own_national_waters",0
2000,"High Seas","I9","Fleet_catch_in_own_national_waters",0
2001,"High Seas","I9","Fleet_catch_in_own_national_waters",0
2002,"High Seas","I9","Fleet_catch_in_own_national_waters",0
2003,"High Seas","I9","Fleet_catch_in_own_national_waters",0
2004,"High Seas","I9","Fleet_catch_in_own_national_waters",0
2005,"High Seas","I9","Fleet_catch_in_own_national_waters",0
2006,"High Seas","I9","Fleet_catch_in_own_national_waters",0
2007,"High Seas","I9","Fleet_catch_in_own_national_waters",0
2008,"High Seas","I9","Fleet_catch_in_own_national_waters",0
2009,"High Seas","I9","Fleet_catch_in_own_national_waters",0
2010,"High Seas","I9","Fleet_catch_in_own_national_waters",0
2011,"High Seas","I9","Fleet_catch_in_own_national_waters",0
2012,"High Seas","I9","Fleet_catch_in_own_national_waters",0
2013,"High Seas","I9","Fleet_catch_in_own_national_waters",0
2014,"High Seas","I9","Fleet_catch_in_own_national_waters",0
2015,"High Seas","I9","Fleet_catch_in_own_national_waters",0
2016,"High Seas","I9","Fleet_catch_in_own_national_waters",0
2017,"High Seas","I9","Fleet_catch_in_own_national_waters",0
2018,"High Seas","I9","Fleet_catch_in_own_national_waters",0
2019,"High Seas","I9","Fleet_catch_in_own_national_waters",0
2020,"High Seas","I9","Fleet_catch_in_own_national_waters",0
2021,"High Seas","I9","Fleet_catch_in_own_national_waters",0
2022,"High Seas","I9","Fleet_catch_in_own_national_waters",0
2023,"High Seas","I9","Fleet_catch_in_own_national_waters",0
1997,"Non-PNA Member","Indonesia","Fleet_catch_in_own_national_waters",256670
1998,"Non-PNA Member","Indonesia","Fleet_catch_in_own_national_waters",338881
1999,"Non-PNA Member","Indonesia","Fleet_catch_in_own_national_waters",321618
2000,"Non-PNA Member","Indonesia","Fleet_catch_in_own_national_waters",342203
2001,"Non-PNA Member","Indonesia","Fleet_catch_in_own_national_waters",314888
2002,"Non-PNA Member","Indonesia","Fleet_catch_in_own_national_waters",302659
2003,"Non-PNA Member","Indonesia","Fleet_catch_in_own_national_waters",310657
2004,"Non-PNA Member","Indonesia","Fleet_catch_in_own_national_waters",411985
2005,"Non-PNA Member","Indonesia","Fleet_catch_in_own_national_waters",247514
2006,"Non-PNA Member","Indonesia","Fleet_catch_in_own_national_waters",285844
2007,"Non-PNA Member","Indonesia","Fleet_catch_in_own_national_waters",321890
2008,"Non-PNA Member","Indonesia","Fleet_catch_in_own_national_waters",334970
2009,"Non-PNA Member","Indonesia","Fleet_catch_in_own_national_waters",388635
2010,"Non-PNA Member","Indonesia","Fleet_catch_in_own_national_waters",358254
2011,"Non-PNA Member","Indonesia","Fleet_catch_in_own_national_waters",397915
2012,"Non-PNA Member","Indonesia","Fleet_catch_in_own_national_waters",443316
2013,"Non-PNA Member","Indonesia","Fleet_catch_in_own_national_waters",526236
2014,"Non-PNA Member","Indonesia","Fleet_catch_in_own_national_waters",482917
2015,"Non-PNA Member","Indonesia","Fleet_catch_in_own_national_waters",432078
2016,"Non-PNA Member","Indonesia","Fleet_catch_in_own_national_waters",525633
2017,"Non-PNA Member","Indonesia","Fleet_catch_in_own_national_waters",470964
2018,"Non-PNA Member","Indonesia","Fleet_catch_in_own_national_waters",526475
2019,"Non-PNA Member","Indonesia","Fleet_catch_in_own_national_waters",536212
2020,"Non-PNA Member","Indonesia","Fleet_catch_in_own_national_waters",514558
2021,"Non-PNA Member","Indonesia","Fleet_catch_in_own_national_waters",546944
2022,"Non-PNA Member","Indonesia","Fleet_catch_in_own_national_waters",513429
2023,"Non-PNA Member","Indonesia","Fleet_catch_in_own_national_waters",513429
1997,"High Seas","IW","Fleet_catch_in_own_national_waters",0
1998,"High Seas","IW","Fleet_catch_in_own_national_waters",0
1999,"High Seas","IW","Fleet_catch_in_own_national_waters",0
2000,"High Seas","IW","Fleet_catch_in_own_national_waters",0
2001,"High Seas","IW","Fleet_catch_in_own_national_waters",0
2002,"High Seas","IW","Fleet_catch_in_own_national_waters",0
2003,"High Seas","IW","Fleet_catch_in_own_national_waters",0
2004,"High Seas","IW","Fleet_catch_in_own_national_waters",0
2005,"High Seas","IW","Fleet_catch_in_own_national_waters",0
2006,"High Seas","IW","Fleet_catch_in_own_national_waters",0
2007,"High Seas","IW","Fleet_catch_in_own_national_waters",0
2008,"High Seas","IW","Fleet_catch_in_own_national_waters",0
2009,"High Seas","IW","Fleet_catch_in_own_national_waters",0
2010,"High Seas","IW","Fleet_catch_in_own_national_waters",0
2011,"High Seas","IW","Fleet_catch_in_own_national_waters",0
2012,"High Seas","IW","Fleet_catch_in_own_national_waters",0
2013,"High Seas","IW","Fleet_catch_in_own_national_waters",0
2014,"High Seas","IW","Fleet_catch_in_own_national_waters",0
2015,"High Seas","IW","Fleet_catch_in_own_national_waters",0
2016,"High Seas","IW","Fleet_catch_in_own_national_waters",0
2017,"High Seas","IW","Fleet_catch_in_own_national_waters",0
2018,"High Seas","IW","Fleet_catch_in_own_national_waters",0
2019,"High Seas","IW","Fleet_catch_in_own_national_waters",0
2020,"High Seas","IW","Fleet_catch_in_own_national_waters",0
2021,"High Seas","IW","Fleet_catch_in_own_national_waters",0
2022,"High Seas","IW","Fleet_catch_in_own_national_waters",0
2023,"High Seas","IW","Fleet_catch_in_own_national_waters",0
1997,"Non-PNA Member","Japan","Fleet_catch_in_own_national_waters",146158
1998,"Non-PNA Member","Japan","Fleet_catch_in_own_national_waters",146410
1999,"Non-PNA Member","Japan","Fleet_catch_in_own_national_waters",141765
2000,"Non-PNA Member","Japan","Fleet_catch_in_own_national_waters",148627
2001,"Non-PNA Member","Japan","Fleet_catch_in_own_national_waters",82219
2002,"Non-PNA Member","Japan","Fleet_catch_in_own_national_waters",75636
2003,"Non-PNA Member","Japan","Fleet_catch_in_own_national_waters",90356
2004,"Non-PNA Member","Japan","Fleet_catch_in_own_national_waters",104502
2005,"Non-PNA Member","Japan","Fleet_catch_in_own_national_waters",109913
2006,"Non-PNA Member","Japan","Fleet_catch_in_own_national_waters",101396
2007,"Non-PNA Member","Japan","Fleet_catch_in_own_national_waters",121352
2008,"Non-PNA Member","Japan","Fleet_catch_in_own_national_waters",102221
2009,"Non-PNA Member","Japan","Fleet_catch_in_own_national_waters",101990
2010,"Non-PNA Member","Japan","Fleet_catch_in_own_national_waters",87773
2011,"Non-PNA Member","Japan","Fleet_catch_in_own_national_waters",77423
2012,"Non-PNA Member","Japan","Fleet_catch_in_own_national_waters",71141
2013,"Non-PNA Member","Japan","Fleet_catch_in_own_national_waters",94076
2014,"Non-PNA Member","Japan","Fleet_catch_in_own_national_waters",74284
2015,"Non-PNA Member","Japan","Fleet_catch_in_own_national_waters",89571
2016,"Non-PNA Member","Japan","Fleet_catch_in_own_national_waters",71709
2017,"Non-PNA Member","Japan","Fleet_catch_in_own_national_waters",76829
2018,"Non-PNA Member","Japan","Fleet_catch_in_own_national_waters",86713
2019,"Non-PNA Member","Japan","Fleet_catch_in_own_national_waters",65942
2020,"Non-PNA Member","Japan","Fleet_catch_in_own_national_waters",68617
2021,"Non-PNA Member","Japan","Fleet_catch_in_own_national_waters",79243
2022,"Non-PNA Member","Japan","Fleet_catch_in_own_national_waters",68249
2023,"Non-PNA Member","Japan","Fleet_catch_in_own_national_waters",84557
1997,"PNA Member","Kiribati","Fleet_catch_in_own_national_waters",3481
1998,"PNA Member","Kiribati","Fleet_catch_in_own_national_waters",3088
1999,"PNA Member","Kiribati","Fleet_catch_in_own_national_waters",3720
2000,"PNA Member","Kiribati","Fleet_catch_in_own_national_waters",9753
2001,"PNA Member","Kiribati","Fleet_catch_in_own_national_waters",1685
2002,"PNA Member","Kiribati","Fleet_catch_in_own_national_waters",5286
2003,"PNA Member","Kiribati","Fleet_catch_in_own_national_waters",2131
2004,"PNA Member","Kiribati","Fleet_catch_in_own_national_waters",2316
2005,"PNA Member","Kiribati","Fleet_catch_in_own_national_waters",2060
2006,"PNA Member","Kiribati","Fleet_catch_in_own_national_waters",2280
2007,"PNA Member","Kiribati","Fleet_catch_in_own_national_waters",13732
2008,"PNA Member","Kiribati","Fleet_catch_in_own_national_waters",12682
2009,"PNA Member","Kiribati","Fleet_catch_in_own_national_waters",18794
2010,"PNA Member","Kiribati","Fleet_catch_in_own_national_waters",20099
2011,"PNA Member","Kiribati","Fleet_catch_in_own_national_waters",24837
2012,"PNA Member","Kiribati","Fleet_catch_in_own_national_waters",42143
2013,"PNA Member","Kiribati","Fleet_catch_in_own_national_waters",25298
2014,"PNA Member","Kiribati","Fleet_catch_in_own_national_waters",58513
2015,"PNA Member","Kiribati","Fleet_catch_in_own_national_waters",93027
2016,"PNA Member","Kiribati","Fleet_catch_in_own_national_waters",83002
2017,"PNA Member","Kiribati","Fleet_catch_in_own_national_waters",91262
2018,"PNA Member","Kiribati","Fleet_catch_in_own_national_waters",108237
2019,"PNA Member","Kiribati","Fleet_catch_in_own_national_waters",157799
2020,"PNA Member","Kiribati","Fleet_catch_in_own_national_waters",133884
2021,"PNA Member","Kiribati","Fleet_catch_in_own_national_waters",118508
2022,"PNA Member","Kiribati","Fleet_catch_in_own_national_waters",112654
2023,"PNA Member","Kiribati","Fleet_catch_in_own_national_waters",152662
1997,"Non-PNA Member","Korea","Fleet_catch_in_own_national_waters",0
1998,"Non-PNA Member","Korea","Fleet_catch_in_own_national_waters",0
1999,"Non-PNA Member","Korea","Fleet_catch_in_own_national_waters",0
2000,"Non-PNA Member","Korea","Fleet_catch_in_own_national_waters",0
2001,"Non-PNA Member","Korea","Fleet_catch_in_own_national_waters",0
2002,"Non-PNA Member","Korea","Fleet_catch_in_own_national_waters",0
2003,"Non-PNA Member","Korea","Fleet_catch_in_own_national_waters",0
2004,"Non-PNA Member","Korea","Fleet_catch_in_own_national_waters",0
2005,"Non-PNA Member","Korea","Fleet_catch_in_own_national_waters",0
2006,"Non-PNA Member","Korea","Fleet_catch_in_own_national_waters",0
2007,"Non-PNA Member","Korea","Fleet_catch_in_own_national_waters",0
2008,"Non-PNA Member","Korea","Fleet_catch_in_own_national_waters",0
2009,"Non-PNA Member","Korea","Fleet_catch_in_own_national_waters",0
2010,"Non-PNA Member","Korea","Fleet_catch_in_own_national_waters",0
2011,"Non-PNA Member","Korea","Fleet_catch_in_own_national_waters",0
2012,"Non-PNA Member","Korea","Fleet_catch_in_own_national_waters",0
2013,"Non-PNA Member","Korea","Fleet_catch_in_own_national_waters",0
2014,"Non-PNA Member","Korea","Fleet_catch_in_own_national_waters",0
2015,"Non-PNA Member","Korea","Fleet_catch_in_own_national_waters",0
2016,"Non-PNA Member","Korea","Fleet_catch_in_own_national_waters",0
2017,"Non-PNA Member","Korea","Fleet_catch_in_own_national_waters",0
2018,"Non-PNA Member","Korea","Fleet_catch_in_own_national_waters",0
2019,"Non-PNA Member","Korea","Fleet_catch_in_own_national_waters",0
2020,"Non-PNA Member","Korea","Fleet_catch_in_own_national_waters",0
2021,"Non-PNA Member","Korea","Fleet_catch_in_own_national_waters",0
2022,"Non-PNA Member","Korea","Fleet_catch_in_own_national_waters",0
2023,"Non-PNA Member","Korea","Fleet_catch_in_own_national_waters",0
1997,"PNA Member","Marshall Islands","Fleet_catch_in_own_national_waters",0
1998,"PNA Member","Marshall Islands","Fleet_catch_in_own_national_waters",0
1999,"PNA Member","Marshall Islands","Fleet_catch_in_own_national_waters",0
2000,"PNA Member","Marshall Islands","Fleet_catch_in_own_national_waters",309
2001,"PNA Member","Marshall Islands","Fleet_catch_in_own_national_waters",5293
2002,"PNA Member","Marshall Islands","Fleet_catch_in_own_national_waters",2511
2003,"PNA Member","Marshall Islands","Fleet_catch_in_own_national_waters",1839
2004,"PNA Member","Marshall Islands","Fleet_catch_in_own_national_waters",5297
2005,"PNA Member","Marshall Islands","Fleet_catch_in_own_national_waters",4174
2006,"PNA Member","Marshall Islands","Fleet_catch_in_own_national_waters",1564
2007,"PNA Member","Marshall Islands","Fleet_catch_in_own_national_waters",5095
2008,"PNA Member","Marshall Islands","Fleet_catch_in_own_national_waters",3810
2009,"PNA Member","Marshall Islands","Fleet_catch_in_own_national_waters",4447
2010,"PNA Member","Marshall Islands","Fleet_catch_in_own_national_waters",4477
2011,"PNA Member","Marshall Islands","Fleet_catch_in_own_national_waters",6686
2012,"PNA Member","Marshall Islands","Fleet_catch_in_own_national_waters",13179
2013,"PNA Member","Marshall Islands","Fleet_catch_in_own_national_waters",13347
2014,"PNA Member","Marshall Islands","Fleet_catch_in_own_national_waters",14051
2015,"PNA Member","Marshall Islands","Fleet_catch_in_own_national_waters",4230
2016,"PNA Member","Marshall Islands","Fleet_catch_in_own_national_waters",9523
2017,"PNA Member","Marshall Islands","Fleet_catch_in_own_national_waters",10574
2018,"PNA Member","Marshall Islands","Fleet_catch_in_own_national_waters",8405
2019,"PNA Member","Marshall Islands","Fleet_catch_in_own_national_waters",4202
2020,"PNA Member","Marshall Islands","Fleet_catch_in_own_national_waters",10856
2021,"PNA Member","Marshall Islands","Fleet_catch_in_own_national_waters",17936
2022,"PNA Member","Marshall Islands","Fleet_catch_in_own_national_waters",19452
2023,"PNA Member","Marshall Islands","Fleet_catch_in_own_national_waters",11641
1997,"Non-PNA Member","Mathew and Hunter","Fleet_catch_in_own_national_waters",0
1998,"Non-PNA Member","Mathew and Hunter","Fleet_catch_in_own_national_waters",0
1999,"Non-PNA Member","Mathew and Hunter","Fleet_catch_in_own_national_waters",0
2000,"Non-PNA Member","Mathew and Hunter","Fleet_catch_in_own_national_waters",0
2001,"Non-PNA Member","Mathew and Hunter","Fleet_catch_in_own_national_waters",0
2002,"Non-PNA Member","Mathew and Hunter","Fleet_catch_in_own_national_waters",0
2003,"Non-PNA Member","Mathew and Hunter","Fleet_catch_in_own_national_waters",0
2004,"Non-PNA Member","Mathew and Hunter","Fleet_catch_in_own_national_waters",0
2005,"Non-PNA Member","Mathew and Hunter","Fleet_catch_in_own_national_waters",0
2006,"Non-PNA Member","Mathew and Hunter","Fleet_catch_in_own_national_waters",0
2007,"Non-PNA Member","Mathew and Hunter","Fleet_catch_in_own_national_waters",0
2008,"Non-PNA Member","Mathew and Hunter","Fleet_catch_in_own_national_waters",0
2009,"Non-PNA Member","Mathew and Hunter","Fleet_catch_in_own_national_waters",0
2010,"Non-PNA Member","Mathew and Hunter","Fleet_catch_in_own_national_waters",0
2011,"Non-PNA Member","Mathew and Hunter","Fleet_catch_in_own_national_waters",0
2012,"Non-PNA Member","Mathew and Hunter","Fleet_catch_in_own_national_waters",0
2013,"Non-PNA Member","Mathew and Hunter","Fleet_catch_in_own_national_waters",0
2014,"Non-PNA Member","Mathew and Hunter","Fleet_catch_in_own_national_waters",0
2015,"Non-PNA Member","Mathew and Hunter","Fleet_catch_in_own_national_waters",0
2016,"Non-PNA Member","Mathew and Hunter","Fleet_catch_in_own_national_waters",0
2017,"Non-PNA Member","Mathew and Hunter","Fleet_catch_in_own_national_waters",0
2018,"Non-PNA Member","Mathew and Hunter","Fleet_catch_in_own_national_waters",0
2019,"Non-PNA Member","Mathew and Hunter","Fleet_catch_in_own_national_waters",0
2020,"Non-PNA Member","Mathew and Hunter","Fleet_catch_in_own_national_waters",0
2021,"Non-PNA Member","Mathew and Hunter","Fleet_catch_in_own_national_waters",0
2022,"Non-PNA Member","Mathew and Hunter","Fleet_catch_in_own_national_waters",0
2023,"Non-PNA Member","Mathew and Hunter","Fleet_catch_in_own_national_waters",0
1997,"PNA Member","Nauru","Fleet_catch_in_own_national_waters",0
1998,"PNA Member","Nauru","Fleet_catch_in_own_national_waters",0
1999,"PNA Member","Nauru","Fleet_catch_in_own_national_waters",0
2000,"PNA Member","Nauru","Fleet_catch_in_own_national_waters",11
2001,"PNA Member","Nauru","Fleet_catch_in_own_national_waters",13
2002,"PNA Member","Nauru","Fleet_catch_in_own_national_waters",7
2003,"PNA Member","Nauru","Fleet_catch_in_own_national_waters",20
2004,"PNA Member","Nauru","Fleet_catch_in_own_national_waters",3
2005,"PNA Member","Nauru","Fleet_catch_in_own_national_waters",0
2006,"PNA Member","Nauru","Fleet_catch_in_own_national_waters",0
2007,"PNA Member","Nauru","Fleet_catch_in_own_national_waters",0
2008,"PNA Member","Nauru","Fleet_catch_in_own_national_waters",3
2009,"PNA Member","Nauru","Fleet_catch_in_own_national_waters",8
2010,"PNA Member","Nauru","Fleet_catch_in_own_national_waters",4
2011,"PNA Member","Nauru","Fleet_catch_in_own_national_waters",11
2012,"PNA Member","Nauru","Fleet_catch_in_own_national_waters",11
2013,"PNA Member","Nauru","Fleet_catch_in_own_national_waters",19
2014,"PNA Member","Nauru","Fleet_catch_in_own_national_waters",19
2015,"PNA Member","Nauru","Fleet_catch_in_own_national_waters",19
2016,"PNA Member","Nauru","Fleet_catch_in_own_national_waters",19
2017,"PNA Member","Nauru","Fleet_catch_in_own_national_waters",19
2018,"PNA Member","Nauru","Fleet_catch_in_own_national_waters",36
2019,"PNA Member","Nauru","Fleet_catch_in_own_national_waters",2658
2020,"PNA Member","Nauru","Fleet_catch_in_own_national_waters",21954
2021,"PNA Member","Nauru","Fleet_catch_in_own_national_waters",36582
2022,"PNA Member","Nauru","Fleet_catch_in_own_national_waters",23492
2023,"PNA Member","Nauru","Fleet_catch_in_own_national_waters",22172
1997,"Non-PNA Member","New Caledonia","Fleet_catch_in_own_national_waters",875
1998,"Non-PNA Member","New Caledonia","Fleet_catch_in_own_national_waters",1497
1999,"Non-PNA Member","New Caledonia","Fleet_catch_in_own_national_waters",1567
2000,"Non-PNA Member","New Caledonia","Fleet_catch_in_own_national_waters",1653
2001,"Non-PNA Member","New Caledonia","Fleet_catch_in_own_national_waters",1713
2002,"Non-PNA Member","New Caledonia","Fleet_catch_in_own_national_waters",1925
2003,"Non-PNA Member","New Caledonia","Fleet_catch_in_own_national_waters",2000
2004,"Non-PNA Member","New Caledonia","Fleet_catch_in_own_national_waters",2161
2005,"Non-PNA Member","New Caledonia","Fleet_catch_in_own_national_waters",2109
2006,"Non-PNA Member","New Caledonia","Fleet_catch_in_own_national_waters",1802
2007,"Non-PNA Member","New Caledonia","Fleet_catch_in_own_national_waters",1764
2008,"Non-PNA Member","New Caledonia","Fleet_catch_in_own_national_waters",1982
2009,"Non-PNA Member","New Caledonia","Fleet_catch_in_own_national_waters",2178
2010,"Non-PNA Member","New Caledonia","Fleet_catch_in_own_national_waters",2481
2011,"Non-PNA Member","New Caledonia","Fleet_catch_in_own_national_waters",2360
2012,"Non-PNA Member","New Caledonia","Fleet_catch_in_own_national_waters",2332
2013,"Non-PNA Member","New Caledonia","Fleet_catch_in_own_national_waters",2290
2014,"Non-PNA Member","New Caledonia","Fleet_catch_in_own_national_waters",2426
2015,"Non-PNA Member","New Caledonia","Fleet_catch_in_own_national_waters",2497
2016,"Non-PNA Member","New Caledonia","Fleet_catch_in_own_national_waters",2359
2017,"Non-PNA Member","New Caledonia","Fleet_catch_in_own_national_waters",2363
2018,"Non-PNA Member","New Caledonia","Fleet_catch_in_own_national_waters",2270
2019,"Non-PNA Member","New Caledonia","Fleet_catch_in_own_national_waters",2747
2020,"Non-PNA Member","New Caledonia","Fleet_catch_in_own_national_waters",2467
2021,"Non-PNA Member","New Caledonia","Fleet_catch_in_own_national_waters",2434
2022,"Non-PNA Member","New Caledonia","Fleet_catch_in_own_national_waters",2879
2023,"Non-PNA Member","New Caledonia","Fleet_catch_in_own_national_waters",2515
1997,"Non-PNA Member","New Zealand","Fleet_catch_in_own_national_waters",10451
1998,"Non-PNA Member","New Zealand","Fleet_catch_in_own_national_waters",15145
1999,"Non-PNA Member","New Zealand","Fleet_catch_in_own_national_waters",10138
2000,"Non-PNA Member","New Zealand","Fleet_catch_in_own_national_waters",14176
2001,"Non-PNA Member","New Zealand","Fleet_catch_in_own_national_waters",10075
2002,"Non-PNA Member","New Zealand","Fleet_catch_in_own_national_waters",10564
2003,"Non-PNA Member","New Zealand","Fleet_catch_in_own_national_waters",10182
2004,"Non-PNA Member","New Zealand","Fleet_catch_in_own_national_waters",15572
2005,"Non-PNA Member","New Zealand","Fleet_catch_in_own_national_waters",14229
2006,"Non-PNA Member","New Zealand","Fleet_catch_in_own_national_waters",8317
2007,"Non-PNA Member","New Zealand","Fleet_catch_in_own_national_waters",11568
2008,"Non-PNA Member","New Zealand","Fleet_catch_in_own_national_waters",11619
2009,"Non-PNA Member","New Zealand","Fleet_catch_in_own_national_waters",6348
2010,"Non-PNA Member","New Zealand","Fleet_catch_in_own_national_waters",9388
2011,"Non-PNA Member","New Zealand","Fleet_catch_in_own_national_waters",12807
2012,"Non-PNA Member","New Zealand","Fleet_catch_in_own_national_waters",12366
2013,"Non-PNA Member","New Zealand","Fleet_catch_in_own_national_waters",15590
2014,"Non-PNA Member","New Zealand","Fleet_catch_in_own_national_waters",11928
2015,"Non-PNA Member","New Zealand","Fleet_catch_in_own_national_waters",13452
2016,"Non-PNA Member","New Zealand","Fleet_catch_in_own_national_waters",7840
2017,"Non-PNA Member","New Zealand","Fleet_catch_in_own_national_waters",6378
2018,"Non-PNA Member","New Zealand","Fleet_catch_in_own_national_waters",6380
2019,"Non-PNA Member","New Zealand","Fleet_catch_in_own_national_waters",7548
2020,"Non-PNA Member","New Zealand","Fleet_catch_in_own_national_waters",8661
2021,"Non-PNA Member","New Zealand","Fleet_catch_in_own_national_waters",8507
2022,"Non-PNA Member","New Zealand","Fleet_catch_in_own_national_waters",3449
2023,"Non-PNA Member","New Zealand","Fleet_catch_in_own_national_waters",1208
1997,"Non-PNA Member","Niue","Fleet_catch_in_own_national_waters",0
1998,"Non-PNA Member","Niue","Fleet_catch_in_own_national_waters",0
1999,"Non-PNA Member","Niue","Fleet_catch_in_own_national_waters",0
2000,"Non-PNA Member","Niue","Fleet_catch_in_own_national_waters",0
2001,"Non-PNA Member","Niue","Fleet_catch_in_own_national_waters",0
2002,"Non-PNA Member","Niue","Fleet_catch_in_own_national_waters",0
2003,"Non-PNA Member","Niue","Fleet_catch_in_own_national_waters",0
2004,"Non-PNA Member","Niue","Fleet_catch_in_own_national_waters",6
2005,"Non-PNA Member","Niue","Fleet_catch_in_own_national_waters",105
2006,"Non-PNA Member","Niue","Fleet_catch_in_own_national_waters",285
2007,"Non-PNA Member","Niue","Fleet_catch_in_own_national_waters",306
2008,"Non-PNA Member","Niue","Fleet_catch_in_own_national_waters",435
2009,"Non-PNA Member","Niue","Fleet_catch_in_own_national_waters",189
2010,"Non-PNA Member","Niue","Fleet_catch_in_own_national_waters",110
2011,"Non-PNA Member","Niue","Fleet_catch_in_own_national_waters",0
2012,"Non-PNA Member","Niue","Fleet_catch_in_own_national_waters",0
2013,"Non-PNA Member","Niue","Fleet_catch_in_own_national_waters",0
2014,"Non-PNA Member","Niue","Fleet_catch_in_own_national_waters",0
2015,"Non-PNA Member","Niue","Fleet_catch_in_own_national_waters",0
2016,"Non-PNA Member","Niue","Fleet_catch_in_own_national_waters",0
2017,"Non-PNA Member","Niue","Fleet_catch_in_own_national_waters",0
2018,"Non-PNA Member","Niue","Fleet_catch_in_own_national_waters",0
2019,"Non-PNA Member","Niue","Fleet_catch_in_own_national_waters",0
2020,"Non-PNA Member","Niue","Fleet_catch_in_own_national_waters",0
2021,"Non-PNA Member","Niue","Fleet_catch_in_own_national_waters",3
2022,"Non-PNA Member","Niue","Fleet_catch_in_own_national_waters",2
2023,"Non-PNA Member","Niue","Fleet_catch_in_own_national_waters",2
1997,"Non-PNA Member","Northern Mariana Islands","Fleet_catch_in_own_national_waters",0
1998,"Non-PNA Member","Northern Mariana Islands","Fleet_catch_in_own_national_waters",0
1999,"Non-PNA Member","Northern Mariana Islands","Fleet_catch_in_own_national_waters",0
2000,"Non-PNA Member","Northern Mariana Islands","Fleet_catch_in_own_national_waters",0
2001,"Non-PNA Member","Northern Mariana Islands","Fleet_catch_in_own_national_waters",0
2002,"Non-PNA Member","Northern Mariana Islands","Fleet_catch_in_own_national_waters",0
2003,"Non-PNA Member","Northern Mariana Islands","Fleet_catch_in_own_national_waters",0
2004,"Non-PNA Member","Northern Mariana Islands","Fleet_catch_in_own_national_waters",0
2005,"Non-PNA Member","Northern Mariana Islands","Fleet_catch_in_own_national_waters",0
2006,"Non-PNA Member","Northern Mariana Islands","Fleet_catch_in_own_national_waters",0
2007,"Non-PNA Member","Northern Mariana Islands","Fleet_catch_in_own_national_waters",0
2008,"Non-PNA Member","Northern Mariana Islands","Fleet_catch_in_own_national_waters",0
2009,"Non-PNA Member","Northern Mariana Islands","Fleet_catch_in_own_national_waters",0
2010,"Non-PNA Member","Northern Mariana Islands","Fleet_catch_in_own_national_waters",0
2011,"Non-PNA Member","Northern Mariana Islands","Fleet_catch_in_own_national_waters",0
2012,"Non-PNA Member","Northern Mariana Islands","Fleet_catch_in_own_national_waters",0
2013,"Non-PNA Member","Northern Mariana Islands","Fleet_catch_in_own_national_waters",0
2014,"Non-PNA Member","Northern Mariana Islands","Fleet_catch_in_own_national_waters",0
2015,"Non-PNA Member","Northern Mariana Islands","Fleet_catch_in_own_national_waters",0
2016,"Non-PNA Member","Northern Mariana Islands","Fleet_catch_in_own_national_waters",0
2017,"Non-PNA Member","Northern Mariana Islands","Fleet_catch_in_own_national_waters",0
2018,"Non-PNA Member","Northern Mariana Islands","Fleet_catch_in_own_national_waters",0
2019,"Non-PNA Member","Northern Mariana Islands","Fleet_catch_in_own_national_waters",0
2020,"Non-PNA Member","Northern Mariana Islands","Fleet_catch_in_own_national_waters",0
2021,"Non-PNA Member","Northern Mariana Islands","Fleet_catch_in_own_national_waters",0
2022,"Non-PNA Member","Northern Mariana Islands","Fleet_catch_in_own_national_waters",0
2023,"Non-PNA Member","Northern Mariana Islands","Fleet_catch_in_own_national_waters",0
1997,"PNA Member","Palau","Fleet_catch_in_own_national_waters",107
1998,"PNA Member","Palau","Fleet_catch_in_own_national_waters",100
1999,"PNA Member","Palau","Fleet_catch_in_own_national_waters",100
2000,"PNA Member","Palau","Fleet_catch_in_own_national_waters",169
2001,"PNA Member","Palau","Fleet_catch_in_own_national_waters",62
2002,"PNA Member","Palau","Fleet_catch_in_own_national_waters",4
2003,"PNA Member","Palau","Fleet_catch_in_own_national_waters",20
2004,"PNA Member","Palau","Fleet_catch_in_own_national_waters",35
2005,"PNA Member","Palau","Fleet_catch_in_own_national_waters",0
2006,"PNA Member","Palau","Fleet_catch_in_own_national_waters",0
2007,"PNA Member","Palau","Fleet_catch_in_own_national_waters",0
2008,"PNA Member","Palau","Fleet_catch_in_own_national_waters",0
2009,"PNA Member","Palau","Fleet_catch_in_own_national_waters",0
2010,"PNA Member","Palau","Fleet_catch_in_own_national_waters",0
2011,"PNA Member","Palau","Fleet_catch_in_own_national_waters",0
2012,"PNA Member","Palau","Fleet_catch_in_own_national_waters",0
2013,"PNA Member","Palau","Fleet_catch_in_own_national_waters",0
2014,"PNA Member","Palau","Fleet_catch_in_own_national_waters",0
2015,"PNA Member","Palau","Fleet_catch_in_own_national_waters",0
2016,"PNA Member","Palau","Fleet_catch_in_own_national_waters",0
2017,"PNA Member","Palau","Fleet_catch_in_own_national_waters",2294
2018,"PNA Member","Palau","Fleet_catch_in_own_national_waters",2683
2019,"PNA Member","Palau","Fleet_catch_in_own_national_waters",2331
2020,"PNA Member","Palau","Fleet_catch_in_own_national_waters",1
2021,"PNA Member","Palau","Fleet_catch_in_own_national_waters",33
2022,"PNA Member","Palau","Fleet_catch_in_own_national_waters",24
2023,"PNA Member","Palau","Fleet_catch_in_own_national_waters",8
1997,"Non-PNA Member","Philippines","Fleet_catch_in_own_national_waters",173749
1998,"Non-PNA Member","Philippines","Fleet_catch_in_own_national_waters",191743
1999,"Non-PNA Member","Philippines","Fleet_catch_in_own_national_waters",194894
2000,"Non-PNA Member","Philippines","Fleet_catch_in_own_national_waters",199003
2001,"Non-PNA Member","Philippines","Fleet_catch_in_own_national_waters",185049
2002,"Non-PNA Member","Philippines","Fleet_catch_in_own_national_waters",205309
2003,"Non-PNA Member","Philippines","Fleet_catch_in_own_national_waters",259729
2004,"Non-PNA Member","Philippines","Fleet_catch_in_own_national_waters",266693
2005,"Non-PNA Member","Philippines","Fleet_catch_in_own_national_waters",273273
2006,"Non-PNA Member","Philippines","Fleet_catch_in_own_national_waters",300392
2007,"Non-PNA Member","Philippines","Fleet_catch_in_own_national_waters",346832
2008,"Non-PNA Member","Philippines","Fleet_catch_in_own_national_waters",370650
2009,"Non-PNA Member","Philippines","Fleet_catch_in_own_national_waters",266721
2010,"Non-PNA Member","Philippines","Fleet_catch_in_own_national_waters",212163
2011,"Non-PNA Member","Philippines","Fleet_catch_in_own_national_waters",113102
2012,"Non-PNA Member","Philippines","Fleet_catch_in_own_national_waters",121095
2013,"Non-PNA Member","Philippines","Fleet_catch_in_own_national_waters",132278
2014,"Non-PNA Member","Philippines","Fleet_catch_in_own_national_waters",154819
2015,"Non-PNA Member","Philippines","Fleet_catch_in_own_national_waters",148196
2016,"Non-PNA Member","Philippines","Fleet_catch_in_own_national_waters",120891
2017,"Non-PNA Member","Philippines","Fleet_catch_in_own_national_waters",145744
2018,"Non-PNA Member","Philippines","Fleet_catch_in_own_national_waters",123276
2019,"Non-PNA Member","Philippines","Fleet_catch_in_own_national_waters",131323
2020,"Non-PNA Member","Philippines","Fleet_catch_in_own_national_waters",155055
2021,"Non-PNA Member","Philippines","Fleet_catch_in_own_national_waters",156103
2022,"Non-PNA Member","Philippines","Fleet_catch_in_own_national_waters",126400
2023,"Non-PNA Member","Philippines","Fleet_catch_in_own_national_waters",138203
1997,"PNA Member","PNG","Fleet_catch_in_own_national_waters",17068
1998,"PNA Member","PNG","Fleet_catch_in_own_national_waters",37643
1999,"PNA Member","PNG","Fleet_catch_in_own_national_waters",28711
2000,"PNA Member","PNG","Fleet_catch_in_own_national_waters",45270
2001,"PNA Member","PNG","Fleet_catch_in_own_national_waters",56697
2002,"PNA Member","PNG","Fleet_catch_in_own_national_waters",72856
2003,"PNA Member","PNG","Fleet_catch_in_own_national_waters",124080
2004,"PNA Member","PNG","Fleet_catch_in_own_national_waters",132518
2005,"PNA Member","PNG","Fleet_catch_in_own_national_waters",130262
2006,"PNA Member","PNG","Fleet_catch_in_own_national_waters",153400
2007,"PNA Member","PNG","Fleet_catch_in_own_national_waters",167548
2008,"PNA Member","PNG","Fleet_catch_in_own_national_waters",153990
2009,"PNA Member","PNG","Fleet_catch_in_own_national_waters",140642
2010,"PNA Member","PNG","Fleet_catch_in_own_national_waters",131120
2011,"PNA Member","PNG","Fleet_catch_in_own_national_waters",136279
2012,"PNA Member","PNG","Fleet_catch_in_own_national_waters",164587
2013,"PNA Member","PNG","Fleet_catch_in_own_national_waters",148245
2014,"PNA Member","PNG","Fleet_catch_in_own_national_waters",112712
2015,"PNA Member","PNG","Fleet_catch_in_own_national_waters",61009
2016,"PNA Member","PNG","Fleet_catch_in_own_national_waters",126482
2017,"PNA Member","PNG","Fleet_catch_in_own_national_waters",203747
2018,"PNA Member","PNG","Fleet_catch_in_own_national_waters",192772
2019,"PNA Member","PNG","Fleet_catch_in_own_national_waters",152861
2020,"PNA Member","PNG","Fleet_catch_in_own_national_waters",189745
2021,"PNA Member","PNG","Fleet_catch_in_own_national_waters",155583
2022,"PNA Member","PNG","Fleet_catch_in_own_national_waters",213485
2023,"PNA Member","PNG","Fleet_catch_in_own_national_waters",197214
1997,"Non-PNA Member","Portugal","Fleet_catch_in_own_national_waters",0
1998,"Non-PNA Member","Portugal","Fleet_catch_in_own_national_waters",0
1999,"Non-PNA Member","Portugal","Fleet_catch_in_own_national_waters",0
2000,"Non-PNA Member","Portugal","Fleet_catch_in_own_national_waters",0
2001,"Non-PNA Member","Portugal","Fleet_catch_in_own_national_waters",0
2002,"Non-PNA Member","Portugal","Fleet_catch_in_own_national_waters",0
2003,"Non-PNA Member","Portugal","Fleet_catch_in_own_national_waters",0
2004,"Non-PNA Member","Portugal","Fleet_catch_in_own_national_waters",0
2005,"Non-PNA Member","Portugal","Fleet_catch_in_own_national_waters",0
2006,"Non-PNA Member","Portugal","Fleet_catch_in_own_national_waters",0
2007,"Non-PNA Member","Portugal","Fleet_catch_in_own_national_waters",0
2008,"Non-PNA Member","Portugal","Fleet_catch_in_own_national_waters",0
2009,"Non-PNA Member","Portugal","Fleet_catch_in_own_national_waters",0
2010,"Non-PNA Member","Portugal","Fleet_catch_in_own_national_waters",0
2011,"Non-PNA Member","Portugal","Fleet_catch_in_own_national_waters",0
2012,"Non-PNA Member","Portugal","Fleet_catch_in_own_national_waters",0
2013,"Non-PNA Member","Portugal","Fleet_catch_in_own_national_waters",0
2014,"Non-PNA Member","Portugal","Fleet_catch_in_own_national_waters",0
2015,"Non-PNA Member","Portugal","Fleet_catch_in_own_national_waters",0
2016,"Non-PNA Member","Portugal","Fleet_catch_in_own_national_waters",0
2017,"Non-PNA Member","Portugal","Fleet_catch_in_own_national_waters",0
2018,"Non-PNA Member","Portugal","Fleet_catch_in_own_national_waters",0
2019,"Non-PNA Member","Portugal","Fleet_catch_in_own_national_waters",0
2020,"Non-PNA Member","Portugal","Fleet_catch_in_own_national_waters",0
2021,"Non-PNA Member","Portugal","Fleet_catch_in_own_national_waters",0
2022,"Non-PNA Member","Portugal","Fleet_catch_in_own_national_waters",0
2023,"Non-PNA Member","Portugal","Fleet_catch_in_own_national_waters",0
1997,"Non-PNA Member","Samoa","Fleet_catch_in_own_national_waters",5498
1998,"Non-PNA Member","Samoa","Fleet_catch_in_own_national_waters",6820
1999,"Non-PNA Member","Samoa","Fleet_catch_in_own_national_waters",5790
2000,"Non-PNA Member","Samoa","Fleet_catch_in_own_national_waters",5389
2001,"Non-PNA Member","Samoa","Fleet_catch_in_own_national_waters",5864
2002,"Non-PNA Member","Samoa","Fleet_catch_in_own_national_waters",4908
2003,"Non-PNA Member","Samoa","Fleet_catch_in_own_national_waters",2944
2004,"Non-PNA Member","Samoa","Fleet_catch_in_own_national_waters",1967
2005,"Non-PNA Member","Samoa","Fleet_catch_in_own_national_waters",1626
2006,"Non-PNA Member","Samoa","Fleet_catch_in_own_national_waters",2564
2007,"Non-PNA Member","Samoa","Fleet_catch_in_own_national_waters",3559
2008,"Non-PNA Member","Samoa","Fleet_catch_in_own_national_waters",2796
2009,"Non-PNA Member","Samoa","Fleet_catch_in_own_national_waters",3422
2010,"Non-PNA Member","Samoa","Fleet_catch_in_own_national_waters",3090
2011,"Non-PNA Member","Samoa","Fleet_catch_in_own_national_waters",1932
2012,"Non-PNA Member","Samoa","Fleet_catch_in_own_national_waters",2353
2013,"Non-PNA Member","Samoa","Fleet_catch_in_own_national_waters",2022
2014,"Non-PNA Member","Samoa","Fleet_catch_in_own_national_waters",1090
2015,"Non-PNA Member","Samoa","Fleet_catch_in_own_national_waters",1160
2016,"Non-PNA Member","Samoa","Fleet_catch_in_own_national_waters",1086
2017,"Non-PNA Member","Samoa","Fleet_catch_in_own_national_waters",2219
2018,"Non-PNA Member","Samoa","Fleet_catch_in_own_national_waters",1771
2019,"Non-PNA Member","Samoa","Fleet_catch_in_own_national_waters",1877
2020,"Non-PNA Member","Samoa","Fleet_catch_in_own_national_waters",1381
2021,"Non-PNA Member","Samoa","Fleet_catch_in_own_national_waters",1093
2022,"Non-PNA Member","Samoa","Fleet_catch_in_own_national_waters",854
2023,"Non-PNA Member","Samoa","Fleet_catch_in_own_national_waters",1463
1997,"Non-PNA Member","Senegal","Fleet_catch_in_own_national_waters",0
1998,"Non-PNA Member","Senegal","Fleet_catch_in_own_national_waters",0
1999,"Non-PNA Member","Senegal","Fleet_catch_in_own_national_waters",0
2000,"Non-PNA Member","Senegal","Fleet_catch_in_own_national_waters",0
2001,"Non-PNA Member","Senegal","Fleet_catch_in_own_national_waters",0
2002,"Non-PNA Member","Senegal","Fleet_catch_in_own_national_waters",0
2003,"Non-PNA Member","Senegal","Fleet_catch_in_own_national_waters",0
2004,"Non-PNA Member","Senegal","Fleet_catch_in_own_national_waters",0
2005,"Non-PNA Member","Senegal","Fleet_catch_in_own_national_waters",0
2006,"Non-PNA Member","Senegal","Fleet_catch_in_own_national_waters",0
2007,"Non-PNA Member","Senegal","Fleet_catch_in_own_national_waters",0
2008,"Non-PNA Member","Senegal","Fleet_catch_in_own_national_waters",0
2009,"Non-PNA Member","Senegal","Fleet_catch_in_own_national_waters",0
2010,"Non-PNA Member","Senegal","Fleet_catch_in_own_national_waters",0
2011,"Non-PNA Member","Senegal","Fleet_catch_in_own_national_waters",0
2012,"Non-PNA Member","Senegal","Fleet_catch_in_own_national_waters",0
2013,"Non-PNA Member","Senegal","Fleet_catch_in_own_national_waters",0
2014,"Non-PNA Member","Senegal","Fleet_catch_in_own_national_waters",0
2015,"Non-PNA Member","Senegal","Fleet_catch_in_own_national_waters",0
2016,"Non-PNA Member","Senegal","Fleet_catch_in_own_national_waters",0
2017,"Non-PNA Member","Senegal","Fleet_catch_in_own_national_waters",0
2018,"Non-PNA Member","Senegal","Fleet_catch_in_own_national_waters",0
2019,"Non-PNA Member","Senegal","Fleet_catch_in_own_national_waters",0
2020,"Non-PNA Member","Senegal","Fleet_catch_in_own_national_waters",0
2021,"Non-PNA Member","Senegal","Fleet_catch_in_own_national_waters",0
2022,"Non-PNA Member","Senegal","Fleet_catch_in_own_national_waters",0
2023,"Non-PNA Member","Senegal","Fleet_catch_in_own_national_waters",0
1997,"PNA Member","Solomon  Islands","Fleet_catch_in_own_national_waters",46961
1998,"PNA Member","Solomon  Islands","Fleet_catch_in_own_national_waters",48218
1999,"PNA Member","Solomon  Islands","Fleet_catch_in_own_national_waters",43549
2000,"PNA Member","Solomon  Islands","Fleet_catch_in_own_national_waters",8256
2001,"PNA Member","Solomon  Islands","Fleet_catch_in_own_national_waters",15070
2002,"PNA Member","Solomon  Islands","Fleet_catch_in_own_national_waters",17360
2003,"PNA Member","Solomon  Islands","Fleet_catch_in_own_national_waters",26365
2004,"PNA Member","Solomon  Islands","Fleet_catch_in_own_national_waters",24904
2005,"PNA Member","Solomon  Islands","Fleet_catch_in_own_national_waters",17670
2006,"PNA Member","Solomon  Islands","Fleet_catch_in_own_national_waters",27238
2007,"PNA Member","Solomon  Islands","Fleet_catch_in_own_national_waters",21112
2008,"PNA Member","Solomon  Islands","Fleet_catch_in_own_national_waters",16349
2009,"PNA Member","Solomon  Islands","Fleet_catch_in_own_national_waters",17804
2010,"PNA Member","Solomon  Islands","Fleet_catch_in_own_national_waters",21825
2011,"PNA Member","Solomon  Islands","Fleet_catch_in_own_national_waters",27983
2012,"PNA Member","Solomon  Islands","Fleet_catch_in_own_national_waters",28608
2013,"PNA Member","Solomon  Islands","Fleet_catch_in_own_national_waters",26419
2014,"PNA Member","Solomon  Islands","Fleet_catch_in_own_national_waters",58429
2015,"PNA Member","Solomon  Islands","Fleet_catch_in_own_national_waters",53679
2016,"PNA Member","Solomon  Islands","Fleet_catch_in_own_national_waters",44414
2017,"PNA Member","Solomon  Islands","Fleet_catch_in_own_national_waters",33920
2018,"PNA Member","Solomon  Islands","Fleet_catch_in_own_national_waters",41279
2019,"PNA Member","Solomon  Islands","Fleet_catch_in_own_national_waters",39246
2020,"PNA Member","Solomon  Islands","Fleet_catch_in_own_national_waters",28798
2021,"PNA Member","Solomon  Islands","Fleet_catch_in_own_national_waters",34175
2022,"PNA Member","Solomon  Islands","Fleet_catch_in_own_national_waters",37742
2023,"PNA Member","Solomon  Islands","Fleet_catch_in_own_national_waters",32196
1997,"Non-PNA Member","Spain","Fleet_catch_in_own_national_waters",0
1998,"Non-PNA Member","Spain","Fleet_catch_in_own_national_waters",0
1999,"Non-PNA Member","Spain","Fleet_catch_in_own_national_waters",0
2000,"Non-PNA Member","Spain","Fleet_catch_in_own_national_waters",0
2001,"Non-PNA Member","Spain","Fleet_catch_in_own_national_waters",0
2002,"Non-PNA Member","Spain","Fleet_catch_in_own_national_waters",0
2003,"Non-PNA Member","Spain","Fleet_catch_in_own_national_waters",0
2004,"Non-PNA Member","Spain","Fleet_catch_in_own_national_waters",0
2005,"Non-PNA Member","Spain","Fleet_catch_in_own_national_waters",0
2006,"Non-PNA Member","Spain","Fleet_catch_in_own_national_waters",0
2007,"Non-PNA Member","Spain","Fleet_catch_in_own_national_waters",0
2008,"Non-PNA Member","Spain","Fleet_catch_in_own_national_waters",0
2009,"Non-PNA Member","Spain","Fleet_catch_in_own_national_waters",0
2010,"Non-PNA Member","Spain","Fleet_catch_in_own_national_waters",0
2011,"Non-PNA Member","Spain","Fleet_catch_in_own_national_waters",0
2012,"Non-PNA Member","Spain","Fleet_catch_in_own_national_waters",0
2013,"Non-PNA Member","Spain","Fleet_catch_in_own_national_waters",0
2014,"Non-PNA Member","Spain","Fleet_catch_in_own_national_waters",0
2015,"Non-PNA Member","Spain","Fleet_catch_in_own_national_waters",0
2016,"Non-PNA Member","Spain","Fleet_catch_in_own_national_waters",0
2017,"Non-PNA Member","Spain","Fleet_catch_in_own_national_waters",0
2018,"Non-PNA Member","Spain","Fleet_catch_in_own_national_waters",0
2019,"Non-PNA Member","Spain","Fleet_catch_in_own_national_waters",0
2020,"Non-PNA Member","Spain","Fleet_catch_in_own_national_waters",0
2021,"Non-PNA Member","Spain","Fleet_catch_in_own_national_waters",0
2022,"Non-PNA Member","Spain","Fleet_catch_in_own_national_waters",0
2023,"Non-PNA Member","Spain","Fleet_catch_in_own_national_waters",0
1997,"Non-PNA Member","Taiwan","Fleet_catch_in_own_national_waters",1495
1998,"Non-PNA Member","Taiwan","Fleet_catch_in_own_national_waters",0
1999,"Non-PNA Member","Taiwan","Fleet_catch_in_own_national_waters",0
2000,"Non-PNA Member","Taiwan","Fleet_catch_in_own_national_waters",0
2001,"Non-PNA Member","Taiwan","Fleet_catch_in_own_national_waters",848
2002,"Non-PNA Member","Taiwan","Fleet_catch_in_own_national_waters",987
2003,"Non-PNA Member","Taiwan","Fleet_catch_in_own_national_waters",1980
2004,"Non-PNA Member","Taiwan","Fleet_catch_in_own_national_waters",2473
2005,"Non-PNA Member","Taiwan","Fleet_catch_in_own_national_waters",607
2006,"Non-PNA Member","Taiwan","Fleet_catch_in_own_national_waters",1231
2007,"Non-PNA Member","Taiwan","Fleet_catch_in_own_national_waters",1994
2008,"Non-PNA Member","Taiwan","Fleet_catch_in_own_national_waters",2528
2009,"Non-PNA Member","Taiwan","Fleet_catch_in_own_national_waters",2790
2010,"Non-PNA Member","Taiwan","Fleet_catch_in_own_national_waters",2939
2011,"Non-PNA Member","Taiwan","Fleet_catch_in_own_national_waters",3961
2012,"Non-PNA Member","Taiwan","Fleet_catch_in_own_national_waters",4054
2013,"Non-PNA Member","Taiwan","Fleet_catch_in_own_national_waters",4510
2014,"Non-PNA Member","Taiwan","Fleet_catch_in_own_national_waters",4510
2015,"Non-PNA Member","Taiwan","Fleet_catch_in_own_national_waters",4510
2016,"Non-PNA Member","Taiwan","Fleet_catch_in_own_national_waters",4510
2017,"Non-PNA Member","Taiwan","Fleet_catch_in_own_national_waters",4566
2018,"Non-PNA Member","Taiwan","Fleet_catch_in_own_national_waters",4532
2019,"Non-PNA Member","Taiwan","Fleet_catch_in_own_national_waters",4522
2020,"Non-PNA Member","Taiwan","Fleet_catch_in_own_national_waters",4527
2021,"Non-PNA Member","Taiwan","Fleet_catch_in_own_national_waters",4530
2022,"Non-PNA Member","Taiwan","Fleet_catch_in_own_national_waters",4516
2023,"Non-PNA Member","Taiwan","Fleet_catch_in_own_national_waters",4517
1997,"PNA Member","Tokelau","Fleet_catch_in_own_national_waters",0
1998,"PNA Member","Tokelau","Fleet_catch_in_own_national_waters",0
1999,"PNA Member","Tokelau","Fleet_catch_in_own_national_waters",0
2000,"PNA Member","Tokelau","Fleet_catch_in_own_national_waters",0
2001,"PNA Member","Tokelau","Fleet_catch_in_own_national_waters",0
2002,"PNA Member","Tokelau","Fleet_catch_in_own_national_waters",8
2003,"PNA Member","Tokelau","Fleet_catch_in_own_national_waters",3
2004,"PNA Member","Tokelau","Fleet_catch_in_own_national_waters",3
2005,"PNA Member","Tokelau","Fleet_catch_in_own_national_waters",6
2006,"PNA Member","Tokelau","Fleet_catch_in_own_national_waters",6
2007,"PNA Member","Tokelau","Fleet_catch_in_own_national_waters",8
2008,"PNA Member","Tokelau","Fleet_catch_in_own_national_waters",8
2009,"PNA Member","Tokelau","Fleet_catch_in_own_national_waters",12
2010,"PNA Member","Tokelau","Fleet_catch_in_own_national_waters",4
2011,"PNA Member","Tokelau","Fleet_catch_in_own_national_waters",4
2012,"PNA Member","Tokelau","Fleet_catch_in_own_national_waters",229
2013,"PNA Member","Tokelau","Fleet_catch_in_own_national_waters",177
2014,"PNA Member","Tokelau","Fleet_catch_in_own_national_waters",86
2015,"PNA Member","Tokelau","Fleet_catch_in_own_national_waters",179
2016,"PNA Member","Tokelau","Fleet_catch_in_own_national_waters",179
2017,"PNA Member","Tokelau","Fleet_catch_in_own_national_waters",67
2018,"PNA Member","Tokelau","Fleet_catch_in_own_national_waters",55
2019,"PNA Member","Tokelau","Fleet_catch_in_own_national_waters",67
2020,"PNA Member","Tokelau","Fleet_catch_in_own_national_waters",51
2021,"PNA Member","Tokelau","Fleet_catch_in_own_national_waters",51
2022,"PNA Member","Tokelau","Fleet_catch_in_own_national_waters",19
2023,"PNA Member","Tokelau","Fleet_catch_in_own_national_waters",19
1997,"Non-PNA Member","Tonga","Fleet_catch_in_own_national_waters",663
1998,"Non-PNA Member","Tonga","Fleet_catch_in_own_national_waters",825
1999,"Non-PNA Member","Tonga","Fleet_catch_in_own_national_waters",1043
2000,"Non-PNA Member","Tonga","Fleet_catch_in_own_national_waters",1158
2001,"Non-PNA Member","Tonga","Fleet_catch_in_own_national_waters",1528
2002,"Non-PNA Member","Tonga","Fleet_catch_in_own_national_waters",1253
2003,"Non-PNA Member","Tonga","Fleet_catch_in_own_national_waters",654
2004,"Non-PNA Member","Tonga","Fleet_catch_in_own_national_waters",383
2005,"Non-PNA Member","Tonga","Fleet_catch_in_own_national_waters",598
2006,"Non-PNA Member","Tonga","Fleet_catch_in_own_national_waters",753
2007,"Non-PNA Member","Tonga","Fleet_catch_in_own_national_waters",822
2008,"Non-PNA Member","Tonga","Fleet_catch_in_own_national_waters",592
2009,"Non-PNA Member","Tonga","Fleet_catch_in_own_national_waters",271
2010,"Non-PNA Member","Tonga","Fleet_catch_in_own_national_waters",128
2011,"Non-PNA Member","Tonga","Fleet_catch_in_own_national_waters",224
2012,"Non-PNA Member","Tonga","Fleet_catch_in_own_national_waters",171
2013,"Non-PNA Member","Tonga","Fleet_catch_in_own_national_waters",147
2014,"Non-PNA Member","Tonga","Fleet_catch_in_own_national_waters",244
2015,"Non-PNA Member","Tonga","Fleet_catch_in_own_national_waters",357
2016,"Non-PNA Member","Tonga","Fleet_catch_in_own_national_waters",400
2017,"Non-PNA Member","Tonga","Fleet_catch_in_own_national_waters",432
2018,"Non-PNA Member","Tonga","Fleet_catch_in_own_national_waters",259
2019,"Non-PNA Member","Tonga","Fleet_catch_in_own_national_waters",233
2020,"Non-PNA Member","Tonga","Fleet_catch_in_own_national_waters",182
2021,"Non-PNA Member","Tonga","Fleet_catch_in_own_national_waters",235
2022,"Non-PNA Member","Tonga","Fleet_catch_in_own_national_waters",385
2023,"Non-PNA Member","Tonga","Fleet_catch_in_own_national_waters",304
1997,"PNA Member","Tuvalu","Fleet_catch_in_own_national_waters",0
1998,"PNA Member","Tuvalu","Fleet_catch_in_own_national_waters",0
1999,"PNA Member","Tuvalu","Fleet_catch_in_own_national_waters",0
2000,"PNA Member","Tuvalu","Fleet_catch_in_own_national_waters",0
2001,"PNA Member","Tuvalu","Fleet_catch_in_own_national_waters",0
2002,"PNA Member","Tuvalu","Fleet_catch_in_own_national_waters",0
2003,"PNA Member","Tuvalu","Fleet_catch_in_own_national_waters",0
2004,"PNA Member","Tuvalu","Fleet_catch_in_own_national_waters",0
2005,"PNA Member","Tuvalu","Fleet_catch_in_own_national_waters",19
2006,"PNA Member","Tuvalu","Fleet_catch_in_own_national_waters",12
2007,"PNA Member","Tuvalu","Fleet_catch_in_own_national_waters",26
2008,"PNA Member","Tuvalu","Fleet_catch_in_own_national_waters",22
2009,"PNA Member","Tuvalu","Fleet_catch_in_own_national_waters",446
2010,"PNA Member","Tuvalu","Fleet_catch_in_own_national_waters",239
2011,"PNA Member","Tuvalu","Fleet_catch_in_own_national_waters",3174
2012,"PNA Member","Tuvalu","Fleet_catch_in_own_national_waters",3795
2013,"PNA Member","Tuvalu","Fleet_catch_in_own_national_waters",435
2014,"PNA Member","Tuvalu","Fleet_catch_in_own_national_waters",1462
2015,"PNA Member","Tuvalu","Fleet_catch_in_own_national_waters",903
2016,"PNA Member","Tuvalu","Fleet_catch_in_own_national_waters",2600
2017,"PNA Member","Tuvalu","Fleet_catch_in_own_national_waters",987
2018,"PNA Member","Tuvalu","Fleet_catch_in_own_national_waters",1915
2019,"PNA Member","Tuvalu","Fleet_catch_in_own_national_waters",1705
2020,"PNA Member","Tuvalu","Fleet_catch_in_own_national_waters",1568
2021,"PNA Member","Tuvalu","Fleet_catch_in_own_national_waters",6941
2022,"PNA Member","Tuvalu","Fleet_catch_in_own_national_waters",4414
2023,"PNA Member","Tuvalu","Fleet_catch_in_own_national_waters",1621
1997,"Non-PNA Member","US","Fleet_catch_in_own_national_waters",0
1998,"Non-PNA Member","US","Fleet_catch_in_own_national_waters",0
1999,"Non-PNA Member","US","Fleet_catch_in_own_national_waters",0
2000,"Non-PNA Member","US","Fleet_catch_in_own_national_waters",0
2001,"Non-PNA Member","US","Fleet_catch_in_own_national_waters",0
2002,"Non-PNA Member","US","Fleet_catch_in_own_national_waters",0
2003,"Non-PNA Member","US","Fleet_catch_in_own_national_waters",0
2004,"Non-PNA Member","US","Fleet_catch_in_own_national_waters",0
2005,"Non-PNA Member","US","Fleet_catch_in_own_national_waters",0
2006,"Non-PNA Member","US","Fleet_catch_in_own_national_waters",0
2007,"Non-PNA Member","US","Fleet_catch_in_own_national_waters",0
2008,"Non-PNA Member","US","Fleet_catch_in_own_national_waters",0
2009,"Non-PNA Member","US","Fleet_catch_in_own_national_waters",0
2010,"Non-PNA Member","US","Fleet_catch_in_own_national_waters",0
2011,"Non-PNA Member","US","Fleet_catch_in_own_national_waters",0
2012,"Non-PNA Member","US","Fleet_catch_in_own_national_waters",0
2013,"Non-PNA Member","US","Fleet_catch_in_own_national_waters",0
2014,"Non-PNA Member","US","Fleet_catch_in_own_national_waters",0
2015,"Non-PNA Member","US","Fleet_catch_in_own_national_waters",0
2016,"Non-PNA Member","US","Fleet_catch_in_own_national_waters",0
2017,"Non-PNA Member","US","Fleet_catch_in_own_national_waters",0
2018,"Non-PNA Member","US","Fleet_catch_in_own_national_waters",0
2019,"Non-PNA Member","US","Fleet_catch_in_own_national_waters",0
2020,"Non-PNA Member","US","Fleet_catch_in_own_national_waters",0
2021,"Non-PNA Member","US","Fleet_catch_in_own_national_waters",0
2022,"Non-PNA Member","US","Fleet_catch_in_own_national_waters",0
2023,"Non-PNA Member","US","Fleet_catch_in_own_national_waters",0
1997,"Non-PNA Member","US (includes territories, ex Am Samoa)","Fleet_catch_in_own_national_waters",0
1998,"Non-PNA Member","US (includes territories, ex Am Samoa)","Fleet_catch_in_own_national_waters",0
1999,"Non-PNA Member","US (includes territories, ex Am Samoa)","Fleet_catch_in_own_national_waters",0
2000,"Non-PNA Member","US (includes territories, ex Am Samoa)","Fleet_catch_in_own_national_waters",0
2001,"Non-PNA Member","US (includes territories, ex Am Samoa)","Fleet_catch_in_own_national_waters",0
2002,"Non-PNA Member","US (includes territories, ex Am Samoa)","Fleet_catch_in_own_national_waters",0
2003,"Non-PNA Member","US (includes territories, ex Am Samoa)","Fleet_catch_in_own_national_waters",0
2004,"Non-PNA Member","US (includes territories, ex Am Samoa)","Fleet_catch_in_own_national_waters",0
2005,"Non-PNA Member","US (includes territories, ex Am Samoa)","Fleet_catch_in_own_national_waters",0
2006,"Non-PNA Member","US (includes territories, ex Am Samoa)","Fleet_catch_in_own_national_waters",0
2007,"Non-PNA Member","US (includes territories, ex Am Samoa)","Fleet_catch_in_own_national_waters",0
2008,"Non-PNA Member","US (includes territories, ex Am Samoa)","Fleet_catch_in_own_national_waters",0
2009,"Non-PNA Member","US (includes territories, ex Am Samoa)","Fleet_catch_in_own_national_waters",0
2010,"Non-PNA Member","US (includes territories, ex Am Samoa)","Fleet_catch_in_own_national_waters",0
2011,"Non-PNA Member","US (includes territories, ex Am Samoa)","Fleet_catch_in_own_national_waters",0
2012,"Non-PNA Member","US (includes territories, ex Am Samoa)","Fleet_catch_in_own_national_waters",0
2013,"Non-PNA Member","US (includes territories, ex Am Samoa)","Fleet_catch_in_own_national_waters",0
2014,"Non-PNA Member","US (includes territories, ex Am Samoa)","Fleet_catch_in_own_national_waters",0
2015,"Non-PNA Member","US (includes territories, ex Am Samoa)","Fleet_catch_in_own_national_waters",0
2016,"Non-PNA Member","US (includes territories, ex Am Samoa)","Fleet_catch_in_own_national_waters",0
2017,"Non-PNA Member","US (includes territories, ex Am Samoa)","Fleet_catch_in_own_national_waters",0
2018,"Non-PNA Member","US (includes territories, ex Am Samoa)","Fleet_catch_in_own_national_waters",0
2019,"Non-PNA Member","US (includes territories, ex Am Samoa)","Fleet_catch_in_own_national_waters",0
2020,"Non-PNA Member","US (includes territories, ex Am Samoa)","Fleet_catch_in_own_national_waters",0
2021,"Non-PNA Member","US (includes territories, ex Am Samoa)","Fleet_catch_in_own_national_waters",0
2022,"Non-PNA Member","US (includes territories, ex Am Samoa)","Fleet_catch_in_own_national_waters",0
2023,"Non-PNA Member","US (includes territories, ex Am Samoa)","Fleet_catch_in_own_national_waters",0
1997,"Non-PNA Member","US (includes territories, incl Am Samoa)","Fleet_catch_in_own_national_waters",42850
1998,"Non-PNA Member","US (includes territories, incl Am Samoa)","Fleet_catch_in_own_national_waters",26915
1999,"Non-PNA Member","US (includes territories, incl Am Samoa)","Fleet_catch_in_own_national_waters",16965
2000,"Non-PNA Member","US (includes territories, incl Am Samoa)","Fleet_catch_in_own_national_waters",7875
2001,"Non-PNA Member","US (includes territories, incl Am Samoa)","Fleet_catch_in_own_national_waters",14822
2002,"Non-PNA Member","US (includes territories, incl Am Samoa)","Fleet_catch_in_own_national_waters",19244
2003,"Non-PNA Member","US (includes territories, incl Am Samoa)","Fleet_catch_in_own_national_waters",12343
2004,"Non-PNA Member","US (includes territories, incl Am Samoa)","Fleet_catch_in_own_national_waters",12255
2005,"Non-PNA Member","US (includes territories, incl Am Samoa)","Fleet_catch_in_own_national_waters",11564
2006,"Non-PNA Member","US (includes territories, incl Am Samoa)","Fleet_catch_in_own_national_waters",15735
2007,"Non-PNA Member","US (includes territories, incl Am Samoa)","Fleet_catch_in_own_national_waters",11577
2008,"Non-PNA Member","US (includes territories, incl Am Samoa)","Fleet_catch_in_own_national_waters",8055
2009,"Non-PNA Member","US (includes territories, incl Am Samoa)","Fleet_catch_in_own_national_waters",10017
2010,"Non-PNA Member","US (includes territories, incl Am Samoa)","Fleet_catch_in_own_national_waters",6886
2011,"Non-PNA Member","US (includes territories, incl Am Samoa)","Fleet_catch_in_own_national_waters",7254
2012,"Non-PNA Member","US (includes territories, incl Am Samoa)","Fleet_catch_in_own_national_waters",13391
2013,"Non-PNA Member","US (includes territories, incl Am Samoa)","Fleet_catch_in_own_national_waters",11399
2014,"Non-PNA Member","US (includes territories, incl Am Samoa)","Fleet_catch_in_own_national_waters",13736
2015,"Non-PNA Member","US (includes territories, incl Am Samoa)","Fleet_catch_in_own_national_waters",8820
2016,"Non-PNA Member","US (includes territories, incl Am Samoa)","Fleet_catch_in_own_national_waters",11661
2017,"Non-PNA Member","US (includes territories, incl Am Samoa)","Fleet_catch_in_own_national_waters",13336
2018,"Non-PNA Member","US (includes territories, incl Am Samoa)","Fleet_catch_in_own_national_waters",10473
2019,"Non-PNA Member","US (includes territories, incl Am Samoa)","Fleet_catch_in_own_national_waters",9684
2020,"Non-PNA Member","US (includes territories, incl Am Samoa)","Fleet_catch_in_own_national_waters",13151
2021,"Non-PNA Member","US (includes territories, incl Am Samoa)","Fleet_catch_in_own_national_waters",12982
2022,"Non-PNA Member","US (includes territories, incl Am Samoa)","Fleet_catch_in_own_national_waters",14048
2023,"Non-PNA Member","US (includes territories, incl Am Samoa)","Fleet_catch_in_own_national_waters",8096
1997,"Non-PNA Member","Vanuatu","Fleet_catch_in_own_national_waters",2
1998,"Non-PNA Member","Vanuatu","Fleet_catch_in_own_national_waters",0
1999,"Non-PNA Member","Vanuatu","Fleet_catch_in_own_national_waters",0
2000,"Non-PNA Member","Vanuatu","Fleet_catch_in_own_national_waters",329
2001,"Non-PNA Member","Vanuatu","Fleet_catch_in_own_national_waters",204
2002,"Non-PNA Member","Vanuatu","Fleet_catch_in_own_national_waters",918
2003,"Non-PNA Member","Vanuatu","Fleet_catch_in_own_national_waters",1732
2004,"Non-PNA Member","Vanuatu","Fleet_catch_in_own_national_waters",801
2005,"Non-PNA Member","Vanuatu","Fleet_catch_in_own_national_waters",1630
2006,"Non-PNA Member","Vanuatu","Fleet_catch_in_own_national_waters",2098
2007,"Non-PNA Member","Vanuatu","Fleet_catch_in_own_national_waters",1313
2008,"Non-PNA Member","Vanuatu","Fleet_catch_in_own_national_waters",1346
2009,"Non-PNA Member","Vanuatu","Fleet_catch_in_own_national_waters",353
2010,"Non-PNA Member","Vanuatu","Fleet_catch_in_own_national_waters",501
2011,"Non-PNA Member","Vanuatu","Fleet_catch_in_own_national_waters",885
2012,"Non-PNA Member","Vanuatu","Fleet_catch_in_own_national_waters",640
2013,"Non-PNA Member","Vanuatu","Fleet_catch_in_own_national_waters",347
2014,"Non-PNA Member","Vanuatu","Fleet_catch_in_own_national_waters",103
2015,"Non-PNA Member","Vanuatu","Fleet_catch_in_own_national_waters",0
2016,"Non-PNA Member","Vanuatu","Fleet_catch_in_own_national_waters",0
2017,"Non-PNA Member","Vanuatu","Fleet_catch_in_own_national_waters",275
2018,"Non-PNA Member","Vanuatu","Fleet_catch_in_own_national_waters",175
2019,"Non-PNA Member","Vanuatu","Fleet_catch_in_own_national_waters",8
2020,"Non-PNA Member","Vanuatu","Fleet_catch_in_own_national_waters",262
2021,"Non-PNA Member","Vanuatu","Fleet_catch_in_own_national_waters",115
2022,"Non-PNA Member","Vanuatu","Fleet_catch_in_own_national_waters",403
2023,"Non-PNA Member","Vanuatu","Fleet_catch_in_own_national_waters",339
1997,"Non-PNA Member","Vietnam","Fleet_catch_in_own_national_waters",0
1998,"Non-PNA Member","Vietnam","Fleet_catch_in_own_national_waters",0
1999,"Non-PNA Member","Vietnam","Fleet_catch_in_own_national_waters",0
2000,"Non-PNA Member","Vietnam","Fleet_catch_in_own_national_waters",33632
2001,"Non-PNA Member","Vietnam","Fleet_catch_in_own_national_waters",35400
2002,"Non-PNA Member","Vietnam","Fleet_catch_in_own_national_waters",37683
2003,"Non-PNA Member","Vietnam","Fleet_catch_in_own_national_waters",37458
2004,"Non-PNA Member","Vietnam","Fleet_catch_in_own_national_waters",50521
2005,"Non-PNA Member","Vietnam","Fleet_catch_in_own_national_waters",52409
2006,"Non-PNA Member","Vietnam","Fleet_catch_in_own_national_waters",52573
2007,"Non-PNA Member","Vietnam","Fleet_catch_in_own_national_waters",54210
2008,"Non-PNA Member","Vietnam","Fleet_catch_in_own_national_waters",49903
2009,"Non-PNA Member","Vietnam","Fleet_catch_in_own_national_waters",44241
2010,"Non-PNA Member","Vietnam","Fleet_catch_in_own_national_waters",41665
2011,"Non-PNA Member","Vietnam","Fleet_catch_in_own_national_waters",49584
2012,"Non-PNA Member","Vietnam","Fleet_catch_in_own_national_waters",65556
2013,"Non-PNA Member","Vietnam","Fleet_catch_in_own_national_waters",78631
2014,"Non-PNA Member","Vietnam","Fleet_catch_in_own_national_waters",80842
2015,"Non-PNA Member","Vietnam","Fleet_catch_in_own_national_waters",89063
2016,"Non-PNA Member","Vietnam","Fleet_catch_in_own_national_waters",123076
2017,"Non-PNA Member","Vietnam","Fleet_catch_in_own_national_waters",112626
2018,"Non-PNA Member","Vietnam","Fleet_catch_in_own_national_waters",120535
2019,"Non-PNA Member","Vietnam","Fleet_catch_in_own_national_waters",109315
2020,"Non-PNA Member","Vietnam","Fleet_catch_in_own_national_waters",95540
2021,"Non-PNA Member","Vietnam","Fleet_catch_in_own_national_waters",89589
2022,"Non-PNA Member","Vietnam","Fleet_catch_in_own_national_waters",99814
2023,"Non-PNA Member","Vietnam","Fleet_catch_in_own_national_waters",97145
1997,"Non-PNA Member","Wallis and Futuna","Fleet_catch_in_own_national_waters",0
1998,"Non-PNA Member","Wallis and Futuna","Fleet_catch_in_own_national_waters",0
1999,"Non-PNA Member","Wallis and Futuna","Fleet_catch_in_own_national_waters",0
2000,"Non-PNA Member","Wallis and Futuna","Fleet_catch_in_own_national_waters",0
2001,"Non-PNA Member","Wallis and Futuna","Fleet_catch_in_own_national_waters",0
2002,"Non-PNA Member","Wallis and Futuna","Fleet_catch_in_own_national_waters",0
2003,"Non-PNA Member","Wallis and Futuna","Fleet_catch_in_own_national_waters",0
2004,"Non-PNA Member","Wallis and Futuna","Fleet_catch_in_own_national_waters",0
2005,"Non-PNA Member","Wallis and Futuna","Fleet_catch_in_own_national_waters",0
2006,"Non-PNA Member","Wallis and Futuna","Fleet_catch_in_own_national_waters",0
2007,"Non-PNA Member","Wallis and Futuna","Fleet_catch_in_own_national_waters",0
2008,"Non-PNA Member","Wallis and Futuna","Fleet_catch_in_own_national_waters",0
2009,"Non-PNA Member","Wallis and Futuna","Fleet_catch_in_own_national_waters",0
2010,"Non-PNA Member","Wallis and Futuna","Fleet_catch_in_own_national_waters",0
2011,"Non-PNA Member","Wallis and Futuna","Fleet_catch_in_own_national_waters",13
2012,"Non-PNA Member","Wallis and Futuna","Fleet_catch_in_own_national_waters",0
2013,"Non-PNA Member","Wallis and Futuna","Fleet_catch_in_own_national_waters",9
2014,"Non-PNA Member","Wallis and Futuna","Fleet_catch_in_own_national_waters",7
2015,"Non-PNA Member","Wallis and Futuna","Fleet_catch_in_own_national_waters",6
2016,"Non-PNA Member","Wallis and Futuna","Fleet_catch_in_own_national_waters",7
2017,"Non-PNA Member","Wallis and Futuna","Fleet_catch_in_own_national_waters",5
2018,"Non-PNA Member","Wallis and Futuna","Fleet_catch_in_own_national_waters",11
2019,"Non-PNA Member","Wallis and Futuna","Fleet_catch_in_own_national_waters",19
2020,"Non-PNA Member","Wallis and Futuna","Fleet_catch_in_own_national_waters",13
2021,"Non-PNA Member","Wallis and Futuna","Fleet_catch_in_own_national_waters",13
2022,"Non-PNA Member","Wallis and Futuna","Fleet_catch_in_own_national_waters",4
2023,"Non-PNA Member","Wallis and Futuna","Fleet_catch_in_own_national_waters",4
1997,"Non-PNA Member","American Samoa","Fleet_catch_in_national_waters_of_FFA_members",0
1998,"Non-PNA Member","American Samoa","Fleet_catch_in_national_waters_of_FFA_members",0
1999,"Non-PNA Member","American Samoa","Fleet_catch_in_national_waters_of_FFA_members",0
2000,"Non-PNA Member","American Samoa","Fleet_catch_in_national_waters_of_FFA_members",0
2001,"Non-PNA Member","American Samoa","Fleet_catch_in_national_waters_of_FFA_members",0
2002,"Non-PNA Member","American Samoa","Fleet_catch_in_national_waters_of_FFA_members",0
2003,"Non-PNA Member","American Samoa","Fleet_catch_in_national_waters_of_FFA_members",0
2004,"Non-PNA Member","American Samoa","Fleet_catch_in_national_waters_of_FFA_members",0
2005,"Non-PNA Member","American Samoa","Fleet_catch_in_national_waters_of_FFA_members",0
2006,"Non-PNA Member","American Samoa","Fleet_catch_in_national_waters_of_FFA_members",0
2007,"Non-PNA Member","American Samoa","Fleet_catch_in_national_waters_of_FFA_members",0
2008,"Non-PNA Member","American Samoa","Fleet_catch_in_national_waters_of_FFA_members",0
2009,"Non-PNA Member","American Samoa","Fleet_catch_in_national_waters_of_FFA_members",0
2010,"Non-PNA Member","American Samoa","Fleet_catch_in_national_waters_of_FFA_members",0
2011,"Non-PNA Member","American Samoa","Fleet_catch_in_national_waters_of_FFA_members",0
2012,"Non-PNA Member","American Samoa","Fleet_catch_in_national_waters_of_FFA_members",0
2013,"Non-PNA Member","American Samoa","Fleet_catch_in_national_waters_of_FFA_members",0
2014,"Non-PNA Member","American Samoa","Fleet_catch_in_national_waters_of_FFA_members",0
2015,"Non-PNA Member","American Samoa","Fleet_catch_in_national_waters_of_FFA_members",0
2016,"Non-PNA Member","American Samoa","Fleet_catch_in_national_waters_of_FFA_members",0
2017,"Non-PNA Member","American Samoa","Fleet_catch_in_national_waters_of_FFA_members",0
2018,"Non-PNA Member","American Samoa","Fleet_catch_in_national_waters_of_FFA_members",0
2019,"Non-PNA Member","American Samoa","Fleet_catch_in_national_waters_of_FFA_members",0
2020,"Non-PNA Member","American Samoa","Fleet_catch_in_national_waters_of_FFA_members",0
2021,"Non-PNA Member","American Samoa","Fleet_catch_in_national_waters_of_FFA_members",0
2022,"Non-PNA Member","American Samoa","Fleet_catch_in_national_waters_of_FFA_members",0
2023,"Non-PNA Member","American Samoa","Fleet_catch_in_national_waters_of_FFA_members",0
1997,"Non-PNA Member","Australia","Fleet_catch_in_national_waters_of_FFA_members",0
1998,"Non-PNA Member","Australia","Fleet_catch_in_national_waters_of_FFA_members",0
1999,"Non-PNA Member","Australia","Fleet_catch_in_national_waters_of_FFA_members",0
2000,"Non-PNA Member","Australia","Fleet_catch_in_national_waters_of_FFA_members",0
2001,"Non-PNA Member","Australia","Fleet_catch_in_national_waters_of_FFA_members",0
2002,"Non-PNA Member","Australia","Fleet_catch_in_national_waters_of_FFA_members",0
2003,"Non-PNA Member","Australia","Fleet_catch_in_national_waters_of_FFA_members",0
2004,"Non-PNA Member","Australia","Fleet_catch_in_national_waters_of_FFA_members",0
2005,"Non-PNA Member","Australia","Fleet_catch_in_national_waters_of_FFA_members",0
2006,"Non-PNA Member","Australia","Fleet_catch_in_national_waters_of_FFA_members",0
2007,"Non-PNA Member","Australia","Fleet_catch_in_national_waters_of_FFA_members",0
2008,"Non-PNA Member","Australia","Fleet_catch_in_national_waters_of_FFA_members",0
2009,"Non-PNA Member","Australia","Fleet_catch_in_national_waters_of_FFA_members",0
2010,"Non-PNA Member","Australia","Fleet_catch_in_national_waters_of_FFA_members",0
2011,"Non-PNA Member","Australia","Fleet_catch_in_national_waters_of_FFA_members",0
2012,"Non-PNA Member","Australia","Fleet_catch_in_national_waters_of_FFA_members",0
2013,"Non-PNA Member","Australia","Fleet_catch_in_national_waters_of_FFA_members",0
2014,"Non-PNA Member","Australia","Fleet_catch_in_national_waters_of_FFA_members",0
2015,"Non-PNA Member","Australia","Fleet_catch_in_national_waters_of_FFA_members",0
2016,"Non-PNA Member","Australia","Fleet_catch_in_national_waters_of_FFA_members",0
2017,"Non-PNA Member","Australia","Fleet_catch_in_national_waters_of_FFA_members",0
2018,"Non-PNA Member","Australia","Fleet_catch_in_national_waters_of_FFA_members",0
2019,"Non-PNA Member","Australia","Fleet_catch_in_national_waters_of_FFA_members",0
2020,"Non-PNA Member","Australia","Fleet_catch_in_national_waters_of_FFA_members",0
2021,"Non-PNA Member","Australia","Fleet_catch_in_national_waters_of_FFA_members",0
2022,"Non-PNA Member","Australia","Fleet_catch_in_national_waters_of_FFA_members",0
2023,"Non-PNA Member","Australia","Fleet_catch_in_national_waters_of_FFA_members",0
1997,"Non-PNA Member","Australia (includes Norfolk Island)","Fleet_catch_in_national_waters_of_FFA_members",0
1998,"Non-PNA Member","Australia (includes Norfolk Island)","Fleet_catch_in_national_waters_of_FFA_members",0
1999,"Non-PNA Member","Australia (includes Norfolk Island)","Fleet_catch_in_national_waters_of_FFA_members",0
2000,"Non-PNA Member","Australia (includes Norfolk Island)","Fleet_catch_in_national_waters_of_FFA_members",0
2001,"Non-PNA Member","Australia (includes Norfolk Island)","Fleet_catch_in_national_waters_of_FFA_members",0
2002,"Non-PNA Member","Australia (includes Norfolk Island)","Fleet_catch_in_national_waters_of_FFA_members",0
2003,"Non-PNA Member","Australia (includes Norfolk Island)","Fleet_catch_in_national_waters_of_FFA_members",0
2004,"Non-PNA Member","Australia (includes Norfolk Island)","Fleet_catch_in_national_waters_of_FFA_members",0
2005,"Non-PNA Member","Australia (includes Norfolk Island)","Fleet_catch_in_national_waters_of_FFA_members",0
2006,"Non-PNA Member","Australia (includes Norfolk Island)","Fleet_catch_in_national_waters_of_FFA_members",0
2007,"Non-PNA Member","Australia (includes Norfolk Island)","Fleet_catch_in_national_waters_of_FFA_members",0
2008,"Non-PNA Member","Australia (includes Norfolk Island)","Fleet_catch_in_national_waters_of_FFA_members",0
2009,"Non-PNA Member","Australia (includes Norfolk Island)","Fleet_catch_in_national_waters_of_FFA_members",0
2010,"Non-PNA Member","Australia (includes Norfolk Island)","Fleet_catch_in_national_waters_of_FFA_members",0
2011,"Non-PNA Member","Australia (includes Norfolk Island)","Fleet_catch_in_national_waters_of_FFA_members",0
2012,"Non-PNA Member","Australia (includes Norfolk Island)","Fleet_catch_in_national_waters_of_FFA_members",0
2013,"Non-PNA Member","Australia (includes Norfolk Island)","Fleet_catch_in_national_waters_of_FFA_members",0
2014,"Non-PNA Member","Australia (includes Norfolk Island)","Fleet_catch_in_national_waters_of_FFA_members",0
2015,"Non-PNA Member","Australia (includes Norfolk Island)","Fleet_catch_in_national_waters_of_FFA_members",0
2016,"Non-PNA Member","Australia (includes Norfolk Island)","Fleet_catch_in_national_waters_of_FFA_members",0
2017,"Non-PNA Member","Australia (includes Norfolk Island)","Fleet_catch_in_national_waters_of_FFA_members",0
2018,"Non-PNA Member","Australia (includes Norfolk Island)","Fleet_catch_in_national_waters_of_FFA_members",0
2019,"Non-PNA Member","Australia (includes Norfolk Island)","Fleet_catch_in_national_waters_of_FFA_members",0
2020,"Non-PNA Member","Australia (includes Norfolk Island)","Fleet_catch_in_national_waters_of_FFA_members",0
2021,"Non-PNA Member","Australia (includes Norfolk Island)","Fleet_catch_in_national_waters_of_FFA_members",0
2022,"Non-PNA Member","Australia (includes Norfolk Island)","Fleet_catch_in_national_waters_of_FFA_members",0
2023,"Non-PNA Member","Australia (includes Norfolk Island)","Fleet_catch_in_national_waters_of_FFA_members",0
1997,"Non-PNA Member","Belize","Fleet_catch_in_national_waters_of_FFA_members",68
1998,"Non-PNA Member","Belize","Fleet_catch_in_national_waters_of_FFA_members",100
1999,"Non-PNA Member","Belize","Fleet_catch_in_national_waters_of_FFA_members",79
2000,"Non-PNA Member","Belize","Fleet_catch_in_national_waters_of_FFA_members",170
2001,"Non-PNA Member","Belize","Fleet_catch_in_national_waters_of_FFA_members",167
2002,"Non-PNA Member","Belize","Fleet_catch_in_national_waters_of_FFA_members",49
2003,"Non-PNA Member","Belize","Fleet_catch_in_national_waters_of_FFA_members",49
2004,"Non-PNA Member","Belize","Fleet_catch_in_national_waters_of_FFA_members",262
2005,"Non-PNA Member","Belize","Fleet_catch_in_national_waters_of_FFA_members",425
2006,"Non-PNA Member","Belize","Fleet_catch_in_national_waters_of_FFA_members",332
2007,"Non-PNA Member","Belize","Fleet_catch_in_national_waters_of_FFA_members",97
2008,"Non-PNA Member","Belize","Fleet_catch_in_national_waters_of_FFA_members",70
2009,"Non-PNA Member","Belize","Fleet_catch_in_national_waters_of_FFA_members",69
2010,"Non-PNA Member","Belize","Fleet_catch_in_national_waters_of_FFA_members",0
2011,"Non-PNA Member","Belize","Fleet_catch_in_national_waters_of_FFA_members",0
2012,"Non-PNA Member","Belize","Fleet_catch_in_national_waters_of_FFA_members",60
2013,"Non-PNA Member","Belize","Fleet_catch_in_national_waters_of_FFA_members",6
2014,"Non-PNA Member","Belize","Fleet_catch_in_national_waters_of_FFA_members",0
2015,"Non-PNA Member","Belize","Fleet_catch_in_national_waters_of_FFA_members",0
2016,"Non-PNA Member","Belize","Fleet_catch_in_national_waters_of_FFA_members",0
2017,"Non-PNA Member","Belize","Fleet_catch_in_national_waters_of_FFA_members",0
2018,"Non-PNA Member","Belize","Fleet_catch_in_national_waters_of_FFA_members",0
2019,"Non-PNA Member","Belize","Fleet_catch_in_national_waters_of_FFA_members",0
2020,"Non-PNA Member","Belize","Fleet_catch_in_national_waters_of_FFA_members",0
2021,"Non-PNA Member","Belize","Fleet_catch_in_national_waters_of_FFA_members",0
2022,"Non-PNA Member","Belize","Fleet_catch_in_national_waters_of_FFA_members",0
2023,"Non-PNA Member","Belize","Fleet_catch_in_national_waters_of_FFA_members",0
1997,"Non-PNA Member","Canada","Fleet_catch_in_national_waters_of_FFA_members",0
1998,"Non-PNA Member","Canada","Fleet_catch_in_national_waters_of_FFA_members",0
1999,"Non-PNA Member","Canada","Fleet_catch_in_national_waters_of_FFA_members",0
2000,"Non-PNA Member","Canada","Fleet_catch_in_national_waters_of_FFA_members",0
2001,"Non-PNA Member","Canada","Fleet_catch_in_national_waters_of_FFA_members",0
2002,"Non-PNA Member","Canada","Fleet_catch_in_national_waters_of_FFA_members",0
2003,"Non-PNA Member","Canada","Fleet_catch_in_national_waters_of_FFA_members",0
2004,"Non-PNA Member","Canada","Fleet_catch_in_national_waters_of_FFA_members",0
2005,"Non-PNA Member","Canada","Fleet_catch_in_national_waters_of_FFA_members",0
2006,"Non-PNA Member","Canada","Fleet_catch_in_national_waters_of_FFA_members",0
2007,"Non-PNA Member","Canada","Fleet_catch_in_national_waters_of_FFA_members",0
2008,"Non-PNA Member","Canada","Fleet_catch_in_national_waters_of_FFA_members",0
2009,"Non-PNA Member","Canada","Fleet_catch_in_national_waters_of_FFA_members",0
2010,"Non-PNA Member","Canada","Fleet_catch_in_national_waters_of_FFA_members",0
2011,"Non-PNA Member","Canada","Fleet_catch_in_national_waters_of_FFA_members",0
2012,"Non-PNA Member","Canada","Fleet_catch_in_national_waters_of_FFA_members",0
2013,"Non-PNA Member","Canada","Fleet_catch_in_national_waters_of_FFA_members",0
2014,"Non-PNA Member","Canada","Fleet_catch_in_national_waters_of_FFA_members",0
2015,"Non-PNA Member","Canada","Fleet_catch_in_national_waters_of_FFA_members",0
2016,"Non-PNA Member","Canada","Fleet_catch_in_national_waters_of_FFA_members",0
2017,"Non-PNA Member","Canada","Fleet_catch_in_national_waters_of_FFA_members",0
2018,"Non-PNA Member","Canada","Fleet_catch_in_national_waters_of_FFA_members",0
2019,"Non-PNA Member","Canada","Fleet_catch_in_national_waters_of_FFA_members",0
2020,"Non-PNA Member","Canada","Fleet_catch_in_national_waters_of_FFA_members",0
2021,"Non-PNA Member","Canada","Fleet_catch_in_national_waters_of_FFA_members",0
2022,"Non-PNA Member","Canada","Fleet_catch_in_national_waters_of_FFA_members",0
2023,"Non-PNA Member","Canada","Fleet_catch_in_national_waters_of_FFA_members",0
1997,"Non-PNA Member","China","Fleet_catch_in_national_waters_of_FFA_members",2662
1998,"Non-PNA Member","China","Fleet_catch_in_national_waters_of_FFA_members",1798
1999,"Non-PNA Member","China","Fleet_catch_in_national_waters_of_FFA_members",1892
2000,"Non-PNA Member","China","Fleet_catch_in_national_waters_of_FFA_members",2176
2001,"Non-PNA Member","China","Fleet_catch_in_national_waters_of_FFA_members",3452
2002,"Non-PNA Member","China","Fleet_catch_in_national_waters_of_FFA_members",8439
2003,"Non-PNA Member","China","Fleet_catch_in_national_waters_of_FFA_members",23159
2004,"Non-PNA Member","China","Fleet_catch_in_national_waters_of_FFA_members",16187
2005,"Non-PNA Member","China","Fleet_catch_in_national_waters_of_FFA_members",39583
2006,"Non-PNA Member","China","Fleet_catch_in_national_waters_of_FFA_members",54967
2007,"Non-PNA Member","China","Fleet_catch_in_national_waters_of_FFA_members",55778
2008,"Non-PNA Member","China","Fleet_catch_in_national_waters_of_FFA_members",58632
2009,"Non-PNA Member","China","Fleet_catch_in_national_waters_of_FFA_members",63026
2010,"Non-PNA Member","China","Fleet_catch_in_national_waters_of_FFA_members",61066
2011,"Non-PNA Member","China","Fleet_catch_in_national_waters_of_FFA_members",89228
2012,"Non-PNA Member","China","Fleet_catch_in_national_waters_of_FFA_members",68002
2013,"Non-PNA Member","China","Fleet_catch_in_national_waters_of_FFA_members",101915
2014,"Non-PNA Member","China","Fleet_catch_in_national_waters_of_FFA_members",95893
2015,"Non-PNA Member","China","Fleet_catch_in_national_waters_of_FFA_members",60049
2016,"Non-PNA Member","China","Fleet_catch_in_national_waters_of_FFA_members",32870
2017,"Non-PNA Member","China","Fleet_catch_in_national_waters_of_FFA_members",33291
2018,"Non-PNA Member","China","Fleet_catch_in_national_waters_of_FFA_members",30236
2019,"Non-PNA Member","China","Fleet_catch_in_national_waters_of_FFA_members",22717
2020,"Non-PNA Member","China","Fleet_catch_in_national_waters_of_FFA_members",18074
2021,"Non-PNA Member","China","Fleet_catch_in_national_waters_of_FFA_members",7138
2022,"Non-PNA Member","China","Fleet_catch_in_national_waters_of_FFA_members",29847
2023,"Non-PNA Member","China","Fleet_catch_in_national_waters_of_FFA_members",30396
1997,"Non-PNA Member","Cook Islands","Fleet_catch_in_national_waters_of_FFA_members",0
1998,"Non-PNA Member","Cook Islands","Fleet_catch_in_national_waters_of_FFA_members",0
1999,"Non-PNA Member","Cook Islands","Fleet_catch_in_national_waters_of_FFA_members",0
2000,"Non-PNA Member","Cook Islands","Fleet_catch_in_national_waters_of_FFA_members",0
2001,"Non-PNA Member","Cook Islands","Fleet_catch_in_national_waters_of_FFA_members",0
2002,"Non-PNA Member","Cook Islands","Fleet_catch_in_national_waters_of_FFA_members",0
2003,"Non-PNA Member","Cook Islands","Fleet_catch_in_national_waters_of_FFA_members",0
2004,"Non-PNA Member","Cook Islands","Fleet_catch_in_national_waters_of_FFA_members",0
2005,"Non-PNA Member","Cook Islands","Fleet_catch_in_national_waters_of_FFA_members",108
2006,"Non-PNA Member","Cook Islands","Fleet_catch_in_national_waters_of_FFA_members",211
2007,"Non-PNA Member","Cook Islands","Fleet_catch_in_national_waters_of_FFA_members",203
2008,"Non-PNA Member","Cook Islands","Fleet_catch_in_national_waters_of_FFA_members",244
2009,"Non-PNA Member","Cook Islands","Fleet_catch_in_national_waters_of_FFA_members",254
2010,"Non-PNA Member","Cook Islands","Fleet_catch_in_national_waters_of_FFA_members",229
2011,"Non-PNA Member","Cook Islands","Fleet_catch_in_national_waters_of_FFA_members",0
2012,"Non-PNA Member","Cook Islands","Fleet_catch_in_national_waters_of_FFA_members",62
2013,"Non-PNA Member","Cook Islands","Fleet_catch_in_national_waters_of_FFA_members",150
2014,"Non-PNA Member","Cook Islands","Fleet_catch_in_national_waters_of_FFA_members",173
2015,"Non-PNA Member","Cook Islands","Fleet_catch_in_national_waters_of_FFA_members",207
2016,"Non-PNA Member","Cook Islands","Fleet_catch_in_national_waters_of_FFA_members",146
2017,"Non-PNA Member","Cook Islands","Fleet_catch_in_national_waters_of_FFA_members",232
2018,"Non-PNA Member","Cook Islands","Fleet_catch_in_national_waters_of_FFA_members",676
2019,"Non-PNA Member","Cook Islands","Fleet_catch_in_national_waters_of_FFA_members",1235
2020,"Non-PNA Member","Cook Islands","Fleet_catch_in_national_waters_of_FFA_members",807
2021,"Non-PNA Member","Cook Islands","Fleet_catch_in_national_waters_of_FFA_members",530
2022,"Non-PNA Member","Cook Islands","Fleet_catch_in_national_waters_of_FFA_members",825
2023,"Non-PNA Member","Cook Islands","Fleet_catch_in_national_waters_of_FFA_members",0
1997,"Non-PNA Member","Eastern Pacific fleet","Fleet_catch_in_national_waters_of_FFA_members",0
1998,"Non-PNA Member","Eastern Pacific fleet","Fleet_catch_in_national_waters_of_FFA_members",0
1999,"Non-PNA Member","Eastern Pacific fleet","Fleet_catch_in_national_waters_of_FFA_members",0
2000,"Non-PNA Member","Eastern Pacific fleet","Fleet_catch_in_national_waters_of_FFA_members",0
2001,"Non-PNA Member","Eastern Pacific fleet","Fleet_catch_in_national_waters_of_FFA_members",0
2002,"Non-PNA Member","Eastern Pacific fleet","Fleet_catch_in_national_waters_of_FFA_members",0
2003,"Non-PNA Member","Eastern Pacific fleet","Fleet_catch_in_national_waters_of_FFA_members",0
2004,"Non-PNA Member","Eastern Pacific fleet","Fleet_catch_in_national_waters_of_FFA_members",0
2005,"Non-PNA Member","Eastern Pacific fleet","Fleet_catch_in_national_waters_of_FFA_members",0
2006,"Non-PNA Member","Eastern Pacific fleet","Fleet_catch_in_national_waters_of_FFA_members",0
2007,"Non-PNA Member","Eastern Pacific fleet","Fleet_catch_in_national_waters_of_FFA_members",0
2008,"Non-PNA Member","Eastern Pacific fleet","Fleet_catch_in_national_waters_of_FFA_members",0
2009,"Non-PNA Member","Eastern Pacific fleet","Fleet_catch_in_national_waters_of_FFA_members",0
2010,"Non-PNA Member","Eastern Pacific fleet","Fleet_catch_in_national_waters_of_FFA_members",0
2011,"Non-PNA Member","Eastern Pacific fleet","Fleet_catch_in_national_waters_of_FFA_members",0
2012,"Non-PNA Member","Eastern Pacific fleet","Fleet_catch_in_national_waters_of_FFA_members",0
2013,"Non-PNA Member","Eastern Pacific fleet","Fleet_catch_in_national_waters_of_FFA_members",0
2014,"Non-PNA Member","Eastern Pacific fleet","Fleet_catch_in_national_waters_of_FFA_members",0
2015,"Non-PNA Member","Eastern Pacific fleet","Fleet_catch_in_national_waters_of_FFA_members",0
2016,"Non-PNA Member","Eastern Pacific fleet","Fleet_catch_in_national_waters_of_FFA_members",0
2017,"Non-PNA Member","Eastern Pacific fleet","Fleet_catch_in_national_waters_of_FFA_members",0
2018,"Non-PNA Member","Eastern Pacific fleet","Fleet_catch_in_national_waters_of_FFA_members",0
2019,"Non-PNA Member","Eastern Pacific fleet","Fleet_catch_in_national_waters_of_FFA_members",0
2020,"Non-PNA Member","Eastern Pacific fleet","Fleet_catch_in_national_waters_of_FFA_members",0
2021,"Non-PNA Member","Eastern Pacific fleet","Fleet_catch_in_national_waters_of_FFA_members",0
2022,"Non-PNA Member","Eastern Pacific fleet","Fleet_catch_in_national_waters_of_FFA_members",0
2023,"Non-PNA Member","Eastern Pacific fleet","Fleet_catch_in_national_waters_of_FFA_members",0
1997,"Non-PNA Member","Ecuador","Fleet_catch_in_national_waters_of_FFA_members",0
1998,"Non-PNA Member","Ecuador","Fleet_catch_in_national_waters_of_FFA_members",0
1999,"Non-PNA Member","Ecuador","Fleet_catch_in_national_waters_of_FFA_members",0
2000,"Non-PNA Member","Ecuador","Fleet_catch_in_national_waters_of_FFA_members",0
2001,"Non-PNA Member","Ecuador","Fleet_catch_in_national_waters_of_FFA_members",0
2002,"Non-PNA Member","Ecuador","Fleet_catch_in_national_waters_of_FFA_members",0
2003,"Non-PNA Member","Ecuador","Fleet_catch_in_national_waters_of_FFA_members",0
2004,"Non-PNA Member","Ecuador","Fleet_catch_in_national_waters_of_FFA_members",0
2005,"Non-PNA Member","Ecuador","Fleet_catch_in_national_waters_of_FFA_members",0
2006,"Non-PNA Member","Ecuador","Fleet_catch_in_national_waters_of_FFA_members",0
2007,"Non-PNA Member","Ecuador","Fleet_catch_in_national_waters_of_FFA_members",7642
2008,"Non-PNA Member","Ecuador","Fleet_catch_in_national_waters_of_FFA_members",21463
2009,"Non-PNA Member","Ecuador","Fleet_catch_in_national_waters_of_FFA_members",6912
2010,"Non-PNA Member","Ecuador","Fleet_catch_in_national_waters_of_FFA_members",9831
2011,"Non-PNA Member","Ecuador","Fleet_catch_in_national_waters_of_FFA_members",27908
2012,"Non-PNA Member","Ecuador","Fleet_catch_in_national_waters_of_FFA_members",19635
2013,"Non-PNA Member","Ecuador","Fleet_catch_in_national_waters_of_FFA_members",17730
2014,"Non-PNA Member","Ecuador","Fleet_catch_in_national_waters_of_FFA_members",18698
2015,"Non-PNA Member","Ecuador","Fleet_catch_in_national_waters_of_FFA_members",7543
2016,"Non-PNA Member","Ecuador","Fleet_catch_in_national_waters_of_FFA_members",3790
2017,"Non-PNA Member","Ecuador","Fleet_catch_in_national_waters_of_FFA_members",8480
2018,"Non-PNA Member","Ecuador","Fleet_catch_in_national_waters_of_FFA_members",12861
2019,"Non-PNA Member","Ecuador","Fleet_catch_in_national_waters_of_FFA_members",20674
2020,"Non-PNA Member","Ecuador","Fleet_catch_in_national_waters_of_FFA_members",8243
2021,"Non-PNA Member","Ecuador","Fleet_catch_in_national_waters_of_FFA_members",10287
2022,"Non-PNA Member","Ecuador","Fleet_catch_in_national_waters_of_FFA_members",14363
2023,"Non-PNA Member","Ecuador","Fleet_catch_in_national_waters_of_FFA_members",9614
1997,"Non-PNA Member","El Salvador","Fleet_catch_in_national_waters_of_FFA_members",0
1998,"Non-PNA Member","El Salvador","Fleet_catch_in_national_waters_of_FFA_members",0
1999,"Non-PNA Member","El Salvador","Fleet_catch_in_national_waters_of_FFA_members",0
2000,"Non-PNA Member","El Salvador","Fleet_catch_in_national_waters_of_FFA_members",0
2001,"Non-PNA Member","El Salvador","Fleet_catch_in_national_waters_of_FFA_members",0
2002,"Non-PNA Member","El Salvador","Fleet_catch_in_national_waters_of_FFA_members",0
2003,"Non-PNA Member","El Salvador","Fleet_catch_in_national_waters_of_FFA_members",0
2004,"Non-PNA Member","El Salvador","Fleet_catch_in_national_waters_of_FFA_members",0
2005,"Non-PNA Member","El Salvador","Fleet_catch_in_national_waters_of_FFA_members",0
2006,"Non-PNA Member","El Salvador","Fleet_catch_in_national_waters_of_FFA_members",0
2007,"Non-PNA Member","El Salvador","Fleet_catch_in_national_waters_of_FFA_members",0
2008,"Non-PNA Member","El Salvador","Fleet_catch_in_national_waters_of_FFA_members",0
2009,"Non-PNA Member","El Salvador","Fleet_catch_in_national_waters_of_FFA_members",5987
2010,"Non-PNA Member","El Salvador","Fleet_catch_in_national_waters_of_FFA_members",5384
2011,"Non-PNA Member","El Salvador","Fleet_catch_in_national_waters_of_FFA_members",10217
2012,"Non-PNA Member","El Salvador","Fleet_catch_in_national_waters_of_FFA_members",11839
2013,"Non-PNA Member","El Salvador","Fleet_catch_in_national_waters_of_FFA_members",10160
2014,"Non-PNA Member","El Salvador","Fleet_catch_in_national_waters_of_FFA_members",13216
2015,"Non-PNA Member","El Salvador","Fleet_catch_in_national_waters_of_FFA_members",5954
2016,"Non-PNA Member","El Salvador","Fleet_catch_in_national_waters_of_FFA_members",1058
2017,"Non-PNA Member","El Salvador","Fleet_catch_in_national_waters_of_FFA_members",2671
2018,"Non-PNA Member","El Salvador","Fleet_catch_in_national_waters_of_FFA_members",1419
2019,"Non-PNA Member","El Salvador","Fleet_catch_in_national_waters_of_FFA_members",992
2020,"Non-PNA Member","El Salvador","Fleet_catch_in_national_waters_of_FFA_members",581
2021,"Non-PNA Member","El Salvador","Fleet_catch_in_national_waters_of_FFA_members",2221
2022,"Non-PNA Member","El Salvador","Fleet_catch_in_national_waters_of_FFA_members",1338
2023,"Non-PNA Member","El Salvador","Fleet_catch_in_national_waters_of_FFA_members",1581
1997,"Non-PNA Member","Fiji","Fleet_catch_in_national_waters_of_FFA_members",0
1998,"Non-PNA Member","Fiji","Fleet_catch_in_national_waters_of_FFA_members",43
1999,"Non-PNA Member","Fiji","Fleet_catch_in_national_waters_of_FFA_members",168
2000,"Non-PNA Member","Fiji","Fleet_catch_in_national_waters_of_FFA_members",1145
2001,"Non-PNA Member","Fiji","Fleet_catch_in_national_waters_of_FFA_members",670
2002,"Non-PNA Member","Fiji","Fleet_catch_in_national_waters_of_FFA_members",1524
2003,"Non-PNA Member","Fiji","Fleet_catch_in_national_waters_of_FFA_members",2062
2004,"Non-PNA Member","Fiji","Fleet_catch_in_national_waters_of_FFA_members",4119
2005,"Non-PNA Member","Fiji","Fleet_catch_in_national_waters_of_FFA_members",4381
2006,"Non-PNA Member","Fiji","Fleet_catch_in_national_waters_of_FFA_members",5272
2007,"Non-PNA Member","Fiji","Fleet_catch_in_national_waters_of_FFA_members",3226
2008,"Non-PNA Member","Fiji","Fleet_catch_in_national_waters_of_FFA_members",5042
2009,"Non-PNA Member","Fiji","Fleet_catch_in_national_waters_of_FFA_members",6725
2010,"Non-PNA Member","Fiji","Fleet_catch_in_national_waters_of_FFA_members",2458
2011,"Non-PNA Member","Fiji","Fleet_catch_in_national_waters_of_FFA_members",6771
2012,"Non-PNA Member","Fiji","Fleet_catch_in_national_waters_of_FFA_members",5363
2013,"Non-PNA Member","Fiji","Fleet_catch_in_national_waters_of_FFA_members",5020
2014,"Non-PNA Member","Fiji","Fleet_catch_in_national_waters_of_FFA_members",3608
2015,"Non-PNA Member","Fiji","Fleet_catch_in_national_waters_of_FFA_members",1752
2016,"Non-PNA Member","Fiji","Fleet_catch_in_national_waters_of_FFA_members",4488
2017,"Non-PNA Member","Fiji","Fleet_catch_in_national_waters_of_FFA_members",4420
2018,"Non-PNA Member","Fiji","Fleet_catch_in_national_waters_of_FFA_members",2834
2019,"Non-PNA Member","Fiji","Fleet_catch_in_national_waters_of_FFA_members",4037
2020,"Non-PNA Member","Fiji","Fleet_catch_in_national_waters_of_FFA_members",2520
2021,"Non-PNA Member","Fiji","Fleet_catch_in_national_waters_of_FFA_members",1833
2022,"Non-PNA Member","Fiji","Fleet_catch_in_national_waters_of_FFA_members",1970
2023,"Non-PNA Member","Fiji","Fleet_catch_in_national_waters_of_FFA_members",1594
1997,"Non-PNA Member","French Polynesia","Fleet_catch_in_national_waters_of_FFA_members",-4563
1998,"Non-PNA Member","French Polynesia","Fleet_catch_in_national_waters_of_FFA_members",-5710
1999,"Non-PNA Member","French Polynesia","Fleet_catch_in_national_waters_of_FFA_members",-5200
2000,"Non-PNA Member","French Polynesia","Fleet_catch_in_national_waters_of_FFA_members",-6777
2001,"Non-PNA Member","French Polynesia","Fleet_catch_in_national_waters_of_FFA_members",-7732
2002,"Non-PNA Member","French Polynesia","Fleet_catch_in_national_waters_of_FFA_members",-7346
2003,"Non-PNA Member","French Polynesia","Fleet_catch_in_national_waters_of_FFA_members",-6248
2004,"Non-PNA Member","French Polynesia","Fleet_catch_in_national_waters_of_FFA_members",-5484
2005,"Non-PNA Member","French Polynesia","Fleet_catch_in_national_waters_of_FFA_members",-4818
2006,"Non-PNA Member","French Polynesia","Fleet_catch_in_national_waters_of_FFA_members",-5822
2007,"Non-PNA Member","French Polynesia","Fleet_catch_in_national_waters_of_FFA_members",-6365
2008,"Non-PNA Member","French Polynesia","Fleet_catch_in_national_waters_of_FFA_members",-5657
2009,"Non-PNA Member","French Polynesia","Fleet_catch_in_national_waters_of_FFA_members",-6873
2010,"Non-PNA Member","French Polynesia","Fleet_catch_in_national_waters_of_FFA_members",-6249
2011,"Non-PNA Member","French Polynesia","Fleet_catch_in_national_waters_of_FFA_members",-6027
2012,"Non-PNA Member","French Polynesia","Fleet_catch_in_national_waters_of_FFA_members",-7266
2013,"Non-PNA Member","French Polynesia","Fleet_catch_in_national_waters_of_FFA_members",-6671
2014,"Non-PNA Member","French Polynesia","Fleet_catch_in_national_waters_of_FFA_members",-7173
2015,"Non-PNA Member","French Polynesia","Fleet_catch_in_national_waters_of_FFA_members",-7402
2016,"Non-PNA Member","French Polynesia","Fleet_catch_in_national_waters_of_FFA_members",-6663
2017,"Non-PNA Member","French Polynesia","Fleet_catch_in_national_waters_of_FFA_members",-6349
2018,"Non-PNA Member","French Polynesia","Fleet_catch_in_national_waters_of_FFA_members",-7071
2019,"Non-PNA Member","French Polynesia","Fleet_catch_in_national_waters_of_FFA_members",-7371
2020,"Non-PNA Member","French Polynesia","Fleet_catch_in_national_waters_of_FFA_members",-6313
2021,"Non-PNA Member","French Polynesia","Fleet_catch_in_national_waters_of_FFA_members",-7639
2022,"Non-PNA Member","French Polynesia","Fleet_catch_in_national_waters_of_FFA_members",-8563
2023,"Non-PNA Member","French Polynesia","Fleet_catch_in_national_waters_of_FFA_members",-9617
1997,"PNA Member","FSM","Fleet_catch_in_national_waters_of_FFA_members",2862
1998,"PNA Member","FSM","Fleet_catch_in_national_waters_of_FFA_members",8464
1999,"PNA Member","FSM","Fleet_catch_in_national_waters_of_FFA_members",5258
2000,"PNA Member","FSM","Fleet_catch_in_national_waters_of_FFA_members",14059
2001,"PNA Member","FSM","Fleet_catch_in_national_waters_of_FFA_members",10940
2002,"PNA Member","FSM","Fleet_catch_in_national_waters_of_FFA_members",12414
2003,"PNA Member","FSM","Fleet_catch_in_national_waters_of_FFA_members",22763
2004,"PNA Member","FSM","Fleet_catch_in_national_waters_of_FFA_members",20023
2005,"PNA Member","FSM","Fleet_catch_in_national_waters_of_FFA_members",16070
2006,"PNA Member","FSM","Fleet_catch_in_national_waters_of_FFA_members",5780
2007,"PNA Member","FSM","Fleet_catch_in_national_waters_of_FFA_members",8767
2008,"PNA Member","FSM","Fleet_catch_in_national_waters_of_FFA_members",11855
2009,"PNA Member","FSM","Fleet_catch_in_national_waters_of_FFA_members",12728
2010,"PNA Member","FSM","Fleet_catch_in_national_waters_of_FFA_members",19196
2011,"PNA Member","FSM","Fleet_catch_in_national_waters_of_FFA_members",19029
2012,"PNA Member","FSM","Fleet_catch_in_national_waters_of_FFA_members",26374
2013,"PNA Member","FSM","Fleet_catch_in_national_waters_of_FFA_members",20482
2014,"PNA Member","FSM","Fleet_catch_in_national_waters_of_FFA_members",25118
2015,"PNA Member","FSM","Fleet_catch_in_national_waters_of_FFA_members",36967
2016,"PNA Member","FSM","Fleet_catch_in_national_waters_of_FFA_members",33738
2017,"PNA Member","FSM","Fleet_catch_in_national_waters_of_FFA_members",45303
2018,"PNA Member","FSM","Fleet_catch_in_national_waters_of_FFA_members",57419
2019,"PNA Member","FSM","Fleet_catch_in_national_waters_of_FFA_members",93792
2020,"PNA Member","FSM","Fleet_catch_in_national_waters_of_FFA_members",92502
2021,"PNA Member","FSM","Fleet_catch_in_national_waters_of_FFA_members",101888
2022,"PNA Member","FSM","Fleet_catch_in_national_waters_of_FFA_members",96990
2023,"PNA Member","FSM","Fleet_catch_in_national_waters_of_FFA_members",98368
1997,"High Seas","H4","Fleet_catch_in_national_waters_of_FFA_members",0
1998,"High Seas","H4","Fleet_catch_in_national_waters_of_FFA_members",0
1999,"High Seas","H4","Fleet_catch_in_national_waters_of_FFA_members",0
2000,"High Seas","H4","Fleet_catch_in_national_waters_of_FFA_members",0
2001,"High Seas","H4","Fleet_catch_in_national_waters_of_FFA_members",0
2002,"High Seas","H4","Fleet_catch_in_national_waters_of_FFA_members",0
2003,"High Seas","H4","Fleet_catch_in_national_waters_of_FFA_members",0
2004,"High Seas","H4","Fleet_catch_in_national_waters_of_FFA_members",0
2005,"High Seas","H4","Fleet_catch_in_national_waters_of_FFA_members",0
2006,"High Seas","H4","Fleet_catch_in_national_waters_of_FFA_members",0
2007,"High Seas","H4","Fleet_catch_in_national_waters_of_FFA_members",0
2008,"High Seas","H4","Fleet_catch_in_national_waters_of_FFA_members",0
2009,"High Seas","H4","Fleet_catch_in_national_waters_of_FFA_members",0
2010,"High Seas","H4","Fleet_catch_in_national_waters_of_FFA_members",0
2011,"High Seas","H4","Fleet_catch_in_national_waters_of_FFA_members",0
2012,"High Seas","H4","Fleet_catch_in_national_waters_of_FFA_members",0
2013,"High Seas","H4","Fleet_catch_in_national_waters_of_FFA_members",0
2014,"High Seas","H4","Fleet_catch_in_national_waters_of_FFA_members",0
2015,"High Seas","H4","Fleet_catch_in_national_waters_of_FFA_members",0
2016,"High Seas","H4","Fleet_catch_in_national_waters_of_FFA_members",0
2017,"High Seas","H4","Fleet_catch_in_national_waters_of_FFA_members",0
2018,"High Seas","H4","Fleet_catch_in_national_waters_of_FFA_members",0
2019,"High Seas","H4","Fleet_catch_in_national_waters_of_FFA_members",0
2020,"High Seas","H4","Fleet_catch_in_national_waters_of_FFA_members",0
2021,"High Seas","H4","Fleet_catch_in_national_waters_of_FFA_members",0
2022,"High Seas","H4","Fleet_catch_in_national_waters_of_FFA_members",0
2023,"High Seas","H4","Fleet_catch_in_national_waters_of_FFA_members",0
1997,"High Seas","H5","Fleet_catch_in_national_waters_of_FFA_members",0
1998,"High Seas","H5","Fleet_catch_in_national_waters_of_FFA_members",0
1999,"High Seas","H5","Fleet_catch_in_national_waters_of_FFA_members",0
2000,"High Seas","H5","Fleet_catch_in_national_waters_of_FFA_members",0
2001,"High Seas","H5","Fleet_catch_in_national_waters_of_FFA_members",0
2002,"High Seas","H5","Fleet_catch_in_national_waters_of_FFA_members",0
2003,"High Seas","H5","Fleet_catch_in_national_waters_of_FFA_members",0
2004,"High Seas","H5","Fleet_catch_in_national_waters_of_FFA_members",0
2005,"High Seas","H5","Fleet_catch_in_national_waters_of_FFA_members",0
2006,"High Seas","H5","Fleet_catch_in_national_waters_of_FFA_members",0
2007,"High Seas","H5","Fleet_catch_in_national_waters_of_FFA_members",0
2008,"High Seas","H5","Fleet_catch_in_national_waters_of_FFA_members",0
2009,"High Seas","H5","Fleet_catch_in_national_waters_of_FFA_members",0
2010,"High Seas","H5","Fleet_catch_in_national_waters_of_FFA_members",0
2011,"High Seas","H5","Fleet_catch_in_national_waters_of_FFA_members",0
2012,"High Seas","H5","Fleet_catch_in_national_waters_of_FFA_members",0
2013,"High Seas","H5","Fleet_catch_in_national_waters_of_FFA_members",0
2014,"High Seas","H5","Fleet_catch_in_national_waters_of_FFA_members",0
2015,"High Seas","H5","Fleet_catch_in_national_waters_of_FFA_members",0
2016,"High Seas","H5","Fleet_catch_in_national_waters_of_FFA_members",0
2017,"High Seas","H5","Fleet_catch_in_national_waters_of_FFA_members",0
2018,"High Seas","H5","Fleet_catch_in_national_waters_of_FFA_members",0
2019,"High Seas","H5","Fleet_catch_in_national_waters_of_FFA_members",0
2020,"High Seas","H5","Fleet_catch_in_national_waters_of_FFA_members",0
2021,"High Seas","H5","Fleet_catch_in_national_waters_of_FFA_members",0
2022,"High Seas","H5","Fleet_catch_in_national_waters_of_FFA_members",0
2023,"High Seas","H5","Fleet_catch_in_national_waters_of_FFA_members",0
1997,"High Seas","I1","Fleet_catch_in_national_waters_of_FFA_members",0
1998,"High Seas","I1","Fleet_catch_in_national_waters_of_FFA_members",0
1999,"High Seas","I1","Fleet_catch_in_national_waters_of_FFA_members",0
2000,"High Seas","I1","Fleet_catch_in_national_waters_of_FFA_members",0
2001,"High Seas","I1","Fleet_catch_in_national_waters_of_FFA_members",0
2002,"High Seas","I1","Fleet_catch_in_national_waters_of_FFA_members",0
2003,"High Seas","I1","Fleet_catch_in_national_waters_of_FFA_members",0
2004,"High Seas","I1","Fleet_catch_in_national_waters_of_FFA_members",0
2005,"High Seas","I1","Fleet_catch_in_national_waters_of_FFA_members",0
2006,"High Seas","I1","Fleet_catch_in_national_waters_of_FFA_members",0
2007,"High Seas","I1","Fleet_catch_in_national_waters_of_FFA_members",0
2008,"High Seas","I1","Fleet_catch_in_national_waters_of_FFA_members",0
2009,"High Seas","I1","Fleet_catch_in_national_waters_of_FFA_members",0
2010,"High Seas","I1","Fleet_catch_in_national_waters_of_FFA_members",0
2011,"High Seas","I1","Fleet_catch_in_national_waters_of_FFA_members",0
2012,"High Seas","I1","Fleet_catch_in_national_waters_of_FFA_members",0
2013,"High Seas","I1","Fleet_catch_in_national_waters_of_FFA_members",0
2014,"High Seas","I1","Fleet_catch_in_national_waters_of_FFA_members",0
2015,"High Seas","I1","Fleet_catch_in_national_waters_of_FFA_members",0
2016,"High Seas","I1","Fleet_catch_in_national_waters_of_FFA_members",0
2017,"High Seas","I1","Fleet_catch_in_national_waters_of_FFA_members",0
2018,"High Seas","I1","Fleet_catch_in_national_waters_of_FFA_members",0
2019,"High Seas","I1","Fleet_catch_in_national_waters_of_FFA_members",0
2020,"High Seas","I1","Fleet_catch_in_national_waters_of_FFA_members",0
2021,"High Seas","I1","Fleet_catch_in_national_waters_of_FFA_members",0
2022,"High Seas","I1","Fleet_catch_in_national_waters_of_FFA_members",0
2023,"High Seas","I1","Fleet_catch_in_national_waters_of_FFA_members",0
1997,"High Seas","I2","Fleet_catch_in_national_waters_of_FFA_members",0
1998,"High Seas","I2","Fleet_catch_in_national_waters_of_FFA_members",0
1999,"High Seas","I2","Fleet_catch_in_national_waters_of_FFA_members",0
2000,"High Seas","I2","Fleet_catch_in_national_waters_of_FFA_members",0
2001,"High Seas","I2","Fleet_catch_in_national_waters_of_FFA_members",0
2002,"High Seas","I2","Fleet_catch_in_national_waters_of_FFA_members",0
2003,"High Seas","I2","Fleet_catch_in_national_waters_of_FFA_members",0
2004,"High Seas","I2","Fleet_catch_in_national_waters_of_FFA_members",0
2005,"High Seas","I2","Fleet_catch_in_national_waters_of_FFA_members",0
2006,"High Seas","I2","Fleet_catch_in_national_waters_of_FFA_members",0
2007,"High Seas","I2","Fleet_catch_in_national_waters_of_FFA_members",0
2008,"High Seas","I2","Fleet_catch_in_national_waters_of_FFA_members",0
2009,"High Seas","I2","Fleet_catch_in_national_waters_of_FFA_members",0
2010,"High Seas","I2","Fleet_catch_in_national_waters_of_FFA_members",0
2011,"High Seas","I2","Fleet_catch_in_national_waters_of_FFA_members",0
2012,"High Seas","I2","Fleet_catch_in_national_waters_of_FFA_members",0
2013,"High Seas","I2","Fleet_catch_in_national_waters_of_FFA_members",0
2014,"High Seas","I2","Fleet_catch_in_national_waters_of_FFA_members",0
2015,"High Seas","I2","Fleet_catch_in_national_waters_of_FFA_members",0
2016,"High Seas","I2","Fleet_catch_in_national_waters_of_FFA_members",0
2017,"High Seas","I2","Fleet_catch_in_national_waters_of_FFA_members",0
2018,"High Seas","I2","Fleet_catch_in_national_waters_of_FFA_members",0
2019,"High Seas","I2","Fleet_catch_in_national_waters_of_FFA_members",0
2020,"High Seas","I2","Fleet_catch_in_national_waters_of_FFA_members",0
2021,"High Seas","I2","Fleet_catch_in_national_waters_of_FFA_members",0
2022,"High Seas","I2","Fleet_catch_in_national_waters_of_FFA_members",0
2023,"High Seas","I2","Fleet_catch_in_national_waters_of_FFA_members",0
1997,"High Seas","I3","Fleet_catch_in_national_waters_of_FFA_members",0
1998,"High Seas","I3","Fleet_catch_in_national_waters_of_FFA_members",0
1999,"High Seas","I3","Fleet_catch_in_national_waters_of_FFA_members",0
2000,"High Seas","I3","Fleet_catch_in_national_waters_of_FFA_members",0
2001,"High Seas","I3","Fleet_catch_in_national_waters_of_FFA_members",0
2002,"High Seas","I3","Fleet_catch_in_national_waters_of_FFA_members",0
2003,"High Seas","I3","Fleet_catch_in_national_waters_of_FFA_members",0
2004,"High Seas","I3","Fleet_catch_in_national_waters_of_FFA_members",0
2005,"High Seas","I3","Fleet_catch_in_national_waters_of_FFA_members",0
2006,"High Seas","I3","Fleet_catch_in_national_waters_of_FFA_members",0
2007,"High Seas","I3","Fleet_catch_in_national_waters_of_FFA_members",0
2008,"High Seas","I3","Fleet_catch_in_national_waters_of_FFA_members",0
2009,"High Seas","I3","Fleet_catch_in_national_waters_of_FFA_members",0
2010,"High Seas","I3","Fleet_catch_in_national_waters_of_FFA_members",0
2011,"High Seas","I3","Fleet_catch_in_national_waters_of_FFA_members",0
2012,"High Seas","I3","Fleet_catch_in_national_waters_of_FFA_members",0
2013,"High Seas","I3","Fleet_catch_in_national_waters_of_FFA_members",0
2014,"High Seas","I3","Fleet_catch_in_national_waters_of_FFA_members",0
2015,"High Seas","I3","Fleet_catch_in_national_waters_of_FFA_members",0
2016,"High Seas","I3","Fleet_catch_in_national_waters_of_FFA_members",0
2017,"High Seas","I3","Fleet_catch_in_national_waters_of_FFA_members",0
2018,"High Seas","I3","Fleet_catch_in_national_waters_of_FFA_members",0
2019,"High Seas","I3","Fleet_catch_in_national_waters_of_FFA_members",0
2020,"High Seas","I3","Fleet_catch_in_national_waters_of_FFA_members",0
2021,"High Seas","I3","Fleet_catch_in_national_waters_of_FFA_members",0
2022,"High Seas","I3","Fleet_catch_in_national_waters_of_FFA_members",0
2023,"High Seas","I3","Fleet_catch_in_national_waters_of_FFA_members",0
1997,"High Seas","I4","Fleet_catch_in_national_waters_of_FFA_members",0
1998,"High Seas","I4","Fleet_catch_in_national_waters_of_FFA_members",0
1999,"High Seas","I4","Fleet_catch_in_national_waters_of_FFA_members",0
2000,"High Seas","I4","Fleet_catch_in_national_waters_of_FFA_members",0
2001,"High Seas","I4","Fleet_catch_in_national_waters_of_FFA_members",0
2002,"High Seas","I4","Fleet_catch_in_national_waters_of_FFA_members",0
2003,"High Seas","I4","Fleet_catch_in_national_waters_of_FFA_members",0
2004,"High Seas","I4","Fleet_catch_in_national_waters_of_FFA_members",0
2005,"High Seas","I4","Fleet_catch_in_national_waters_of_FFA_members",0
2006,"High Seas","I4","Fleet_catch_in_national_waters_of_FFA_members",0
2007,"High Seas","I4","Fleet_catch_in_national_waters_of_FFA_members",0
2008,"High Seas","I4","Fleet_catch_in_national_waters_of_FFA_members",0
2009,"High Seas","I4","Fleet_catch_in_national_waters_of_FFA_members",0
2010,"High Seas","I4","Fleet_catch_in_national_waters_of_FFA_members",0
2011,"High Seas","I4","Fleet_catch_in_national_waters_of_FFA_members",0
2012,"High Seas","I4","Fleet_catch_in_national_waters_of_FFA_members",0
2013,"High Seas","I4","Fleet_catch_in_national_waters_of_FFA_members",0
2014,"High Seas","I4","Fleet_catch_in_national_waters_of_FFA_members",0
2015,"High Seas","I4","Fleet_catch_in_national_waters_of_FFA_members",0
2016,"High Seas","I4","Fleet_catch_in_national_waters_of_FFA_members",0
2017,"High Seas","I4","Fleet_catch_in_national_waters_of_FFA_members",0
2018,"High Seas","I4","Fleet_catch_in_national_waters_of_FFA_members",0
2019,"High Seas","I4","Fleet_catch_in_national_waters_of_FFA_members",0
2020,"High Seas","I4","Fleet_catch_in_national_waters_of_FFA_members",0
2021,"High Seas","I4","Fleet_catch_in_national_waters_of_FFA_members",0
2022,"High Seas","I4","Fleet_catch_in_national_waters_of_FFA_members",0
2023,"High Seas","I4","Fleet_catch_in_national_waters_of_FFA_members",0
1997,"High Seas","I5","Fleet_catch_in_national_waters_of_FFA_members",0
1998,"High Seas","I5","Fleet_catch_in_national_waters_of_FFA_members",0
1999,"High Seas","I5","Fleet_catch_in_national_waters_of_FFA_members",0
2000,"High Seas","I5","Fleet_catch_in_national_waters_of_FFA_members",0
2001,"High Seas","I5","Fleet_catch_in_national_waters_of_FFA_members",0
2002,"High Seas","I5","Fleet_catch_in_national_waters_of_FFA_members",0
2003,"High Seas","I5","Fleet_catch_in_national_waters_of_FFA_members",0
2004,"High Seas","I5","Fleet_catch_in_national_waters_of_FFA_members",0
2005,"High Seas","I5","Fleet_catch_in_national_waters_of_FFA_members",0
2006,"High Seas","I5","Fleet_catch_in_national_waters_of_FFA_members",0
2007,"High Seas","I5","Fleet_catch_in_national_waters_of_FFA_members",0
2008,"High Seas","I5","Fleet_catch_in_national_waters_of_FFA_members",0
2009,"High Seas","I5","Fleet_catch_in_national_waters_of_FFA_members",0
2010,"High Seas","I5","Fleet_catch_in_national_waters_of_FFA_members",0
2011,"High Seas","I5","Fleet_catch_in_national_waters_of_FFA_members",0
2012,"High Seas","I5","Fleet_catch_in_national_waters_of_FFA_members",0
2013,"High Seas","I5","Fleet_catch_in_national_waters_of_FFA_members",0
2014,"High Seas","I5","Fleet_catch_in_national_waters_of_FFA_members",0
2015,"High Seas","I5","Fleet_catch_in_national_waters_of_FFA_members",0
2016,"High Seas","I5","Fleet_catch_in_national_waters_of_FFA_members",0
2017,"High Seas","I5","Fleet_catch_in_national_waters_of_FFA_members",0
2018,"High Seas","I5","Fleet_catch_in_national_waters_of_FFA_members",0
2019,"High Seas","I5","Fleet_catch_in_national_waters_of_FFA_members",0
2020,"High Seas","I5","Fleet_catch_in_national_waters_of_FFA_members",0
2021,"High Seas","I5","Fleet_catch_in_national_waters_of_FFA_members",0
2022,"High Seas","I5","Fleet_catch_in_national_waters_of_FFA_members",0
2023,"High Seas","I5","Fleet_catch_in_national_waters_of_FFA_members",0
1997,"High Seas","I6","Fleet_catch_in_national_waters_of_FFA_members",0
1998,"High Seas","I6","Fleet_catch_in_national_waters_of_FFA_members",0
1999,"High Seas","I6","Fleet_catch_in_national_waters_of_FFA_members",0
2000,"High Seas","I6","Fleet_catch_in_national_waters_of_FFA_members",0
2001,"High Seas","I6","Fleet_catch_in_national_waters_of_FFA_members",0
2002,"High Seas","I6","Fleet_catch_in_national_waters_of_FFA_members",0
2003,"High Seas","I6","Fleet_catch_in_national_waters_of_FFA_members",0
2004,"High Seas","I6","Fleet_catch_in_national_waters_of_FFA_members",0
2005,"High Seas","I6","Fleet_catch_in_national_waters_of_FFA_members",0
2006,"High Seas","I6","Fleet_catch_in_national_waters_of_FFA_members",0
2007,"High Seas","I6","Fleet_catch_in_national_waters_of_FFA_members",0
2008,"High Seas","I6","Fleet_catch_in_national_waters_of_FFA_members",0
2009,"High Seas","I6","Fleet_catch_in_national_waters_of_FFA_members",0
2010,"High Seas","I6","Fleet_catch_in_national_waters_of_FFA_members",0
2011,"High Seas","I6","Fleet_catch_in_national_waters_of_FFA_members",0
2012,"High Seas","I6","Fleet_catch_in_national_waters_of_FFA_members",0
2013,"High Seas","I6","Fleet_catch_in_national_waters_of_FFA_members",0
2014,"High Seas","I6","Fleet_catch_in_national_waters_of_FFA_members",0
2015,"High Seas","I6","Fleet_catch_in_national_waters_of_FFA_members",0
2016,"High Seas","I6","Fleet_catch_in_national_waters_of_FFA_members",0
2017,"High Seas","I6","Fleet_catch_in_national_waters_of_FFA_members",0
2018,"High Seas","I6","Fleet_catch_in_national_waters_of_FFA_members",0
2019,"High Seas","I6","Fleet_catch_in_national_waters_of_FFA_members",0
2020,"High Seas","I6","Fleet_catch_in_national_waters_of_FFA_members",0
2021,"High Seas","I6","Fleet_catch_in_national_waters_of_FFA_members",0
2022,"High Seas","I6","Fleet_catch_in_national_waters_of_FFA_members",0
2023,"High Seas","I6","Fleet_catch_in_national_waters_of_FFA_members",0
1997,"High Seas","I7","Fleet_catch_in_national_waters_of_FFA_members",0
1998,"High Seas","I7","Fleet_catch_in_national_waters_of_FFA_members",0
1999,"High Seas","I7","Fleet_catch_in_national_waters_of_FFA_members",0
2000,"High Seas","I7","Fleet_catch_in_national_waters_of_FFA_members",0
2001,"High Seas","I7","Fleet_catch_in_national_waters_of_FFA_members",0
2002,"High Seas","I7","Fleet_catch_in_national_waters_of_FFA_members",0
2003,"High Seas","I7","Fleet_catch_in_national_waters_of_FFA_members",0
2004,"High Seas","I7","Fleet_catch_in_national_waters_of_FFA_members",0
2005,"High Seas","I7","Fleet_catch_in_national_waters_of_FFA_members",0
2006,"High Seas","I7","Fleet_catch_in_national_waters_of_FFA_members",0
2007,"High Seas","I7","Fleet_catch_in_national_waters_of_FFA_members",0
2008,"High Seas","I7","Fleet_catch_in_national_waters_of_FFA_members",0
2009,"High Seas","I7","Fleet_catch_in_national_waters_of_FFA_members",0
2010,"High Seas","I7","Fleet_catch_in_national_waters_of_FFA_members",0
2011,"High Seas","I7","Fleet_catch_in_national_waters_of_FFA_members",0
2012,"High Seas","I7","Fleet_catch_in_national_waters_of_FFA_members",0
2013,"High Seas","I7","Fleet_catch_in_national_waters_of_FFA_members",0
2014,"High Seas","I7","Fleet_catch_in_national_waters_of_FFA_members",0
2015,"High Seas","I7","Fleet_catch_in_national_waters_of_FFA_members",0
2016,"High Seas","I7","Fleet_catch_in_national_waters_of_FFA_members",0
2017,"High Seas","I7","Fleet_catch_in_national_waters_of_FFA_members",0
2018,"High Seas","I7","Fleet_catch_in_national_waters_of_FFA_members",0
2019,"High Seas","I7","Fleet_catch_in_national_waters_of_FFA_members",0
2020,"High Seas","I7","Fleet_catch_in_national_waters_of_FFA_members",0
2021,"High Seas","I7","Fleet_catch_in_national_waters_of_FFA_members",0
2022,"High Seas","I7","Fleet_catch_in_national_waters_of_FFA_members",0
2023,"High Seas","I7","Fleet_catch_in_national_waters_of_FFA_members",0
1997,"High Seas","I8","Fleet_catch_in_national_waters_of_FFA_members",0
1998,"High Seas","I8","Fleet_catch_in_national_waters_of_FFA_members",0
1999,"High Seas","I8","Fleet_catch_in_national_waters_of_FFA_members",0
2000,"High Seas","I8","Fleet_catch_in_national_waters_of_FFA_members",0
2001,"High Seas","I8","Fleet_catch_in_national_waters_of_FFA_members",0
2002,"High Seas","I8","Fleet_catch_in_national_waters_of_FFA_members",0
2003,"High Seas","I8","Fleet_catch_in_national_waters_of_FFA_members",0
2004,"High Seas","I8","Fleet_catch_in_national_waters_of_FFA_members",0
2005,"High Seas","I8","Fleet_catch_in_national_waters_of_FFA_members",0
2006,"High Seas","I8","Fleet_catch_in_national_waters_of_FFA_members",0
2007,"High Seas","I8","Fleet_catch_in_national_waters_of_FFA_members",0
2008,"High Seas","I8","Fleet_catch_in_national_waters_of_FFA_members",0
2009,"High Seas","I8","Fleet_catch_in_national_waters_of_FFA_members",0
2010,"High Seas","I8","Fleet_catch_in_national_waters_of_FFA_members",0
2011,"High Seas","I8","Fleet_catch_in_national_waters_of_FFA_members",0
2012,"High Seas","I8","Fleet_catch_in_national_waters_of_FFA_members",0
2013,"High Seas","I8","Fleet_catch_in_national_waters_of_FFA_members",0
2014,"High Seas","I8","Fleet_catch_in_national_waters_of_FFA_members",0
2015,"High Seas","I8","Fleet_catch_in_national_waters_of_FFA_members",0
2016,"High Seas","I8","Fleet_catch_in_national_waters_of_FFA_members",0
2017,"High Seas","I8","Fleet_catch_in_national_waters_of_FFA_members",0
2018,"High Seas","I8","Fleet_catch_in_national_waters_of_FFA_members",0
2019,"High Seas","I8","Fleet_catch_in_national_waters_of_FFA_members",0
2020,"High Seas","I8","Fleet_catch_in_national_waters_of_FFA_members",0
2021,"High Seas","I8","Fleet_catch_in_national_waters_of_FFA_members",0
2022,"High Seas","I8","Fleet_catch_in_national_waters_of_FFA_members",0
2023,"High Seas","I8","Fleet_catch_in_national_waters_of_FFA_members",0
1997,"High Seas","I9","Fleet_catch_in_national_waters_of_FFA_members",0
1998,"High Seas","I9","Fleet_catch_in_national_waters_of_FFA_members",0
1999,"High Seas","I9","Fleet_catch_in_national_waters_of_FFA_members",0
2000,"High Seas","I9","Fleet_catch_in_national_waters_of_FFA_members",0
2001,"High Seas","I9","Fleet_catch_in_national_waters_of_FFA_members",0
2002,"High Seas","I9","Fleet_catch_in_national_waters_of_FFA_members",0
2003,"High Seas","I9","Fleet_catch_in_national_waters_of_FFA_members",0
2004,"High Seas","I9","Fleet_catch_in_national_waters_of_FFA_members",0
2005,"High Seas","I9","Fleet_catch_in_national_waters_of_FFA_members",0
2006,"High Seas","I9","Fleet_catch_in_national_waters_of_FFA_members",0
2007,"High Seas","I9","Fleet_catch_in_national_waters_of_FFA_members",0
2008,"High Seas","I9","Fleet_catch_in_national_waters_of_FFA_members",0
2009,"High Seas","I9","Fleet_catch_in_national_waters_of_FFA_members",0
2010,"High Seas","I9","Fleet_catch_in_national_waters_of_FFA_members",0
2011,"High Seas","I9","Fleet_catch_in_national_waters_of_FFA_members",0
2012,"High Seas","I9","Fleet_catch_in_national_waters_of_FFA_members",0
2013,"High Seas","I9","Fleet_catch_in_national_waters_of_FFA_members",0
2014,"High Seas","I9","Fleet_catch_in_national_waters_of_FFA_members",0
2015,"High Seas","I9","Fleet_catch_in_national_waters_of_FFA_members",0
2016,"High Seas","I9","Fleet_catch_in_national_waters_of_FFA_members",0
2017,"High Seas","I9","Fleet_catch_in_national_waters_of_FFA_members",0
2018,"High Seas","I9","Fleet_catch_in_national_waters_of_FFA_members",0
2019,"High Seas","I9","Fleet_catch_in_national_waters_of_FFA_members",0
2020,"High Seas","I9","Fleet_catch_in_national_waters_of_FFA_members",0
2021,"High Seas","I9","Fleet_catch_in_national_waters_of_FFA_members",0
2022,"High Seas","I9","Fleet_catch_in_national_waters_of_FFA_members",0
2023,"High Seas","I9","Fleet_catch_in_national_waters_of_FFA_members",0
1997,"Non-PNA Member","Indonesia","Fleet_catch_in_national_waters_of_FFA_members",-256670
1998,"Non-PNA Member","Indonesia","Fleet_catch_in_national_waters_of_FFA_members",-338881
1999,"Non-PNA Member","Indonesia","Fleet_catch_in_national_waters_of_FFA_members",-321618
2000,"Non-PNA Member","Indonesia","Fleet_catch_in_national_waters_of_FFA_members",-342203
2001,"Non-PNA Member","Indonesia","Fleet_catch_in_national_waters_of_FFA_members",-314888
2002,"Non-PNA Member","Indonesia","Fleet_catch_in_national_waters_of_FFA_members",-302659
2003,"Non-PNA Member","Indonesia","Fleet_catch_in_national_waters_of_FFA_members",-310657
2004,"Non-PNA Member","Indonesia","Fleet_catch_in_national_waters_of_FFA_members",-411985
2005,"Non-PNA Member","Indonesia","Fleet_catch_in_national_waters_of_FFA_members",-247514
2006,"Non-PNA Member","Indonesia","Fleet_catch_in_national_waters_of_FFA_members",-285844
2007,"Non-PNA Member","Indonesia","Fleet_catch_in_national_waters_of_FFA_members",-321890
2008,"Non-PNA Member","Indonesia","Fleet_catch_in_national_waters_of_FFA_members",-334970
2009,"Non-PNA Member","Indonesia","Fleet_catch_in_national_waters_of_FFA_members",-388635
2010,"Non-PNA Member","Indonesia","Fleet_catch_in_national_waters_of_FFA_members",-358254
2011,"Non-PNA Member","Indonesia","Fleet_catch_in_national_waters_of_FFA_members",-397915
2012,"Non-PNA Member","Indonesia","Fleet_catch_in_national_waters_of_FFA_members",-443316
2013,"Non-PNA Member","Indonesia","Fleet_catch_in_national_waters_of_FFA_members",-526236
2014,"Non-PNA Member","Indonesia","Fleet_catch_in_national_waters_of_FFA_members",-482917
2015,"Non-PNA Member","Indonesia","Fleet_catch_in_national_waters_of_FFA_members",-432078
2016,"Non-PNA Member","Indonesia","Fleet_catch_in_national_waters_of_FFA_members",-525633
2017,"Non-PNA Member","Indonesia","Fleet_catch_in_national_waters_of_FFA_members",-470964
2018,"Non-PNA Member","Indonesia","Fleet_catch_in_national_waters_of_FFA_members",-526475
2019,"Non-PNA Member","Indonesia","Fleet_catch_in_national_waters_of_FFA_members",-536212
2020,"Non-PNA Member","Indonesia","Fleet_catch_in_national_waters_of_FFA_members",-514558
2021,"Non-PNA Member","Indonesia","Fleet_catch_in_national_waters_of_FFA_members",-546944
2022,"Non-PNA Member","Indonesia","Fleet_catch_in_national_waters_of_FFA_members",-513429
2023,"Non-PNA Member","Indonesia","Fleet_catch_in_national_waters_of_FFA_members",-513429
1997,"High Seas","IW","Fleet_catch_in_national_waters_of_FFA_members",0
1998,"High Seas","IW","Fleet_catch_in_national_waters_of_FFA_members",0
1999,"High Seas","IW","Fleet_catch_in_national_waters_of_FFA_members",0
2000,"High Seas","IW","Fleet_catch_in_national_waters_of_FFA_members",0
2001,"High Seas","IW","Fleet_catch_in_national_waters_of_FFA_members",0
2002,"High Seas","IW","Fleet_catch_in_national_waters_of_FFA_members",0
2003,"High Seas","IW","Fleet_catch_in_national_waters_of_FFA_members",0
2004,"High Seas","IW","Fleet_catch_in_national_waters_of_FFA_members",0
2005,"High Seas","IW","Fleet_catch_in_national_waters_of_FFA_members",0
2006,"High Seas","IW","Fleet_catch_in_national_waters_of_FFA_members",0
2007,"High Seas","IW","Fleet_catch_in_national_waters_of_FFA_members",0
2008,"High Seas","IW","Fleet_catch_in_national_waters_of_FFA_members",0
2009,"High Seas","IW","Fleet_catch_in_national_waters_of_FFA_members",0
2010,"High Seas","IW","Fleet_catch_in_national_waters_of_FFA_members",0
2011,"High Seas","IW","Fleet_catch_in_national_waters_of_FFA_members",0
2012,"High Seas","IW","Fleet_catch_in_national_waters_of_FFA_members",0
2013,"High Seas","IW","Fleet_catch_in_national_waters_of_FFA_members",0
2014,"High Seas","IW","Fleet_catch_in_national_waters_of_FFA_members",0
2015,"High Seas","IW","Fleet_catch_in_national_waters_of_FFA_members",0
2016,"High Seas","IW","Fleet_catch_in_national_waters_of_FFA_members",0
2017,"High Seas","IW","Fleet_catch_in_national_waters_of_FFA_members",0
2018,"High Seas","IW","Fleet_catch_in_national_waters_of_FFA_members",0
2019,"High Seas","IW","Fleet_catch_in_national_waters_of_FFA_members",0
2020,"High Seas","IW","Fleet_catch_in_national_waters_of_FFA_members",0
2021,"High Seas","IW","Fleet_catch_in_national_waters_of_FFA_members",0
2022,"High Seas","IW","Fleet_catch_in_national_waters_of_FFA_members",0
2023,"High Seas","IW","Fleet_catch_in_national_waters_of_FFA_members",0
1997,"Non-PNA Member","Japan","Fleet_catch_in_national_waters_of_FFA_members",-35961
1998,"Non-PNA Member","Japan","Fleet_catch_in_national_waters_of_FFA_members",-22127
1999,"Non-PNA Member","Japan","Fleet_catch_in_national_waters_of_FFA_members",-27933
2000,"Non-PNA Member","Japan","Fleet_catch_in_national_waters_of_FFA_members",-32351
2001,"Non-PNA Member","Japan","Fleet_catch_in_national_waters_of_FFA_members",53608
2002,"Non-PNA Member","Japan","Fleet_catch_in_national_waters_of_FFA_members",59921
2003,"Non-PNA Member","Japan","Fleet_catch_in_national_waters_of_FFA_members",43701
2004,"Non-PNA Member","Japan","Fleet_catch_in_national_waters_of_FFA_members",2032
2005,"Non-PNA Member","Japan","Fleet_catch_in_national_waters_of_FFA_members",16661
2006,"Non-PNA Member","Japan","Fleet_catch_in_national_waters_of_FFA_members",42028
2007,"Non-PNA Member","Japan","Fleet_catch_in_national_waters_of_FFA_members",14902
2008,"Non-PNA Member","Japan","Fleet_catch_in_national_waters_of_FFA_members",65877
2009,"Non-PNA Member","Japan","Fleet_catch_in_national_waters_of_FFA_members",46409
2010,"Non-PNA Member","Japan","Fleet_catch_in_national_waters_of_FFA_members",133600
2011,"Non-PNA Member","Japan","Fleet_catch_in_national_waters_of_FFA_members",106839
2012,"Non-PNA Member","Japan","Fleet_catch_in_national_waters_of_FFA_members",138846
2013,"Non-PNA Member","Japan","Fleet_catch_in_national_waters_of_FFA_members",93010
2014,"Non-PNA Member","Japan","Fleet_catch_in_national_waters_of_FFA_members",105147
2015,"Non-PNA Member","Japan","Fleet_catch_in_national_waters_of_FFA_members",69020
2016,"Non-PNA Member","Japan","Fleet_catch_in_national_waters_of_FFA_members",89446
2017,"Non-PNA Member","Japan","Fleet_catch_in_national_waters_of_FFA_members",73502
2018,"Non-PNA Member","Japan","Fleet_catch_in_national_waters_of_FFA_members",86809
2019,"Non-PNA Member","Japan","Fleet_catch_in_national_waters_of_FFA_members",109021
2020,"Non-PNA Member","Japan","Fleet_catch_in_national_waters_of_FFA_members",86414
2021,"Non-PNA Member","Japan","Fleet_catch_in_national_waters_of_FFA_members",61710
2022,"Non-PNA Member","Japan","Fleet_catch_in_national_waters_of_FFA_members",82233
2023,"Non-PNA Member","Japan","Fleet_catch_in_national_waters_of_FFA_members",53114
1997,"PNA Member","Kiribati","Fleet_catch_in_national_waters_of_FFA_members",2752
1998,"PNA Member","Kiribati","Fleet_catch_in_national_waters_of_FFA_members",4347
1999,"PNA Member","Kiribati","Fleet_catch_in_national_waters_of_FFA_members",5307
2000,"PNA Member","Kiribati","Fleet_catch_in_national_waters_of_FFA_members",4127
2001,"PNA Member","Kiribati","Fleet_catch_in_national_waters_of_FFA_members",2948
2002,"PNA Member","Kiribati","Fleet_catch_in_national_waters_of_FFA_members",2954
2003,"PNA Member","Kiribati","Fleet_catch_in_national_waters_of_FFA_members",3223
2004,"PNA Member","Kiribati","Fleet_catch_in_national_waters_of_FFA_members",3825
2005,"PNA Member","Kiribati","Fleet_catch_in_national_waters_of_FFA_members",5530
2006,"PNA Member","Kiribati","Fleet_catch_in_national_waters_of_FFA_members",3128
2007,"PNA Member","Kiribati","Fleet_catch_in_national_waters_of_FFA_members",3996
2008,"PNA Member","Kiribati","Fleet_catch_in_national_waters_of_FFA_members",6211
2009,"PNA Member","Kiribati","Fleet_catch_in_national_waters_of_FFA_members",8566
2010,"PNA Member","Kiribati","Fleet_catch_in_national_waters_of_FFA_members",13713
2011,"PNA Member","Kiribati","Fleet_catch_in_national_waters_of_FFA_members",22551
2012,"PNA Member","Kiribati","Fleet_catch_in_national_waters_of_FFA_members",25243
2013,"PNA Member","Kiribati","Fleet_catch_in_national_waters_of_FFA_members",45962
2014,"PNA Member","Kiribati","Fleet_catch_in_national_waters_of_FFA_members",24353
2015,"PNA Member","Kiribati","Fleet_catch_in_national_waters_of_FFA_members",15257
2016,"PNA Member","Kiribati","Fleet_catch_in_national_waters_of_FFA_members",54934
2017,"PNA Member","Kiribati","Fleet_catch_in_national_waters_of_FFA_members",41245
2018,"PNA Member","Kiribati","Fleet_catch_in_national_waters_of_FFA_members",50619
2019,"PNA Member","Kiribati","Fleet_catch_in_national_waters_of_FFA_members",31405
2020,"PNA Member","Kiribati","Fleet_catch_in_national_waters_of_FFA_members",47542
2021,"PNA Member","Kiribati","Fleet_catch_in_national_waters_of_FFA_members",50417
2022,"PNA Member","Kiribati","Fleet_catch_in_national_waters_of_FFA_members",73922
2023,"PNA Member","Kiribati","Fleet_catch_in_national_waters_of_FFA_members",33055
1997,"Non-PNA Member","Korea","Fleet_catch_in_national_waters_of_FFA_members",124567
1998,"Non-PNA Member","Korea","Fleet_catch_in_national_waters_of_FFA_members",159777
1999,"Non-PNA Member","Korea","Fleet_catch_in_national_waters_of_FFA_members",99540
2000,"Non-PNA Member","Korea","Fleet_catch_in_national_waters_of_FFA_members",159209
2001,"Non-PNA Member","Korea","Fleet_catch_in_national_waters_of_FFA_members",150779
2002,"Non-PNA Member","Korea","Fleet_catch_in_national_waters_of_FFA_members",179306
2003,"Non-PNA Member","Korea","Fleet_catch_in_national_waters_of_FFA_members",162164
2004,"Non-PNA Member","Korea","Fleet_catch_in_national_waters_of_FFA_members",165826
2005,"Non-PNA Member","Korea","Fleet_catch_in_national_waters_of_FFA_members",174070
2006,"Non-PNA Member","Korea","Fleet_catch_in_national_waters_of_FFA_members",239691
2007,"Non-PNA Member","Korea","Fleet_catch_in_national_waters_of_FFA_members",223336
2008,"Non-PNA Member","Korea","Fleet_catch_in_national_waters_of_FFA_members",209998
2009,"Non-PNA Member","Korea","Fleet_catch_in_national_waters_of_FFA_members",219606
2010,"Non-PNA Member","Korea","Fleet_catch_in_national_waters_of_FFA_members",278145
2011,"Non-PNA Member","Korea","Fleet_catch_in_national_waters_of_FFA_members",213556
2012,"Non-PNA Member","Korea","Fleet_catch_in_national_waters_of_FFA_members",269640
2013,"Non-PNA Member","Korea","Fleet_catch_in_national_waters_of_FFA_members",230614
2014,"Non-PNA Member","Korea","Fleet_catch_in_national_waters_of_FFA_members",273292
2015,"Non-PNA Member","Korea","Fleet_catch_in_national_waters_of_FFA_members",269219
2016,"Non-PNA Member","Korea","Fleet_catch_in_national_waters_of_FFA_members",272449
2017,"Non-PNA Member","Korea","Fleet_catch_in_national_waters_of_FFA_members",243157
2018,"Non-PNA Member","Korea","Fleet_catch_in_national_waters_of_FFA_members",260586
2019,"Non-PNA Member","Korea","Fleet_catch_in_national_waters_of_FFA_members",305110
2020,"Non-PNA Member","Korea","Fleet_catch_in_national_waters_of_FFA_members",243554
2021,"Non-PNA Member","Korea","Fleet_catch_in_national_waters_of_FFA_members",225310
2022,"Non-PNA Member","Korea","Fleet_catch_in_national_waters_of_FFA_members",227381
2023,"Non-PNA Member","Korea","Fleet_catch_in_national_waters_of_FFA_members",226718
1997,"PNA Member","Marshall Islands","Fleet_catch_in_national_waters_of_FFA_members",0
1998,"PNA Member","Marshall Islands","Fleet_catch_in_national_waters_of_FFA_members",0
1999,"PNA Member","Marshall Islands","Fleet_catch_in_national_waters_of_FFA_members",0
2000,"PNA Member","Marshall Islands","Fleet_catch_in_national_waters_of_FFA_members",5641
2001,"PNA Member","Marshall Islands","Fleet_catch_in_national_waters_of_FFA_members",25082
2002,"PNA Member","Marshall Islands","Fleet_catch_in_national_waters_of_FFA_members",30617
2003,"PNA Member","Marshall Islands","Fleet_catch_in_national_waters_of_FFA_members",24968
2004,"PNA Member","Marshall Islands","Fleet_catch_in_national_waters_of_FFA_members",28681
2005,"PNA Member","Marshall Islands","Fleet_catch_in_national_waters_of_FFA_members",34071
2006,"PNA Member","Marshall Islands","Fleet_catch_in_national_waters_of_FFA_members",34834
2007,"PNA Member","Marshall Islands","Fleet_catch_in_national_waters_of_FFA_members",44903
2008,"PNA Member","Marshall Islands","Fleet_catch_in_national_waters_of_FFA_members",19935
2009,"PNA Member","Marshall Islands","Fleet_catch_in_national_waters_of_FFA_members",32120
2010,"PNA Member","Marshall Islands","Fleet_catch_in_national_waters_of_FFA_members",50253
2011,"PNA Member","Marshall Islands","Fleet_catch_in_national_waters_of_FFA_members",83741
2012,"PNA Member","Marshall Islands","Fleet_catch_in_national_waters_of_FFA_members",60814
2013,"PNA Member","Marshall Islands","Fleet_catch_in_national_waters_of_FFA_members",64337
2014,"PNA Member","Marshall Islands","Fleet_catch_in_national_waters_of_FFA_members",61827
2015,"PNA Member","Marshall Islands","Fleet_catch_in_national_waters_of_FFA_members",50917
2016,"PNA Member","Marshall Islands","Fleet_catch_in_national_waters_of_FFA_members",39626
2017,"PNA Member","Marshall Islands","Fleet_catch_in_national_waters_of_FFA_members",35449
2018,"PNA Member","Marshall Islands","Fleet_catch_in_national_waters_of_FFA_members",56279
2019,"PNA Member","Marshall Islands","Fleet_catch_in_national_waters_of_FFA_members",52344
2020,"PNA Member","Marshall Islands","Fleet_catch_in_national_waters_of_FFA_members",49765
2021,"PNA Member","Marshall Islands","Fleet_catch_in_national_waters_of_FFA_members",58265
2022,"PNA Member","Marshall Islands","Fleet_catch_in_national_waters_of_FFA_members",61874
2023,"PNA Member","Marshall Islands","Fleet_catch_in_national_waters_of_FFA_members",41227
1997,"Non-PNA Member","Mathew and Hunter","Fleet_catch_in_national_waters_of_FFA_members",0
1998,"Non-PNA Member","Mathew and Hunter","Fleet_catch_in_national_waters_of_FFA_members",0
1999,"Non-PNA Member","Mathew and Hunter","Fleet_catch_in_national_waters_of_FFA_members",0
2000,"Non-PNA Member","Mathew and Hunter","Fleet_catch_in_national_waters_of_FFA_members",0
2001,"Non-PNA Member","Mathew and Hunter","Fleet_catch_in_national_waters_of_FFA_members",0
2002,"Non-PNA Member","Mathew and Hunter","Fleet_catch_in_national_waters_of_FFA_members",0
2003,"Non-PNA Member","Mathew and Hunter","Fleet_catch_in_national_waters_of_FFA_members",0
2004,"Non-PNA Member","Mathew and Hunter","Fleet_catch_in_national_waters_of_FFA_members",0
2005,"Non-PNA Member","Mathew and Hunter","Fleet_catch_in_national_waters_of_FFA_members",0
2006,"Non-PNA Member","Mathew and Hunter","Fleet_catch_in_national_waters_of_FFA_members",0
2007,"Non-PNA Member","Mathew and Hunter","Fleet_catch_in_national_waters_of_FFA_members",0
2008,"Non-PNA Member","Mathew and Hunter","Fleet_catch_in_national_waters_of_FFA_members",0
2009,"Non-PNA Member","Mathew and Hunter","Fleet_catch_in_national_waters_of_FFA_members",0
2010,"Non-PNA Member","Mathew and Hunter","Fleet_catch_in_national_waters_of_FFA_members",0
2011,"Non-PNA Member","Mathew and Hunter","Fleet_catch_in_national_waters_of_FFA_members",0
2012,"Non-PNA Member","Mathew and Hunter","Fleet_catch_in_national_waters_of_FFA_members",0
2013,"Non-PNA Member","Mathew and Hunter","Fleet_catch_in_national_waters_of_FFA_members",0
2014,"Non-PNA Member","Mathew and Hunter","Fleet_catch_in_national_waters_of_FFA_members",0
2015,"Non-PNA Member","Mathew and Hunter","Fleet_catch_in_national_waters_of_FFA_members",0
2016,"Non-PNA Member","Mathew and Hunter","Fleet_catch_in_national_waters_of_FFA_members",0
2017,"Non-PNA Member","Mathew and Hunter","Fleet_catch_in_national_waters_of_FFA_members",0
2018,"Non-PNA Member","Mathew and Hunter","Fleet_catch_in_national_waters_of_FFA_members",0
2019,"Non-PNA Member","Mathew and Hunter","Fleet_catch_in_national_waters_of_FFA_members",0
2020,"Non-PNA Member","Mathew and Hunter","Fleet_catch_in_national_waters_of_FFA_members",0
2021,"Non-PNA Member","Mathew and Hunter","Fleet_catch_in_national_waters_of_FFA_members",0
2022,"Non-PNA Member","Mathew and Hunter","Fleet_catch_in_national_waters_of_FFA_members",0
2023,"Non-PNA Member","Mathew and Hunter","Fleet_catch_in_national_waters_of_FFA_members",0
1997,"PNA Member","Nauru","Fleet_catch_in_national_waters_of_FFA_members",0
1998,"PNA Member","Nauru","Fleet_catch_in_national_waters_of_FFA_members",0
1999,"PNA Member","Nauru","Fleet_catch_in_national_waters_of_FFA_members",0
2000,"PNA Member","Nauru","Fleet_catch_in_national_waters_of_FFA_members",0
2001,"PNA Member","Nauru","Fleet_catch_in_national_waters_of_FFA_members",0
2002,"PNA Member","Nauru","Fleet_catch_in_national_waters_of_FFA_members",0
2003,"PNA Member","Nauru","Fleet_catch_in_national_waters_of_FFA_members",0
2004,"PNA Member","Nauru","Fleet_catch_in_national_waters_of_FFA_members",0
2005,"PNA Member","Nauru","Fleet_catch_in_national_waters_of_FFA_members",0
2006,"PNA Member","Nauru","Fleet_catch_in_national_waters_of_FFA_members",0
2007,"PNA Member","Nauru","Fleet_catch_in_national_waters_of_FFA_members",0
2008,"PNA Member","Nauru","Fleet_catch_in_national_waters_of_FFA_members",0
2009,"PNA Member","Nauru","Fleet_catch_in_national_waters_of_FFA_members",0
2010,"PNA Member","Nauru","Fleet_catch_in_national_waters_of_FFA_members",0
2011,"PNA Member","Nauru","Fleet_catch_in_national_waters_of_FFA_members",0
2012,"PNA Member","Nauru","Fleet_catch_in_national_waters_of_FFA_members",0
2013,"PNA Member","Nauru","Fleet_catch_in_national_waters_of_FFA_members",0
2014,"PNA Member","Nauru","Fleet_catch_in_national_waters_of_FFA_members",0
2015,"PNA Member","Nauru","Fleet_catch_in_national_waters_of_FFA_members",0
2016,"PNA Member","Nauru","Fleet_catch_in_national_waters_of_FFA_members",0
2017,"PNA Member","Nauru","Fleet_catch_in_national_waters_of_FFA_members",0
2018,"PNA Member","Nauru","Fleet_catch_in_national_waters_of_FFA_members",2868
2019,"PNA Member","Nauru","Fleet_catch_in_national_waters_of_FFA_members",19096
2020,"PNA Member","Nauru","Fleet_catch_in_national_waters_of_FFA_members",54438
2021,"PNA Member","Nauru","Fleet_catch_in_national_waters_of_FFA_members",79821
2022,"PNA Member","Nauru","Fleet_catch_in_national_waters_of_FFA_members",79829
2023,"PNA Member","Nauru","Fleet_catch_in_national_waters_of_FFA_members",58999
1997,"Non-PNA Member","New Caledonia","Fleet_catch_in_national_waters_of_FFA_members",-875
1998,"Non-PNA Member","New Caledonia","Fleet_catch_in_national_waters_of_FFA_members",-1497
1999,"Non-PNA Member","New Caledonia","Fleet_catch_in_national_waters_of_FFA_members",-1567
2000,"Non-PNA Member","New Caledonia","Fleet_catch_in_national_waters_of_FFA_members",-1653
2001,"Non-PNA Member","New Caledonia","Fleet_catch_in_national_waters_of_FFA_members",-1713
2002,"Non-PNA Member","New Caledonia","Fleet_catch_in_national_waters_of_FFA_members",-1925
2003,"Non-PNA Member","New Caledonia","Fleet_catch_in_national_waters_of_FFA_members",-2000
2004,"Non-PNA Member","New Caledonia","Fleet_catch_in_national_waters_of_FFA_members",-2161
2005,"Non-PNA Member","New Caledonia","Fleet_catch_in_national_waters_of_FFA_members",-2109
2006,"Non-PNA Member","New Caledonia","Fleet_catch_in_national_waters_of_FFA_members",-1802
2007,"Non-PNA Member","New Caledonia","Fleet_catch_in_national_waters_of_FFA_members",-1764
2008,"Non-PNA Member","New Caledonia","Fleet_catch_in_national_waters_of_FFA_members",-1982
2009,"Non-PNA Member","New Caledonia","Fleet_catch_in_national_waters_of_FFA_members",-2178
2010,"Non-PNA Member","New Caledonia","Fleet_catch_in_national_waters_of_FFA_members",-2481
2011,"Non-PNA Member","New Caledonia","Fleet_catch_in_national_waters_of_FFA_members",-2360
2012,"Non-PNA Member","New Caledonia","Fleet_catch_in_national_waters_of_FFA_members",-2332
2013,"Non-PNA Member","New Caledonia","Fleet_catch_in_national_waters_of_FFA_members",-2290
2014,"Non-PNA Member","New Caledonia","Fleet_catch_in_national_waters_of_FFA_members",-2426
2015,"Non-PNA Member","New Caledonia","Fleet_catch_in_national_waters_of_FFA_members",-2497
2016,"Non-PNA Member","New Caledonia","Fleet_catch_in_national_waters_of_FFA_members",-2359
2017,"Non-PNA Member","New Caledonia","Fleet_catch_in_national_waters_of_FFA_members",-2363
2018,"Non-PNA Member","New Caledonia","Fleet_catch_in_national_waters_of_FFA_members",-2270
2019,"Non-PNA Member","New Caledonia","Fleet_catch_in_national_waters_of_FFA_members",-2747
2020,"Non-PNA Member","New Caledonia","Fleet_catch_in_national_waters_of_FFA_members",-2467
2021,"Non-PNA Member","New Caledonia","Fleet_catch_in_national_waters_of_FFA_members",-2434
2022,"Non-PNA Member","New Caledonia","Fleet_catch_in_national_waters_of_FFA_members",-2879
2023,"Non-PNA Member","New Caledonia","Fleet_catch_in_national_waters_of_FFA_members",-2515
1997,"Non-PNA Member","New Zealand","Fleet_catch_in_national_waters_of_FFA_members",0
1998,"Non-PNA Member","New Zealand","Fleet_catch_in_national_waters_of_FFA_members",0
1999,"Non-PNA Member","New Zealand","Fleet_catch_in_national_waters_of_FFA_members",0
2000,"Non-PNA Member","New Zealand","Fleet_catch_in_national_waters_of_FFA_members",3263
2001,"Non-PNA Member","New Zealand","Fleet_catch_in_national_waters_of_FFA_members",7103
2002,"Non-PNA Member","New Zealand","Fleet_catch_in_national_waters_of_FFA_members",21479
2003,"Non-PNA Member","New Zealand","Fleet_catch_in_national_waters_of_FFA_members",12527
2004,"Non-PNA Member","New Zealand","Fleet_catch_in_national_waters_of_FFA_members",15162
2005,"Non-PNA Member","New Zealand","Fleet_catch_in_national_waters_of_FFA_members",11498
2006,"Non-PNA Member","New Zealand","Fleet_catch_in_national_waters_of_FFA_members",14463
2007,"Non-PNA Member","New Zealand","Fleet_catch_in_national_waters_of_FFA_members",19524
2008,"Non-PNA Member","New Zealand","Fleet_catch_in_national_waters_of_FFA_members",16315
2009,"Non-PNA Member","New Zealand","Fleet_catch_in_national_waters_of_FFA_members",16673
2010,"Non-PNA Member","New Zealand","Fleet_catch_in_national_waters_of_FFA_members",16543
2011,"Non-PNA Member","New Zealand","Fleet_catch_in_national_waters_of_FFA_members",11448
2012,"Non-PNA Member","New Zealand","Fleet_catch_in_national_waters_of_FFA_members",9465
2013,"Non-PNA Member","New Zealand","Fleet_catch_in_national_waters_of_FFA_members",12072
2014,"Non-PNA Member","New Zealand","Fleet_catch_in_national_waters_of_FFA_members",10339
2015,"Non-PNA Member","New Zealand","Fleet_catch_in_national_waters_of_FFA_members",1757
2016,"Non-PNA Member","New Zealand","Fleet_catch_in_national_waters_of_FFA_members",2127
2017,"Non-PNA Member","New Zealand","Fleet_catch_in_national_waters_of_FFA_members",0
2018,"Non-PNA Member","New Zealand","Fleet_catch_in_national_waters_of_FFA_members",0
2019,"Non-PNA Member","New Zealand","Fleet_catch_in_national_waters_of_FFA_members",0
2020,"Non-PNA Member","New Zealand","Fleet_catch_in_national_waters_of_FFA_members",0
2021,"Non-PNA Member","New Zealand","Fleet_catch_in_national_waters_of_FFA_members",0
2022,"Non-PNA Member","New Zealand","Fleet_catch_in_national_waters_of_FFA_members",0
2023,"Non-PNA Member","New Zealand","Fleet_catch_in_national_waters_of_FFA_members",0
1997,"Non-PNA Member","Niue","Fleet_catch_in_national_waters_of_FFA_members",0
1998,"Non-PNA Member","Niue","Fleet_catch_in_national_waters_of_FFA_members",0
1999,"Non-PNA Member","Niue","Fleet_catch_in_national_waters_of_FFA_members",0
2000,"Non-PNA Member","Niue","Fleet_catch_in_national_waters_of_FFA_members",0
2001,"Non-PNA Member","Niue","Fleet_catch_in_national_waters_of_FFA_members",0
2002,"Non-PNA Member","Niue","Fleet_catch_in_national_waters_of_FFA_members",0
2003,"Non-PNA Member","Niue","Fleet_catch_in_national_waters_of_FFA_members",0
2004,"Non-PNA Member","Niue","Fleet_catch_in_national_waters_of_FFA_members",0
2005,"Non-PNA Member","Niue","Fleet_catch_in_national_waters_of_FFA_members",0
2006,"Non-PNA Member","Niue","Fleet_catch_in_national_waters_of_FFA_members",0
2007,"Non-PNA Member","Niue","Fleet_catch_in_national_waters_of_FFA_members",0
2008,"Non-PNA Member","Niue","Fleet_catch_in_national_waters_of_FFA_members",0
2009,"Non-PNA Member","Niue","Fleet_catch_in_national_waters_of_FFA_members",0
2010,"Non-PNA Member","Niue","Fleet_catch_in_national_waters_of_FFA_members",0
2011,"Non-PNA Member","Niue","Fleet_catch_in_national_waters_of_FFA_members",0
2012,"Non-PNA Member","Niue","Fleet_catch_in_national_waters_of_FFA_members",0
2013,"Non-PNA Member","Niue","Fleet_catch_in_national_waters_of_FFA_members",0
2014,"Non-PNA Member","Niue","Fleet_catch_in_national_waters_of_FFA_members",0
2015,"Non-PNA Member","Niue","Fleet_catch_in_national_waters_of_FFA_members",0
2016,"Non-PNA Member","Niue","Fleet_catch_in_national_waters_of_FFA_members",0
2017,"Non-PNA Member","Niue","Fleet_catch_in_national_waters_of_FFA_members",0
2018,"Non-PNA Member","Niue","Fleet_catch_in_national_waters_of_FFA_members",0
2019,"Non-PNA Member","Niue","Fleet_catch_in_national_waters_of_FFA_members",0
2020,"Non-PNA Member","Niue","Fleet_catch_in_national_waters_of_FFA_members",0
2021,"Non-PNA Member","Niue","Fleet_catch_in_national_waters_of_FFA_members",0
2022,"Non-PNA Member","Niue","Fleet_catch_in_national_waters_of_FFA_members",0
2023,"Non-PNA Member","Niue","Fleet_catch_in_national_waters_of_FFA_members",0
1997,"Non-PNA Member","Northern Mariana Islands","Fleet_catch_in_national_waters_of_FFA_members",0
1998,"Non-PNA Member","Northern Mariana Islands","Fleet_catch_in_national_waters_of_FFA_members",0
1999,"Non-PNA Member","Northern Mariana Islands","Fleet_catch_in_national_waters_of_FFA_members",0
2000,"Non-PNA Member","Northern Mariana Islands","Fleet_catch_in_national_waters_of_FFA_members",0
2001,"Non-PNA Member","Northern Mariana Islands","Fleet_catch_in_national_waters_of_FFA_members",0
2002,"Non-PNA Member","Northern Mariana Islands","Fleet_catch_in_national_waters_of_FFA_members",0
2003,"Non-PNA Member","Northern Mariana Islands","Fleet_catch_in_national_waters_of_FFA_members",0
2004,"Non-PNA Member","Northern Mariana Islands","Fleet_catch_in_national_waters_of_FFA_members",0
2005,"Non-PNA Member","Northern Mariana Islands","Fleet_catch_in_national_waters_of_FFA_members",0
2006,"Non-PNA Member","Northern Mariana Islands","Fleet_catch_in_national_waters_of_FFA_members",0
2007,"Non-PNA Member","Northern Mariana Islands","Fleet_catch_in_national_waters_of_FFA_members",0
2008,"Non-PNA Member","Northern Mariana Islands","Fleet_catch_in_national_waters_of_FFA_members",0
2009,"Non-PNA Member","Northern Mariana Islands","Fleet_catch_in_national_waters_of_FFA_members",0
2010,"Non-PNA Member","Northern Mariana Islands","Fleet_catch_in_national_waters_of_FFA_members",0
2011,"Non-PNA Member","Northern Mariana Islands","Fleet_catch_in_national_waters_of_FFA_members",0
2012,"Non-PNA Member","Northern Mariana Islands","Fleet_catch_in_national_waters_of_FFA_members",0
2013,"Non-PNA Member","Northern Mariana Islands","Fleet_catch_in_national_waters_of_FFA_members",0
2014,"Non-PNA Member","Northern Mariana Islands","Fleet_catch_in_national_waters_of_FFA_members",0
2015,"Non-PNA Member","Northern Mariana Islands","Fleet_catch_in_national_waters_of_FFA_members",0
2016,"Non-PNA Member","Northern Mariana Islands","Fleet_catch_in_national_waters_of_FFA_members",0
2017,"Non-PNA Member","Northern Mariana Islands","Fleet_catch_in_national_waters_of_FFA_members",0
2018,"Non-PNA Member","Northern Mariana Islands","Fleet_catch_in_national_waters_of_FFA_members",0
2019,"Non-PNA Member","Northern Mariana Islands","Fleet_catch_in_national_waters_of_FFA_members",0
2020,"Non-PNA Member","Northern Mariana Islands","Fleet_catch_in_national_waters_of_FFA_members",0
2021,"Non-PNA Member","Northern Mariana Islands","Fleet_catch_in_national_waters_of_FFA_members",0
2022,"Non-PNA Member","Northern Mariana Islands","Fleet_catch_in_national_waters_of_FFA_members",0
2023,"Non-PNA Member","Northern Mariana Islands","Fleet_catch_in_national_waters_of_FFA_members",0
1997,"PNA Member","Palau","Fleet_catch_in_national_waters_of_FFA_members",0
1998,"PNA Member","Palau","Fleet_catch_in_national_waters_of_FFA_members",0
1999,"PNA Member","Palau","Fleet_catch_in_national_waters_of_FFA_members",0
2000,"PNA Member","Palau","Fleet_catch_in_national_waters_of_FFA_members",47
2001,"PNA Member","Palau","Fleet_catch_in_national_waters_of_FFA_members",0
2002,"PNA Member","Palau","Fleet_catch_in_national_waters_of_FFA_members",0
2003,"PNA Member","Palau","Fleet_catch_in_national_waters_of_FFA_members",0
2004,"PNA Member","Palau","Fleet_catch_in_national_waters_of_FFA_members",0
2005,"PNA Member","Palau","Fleet_catch_in_national_waters_of_FFA_members",0
2006,"PNA Member","Palau","Fleet_catch_in_national_waters_of_FFA_members",0
2007,"PNA Member","Palau","Fleet_catch_in_national_waters_of_FFA_members",0
2008,"PNA Member","Palau","Fleet_catch_in_national_waters_of_FFA_members",0
2009,"PNA Member","Palau","Fleet_catch_in_national_waters_of_FFA_members",0
2010,"PNA Member","Palau","Fleet_catch_in_national_waters_of_FFA_members",0
2011,"PNA Member","Palau","Fleet_catch_in_national_waters_of_FFA_members",0
2012,"PNA Member","Palau","Fleet_catch_in_national_waters_of_FFA_members",0
2013,"PNA Member","Palau","Fleet_catch_in_national_waters_of_FFA_members",0
2014,"PNA Member","Palau","Fleet_catch_in_national_waters_of_FFA_members",0
2015,"PNA Member","Palau","Fleet_catch_in_national_waters_of_FFA_members",0
2016,"PNA Member","Palau","Fleet_catch_in_national_waters_of_FFA_members",0
2017,"PNA Member","Palau","Fleet_catch_in_national_waters_of_FFA_members",0
2018,"PNA Member","Palau","Fleet_catch_in_national_waters_of_FFA_members",1
2019,"PNA Member","Palau","Fleet_catch_in_national_waters_of_FFA_members",5
2020,"PNA Member","Palau","Fleet_catch_in_national_waters_of_FFA_members",0
2021,"PNA Member","Palau","Fleet_catch_in_national_waters_of_FFA_members",0
2022,"PNA Member","Palau","Fleet_catch_in_national_waters_of_FFA_members",0
2023,"PNA Member","Palau","Fleet_catch_in_national_waters_of_FFA_members",0
1997,"Non-PNA Member","Philippines","Fleet_catch_in_national_waters_of_FFA_members",-140794
1998,"Non-PNA Member","Philippines","Fleet_catch_in_national_waters_of_FFA_members",-148733
1999,"Non-PNA Member","Philippines","Fleet_catch_in_national_waters_of_FFA_members",-163668
2000,"Non-PNA Member","Philippines","Fleet_catch_in_national_waters_of_FFA_members",-163546
2001,"Non-PNA Member","Philippines","Fleet_catch_in_national_waters_of_FFA_members",-159397
2002,"Non-PNA Member","Philippines","Fleet_catch_in_national_waters_of_FFA_members",-177122
2003,"Non-PNA Member","Philippines","Fleet_catch_in_national_waters_of_FFA_members",-232118
2004,"Non-PNA Member","Philippines","Fleet_catch_in_national_waters_of_FFA_members",-237895
2005,"Non-PNA Member","Philippines","Fleet_catch_in_national_waters_of_FFA_members",-243212
2006,"Non-PNA Member","Philippines","Fleet_catch_in_national_waters_of_FFA_members",-268767
2007,"Non-PNA Member","Philippines","Fleet_catch_in_national_waters_of_FFA_members",-312772
2008,"Non-PNA Member","Philippines","Fleet_catch_in_national_waters_of_FFA_members",-321447
2009,"Non-PNA Member","Philippines","Fleet_catch_in_national_waters_of_FFA_members",-205698
2010,"Non-PNA Member","Philippines","Fleet_catch_in_national_waters_of_FFA_members",-138863
2011,"Non-PNA Member","Philippines","Fleet_catch_in_national_waters_of_FFA_members",-32377
2012,"Non-PNA Member","Philippines","Fleet_catch_in_national_waters_of_FFA_members",-10957
2013,"Non-PNA Member","Philippines","Fleet_catch_in_national_waters_of_FFA_members",-47561
2014,"Non-PNA Member","Philippines","Fleet_catch_in_national_waters_of_FFA_members",-47839
2015,"Non-PNA Member","Philippines","Fleet_catch_in_national_waters_of_FFA_members",-72982
2016,"Non-PNA Member","Philippines","Fleet_catch_in_national_waters_of_FFA_members",-49498
2017,"Non-PNA Member","Philippines","Fleet_catch_in_national_waters_of_FFA_members",-115733
2018,"Non-PNA Member","Philippines","Fleet_catch_in_national_waters_of_FFA_members",-111885
2019,"Non-PNA Member","Philippines","Fleet_catch_in_national_waters_of_FFA_members",-124638
2020,"Non-PNA Member","Philippines","Fleet_catch_in_national_waters_of_FFA_members",-126893
2021,"Non-PNA Member","Philippines","Fleet_catch_in_national_waters_of_FFA_members",-156103
2022,"Non-PNA Member","Philippines","Fleet_catch_in_national_waters_of_FFA_members",-126400
2023,"Non-PNA Member","Philippines","Fleet_catch_in_national_waters_of_FFA_members",-138203
1997,"PNA Member","PNG","Fleet_catch_in_national_waters_of_FFA_members",843
1998,"PNA Member","PNG","Fleet_catch_in_national_waters_of_FFA_members",9434
1999,"PNA Member","PNG","Fleet_catch_in_national_waters_of_FFA_members",4254
2000,"PNA Member","PNG","Fleet_catch_in_national_waters_of_FFA_members",15199
2001,"PNA Member","PNG","Fleet_catch_in_national_waters_of_FFA_members",25104
2002,"PNA Member","PNG","Fleet_catch_in_national_waters_of_FFA_members",36424
2003,"PNA Member","PNG","Fleet_catch_in_national_waters_of_FFA_members",25333
2004,"PNA Member","PNG","Fleet_catch_in_national_waters_of_FFA_members",60277
2005,"PNA Member","PNG","Fleet_catch_in_national_waters_of_FFA_members",77922
2006,"PNA Member","PNG","Fleet_catch_in_national_waters_of_FFA_members",77222
2007,"PNA Member","PNG","Fleet_catch_in_national_waters_of_FFA_members",66597
2008,"PNA Member","PNG","Fleet_catch_in_national_waters_of_FFA_members",60422
2009,"PNA Member","PNG","Fleet_catch_in_national_waters_of_FFA_members",53148
2010,"PNA Member","PNG","Fleet_catch_in_national_waters_of_FFA_members",76393
2011,"PNA Member","PNG","Fleet_catch_in_national_waters_of_FFA_members",42480
2012,"PNA Member","PNG","Fleet_catch_in_national_waters_of_FFA_members",75363
2013,"PNA Member","PNG","Fleet_catch_in_national_waters_of_FFA_members",73642
2014,"PNA Member","PNG","Fleet_catch_in_national_waters_of_FFA_members",122405
2015,"PNA Member","PNG","Fleet_catch_in_national_waters_of_FFA_members",114025
2016,"PNA Member","PNG","Fleet_catch_in_national_waters_of_FFA_members",174170
2017,"PNA Member","PNG","Fleet_catch_in_national_waters_of_FFA_members",104394
2018,"PNA Member","PNG","Fleet_catch_in_national_waters_of_FFA_members",121100
2019,"PNA Member","PNG","Fleet_catch_in_national_waters_of_FFA_members",114011
2020,"PNA Member","PNG","Fleet_catch_in_national_waters_of_FFA_members",8692
2021,"PNA Member","PNG","Fleet_catch_in_national_waters_of_FFA_members",13710
2022,"PNA Member","PNG","Fleet_catch_in_national_waters_of_FFA_members",4781
2023,"PNA Member","PNG","Fleet_catch_in_national_waters_of_FFA_members",3643
1997,"Non-PNA Member","Portugal","Fleet_catch_in_national_waters_of_FFA_members",0
1998,"Non-PNA Member","Portugal","Fleet_catch_in_national_waters_of_FFA_members",0
1999,"Non-PNA Member","Portugal","Fleet_catch_in_national_waters_of_FFA_members",0
2000,"Non-PNA Member","Portugal","Fleet_catch_in_national_waters_of_FFA_members",0
2001,"Non-PNA Member","Portugal","Fleet_catch_in_national_waters_of_FFA_members",0
2002,"Non-PNA Member","Portugal","Fleet_catch_in_national_waters_of_FFA_members",0
2003,"Non-PNA Member","Portugal","Fleet_catch_in_national_waters_of_FFA_members",0
2004,"Non-PNA Member","Portugal","Fleet_catch_in_national_waters_of_FFA_members",0
2005,"Non-PNA Member","Portugal","Fleet_catch_in_national_waters_of_FFA_members",0
2006,"Non-PNA Member","Portugal","Fleet_catch_in_national_waters_of_FFA_members",0
2007,"Non-PNA Member","Portugal","Fleet_catch_in_national_waters_of_FFA_members",0
2008,"Non-PNA Member","Portugal","Fleet_catch_in_national_waters_of_FFA_members",0
2009,"Non-PNA Member","Portugal","Fleet_catch_in_national_waters_of_FFA_members",0
2010,"Non-PNA Member","Portugal","Fleet_catch_in_national_waters_of_FFA_members",0
2011,"Non-PNA Member","Portugal","Fleet_catch_in_national_waters_of_FFA_members",0
2012,"Non-PNA Member","Portugal","Fleet_catch_in_national_waters_of_FFA_members",0
2013,"Non-PNA Member","Portugal","Fleet_catch_in_national_waters_of_FFA_members",0
2014,"Non-PNA Member","Portugal","Fleet_catch_in_national_waters_of_FFA_members",0
2015,"Non-PNA Member","Portugal","Fleet_catch_in_national_waters_of_FFA_members",0
2016,"Non-PNA Member","Portugal","Fleet_catch_in_national_waters_of_FFA_members",0
2017,"Non-PNA Member","Portugal","Fleet_catch_in_national_waters_of_FFA_members",0
2018,"Non-PNA Member","Portugal","Fleet_catch_in_national_waters_of_FFA_members",0
2019,"Non-PNA Member","Portugal","Fleet_catch_in_national_waters_of_FFA_members",0
2020,"Non-PNA Member","Portugal","Fleet_catch_in_national_waters_of_FFA_members",0
2021,"Non-PNA Member","Portugal","Fleet_catch_in_national_waters_of_FFA_members",0
2022,"Non-PNA Member","Portugal","Fleet_catch_in_national_waters_of_FFA_members",0
2023,"Non-PNA Member","Portugal","Fleet_catch_in_national_waters_of_FFA_members",0
1997,"Non-PNA Member","Samoa","Fleet_catch_in_national_waters_of_FFA_members",0
1998,"Non-PNA Member","Samoa","Fleet_catch_in_national_waters_of_FFA_members",0
1999,"Non-PNA Member","Samoa","Fleet_catch_in_national_waters_of_FFA_members",0
2000,"Non-PNA Member","Samoa","Fleet_catch_in_national_waters_of_FFA_members",0
2001,"Non-PNA Member","Samoa","Fleet_catch_in_national_waters_of_FFA_members",0
2002,"Non-PNA Member","Samoa","Fleet_catch_in_national_waters_of_FFA_members",19
2003,"Non-PNA Member","Samoa","Fleet_catch_in_national_waters_of_FFA_members",0
2004,"Non-PNA Member","Samoa","Fleet_catch_in_national_waters_of_FFA_members",0
2005,"Non-PNA Member","Samoa","Fleet_catch_in_national_waters_of_FFA_members",0
2006,"Non-PNA Member","Samoa","Fleet_catch_in_national_waters_of_FFA_members",0
2007,"Non-PNA Member","Samoa","Fleet_catch_in_national_waters_of_FFA_members",0
2008,"Non-PNA Member","Samoa","Fleet_catch_in_national_waters_of_FFA_members",0
2009,"Non-PNA Member","Samoa","Fleet_catch_in_national_waters_of_FFA_members",0
2010,"Non-PNA Member","Samoa","Fleet_catch_in_national_waters_of_FFA_members",0
2011,"Non-PNA Member","Samoa","Fleet_catch_in_national_waters_of_FFA_members",0
2012,"Non-PNA Member","Samoa","Fleet_catch_in_national_waters_of_FFA_members",0
2013,"Non-PNA Member","Samoa","Fleet_catch_in_national_waters_of_FFA_members",0
2014,"Non-PNA Member","Samoa","Fleet_catch_in_national_waters_of_FFA_members",0
2015,"Non-PNA Member","Samoa","Fleet_catch_in_national_waters_of_FFA_members",0
2016,"Non-PNA Member","Samoa","Fleet_catch_in_national_waters_of_FFA_members",168
2017,"Non-PNA Member","Samoa","Fleet_catch_in_national_waters_of_FFA_members",932
2018,"Non-PNA Member","Samoa","Fleet_catch_in_national_waters_of_FFA_members",294
2019,"Non-PNA Member","Samoa","Fleet_catch_in_national_waters_of_FFA_members",1628
2020,"Non-PNA Member","Samoa","Fleet_catch_in_national_waters_of_FFA_members",943
2021,"Non-PNA Member","Samoa","Fleet_catch_in_national_waters_of_FFA_members",470
2022,"Non-PNA Member","Samoa","Fleet_catch_in_national_waters_of_FFA_members",1133
2023,"Non-PNA Member","Samoa","Fleet_catch_in_national_waters_of_FFA_members",1152
1997,"Non-PNA Member","Senegal","Fleet_catch_in_national_waters_of_FFA_members",0
1998,"Non-PNA Member","Senegal","Fleet_catch_in_national_waters_of_FFA_members",0
1999,"Non-PNA Member","Senegal","Fleet_catch_in_national_waters_of_FFA_members",0
2000,"Non-PNA Member","Senegal","Fleet_catch_in_national_waters_of_FFA_members",0
2001,"Non-PNA Member","Senegal","Fleet_catch_in_national_waters_of_FFA_members",0
2002,"Non-PNA Member","Senegal","Fleet_catch_in_national_waters_of_FFA_members",0
2003,"Non-PNA Member","Senegal","Fleet_catch_in_national_waters_of_FFA_members",0
2004,"Non-PNA Member","Senegal","Fleet_catch_in_national_waters_of_FFA_members",0
2005,"Non-PNA Member","Senegal","Fleet_catch_in_national_waters_of_FFA_members",0
2006,"Non-PNA Member","Senegal","Fleet_catch_in_national_waters_of_FFA_members",0
2007,"Non-PNA Member","Senegal","Fleet_catch_in_national_waters_of_FFA_members",0
2008,"Non-PNA Member","Senegal","Fleet_catch_in_national_waters_of_FFA_members",0
2009,"Non-PNA Member","Senegal","Fleet_catch_in_national_waters_of_FFA_members",0
2010,"Non-PNA Member","Senegal","Fleet_catch_in_national_waters_of_FFA_members",0
2011,"Non-PNA Member","Senegal","Fleet_catch_in_national_waters_of_FFA_members",0
2012,"Non-PNA Member","Senegal","Fleet_catch_in_national_waters_of_FFA_members",0
2013,"Non-PNA Member","Senegal","Fleet_catch_in_national_waters_of_FFA_members",0
2014,"Non-PNA Member","Senegal","Fleet_catch_in_national_waters_of_FFA_members",0
2015,"Non-PNA Member","Senegal","Fleet_catch_in_national_waters_of_FFA_members",0
2016,"Non-PNA Member","Senegal","Fleet_catch_in_national_waters_of_FFA_members",0
2017,"Non-PNA Member","Senegal","Fleet_catch_in_national_waters_of_FFA_members",0
2018,"Non-PNA Member","Senegal","Fleet_catch_in_national_waters_of_FFA_members",0
2019,"Non-PNA Member","Senegal","Fleet_catch_in_national_waters_of_FFA_members",0
2020,"Non-PNA Member","Senegal","Fleet_catch_in_national_waters_of_FFA_members",0
2021,"Non-PNA Member","Senegal","Fleet_catch_in_national_waters_of_FFA_members",0
2022,"Non-PNA Member","Senegal","Fleet_catch_in_national_waters_of_FFA_members",0
2023,"Non-PNA Member","Senegal","Fleet_catch_in_national_waters_of_FFA_members",0
1997,"PNA Member","Solomon  Islands","Fleet_catch_in_national_waters_of_FFA_members",416
1998,"PNA Member","Solomon  Islands","Fleet_catch_in_national_waters_of_FFA_members",89
1999,"PNA Member","Solomon  Islands","Fleet_catch_in_national_waters_of_FFA_members",838
2000,"PNA Member","Solomon  Islands","Fleet_catch_in_national_waters_of_FFA_members",3271
2001,"PNA Member","Solomon  Islands","Fleet_catch_in_national_waters_of_FFA_members",1338
2002,"PNA Member","Solomon  Islands","Fleet_catch_in_national_waters_of_FFA_members",451
2003,"PNA Member","Solomon  Islands","Fleet_catch_in_national_waters_of_FFA_members",0
2004,"PNA Member","Solomon  Islands","Fleet_catch_in_national_waters_of_FFA_members",0
2005,"PNA Member","Solomon  Islands","Fleet_catch_in_national_waters_of_FFA_members",2028
2006,"PNA Member","Solomon  Islands","Fleet_catch_in_national_waters_of_FFA_members",2139
2007,"PNA Member","Solomon  Islands","Fleet_catch_in_national_waters_of_FFA_members",26
2008,"PNA Member","Solomon  Islands","Fleet_catch_in_national_waters_of_FFA_members",1029
2009,"PNA Member","Solomon  Islands","Fleet_catch_in_national_waters_of_FFA_members",78
2010,"PNA Member","Solomon  Islands","Fleet_catch_in_national_waters_of_FFA_members",2743
2011,"PNA Member","Solomon  Islands","Fleet_catch_in_national_waters_of_FFA_members",42
2012,"PNA Member","Solomon  Islands","Fleet_catch_in_national_waters_of_FFA_members",0
2013,"PNA Member","Solomon  Islands","Fleet_catch_in_national_waters_of_FFA_members",16
2014,"PNA Member","Solomon  Islands","Fleet_catch_in_national_waters_of_FFA_members",1138
2015,"PNA Member","Solomon  Islands","Fleet_catch_in_national_waters_of_FFA_members",4298
2016,"PNA Member","Solomon  Islands","Fleet_catch_in_national_waters_of_FFA_members",14508
2017,"PNA Member","Solomon  Islands","Fleet_catch_in_national_waters_of_FFA_members",11141
2018,"PNA Member","Solomon  Islands","Fleet_catch_in_national_waters_of_FFA_members",17897
2019,"PNA Member","Solomon  Islands","Fleet_catch_in_national_waters_of_FFA_members",24537
2020,"PNA Member","Solomon  Islands","Fleet_catch_in_national_waters_of_FFA_members",9498
2021,"PNA Member","Solomon  Islands","Fleet_catch_in_national_waters_of_FFA_members",15178
2022,"PNA Member","Solomon  Islands","Fleet_catch_in_national_waters_of_FFA_members",9662
2023,"PNA Member","Solomon  Islands","Fleet_catch_in_national_waters_of_FFA_members",6553
1997,"Non-PNA Member","Spain","Fleet_catch_in_national_waters_of_FFA_members",0
1998,"Non-PNA Member","Spain","Fleet_catch_in_national_waters_of_FFA_members",0
1999,"Non-PNA Member","Spain","Fleet_catch_in_national_waters_of_FFA_members",0
2000,"Non-PNA Member","Spain","Fleet_catch_in_national_waters_of_FFA_members",2091
2001,"Non-PNA Member","Spain","Fleet_catch_in_national_waters_of_FFA_members",0
2002,"Non-PNA Member","Spain","Fleet_catch_in_national_waters_of_FFA_members",0
2003,"Non-PNA Member","Spain","Fleet_catch_in_national_waters_of_FFA_members",0
2004,"Non-PNA Member","Spain","Fleet_catch_in_national_waters_of_FFA_members",1476
2005,"Non-PNA Member","Spain","Fleet_catch_in_national_waters_of_FFA_members",0
2006,"Non-PNA Member","Spain","Fleet_catch_in_national_waters_of_FFA_members",0
2007,"Non-PNA Member","Spain","Fleet_catch_in_national_waters_of_FFA_members",10120
2008,"Non-PNA Member","Spain","Fleet_catch_in_national_waters_of_FFA_members",12970
2009,"Non-PNA Member","Spain","Fleet_catch_in_national_waters_of_FFA_members",12235
2010,"Non-PNA Member","Spain","Fleet_catch_in_national_waters_of_FFA_members",17234
2011,"Non-PNA Member","Spain","Fleet_catch_in_national_waters_of_FFA_members",23074
2012,"Non-PNA Member","Spain","Fleet_catch_in_national_waters_of_FFA_members",14281
2013,"Non-PNA Member","Spain","Fleet_catch_in_national_waters_of_FFA_members",23549
2014,"Non-PNA Member","Spain","Fleet_catch_in_national_waters_of_FFA_members",19319
2015,"Non-PNA Member","Spain","Fleet_catch_in_national_waters_of_FFA_members",13912
2016,"Non-PNA Member","Spain","Fleet_catch_in_national_waters_of_FFA_members",0
2017,"Non-PNA Member","Spain","Fleet_catch_in_national_waters_of_FFA_members",836
2018,"Non-PNA Member","Spain","Fleet_catch_in_national_waters_of_FFA_members",2441
2019,"Non-PNA Member","Spain","Fleet_catch_in_national_waters_of_FFA_members",2651
2020,"Non-PNA Member","Spain","Fleet_catch_in_national_waters_of_FFA_members",1349
2021,"Non-PNA Member","Spain","Fleet_catch_in_national_waters_of_FFA_members",453
2022,"Non-PNA Member","Spain","Fleet_catch_in_national_waters_of_FFA_members",526
2023,"Non-PNA Member","Spain","Fleet_catch_in_national_waters_of_FFA_members",1418
1997,"Non-PNA Member","Taiwan","Fleet_catch_in_national_waters_of_FFA_members",131906
1998,"Non-PNA Member","Taiwan","Fleet_catch_in_national_waters_of_FFA_members",181255
1999,"Non-PNA Member","Taiwan","Fleet_catch_in_national_waters_of_FFA_members",138813
2000,"Non-PNA Member","Taiwan","Fleet_catch_in_national_waters_of_FFA_members",198262
2001,"Non-PNA Member","Taiwan","Fleet_catch_in_national_waters_of_FFA_members",174104
2002,"Non-PNA Member","Taiwan","Fleet_catch_in_national_waters_of_FFA_members",205877
2003,"Non-PNA Member","Taiwan","Fleet_catch_in_national_waters_of_FFA_members",166317
2004,"Non-PNA Member","Taiwan","Fleet_catch_in_national_waters_of_FFA_members",155879
2005,"Non-PNA Member","Taiwan","Fleet_catch_in_national_waters_of_FFA_members",172977
2006,"Non-PNA Member","Taiwan","Fleet_catch_in_national_waters_of_FFA_members",188962
2007,"Non-PNA Member","Taiwan","Fleet_catch_in_national_waters_of_FFA_members",198223
2008,"Non-PNA Member","Taiwan","Fleet_catch_in_national_waters_of_FFA_members",175515
2009,"Non-PNA Member","Taiwan","Fleet_catch_in_national_waters_of_FFA_members",164601
2010,"Non-PNA Member","Taiwan","Fleet_catch_in_national_waters_of_FFA_members",200113
2011,"Non-PNA Member","Taiwan","Fleet_catch_in_national_waters_of_FFA_members",184257
2012,"Non-PNA Member","Taiwan","Fleet_catch_in_national_waters_of_FFA_members",212052
2013,"Non-PNA Member","Taiwan","Fleet_catch_in_national_waters_of_FFA_members",218576
2014,"Non-PNA Member","Taiwan","Fleet_catch_in_national_waters_of_FFA_members",238352
2015,"Non-PNA Member","Taiwan","Fleet_catch_in_national_waters_of_FFA_members",189079
2016,"Non-PNA Member","Taiwan","Fleet_catch_in_national_waters_of_FFA_members",190794
2017,"Non-PNA Member","Taiwan","Fleet_catch_in_national_waters_of_FFA_members",171889
2018,"Non-PNA Member","Taiwan","Fleet_catch_in_national_waters_of_FFA_members",195936
2019,"Non-PNA Member","Taiwan","Fleet_catch_in_national_waters_of_FFA_members",232026
2020,"Non-PNA Member","Taiwan","Fleet_catch_in_national_waters_of_FFA_members",171263
2021,"Non-PNA Member","Taiwan","Fleet_catch_in_national_waters_of_FFA_members",210476
2022,"Non-PNA Member","Taiwan","Fleet_catch_in_national_waters_of_FFA_members",206822
2023,"Non-PNA Member","Taiwan","Fleet_catch_in_national_waters_of_FFA_members",170844
1997,"PNA Member","Tokelau","Fleet_catch_in_national_waters_of_FFA_members",0
1998,"PNA Member","Tokelau","Fleet_catch_in_national_waters_of_FFA_members",0
1999,"PNA Member","Tokelau","Fleet_catch_in_national_waters_of_FFA_members",0
2000,"PNA Member","Tokelau","Fleet_catch_in_national_waters_of_FFA_members",0
2001,"PNA Member","Tokelau","Fleet_catch_in_national_waters_of_FFA_members",0
2002,"PNA Member","Tokelau","Fleet_catch_in_national_waters_of_FFA_members",0
2003,"PNA Member","Tokelau","Fleet_catch_in_national_waters_of_FFA_members",0
2004,"PNA Member","Tokelau","Fleet_catch_in_national_waters_of_FFA_members",0
2005,"PNA Member","Tokelau","Fleet_catch_in_national_waters_of_FFA_members",0
2006,"PNA Member","Tokelau","Fleet_catch_in_national_waters_of_FFA_members",0
2007,"PNA Member","Tokelau","Fleet_catch_in_national_waters_of_FFA_members",0
2008,"PNA Member","Tokelau","Fleet_catch_in_national_waters_of_FFA_members",0
2009,"PNA Member","Tokelau","Fleet_catch_in_national_waters_of_FFA_members",0
2010,"PNA Member","Tokelau","Fleet_catch_in_national_waters_of_FFA_members",0
2011,"PNA Member","Tokelau","Fleet_catch_in_national_waters_of_FFA_members",0
2012,"PNA Member","Tokelau","Fleet_catch_in_national_waters_of_FFA_members",0
2013,"PNA Member","Tokelau","Fleet_catch_in_national_waters_of_FFA_members",0
2014,"PNA Member","Tokelau","Fleet_catch_in_national_waters_of_FFA_members",0
2015,"PNA Member","Tokelau","Fleet_catch_in_national_waters_of_FFA_members",0
2016,"PNA Member","Tokelau","Fleet_catch_in_national_waters_of_FFA_members",0
2017,"PNA Member","Tokelau","Fleet_catch_in_national_waters_of_FFA_members",0
2018,"PNA Member","Tokelau","Fleet_catch_in_national_waters_of_FFA_members",0
2019,"PNA Member","Tokelau","Fleet_catch_in_national_waters_of_FFA_members",0
2020,"PNA Member","Tokelau","Fleet_catch_in_national_waters_of_FFA_members",0
2021,"PNA Member","Tokelau","Fleet_catch_in_national_waters_of_FFA_members",0
2022,"PNA Member","Tokelau","Fleet_catch_in_national_waters_of_FFA_members",0
2023,"PNA Member","Tokelau","Fleet_catch_in_national_waters_of_FFA_members",0
1997,"Non-PNA Member","Tonga","Fleet_catch_in_national_waters_of_FFA_members",0
1998,"Non-PNA Member","Tonga","Fleet_catch_in_national_waters_of_FFA_members",0
1999,"Non-PNA Member","Tonga","Fleet_catch_in_national_waters_of_FFA_members",0
2000,"Non-PNA Member","Tonga","Fleet_catch_in_national_waters_of_FFA_members",0
2001,"Non-PNA Member","Tonga","Fleet_catch_in_national_waters_of_FFA_members",0
2002,"Non-PNA Member","Tonga","Fleet_catch_in_national_waters_of_FFA_members",0
2003,"Non-PNA Member","Tonga","Fleet_catch_in_national_waters_of_FFA_members",0
2004,"Non-PNA Member","Tonga","Fleet_catch_in_national_waters_of_FFA_members",0
2005,"Non-PNA Member","Tonga","Fleet_catch_in_national_waters_of_FFA_members",0
2006,"Non-PNA Member","Tonga","Fleet_catch_in_national_waters_of_FFA_members",0
2007,"Non-PNA Member","Tonga","Fleet_catch_in_national_waters_of_FFA_members",0
2008,"Non-PNA Member","Tonga","Fleet_catch_in_national_waters_of_FFA_members",0
2009,"Non-PNA Member","Tonga","Fleet_catch_in_national_waters_of_FFA_members",0
2010,"Non-PNA Member","Tonga","Fleet_catch_in_national_waters_of_FFA_members",0
2011,"Non-PNA Member","Tonga","Fleet_catch_in_national_waters_of_FFA_members",0
2012,"Non-PNA Member","Tonga","Fleet_catch_in_national_waters_of_FFA_members",0
2013,"Non-PNA Member","Tonga","Fleet_catch_in_national_waters_of_FFA_members",0
2014,"Non-PNA Member","Tonga","Fleet_catch_in_national_waters_of_FFA_members",0
2015,"Non-PNA Member","Tonga","Fleet_catch_in_national_waters_of_FFA_members",0
2016,"Non-PNA Member","Tonga","Fleet_catch_in_national_waters_of_FFA_members",0
2017,"Non-PNA Member","Tonga","Fleet_catch_in_national_waters_of_FFA_members",0
2018,"Non-PNA Member","Tonga","Fleet_catch_in_national_waters_of_FFA_members",0
2019,"Non-PNA Member","Tonga","Fleet_catch_in_national_waters_of_FFA_members",0
2020,"Non-PNA Member","Tonga","Fleet_catch_in_national_waters_of_FFA_members",0
2021,"Non-PNA Member","Tonga","Fleet_catch_in_national_waters_of_FFA_members",0
2022,"Non-PNA Member","Tonga","Fleet_catch_in_national_waters_of_FFA_members",0
2023,"Non-PNA Member","Tonga","Fleet_catch_in_national_waters_of_FFA_members",0
1997,"PNA Member","Tuvalu","Fleet_catch_in_national_waters_of_FFA_members",0
1998,"PNA Member","Tuvalu","Fleet_catch_in_national_waters_of_FFA_members",0
1999,"PNA Member","Tuvalu","Fleet_catch_in_national_waters_of_FFA_members",0
2000,"PNA Member","Tuvalu","Fleet_catch_in_national_waters_of_FFA_members",0
2001,"PNA Member","Tuvalu","Fleet_catch_in_national_waters_of_FFA_members",0
2002,"PNA Member","Tuvalu","Fleet_catch_in_national_waters_of_FFA_members",0
2003,"PNA Member","Tuvalu","Fleet_catch_in_national_waters_of_FFA_members",0
2004,"PNA Member","Tuvalu","Fleet_catch_in_national_waters_of_FFA_members",0
2005,"PNA Member","Tuvalu","Fleet_catch_in_national_waters_of_FFA_members",0
2006,"PNA Member","Tuvalu","Fleet_catch_in_national_waters_of_FFA_members",0
2007,"PNA Member","Tuvalu","Fleet_catch_in_national_waters_of_FFA_members",0
2008,"PNA Member","Tuvalu","Fleet_catch_in_national_waters_of_FFA_members",0
2009,"PNA Member","Tuvalu","Fleet_catch_in_national_waters_of_FFA_members",2186
2010,"PNA Member","Tuvalu","Fleet_catch_in_national_waters_of_FFA_members",10211
2011,"PNA Member","Tuvalu","Fleet_catch_in_national_waters_of_FFA_members",7518
2012,"PNA Member","Tuvalu","Fleet_catch_in_national_waters_of_FFA_members",12201
2013,"PNA Member","Tuvalu","Fleet_catch_in_national_waters_of_FFA_members",11416
2014,"PNA Member","Tuvalu","Fleet_catch_in_national_waters_of_FFA_members",4867
2015,"PNA Member","Tuvalu","Fleet_catch_in_national_waters_of_FFA_members",1905
2016,"PNA Member","Tuvalu","Fleet_catch_in_national_waters_of_FFA_members",1
2017,"PNA Member","Tuvalu","Fleet_catch_in_national_waters_of_FFA_members",3001
2018,"PNA Member","Tuvalu","Fleet_catch_in_national_waters_of_FFA_members",6675
2019,"PNA Member","Tuvalu","Fleet_catch_in_national_waters_of_FFA_members",2654
2020,"PNA Member","Tuvalu","Fleet_catch_in_national_waters_of_FFA_members",3432
2021,"PNA Member","Tuvalu","Fleet_catch_in_national_waters_of_FFA_members",13282
2022,"PNA Member","Tuvalu","Fleet_catch_in_national_waters_of_FFA_members",35553
2023,"PNA Member","Tuvalu","Fleet_catch_in_national_waters_of_FFA_members",30143
1997,"Non-PNA Member","US","Fleet_catch_in_national_waters_of_FFA_members",0
1998,"Non-PNA Member","US","Fleet_catch_in_national_waters_of_FFA_members",0
1999,"Non-PNA Member","US","Fleet_catch_in_national_waters_of_FFA_members",0
2000,"Non-PNA Member","US","Fleet_catch_in_national_waters_of_FFA_members",0
2001,"Non-PNA Member","US","Fleet_catch_in_national_waters_of_FFA_members",0
2002,"Non-PNA Member","US","Fleet_catch_in_national_waters_of_FFA_members",0
2003,"Non-PNA Member","US","Fleet_catch_in_national_waters_of_FFA_members",0
2004,"Non-PNA Member","US","Fleet_catch_in_national_waters_of_FFA_members",0
2005,"Non-PNA Member","US","Fleet_catch_in_national_waters_of_FFA_members",0
2006,"Non-PNA Member","US","Fleet_catch_in_national_waters_of_FFA_members",0
2007,"Non-PNA Member","US","Fleet_catch_in_national_waters_of_FFA_members",0
2008,"Non-PNA Member","US","Fleet_catch_in_national_waters_of_FFA_members",0
2009,"Non-PNA Member","US","Fleet_catch_in_national_waters_of_FFA_members",0
2010,"Non-PNA Member","US","Fleet_catch_in_national_waters_of_FFA_members",0
2011,"Non-PNA Member","US","Fleet_catch_in_national_waters_of_FFA_members",0
2012,"Non-PNA Member","US","Fleet_catch_in_national_waters_of_FFA_members",0
2013,"Non-PNA Member","US","Fleet_catch_in_national_waters_of_FFA_members",0
2014,"Non-PNA Member","US","Fleet_catch_in_national_waters_of_FFA_members",0
2015,"Non-PNA Member","US","Fleet_catch_in_national_waters_of_FFA_members",0
2016,"Non-PNA Member","US","Fleet_catch_in_national_waters_of_FFA_members",0
2017,"Non-PNA Member","US","Fleet_catch_in_national_waters_of_FFA_members",0
2018,"Non-PNA Member","US","Fleet_catch_in_national_waters_of_FFA_members",0
2019,"Non-PNA Member","US","Fleet_catch_in_national_waters_of_FFA_members",0
2020,"Non-PNA Member","US","Fleet_catch_in_national_waters_of_FFA_members",0
2021,"Non-PNA Member","US","Fleet_catch_in_national_waters_of_FFA_members",0
2022,"Non-PNA Member","US","Fleet_catch_in_national_waters_of_FFA_members",0
2023,"Non-PNA Member","US","Fleet_catch_in_national_waters_of_FFA_members",0
1997,"Non-PNA Member","US (includes territories, ex Am Samoa)","Fleet_catch_in_national_waters_of_FFA_members",0
1998,"Non-PNA Member","US (includes territories, ex Am Samoa)","Fleet_catch_in_national_waters_of_FFA_members",0
1999,"Non-PNA Member","US (includes territories, ex Am Samoa)","Fleet_catch_in_national_waters_of_FFA_members",0
2000,"Non-PNA Member","US (includes territories, ex Am Samoa)","Fleet_catch_in_national_waters_of_FFA_members",0
2001,"Non-PNA Member","US (includes territories, ex Am Samoa)","Fleet_catch_in_national_waters_of_FFA_members",0
2002,"Non-PNA Member","US (includes territories, ex Am Samoa)","Fleet_catch_in_national_waters_of_FFA_members",0
2003,"Non-PNA Member","US (includes territories, ex Am Samoa)","Fleet_catch_in_national_waters_of_FFA_members",0
2004,"Non-PNA Member","US (includes territories, ex Am Samoa)","Fleet_catch_in_national_waters_of_FFA_members",0
2005,"Non-PNA Member","US (includes territories, ex Am Samoa)","Fleet_catch_in_national_waters_of_FFA_members",0
2006,"Non-PNA Member","US (includes territories, ex Am Samoa)","Fleet_catch_in_national_waters_of_FFA_members",0
2007,"Non-PNA Member","US (includes territories, ex Am Samoa)","Fleet_catch_in_national_waters_of_FFA_members",0
2008,"Non-PNA Member","US (includes territories, ex Am Samoa)","Fleet_catch_in_national_waters_of_FFA_members",0
2009,"Non-PNA Member","US (includes territories, ex Am Samoa)","Fleet_catch_in_national_waters_of_FFA_members",0
2010,"Non-PNA Member","US (includes territories, ex Am Samoa)","Fleet_catch_in_national_waters_of_FFA_members",0
2011,"Non-PNA Member","US (includes territories, ex Am Samoa)","Fleet_catch_in_national_waters_of_FFA_members",0
2012,"Non-PNA Member","US (includes territories, ex Am Samoa)","Fleet_catch_in_national_waters_of_FFA_members",0
2013,"Non-PNA Member","US (includes territories, ex Am Samoa)","Fleet_catch_in_national_waters_of_FFA_members",0
2014,"Non-PNA Member","US (includes territories, ex Am Samoa)","Fleet_catch_in_national_waters_of_FFA_members",0
2015,"Non-PNA Member","US (includes territories, ex Am Samoa)","Fleet_catch_in_national_waters_of_FFA_members",0
2016,"Non-PNA Member","US (includes territories, ex Am Samoa)","Fleet_catch_in_national_waters_of_FFA_members",0
2017,"Non-PNA Member","US (includes territories, ex Am Samoa)","Fleet_catch_in_national_waters_of_FFA_members",0
2018,"Non-PNA Member","US (includes territories, ex Am Samoa)","Fleet_catch_in_national_waters_of_FFA_members",0
2019,"Non-PNA Member","US (includes territories, ex Am Samoa)","Fleet_catch_in_national_waters_of_FFA_members",0
2020,"Non-PNA Member","US (includes territories, ex Am Samoa)","Fleet_catch_in_national_waters_of_FFA_members",0
2021,"Non-PNA Member","US (includes territories, ex Am Samoa)","Fleet_catch_in_national_waters_of_FFA_members",0
2022,"Non-PNA Member","US (includes territories, ex Am Samoa)","Fleet_catch_in_national_waters_of_FFA_members",0
2023,"Non-PNA Member","US (includes territories, ex Am Samoa)","Fleet_catch_in_national_waters_of_FFA_members",0
1997,"Non-PNA Member","US (includes territories, incl Am Samoa)","Fleet_catch_in_national_waters_of_FFA_members",0
1998,"Non-PNA Member","US (includes territories, incl Am Samoa)","Fleet_catch_in_national_waters_of_FFA_members",0
1999,"Non-PNA Member","US (includes territories, incl Am Samoa)","Fleet_catch_in_national_waters_of_FFA_members",0
2000,"Non-PNA Member","US (includes territories, incl Am Samoa)","Fleet_catch_in_national_waters_of_FFA_members",0
2001,"Non-PNA Member","US (includes territories, incl Am Samoa)","Fleet_catch_in_national_waters_of_FFA_members",0
2002,"Non-PNA Member","US (includes territories, incl Am Samoa)","Fleet_catch_in_national_waters_of_FFA_members",0
2003,"Non-PNA Member","US (includes territories, incl Am Samoa)","Fleet_catch_in_national_waters_of_FFA_members",0
2004,"Non-PNA Member","US (includes territories, incl Am Samoa)","Fleet_catch_in_national_waters_of_FFA_members",0
2005,"Non-PNA Member","US (includes territories, incl Am Samoa)","Fleet_catch_in_national_waters_of_FFA_members",0
2006,"Non-PNA Member","US (includes territories, incl Am Samoa)","Fleet_catch_in_national_waters_of_FFA_members",0
2007,"Non-PNA Member","US (includes territories, incl Am Samoa)","Fleet_catch_in_national_waters_of_FFA_members",0
2008,"Non-PNA Member","US (includes territories, incl Am Samoa)","Fleet_catch_in_national_waters_of_FFA_members",0
2009,"Non-PNA Member","US (includes territories, incl Am Samoa)","Fleet_catch_in_national_waters_of_FFA_members",0
2010,"Non-PNA Member","US (includes territories, incl Am Samoa)","Fleet_catch_in_national_waters_of_FFA_members",0
2011,"Non-PNA Member","US (includes territories, incl Am Samoa)","Fleet_catch_in_national_waters_of_FFA_members",0
2012,"Non-PNA Member","US (includes territories, incl Am Samoa)","Fleet_catch_in_national_waters_of_FFA_members",0
2013,"Non-PNA Member","US (includes territories, incl Am Samoa)","Fleet_catch_in_national_waters_of_FFA_members",0
2014,"Non-PNA Member","US (includes territories, incl Am Samoa)","Fleet_catch_in_national_waters_of_FFA_members",0
2015,"Non-PNA Member","US (includes territories, incl Am Samoa)","Fleet_catch_in_national_waters_of_FFA_members",0
2016,"Non-PNA Member","US (includes territories, incl Am Samoa)","Fleet_catch_in_national_waters_of_FFA_members",0
2017,"Non-PNA Member","US (includes territories, incl Am Samoa)","Fleet_catch_in_national_waters_of_FFA_members",0
2018,"Non-PNA Member","US (includes territories, incl Am Samoa)","Fleet_catch_in_national_waters_of_FFA_members",0
2019,"Non-PNA Member","US (includes territories, incl Am Samoa)","Fleet_catch_in_national_waters_of_FFA_members",0
2020,"Non-PNA Member","US (includes territories, incl Am Samoa)","Fleet_catch_in_national_waters_of_FFA_members",0
2021,"Non-PNA Member","US (includes territories, incl Am Samoa)","Fleet_catch_in_national_waters_of_FFA_members",0
2022,"Non-PNA Member","US (includes territories, incl Am Samoa)","Fleet_catch_in_national_waters_of_FFA_members",0
2023,"Non-PNA Member","US (includes territories, incl Am Samoa)","Fleet_catch_in_national_waters_of_FFA_members",0
1997,"Non-PNA Member","Vanuatu","Fleet_catch_in_national_waters_of_FFA_members",19952
1998,"Non-PNA Member","Vanuatu","Fleet_catch_in_national_waters_of_FFA_members",30114
1999,"Non-PNA Member","Vanuatu","Fleet_catch_in_national_waters_of_FFA_members",26638
2000,"Non-PNA Member","Vanuatu","Fleet_catch_in_national_waters_of_FFA_members",19211
2001,"Non-PNA Member","Vanuatu","Fleet_catch_in_national_waters_of_FFA_members",9533
2002,"Non-PNA Member","Vanuatu","Fleet_catch_in_national_waters_of_FFA_members",14156
2003,"Non-PNA Member","Vanuatu","Fleet_catch_in_national_waters_of_FFA_members",17237
2004,"Non-PNA Member","Vanuatu","Fleet_catch_in_national_waters_of_FFA_members",36097
2005,"Non-PNA Member","Vanuatu","Fleet_catch_in_national_waters_of_FFA_members",62330
2006,"Non-PNA Member","Vanuatu","Fleet_catch_in_national_waters_of_FFA_members",48552
2007,"Non-PNA Member","Vanuatu","Fleet_catch_in_national_waters_of_FFA_members",57411
2008,"Non-PNA Member","Vanuatu","Fleet_catch_in_national_waters_of_FFA_members",30346
2009,"Non-PNA Member","Vanuatu","Fleet_catch_in_national_waters_of_FFA_members",40552
2010,"Non-PNA Member","Vanuatu","Fleet_catch_in_national_waters_of_FFA_members",24995
2011,"Non-PNA Member","Vanuatu","Fleet_catch_in_national_waters_of_FFA_members",27539
2012,"Non-PNA Member","Vanuatu","Fleet_catch_in_national_waters_of_FFA_members",34164
2013,"Non-PNA Member","Vanuatu","Fleet_catch_in_national_waters_of_FFA_members",31910
2014,"Non-PNA Member","Vanuatu","Fleet_catch_in_national_waters_of_FFA_members",24033
2015,"Non-PNA Member","Vanuatu","Fleet_catch_in_national_waters_of_FFA_members",14056
2016,"Non-PNA Member","Vanuatu","Fleet_catch_in_national_waters_of_FFA_members",4159
2017,"Non-PNA Member","Vanuatu","Fleet_catch_in_national_waters_of_FFA_members",2826
2018,"Non-PNA Member","Vanuatu","Fleet_catch_in_national_waters_of_FFA_members",9119
2019,"Non-PNA Member","Vanuatu","Fleet_catch_in_national_waters_of_FFA_members",26243
2020,"Non-PNA Member","Vanuatu","Fleet_catch_in_national_waters_of_FFA_members",41217
2021,"Non-PNA Member","Vanuatu","Fleet_catch_in_national_waters_of_FFA_members",39427
2022,"Non-PNA Member","Vanuatu","Fleet_catch_in_national_waters_of_FFA_members",62307
2023,"Non-PNA Member","Vanuatu","Fleet_catch_in_national_waters_of_FFA_members",36925
1997,"Non-PNA Member","Vietnam","Fleet_catch_in_national_waters_of_FFA_members",0
1998,"Non-PNA Member","Vietnam","Fleet_catch_in_national_waters_of_FFA_members",0
1999,"Non-PNA Member","Vietnam","Fleet_catch_in_national_waters_of_FFA_members",0
2000,"Non-PNA Member","Vietnam","Fleet_catch_in_national_waters_of_FFA_members",-33632
2001,"Non-PNA Member","Vietnam","Fleet_catch_in_national_waters_of_FFA_members",-35400
2002,"Non-PNA Member","Vietnam","Fleet_catch_in_national_waters_of_FFA_members",-37683
2003,"Non-PNA Member","Vietnam","Fleet_catch_in_national_waters_of_FFA_members",-37458
2004,"Non-PNA Member","Vietnam","Fleet_catch_in_national_waters_of_FFA_members",-50521
2005,"Non-PNA Member","Vietnam","Fleet_catch_in_national_waters_of_FFA_members",-52409
2006,"Non-PNA Member","Vietnam","Fleet_catch_in_national_waters_of_FFA_members",-52573
2007,"Non-PNA Member","Vietnam","Fleet_catch_in_national_waters_of_FFA_members",-54210
2008,"Non-PNA Member","Vietnam","Fleet_catch_in_national_waters_of_FFA_members",-49903
2009,"Non-PNA Member","Vietnam","Fleet_catch_in_national_waters_of_FFA_members",-44241
2010,"Non-PNA Member","Vietnam","Fleet_catch_in_national_waters_of_FFA_members",-41665
2011,"Non-PNA Member","Vietnam","Fleet_catch_in_national_waters_of_FFA_members",-49584
2012,"Non-PNA Member","Vietnam","Fleet_catch_in_national_waters_of_FFA_members",-65556
2013,"Non-PNA Member","Vietnam","Fleet_catch_in_national_waters_of_FFA_members",-78631
2014,"Non-PNA Member","Vietnam","Fleet_catch_in_national_waters_of_FFA_members",-80842
2015,"Non-PNA Member","Vietnam","Fleet_catch_in_national_waters_of_FFA_members",-89063
2016,"Non-PNA Member","Vietnam","Fleet_catch_in_national_waters_of_FFA_members",-123076
2017,"Non-PNA Member","Vietnam","Fleet_catch_in_national_waters_of_FFA_members",-112626
2018,"Non-PNA Member","Vietnam","Fleet_catch_in_national_waters_of_FFA_members",-120535
2019,"Non-PNA Member","Vietnam","Fleet_catch_in_national_waters_of_FFA_members",-109315
2020,"Non-PNA Member","Vietnam","Fleet_catch_in_national_waters_of_FFA_members",-95540
2021,"Non-PNA Member","Vietnam","Fleet_catch_in_national_waters_of_FFA_members",-89589
2022,"Non-PNA Member","Vietnam","Fleet_catch_in_national_waters_of_FFA_members",-99814
2023,"Non-PNA Member","Vietnam","Fleet_catch_in_national_waters_of_FFA_members",-97145
1997,"Non-PNA Member","Wallis and Futuna","Fleet_catch_in_national_waters_of_FFA_members",0
1998,"Non-PNA Member","Wallis and Futuna","Fleet_catch_in_national_waters_of_FFA_members",0
1999,"Non-PNA Member","Wallis and Futuna","Fleet_catch_in_national_waters_of_FFA_members",0
2000,"Non-PNA Member","Wallis and Futuna","Fleet_catch_in_national_waters_of_FFA_members",0
2001,"Non-PNA Member","Wallis and Futuna","Fleet_catch_in_national_waters_of_FFA_members",0
2002,"Non-PNA Member","Wallis and Futuna","Fleet_catch_in_national_waters_of_FFA_members",0
2003,"Non-PNA Member","Wallis and Futuna","Fleet_catch_in_national_waters_of_FFA_members",0
2004,"Non-PNA Member","Wallis and Futuna","Fleet_catch_in_national_waters_of_FFA_members",0
2005,"Non-PNA Member","Wallis and Futuna","Fleet_catch_in_national_waters_of_FFA_members",0
2006,"Non-PNA Member","Wallis and Futuna","Fleet_catch_in_national_waters_of_FFA_members",0
2007,"Non-PNA Member","Wallis and Futuna","Fleet_catch_in_national_waters_of_FFA_members",0
2008,"Non-PNA Member","Wallis and Futuna","Fleet_catch_in_national_waters_of_FFA_members",0
2009,"Non-PNA Member","Wallis and Futuna","Fleet_catch_in_national_waters_of_FFA_members",0
2010,"Non-PNA Member","Wallis and Futuna","Fleet_catch_in_national_waters_of_FFA_members",0
2011,"Non-PNA Member","Wallis and Futuna","Fleet_catch_in_national_waters_of_FFA_members",-13
2012,"Non-PNA Member","Wallis and Futuna","Fleet_catch_in_national_waters_of_FFA_members",0
2013,"Non-PNA Member","Wallis and Futuna","Fleet_catch_in_national_waters_of_FFA_members",-9
2014,"Non-PNA Member","Wallis and Futuna","Fleet_catch_in_national_waters_of_FFA_members",-7
2015,"Non-PNA Member","Wallis and Futuna","Fleet_catch_in_national_waters_of_FFA_members",-6
2016,"Non-PNA Member","Wallis and Futuna","Fleet_catch_in_national_waters_of_FFA_members",-7
2017,"Non-PNA Member","Wallis and Futuna","Fleet_catch_in_national_waters_of_FFA_members",-5
2018,"Non-PNA Member","Wallis and Futuna","Fleet_catch_in_national_waters_of_FFA_members",-11
2019,"Non-PNA Member","Wallis and Futuna","Fleet_catch_in_national_waters_of_FFA_members",-19
2020,"Non-PNA Member","Wallis and Futuna","Fleet_catch_in_national_waters_of_FFA_members",-13
2021,"Non-PNA Member","Wallis and Futuna","Fleet_catch_in_national_waters_of_FFA_members",-13
2022,"Non-PNA Member","Wallis and Futuna","Fleet_catch_in_national_waters_of_FFA_members",-4
2023,"Non-PNA Member","Wallis and Futuna","Fleet_catch_in_national_waters_of_FFA_members",-4
1997,"Non-PNA Member","American Samoa","Fleet_catch_outside_FFA_Waters",0
1998,"Non-PNA Member","American Samoa","Fleet_catch_outside_FFA_Waters",0
1999,"Non-PNA Member","American Samoa","Fleet_catch_outside_FFA_Waters",0
2000,"Non-PNA Member","American Samoa","Fleet_catch_outside_FFA_Waters",0
2001,"Non-PNA Member","American Samoa","Fleet_catch_outside_FFA_Waters",0
2002,"Non-PNA Member","American Samoa","Fleet_catch_outside_FFA_Waters",0
2003,"Non-PNA Member","American Samoa","Fleet_catch_outside_FFA_Waters",0
2004,"Non-PNA Member","American Samoa","Fleet_catch_outside_FFA_Waters",0
2005,"Non-PNA Member","American Samoa","Fleet_catch_outside_FFA_Waters",0
2006,"Non-PNA Member","American Samoa","Fleet_catch_outside_FFA_Waters",0
2007,"Non-PNA Member","American Samoa","Fleet_catch_outside_FFA_Waters",0
2008,"Non-PNA Member","American Samoa","Fleet_catch_outside_FFA_Waters",0
2009,"Non-PNA Member","American Samoa","Fleet_catch_outside_FFA_Waters",0
2010,"Non-PNA Member","American Samoa","Fleet_catch_outside_FFA_Waters",0
2011,"Non-PNA Member","American Samoa","Fleet_catch_outside_FFA_Waters",0
2012,"Non-PNA Member","American Samoa","Fleet_catch_outside_FFA_Waters",0
2013,"Non-PNA Member","American Samoa","Fleet_catch_outside_FFA_Waters",0
2014,"Non-PNA Member","American Samoa","Fleet_catch_outside_FFA_Waters",0
2015,"Non-PNA Member","American Samoa","Fleet_catch_outside_FFA_Waters",0
2016,"Non-PNA Member","American Samoa","Fleet_catch_outside_FFA_Waters",0
2017,"Non-PNA Member","American Samoa","Fleet_catch_outside_FFA_Waters",0
2018,"Non-PNA Member","American Samoa","Fleet_catch_outside_FFA_Waters",0
2019,"Non-PNA Member","American Samoa","Fleet_catch_outside_FFA_Waters",0
2020,"Non-PNA Member","American Samoa","Fleet_catch_outside_FFA_Waters",0
2021,"Non-PNA Member","American Samoa","Fleet_catch_outside_FFA_Waters",0
2022,"Non-PNA Member","American Samoa","Fleet_catch_outside_FFA_Waters",0
2023,"Non-PNA Member","American Samoa","Fleet_catch_outside_FFA_Waters",0
1997,"Non-PNA Member","Australia","Fleet_catch_outside_FFA_Waters",5
1998,"Non-PNA Member","Australia","Fleet_catch_outside_FFA_Waters",99
1999,"Non-PNA Member","Australia","Fleet_catch_outside_FFA_Waters",29
2000,"Non-PNA Member","Australia","Fleet_catch_outside_FFA_Waters",26
2001,"Non-PNA Member","Australia","Fleet_catch_outside_FFA_Waters",43
2002,"Non-PNA Member","Australia","Fleet_catch_outside_FFA_Waters",46
2003,"Non-PNA Member","Australia","Fleet_catch_outside_FFA_Waters",123
2004,"Non-PNA Member","Australia","Fleet_catch_outside_FFA_Waters",93
2005,"Non-PNA Member","Australia","Fleet_catch_outside_FFA_Waters",73
2006,"Non-PNA Member","Australia","Fleet_catch_outside_FFA_Waters",69
2007,"Non-PNA Member","Australia","Fleet_catch_outside_FFA_Waters",27
2008,"Non-PNA Member","Australia","Fleet_catch_outside_FFA_Waters",13
2009,"Non-PNA Member","Australia","Fleet_catch_outside_FFA_Waters",10
2010,"Non-PNA Member","Australia","Fleet_catch_outside_FFA_Waters",6
2011,"Non-PNA Member","Australia","Fleet_catch_outside_FFA_Waters",8
2012,"Non-PNA Member","Australia","Fleet_catch_outside_FFA_Waters",19
2013,"Non-PNA Member","Australia","Fleet_catch_outside_FFA_Waters",29
2014,"Non-PNA Member","Australia","Fleet_catch_outside_FFA_Waters",25
2015,"Non-PNA Member","Australia","Fleet_catch_outside_FFA_Waters",9
2016,"Non-PNA Member","Australia","Fleet_catch_outside_FFA_Waters",23
2017,"Non-PNA Member","Australia","Fleet_catch_outside_FFA_Waters",10
2018,"Non-PNA Member","Australia","Fleet_catch_outside_FFA_Waters",5
2019,"Non-PNA Member","Australia","Fleet_catch_outside_FFA_Waters",5
2020,"Non-PNA Member","Australia","Fleet_catch_outside_FFA_Waters",14
2021,"Non-PNA Member","Australia","Fleet_catch_outside_FFA_Waters",1
2022,"Non-PNA Member","Australia","Fleet_catch_outside_FFA_Waters",0
2023,"Non-PNA Member","Australia","Fleet_catch_outside_FFA_Waters",20
1997,"Non-PNA Member","Australia (includes Norfolk Island)","Fleet_catch_outside_FFA_Waters",0
1998,"Non-PNA Member","Australia (includes Norfolk Island)","Fleet_catch_outside_FFA_Waters",0
1999,"Non-PNA Member","Australia (includes Norfolk Island)","Fleet_catch_outside_FFA_Waters",0
2000,"Non-PNA Member","Australia (includes Norfolk Island)","Fleet_catch_outside_FFA_Waters",0
2001,"Non-PNA Member","Australia (includes Norfolk Island)","Fleet_catch_outside_FFA_Waters",0
2002,"Non-PNA Member","Australia (includes Norfolk Island)","Fleet_catch_outside_FFA_Waters",0
2003,"Non-PNA Member","Australia (includes Norfolk Island)","Fleet_catch_outside_FFA_Waters",0
2004,"Non-PNA Member","Australia (includes Norfolk Island)","Fleet_catch_outside_FFA_Waters",0
2005,"Non-PNA Member","Australia (includes Norfolk Island)","Fleet_catch_outside_FFA_Waters",0
2006,"Non-PNA Member","Australia (includes Norfolk Island)","Fleet_catch_outside_FFA_Waters",0
2007,"Non-PNA Member","Australia (includes Norfolk Island)","Fleet_catch_outside_FFA_Waters",0
2008,"Non-PNA Member","Australia (includes Norfolk Island)","Fleet_catch_outside_FFA_Waters",0
2009,"Non-PNA Member","Australia (includes Norfolk Island)","Fleet_catch_outside_FFA_Waters",0
2010,"Non-PNA Member","Australia (includes Norfolk Island)","Fleet_catch_outside_FFA_Waters",0
2011,"Non-PNA Member","Australia (includes Norfolk Island)","Fleet_catch_outside_FFA_Waters",0
2012,"Non-PNA Member","Australia (includes Norfolk Island)","Fleet_catch_outside_FFA_Waters",0
2013,"Non-PNA Member","Australia (includes Norfolk Island)","Fleet_catch_outside_FFA_Waters",0
2014,"Non-PNA Member","Australia (includes Norfolk Island)","Fleet_catch_outside_FFA_Waters",0
2015,"Non-PNA Member","Australia (includes Norfolk Island)","Fleet_catch_outside_FFA_Waters",0
2016,"Non-PNA Member","Australia (includes Norfolk Island)","Fleet_catch_outside_FFA_Waters",0
2017,"Non-PNA Member","Australia (includes Norfolk Island)","Fleet_catch_outside_FFA_Waters",0
2018,"Non-PNA Member","Australia (includes Norfolk Island)","Fleet_catch_outside_FFA_Waters",0
2019,"Non-PNA Member","Australia (includes Norfolk Island)","Fleet_catch_outside_FFA_Waters",0
2020,"Non-PNA Member","Australia (includes Norfolk Island)","Fleet_catch_outside_FFA_Waters",0
2021,"Non-PNA Member","Australia (includes Norfolk Island)","Fleet_catch_outside_FFA_Waters",0
2022,"Non-PNA Member","Australia (includes Norfolk Island)","Fleet_catch_outside_FFA_Waters",0
2023,"Non-PNA Member","Australia (includes Norfolk Island)","Fleet_catch_outside_FFA_Waters",0
1997,"Non-PNA Member","Belize","Fleet_catch_outside_FFA_Waters",9
1998,"Non-PNA Member","Belize","Fleet_catch_outside_FFA_Waters",175
1999,"Non-PNA Member","Belize","Fleet_catch_outside_FFA_Waters",131
2000,"Non-PNA Member","Belize","Fleet_catch_outside_FFA_Waters",101
2001,"Non-PNA Member","Belize","Fleet_catch_outside_FFA_Waters",6974
2002,"Non-PNA Member","Belize","Fleet_catch_outside_FFA_Waters",3335
2003,"Non-PNA Member","Belize","Fleet_catch_outside_FFA_Waters",2648
2004,"Non-PNA Member","Belize","Fleet_catch_outside_FFA_Waters",682
2005,"Non-PNA Member","Belize","Fleet_catch_outside_FFA_Waters",630
2006,"Non-PNA Member","Belize","Fleet_catch_outside_FFA_Waters",417
2007,"Non-PNA Member","Belize","Fleet_catch_outside_FFA_Waters",497
2008,"Non-PNA Member","Belize","Fleet_catch_outside_FFA_Waters",153
2009,"Non-PNA Member","Belize","Fleet_catch_outside_FFA_Waters",120
2010,"Non-PNA Member","Belize","Fleet_catch_outside_FFA_Waters",126
2011,"Non-PNA Member","Belize","Fleet_catch_outside_FFA_Waters",218
2012,"Non-PNA Member","Belize","Fleet_catch_outside_FFA_Waters",134
2013,"Non-PNA Member","Belize","Fleet_catch_outside_FFA_Waters",246
2014,"Non-PNA Member","Belize","Fleet_catch_outside_FFA_Waters",0
2015,"Non-PNA Member","Belize","Fleet_catch_outside_FFA_Waters",0
2016,"Non-PNA Member","Belize","Fleet_catch_outside_FFA_Waters",0
2017,"Non-PNA Member","Belize","Fleet_catch_outside_FFA_Waters",0
2018,"Non-PNA Member","Belize","Fleet_catch_outside_FFA_Waters",0
2019,"Non-PNA Member","Belize","Fleet_catch_outside_FFA_Waters",0
2020,"Non-PNA Member","Belize","Fleet_catch_outside_FFA_Waters",0
2021,"Non-PNA Member","Belize","Fleet_catch_outside_FFA_Waters",0
2022,"Non-PNA Member","Belize","Fleet_catch_outside_FFA_Waters",0
2023,"Non-PNA Member","Belize","Fleet_catch_outside_FFA_Waters",0
1997,"Non-PNA Member","Canada","Fleet_catch_outside_FFA_Waters",149
1998,"Non-PNA Member","Canada","Fleet_catch_outside_FFA_Waters",167
1999,"Non-PNA Member","Canada","Fleet_catch_outside_FFA_Waters",253
2000,"Non-PNA Member","Canada","Fleet_catch_outside_FFA_Waters",351
2001,"Non-PNA Member","Canada","Fleet_catch_outside_FFA_Waters",206
2002,"Non-PNA Member","Canada","Fleet_catch_outside_FFA_Waters",144
2003,"Non-PNA Member","Canada","Fleet_catch_outside_FFA_Waters",0
2004,"Non-PNA Member","Canada","Fleet_catch_outside_FFA_Waters",63
2005,"Non-PNA Member","Canada","Fleet_catch_outside_FFA_Waters",72
2006,"Non-PNA Member","Canada","Fleet_catch_outside_FFA_Waters",135
2007,"Non-PNA Member","Canada","Fleet_catch_outside_FFA_Waters",27
2008,"Non-PNA Member","Canada","Fleet_catch_outside_FFA_Waters",0
2009,"Non-PNA Member","Canada","Fleet_catch_outside_FFA_Waters",0
2010,"Non-PNA Member","Canada","Fleet_catch_outside_FFA_Waters",0
2011,"Non-PNA Member","Canada","Fleet_catch_outside_FFA_Waters",1
2012,"Non-PNA Member","Canada","Fleet_catch_outside_FFA_Waters",0
2013,"Non-PNA Member","Canada","Fleet_catch_outside_FFA_Waters",0
2014,"Non-PNA Member","Canada","Fleet_catch_outside_FFA_Waters",0
2015,"Non-PNA Member","Canada","Fleet_catch_outside_FFA_Waters",0
2016,"Non-PNA Member","Canada","Fleet_catch_outside_FFA_Waters",0
2017,"Non-PNA Member","Canada","Fleet_catch_outside_FFA_Waters",55
2018,"Non-PNA Member","Canada","Fleet_catch_outside_FFA_Waters",0
2019,"Non-PNA Member","Canada","Fleet_catch_outside_FFA_Waters",0
2020,"Non-PNA Member","Canada","Fleet_catch_outside_FFA_Waters",0
2021,"Non-PNA Member","Canada","Fleet_catch_outside_FFA_Waters",31
2022,"Non-PNA Member","Canada","Fleet_catch_outside_FFA_Waters",0
2023,"Non-PNA Member","Canada","Fleet_catch_outside_FFA_Waters",0
1997,"Non-PNA Member","China","Fleet_catch_outside_FFA_Waters",1011
1998,"Non-PNA Member","China","Fleet_catch_outside_FFA_Waters",2015
1999,"Non-PNA Member","China","Fleet_catch_outside_FFA_Waters",5624
2000,"Non-PNA Member","China","Fleet_catch_outside_FFA_Waters",4067
2001,"Non-PNA Member","China","Fleet_catch_outside_FFA_Waters",6494
2002,"Non-PNA Member","China","Fleet_catch_outside_FFA_Waters",7194
2003,"Non-PNA Member","China","Fleet_catch_outside_FFA_Waters",19050
2004,"Non-PNA Member","China","Fleet_catch_outside_FFA_Waters",26417
2005,"Non-PNA Member","China","Fleet_catch_outside_FFA_Waters",23146
2006,"Non-PNA Member","China","Fleet_catch_outside_FFA_Waters",22428
2007,"Non-PNA Member","China","Fleet_catch_outside_FFA_Waters",17941
2008,"Non-PNA Member","China","Fleet_catch_outside_FFA_Waters",27851
2009,"Non-PNA Member","China","Fleet_catch_outside_FFA_Waters",56700
2010,"Non-PNA Member","China","Fleet_catch_outside_FFA_Waters",22192
2011,"Non-PNA Member","China","Fleet_catch_outside_FFA_Waters",16228
2012,"Non-PNA Member","China","Fleet_catch_outside_FFA_Waters",23565
2013,"Non-PNA Member","China","Fleet_catch_outside_FFA_Waters",19614
2014,"Non-PNA Member","China","Fleet_catch_outside_FFA_Waters",9964
2015,"Non-PNA Member","China","Fleet_catch_outside_FFA_Waters",12960
2016,"Non-PNA Member","China","Fleet_catch_outside_FFA_Waters",10692
2017,"Non-PNA Member","China","Fleet_catch_outside_FFA_Waters",27310
2018,"Non-PNA Member","China","Fleet_catch_outside_FFA_Waters",23979
2019,"Non-PNA Member","China","Fleet_catch_outside_FFA_Waters",19479
2020,"Non-PNA Member","China","Fleet_catch_outside_FFA_Waters",20503
2021,"Non-PNA Member","China","Fleet_catch_outside_FFA_Waters",24123
2022,"Non-PNA Member","China","Fleet_catch_outside_FFA_Waters",21061
2023,"Non-PNA Member","China","Fleet_catch_outside_FFA_Waters",31240
1997,"Non-PNA Member","Cook Islands","Fleet_catch_outside_FFA_Waters",0
1998,"Non-PNA Member","Cook Islands","Fleet_catch_outside_FFA_Waters",22
1999,"Non-PNA Member","Cook Islands","Fleet_catch_outside_FFA_Waters",56
2000,"Non-PNA Member","Cook Islands","Fleet_catch_outside_FFA_Waters",335
2001,"Non-PNA Member","Cook Islands","Fleet_catch_outside_FFA_Waters",202
2002,"Non-PNA Member","Cook Islands","Fleet_catch_outside_FFA_Waters",166
2003,"Non-PNA Member","Cook Islands","Fleet_catch_outside_FFA_Waters",705
2004,"Non-PNA Member","Cook Islands","Fleet_catch_outside_FFA_Waters",381
2005,"Non-PNA Member","Cook Islands","Fleet_catch_outside_FFA_Waters",106
2006,"Non-PNA Member","Cook Islands","Fleet_catch_outside_FFA_Waters",211
2007,"Non-PNA Member","Cook Islands","Fleet_catch_outside_FFA_Waters",266
2008,"Non-PNA Member","Cook Islands","Fleet_catch_outside_FFA_Waters",237
2009,"Non-PNA Member","Cook Islands","Fleet_catch_outside_FFA_Waters",57
2010,"Non-PNA Member","Cook Islands","Fleet_catch_outside_FFA_Waters",64
2011,"Non-PNA Member","Cook Islands","Fleet_catch_outside_FFA_Waters",7
2012,"Non-PNA Member","Cook Islands","Fleet_catch_outside_FFA_Waters",52
2013,"Non-PNA Member","Cook Islands","Fleet_catch_outside_FFA_Waters",84
2014,"Non-PNA Member","Cook Islands","Fleet_catch_outside_FFA_Waters",21
2015,"Non-PNA Member","Cook Islands","Fleet_catch_outside_FFA_Waters",22
2016,"Non-PNA Member","Cook Islands","Fleet_catch_outside_FFA_Waters",54
2017,"Non-PNA Member","Cook Islands","Fleet_catch_outside_FFA_Waters",220
2018,"Non-PNA Member","Cook Islands","Fleet_catch_outside_FFA_Waters",410
2019,"Non-PNA Member","Cook Islands","Fleet_catch_outside_FFA_Waters",2611
2020,"Non-PNA Member","Cook Islands","Fleet_catch_outside_FFA_Waters",901
2021,"Non-PNA Member","Cook Islands","Fleet_catch_outside_FFA_Waters",4183
2022,"Non-PNA Member","Cook Islands","Fleet_catch_outside_FFA_Waters",4936
2023,"Non-PNA Member","Cook Islands","Fleet_catch_outside_FFA_Waters",2606
1997,"Non-PNA Member","Eastern Pacific fleet","Fleet_catch_outside_FFA_Waters",1776
1998,"Non-PNA Member","Eastern Pacific fleet","Fleet_catch_outside_FFA_Waters",2934
1999,"Non-PNA Member","Eastern Pacific fleet","Fleet_catch_outside_FFA_Waters",1910
2000,"Non-PNA Member","Eastern Pacific fleet","Fleet_catch_outside_FFA_Waters",2925
2001,"Non-PNA Member","Eastern Pacific fleet","Fleet_catch_outside_FFA_Waters",510
2002,"Non-PNA Member","Eastern Pacific fleet","Fleet_catch_outside_FFA_Waters",244
2003,"Non-PNA Member","Eastern Pacific fleet","Fleet_catch_outside_FFA_Waters",2600
2004,"Non-PNA Member","Eastern Pacific fleet","Fleet_catch_outside_FFA_Waters",2014
2005,"Non-PNA Member","Eastern Pacific fleet","Fleet_catch_outside_FFA_Waters",709
2006,"Non-PNA Member","Eastern Pacific fleet","Fleet_catch_outside_FFA_Waters",0
2007,"Non-PNA Member","Eastern Pacific fleet","Fleet_catch_outside_FFA_Waters",0
2008,"Non-PNA Member","Eastern Pacific fleet","Fleet_catch_outside_FFA_Waters",0
2009,"Non-PNA Member","Eastern Pacific fleet","Fleet_catch_outside_FFA_Waters",0
2010,"Non-PNA Member","Eastern Pacific fleet","Fleet_catch_outside_FFA_Waters",0
2011,"Non-PNA Member","Eastern Pacific fleet","Fleet_catch_outside_FFA_Waters",0
2012,"Non-PNA Member","Eastern Pacific fleet","Fleet_catch_outside_FFA_Waters",0
2013,"Non-PNA Member","Eastern Pacific fleet","Fleet_catch_outside_FFA_Waters",0
2014,"Non-PNA Member","Eastern Pacific fleet","Fleet_catch_outside_FFA_Waters",0
2015,"Non-PNA Member","Eastern Pacific fleet","Fleet_catch_outside_FFA_Waters",0
2016,"Non-PNA Member","Eastern Pacific fleet","Fleet_catch_outside_FFA_Waters",0
2017,"Non-PNA Member","Eastern Pacific fleet","Fleet_catch_outside_FFA_Waters",0
2018,"Non-PNA Member","Eastern Pacific fleet","Fleet_catch_outside_FFA_Waters",0
2019,"Non-PNA Member","Eastern Pacific fleet","Fleet_catch_outside_FFA_Waters",0
2020,"Non-PNA Member","Eastern Pacific fleet","Fleet_catch_outside_FFA_Waters",0
2021,"Non-PNA Member","Eastern Pacific fleet","Fleet_catch_outside_FFA_Waters",0
2022,"Non-PNA Member","Eastern Pacific fleet","Fleet_catch_outside_FFA_Waters",0
2023,"Non-PNA Member","Eastern Pacific fleet","Fleet_catch_outside_FFA_Waters",0
1997,"Non-PNA Member","Ecuador","Fleet_catch_outside_FFA_Waters",0
1998,"Non-PNA Member","Ecuador","Fleet_catch_outside_FFA_Waters",0
1999,"Non-PNA Member","Ecuador","Fleet_catch_outside_FFA_Waters",0
2000,"Non-PNA Member","Ecuador","Fleet_catch_outside_FFA_Waters",3992
2001,"Non-PNA Member","Ecuador","Fleet_catch_outside_FFA_Waters",1057
2002,"Non-PNA Member","Ecuador","Fleet_catch_outside_FFA_Waters",427
2003,"Non-PNA Member","Ecuador","Fleet_catch_outside_FFA_Waters",1562
2004,"Non-PNA Member","Ecuador","Fleet_catch_outside_FFA_Waters",3051
2005,"Non-PNA Member","Ecuador","Fleet_catch_outside_FFA_Waters",5193
2006,"Non-PNA Member","Ecuador","Fleet_catch_outside_FFA_Waters",9523
2007,"Non-PNA Member","Ecuador","Fleet_catch_outside_FFA_Waters",1545
2008,"Non-PNA Member","Ecuador","Fleet_catch_outside_FFA_Waters",3952
2009,"Non-PNA Member","Ecuador","Fleet_catch_outside_FFA_Waters",1584
2010,"Non-PNA Member","Ecuador","Fleet_catch_outside_FFA_Waters",1491
2011,"Non-PNA Member","Ecuador","Fleet_catch_outside_FFA_Waters",1276
2012,"Non-PNA Member","Ecuador","Fleet_catch_outside_FFA_Waters",3508
2013,"Non-PNA Member","Ecuador","Fleet_catch_outside_FFA_Waters",3712
2014,"Non-PNA Member","Ecuador","Fleet_catch_outside_FFA_Waters",3072
2015,"Non-PNA Member","Ecuador","Fleet_catch_outside_FFA_Waters",3834
2016,"Non-PNA Member","Ecuador","Fleet_catch_outside_FFA_Waters",135
2017,"Non-PNA Member","Ecuador","Fleet_catch_outside_FFA_Waters",5091
2018,"Non-PNA Member","Ecuador","Fleet_catch_outside_FFA_Waters",9585
2019,"Non-PNA Member","Ecuador","Fleet_catch_outside_FFA_Waters",4461
2020,"Non-PNA Member","Ecuador","Fleet_catch_outside_FFA_Waters",5916
2021,"Non-PNA Member","Ecuador","Fleet_catch_outside_FFA_Waters",5944
2022,"Non-PNA Member","Ecuador","Fleet_catch_outside_FFA_Waters",6872
2023,"Non-PNA Member","Ecuador","Fleet_catch_outside_FFA_Waters",5298
1997,"Non-PNA Member","El Salvador","Fleet_catch_outside_FFA_Waters",0
1998,"Non-PNA Member","El Salvador","Fleet_catch_outside_FFA_Waters",0
1999,"Non-PNA Member","El Salvador","Fleet_catch_outside_FFA_Waters",0
2000,"Non-PNA Member","El Salvador","Fleet_catch_outside_FFA_Waters",0
2001,"Non-PNA Member","El Salvador","Fleet_catch_outside_FFA_Waters",599
2002,"Non-PNA Member","El Salvador","Fleet_catch_outside_FFA_Waters",1488
2003,"Non-PNA Member","El Salvador","Fleet_catch_outside_FFA_Waters",73
2004,"Non-PNA Member","El Salvador","Fleet_catch_outside_FFA_Waters",0
2005,"Non-PNA Member","El Salvador","Fleet_catch_outside_FFA_Waters",0
2006,"Non-PNA Member","El Salvador","Fleet_catch_outside_FFA_Waters",0
2007,"Non-PNA Member","El Salvador","Fleet_catch_outside_FFA_Waters",6025
2008,"Non-PNA Member","El Salvador","Fleet_catch_outside_FFA_Waters",10962
2009,"Non-PNA Member","El Salvador","Fleet_catch_outside_FFA_Waters",2836
2010,"Non-PNA Member","El Salvador","Fleet_catch_outside_FFA_Waters",1987
2011,"Non-PNA Member","El Salvador","Fleet_catch_outside_FFA_Waters",2009
2012,"Non-PNA Member","El Salvador","Fleet_catch_outside_FFA_Waters",1806
2013,"Non-PNA Member","El Salvador","Fleet_catch_outside_FFA_Waters",3111
2014,"Non-PNA Member","El Salvador","Fleet_catch_outside_FFA_Waters",4262
2015,"Non-PNA Member","El Salvador","Fleet_catch_outside_FFA_Waters",9345
2016,"Non-PNA Member","El Salvador","Fleet_catch_outside_FFA_Waters",6245
2017,"Non-PNA Member","El Salvador","Fleet_catch_outside_FFA_Waters",1647
2018,"Non-PNA Member","El Salvador","Fleet_catch_outside_FFA_Waters",2597
2019,"Non-PNA Member","El Salvador","Fleet_catch_outside_FFA_Waters",1948
2020,"Non-PNA Member","El Salvador","Fleet_catch_outside_FFA_Waters",3054
2021,"Non-PNA Member","El Salvador","Fleet_catch_outside_FFA_Waters",2820
2022,"Non-PNA Member","El Salvador","Fleet_catch_outside_FFA_Waters",2531
2023,"Non-PNA Member","El Salvador","Fleet_catch_outside_FFA_Waters",2322
1997,"Non-PNA Member","Fiji","Fleet_catch_outside_FFA_Waters",45
1998,"Non-PNA Member","Fiji","Fleet_catch_outside_FFA_Waters",135
1999,"Non-PNA Member","Fiji","Fleet_catch_outside_FFA_Waters",105
2000,"Non-PNA Member","Fiji","Fleet_catch_outside_FFA_Waters",456
2001,"Non-PNA Member","Fiji","Fleet_catch_outside_FFA_Waters",231
2002,"Non-PNA Member","Fiji","Fleet_catch_outside_FFA_Waters",995
2003,"Non-PNA Member","Fiji","Fleet_catch_outside_FFA_Waters",1634
2004,"Non-PNA Member","Fiji","Fleet_catch_outside_FFA_Waters",3383
2005,"Non-PNA Member","Fiji","Fleet_catch_outside_FFA_Waters",2972
2006,"Non-PNA Member","Fiji","Fleet_catch_outside_FFA_Waters",2344
2007,"Non-PNA Member","Fiji","Fleet_catch_outside_FFA_Waters",1291
2008,"Non-PNA Member","Fiji","Fleet_catch_outside_FFA_Waters",1684
2009,"Non-PNA Member","Fiji","Fleet_catch_outside_FFA_Waters",2551
2010,"Non-PNA Member","Fiji","Fleet_catch_outside_FFA_Waters",1544
2011,"Non-PNA Member","Fiji","Fleet_catch_outside_FFA_Waters",3160
2012,"Non-PNA Member","Fiji","Fleet_catch_outside_FFA_Waters",3798
2013,"Non-PNA Member","Fiji","Fleet_catch_outside_FFA_Waters",2999
2014,"Non-PNA Member","Fiji","Fleet_catch_outside_FFA_Waters",3355
2015,"Non-PNA Member","Fiji","Fleet_catch_outside_FFA_Waters",2173
2016,"Non-PNA Member","Fiji","Fleet_catch_outside_FFA_Waters",1852
2017,"Non-PNA Member","Fiji","Fleet_catch_outside_FFA_Waters",2088
2018,"Non-PNA Member","Fiji","Fleet_catch_outside_FFA_Waters",2031
2019,"Non-PNA Member","Fiji","Fleet_catch_outside_FFA_Waters",1606
2020,"Non-PNA Member","Fiji","Fleet_catch_outside_FFA_Waters",1817
2021,"Non-PNA Member","Fiji","Fleet_catch_outside_FFA_Waters",1137
2022,"Non-PNA Member","Fiji","Fleet_catch_outside_FFA_Waters",629
2023,"Non-PNA Member","Fiji","Fleet_catch_outside_FFA_Waters",1642
1997,"Non-PNA Member","French Polynesia","Fleet_catch_outside_FFA_Waters",4564
1998,"Non-PNA Member","French Polynesia","Fleet_catch_outside_FFA_Waters",5710
1999,"Non-PNA Member","French Polynesia","Fleet_catch_outside_FFA_Waters",5200
2000,"Non-PNA Member","French Polynesia","Fleet_catch_outside_FFA_Waters",6833
2001,"Non-PNA Member","French Polynesia","Fleet_catch_outside_FFA_Waters",7733
2002,"Non-PNA Member","French Polynesia","Fleet_catch_outside_FFA_Waters",7347
2003,"Non-PNA Member","French Polynesia","Fleet_catch_outside_FFA_Waters",6293
2004,"Non-PNA Member","French Polynesia","Fleet_catch_outside_FFA_Waters",5496
2005,"Non-PNA Member","French Polynesia","Fleet_catch_outside_FFA_Waters",5089
2006,"Non-PNA Member","French Polynesia","Fleet_catch_outside_FFA_Waters",5938
2007,"Non-PNA Member","French Polynesia","Fleet_catch_outside_FFA_Waters",6408
2008,"Non-PNA Member","French Polynesia","Fleet_catch_outside_FFA_Waters",5673
2009,"Non-PNA Member","French Polynesia","Fleet_catch_outside_FFA_Waters",6878
2010,"Non-PNA Member","French Polynesia","Fleet_catch_outside_FFA_Waters",6250
2011,"Non-PNA Member","French Polynesia","Fleet_catch_outside_FFA_Waters",6028
2012,"Non-PNA Member","French Polynesia","Fleet_catch_outside_FFA_Waters",7272
2013,"Non-PNA Member","French Polynesia","Fleet_catch_outside_FFA_Waters",6691
2014,"Non-PNA Member","French Polynesia","Fleet_catch_outside_FFA_Waters",7173
2015,"Non-PNA Member","French Polynesia","Fleet_catch_outside_FFA_Waters",7402
2016,"Non-PNA Member","French Polynesia","Fleet_catch_outside_FFA_Waters",6665
2017,"Non-PNA Member","French Polynesia","Fleet_catch_outside_FFA_Waters",6349
2018,"Non-PNA Member","French Polynesia","Fleet_catch_outside_FFA_Waters",7071
2019,"Non-PNA Member","French Polynesia","Fleet_catch_outside_FFA_Waters",7371
2020,"Non-PNA Member","French Polynesia","Fleet_catch_outside_FFA_Waters",6313
2021,"Non-PNA Member","French Polynesia","Fleet_catch_outside_FFA_Waters",7639
2022,"Non-PNA Member","French Polynesia","Fleet_catch_outside_FFA_Waters",8566
2023,"Non-PNA Member","French Polynesia","Fleet_catch_outside_FFA_Waters",9617
1997,"PNA Member","FSM","Fleet_catch_outside_FFA_Waters",2864
1998,"PNA Member","FSM","Fleet_catch_outside_FFA_Waters",1946
1999,"PNA Member","FSM","Fleet_catch_outside_FFA_Waters",2577
2000,"PNA Member","FSM","Fleet_catch_outside_FFA_Waters",4518
2001,"PNA Member","FSM","Fleet_catch_outside_FFA_Waters",4040
2002,"PNA Member","FSM","Fleet_catch_outside_FFA_Waters",5356
2003,"PNA Member","FSM","Fleet_catch_outside_FFA_Waters",3356
2004,"PNA Member","FSM","Fleet_catch_outside_FFA_Waters",6902
2005,"PNA Member","FSM","Fleet_catch_outside_FFA_Waters",5220
2006,"PNA Member","FSM","Fleet_catch_outside_FFA_Waters",1034
2007,"PNA Member","FSM","Fleet_catch_outside_FFA_Waters",2739
2008,"PNA Member","FSM","Fleet_catch_outside_FFA_Waters",2825
2009,"PNA Member","FSM","Fleet_catch_outside_FFA_Waters",7996
2010,"PNA Member","FSM","Fleet_catch_outside_FFA_Waters",156
2011,"PNA Member","FSM","Fleet_catch_outside_FFA_Waters",249
2012,"PNA Member","FSM","Fleet_catch_outside_FFA_Waters",803
2013,"PNA Member","FSM","Fleet_catch_outside_FFA_Waters",252
2014,"PNA Member","FSM","Fleet_catch_outside_FFA_Waters",701
2015,"PNA Member","FSM","Fleet_catch_outside_FFA_Waters",15470
2016,"PNA Member","FSM","Fleet_catch_outside_FFA_Waters",8183
2017,"PNA Member","FSM","Fleet_catch_outside_FFA_Waters",13677
2018,"PNA Member","FSM","Fleet_catch_outside_FFA_Waters",19116
2019,"PNA Member","FSM","Fleet_catch_outside_FFA_Waters",42030
2020,"PNA Member","FSM","Fleet_catch_outside_FFA_Waters",20127
2021,"PNA Member","FSM","Fleet_catch_outside_FFA_Waters",22958
2022,"PNA Member","FSM","Fleet_catch_outside_FFA_Waters",8597
2023,"PNA Member","FSM","Fleet_catch_outside_FFA_Waters",26198
1997,"High Seas","H4","Fleet_catch_outside_FFA_Waters",0
1998,"High Seas","H4","Fleet_catch_outside_FFA_Waters",0
1999,"High Seas","H4","Fleet_catch_outside_FFA_Waters",0
2000,"High Seas","H4","Fleet_catch_outside_FFA_Waters",0
2001,"High Seas","H4","Fleet_catch_outside_FFA_Waters",0
2002,"High Seas","H4","Fleet_catch_outside_FFA_Waters",0
2003,"High Seas","H4","Fleet_catch_outside_FFA_Waters",0
2004,"High Seas","H4","Fleet_catch_outside_FFA_Waters",0
2005,"High Seas","H4","Fleet_catch_outside_FFA_Waters",0
2006,"High Seas","H4","Fleet_catch_outside_FFA_Waters",0
2007,"High Seas","H4","Fleet_catch_outside_FFA_Waters",0
2008,"High Seas","H4","Fleet_catch_outside_FFA_Waters",0
2009,"High Seas","H4","Fleet_catch_outside_FFA_Waters",0
2010,"High Seas","H4","Fleet_catch_outside_FFA_Waters",0
2011,"High Seas","H4","Fleet_catch_outside_FFA_Waters",0
2012,"High Seas","H4","Fleet_catch_outside_FFA_Waters",0
2013,"High Seas","H4","Fleet_catch_outside_FFA_Waters",0
2014,"High Seas","H4","Fleet_catch_outside_FFA_Waters",0
2015,"High Seas","H4","Fleet_catch_outside_FFA_Waters",0
2016,"High Seas","H4","Fleet_catch_outside_FFA_Waters",0
2017,"High Seas","H4","Fleet_catch_outside_FFA_Waters",0
2018,"High Seas","H4","Fleet_catch_outside_FFA_Waters",0
2019,"High Seas","H4","Fleet_catch_outside_FFA_Waters",0
2020,"High Seas","H4","Fleet_catch_outside_FFA_Waters",0
2021,"High Seas","H4","Fleet_catch_outside_FFA_Waters",0
2022,"High Seas","H4","Fleet_catch_outside_FFA_Waters",0
2023,"High Seas","H4","Fleet_catch_outside_FFA_Waters",0
1997,"High Seas","H5","Fleet_catch_outside_FFA_Waters",0
1998,"High Seas","H5","Fleet_catch_outside_FFA_Waters",0
1999,"High Seas","H5","Fleet_catch_outside_FFA_Waters",0
2000,"High Seas","H5","Fleet_catch_outside_FFA_Waters",0
2001,"High Seas","H5","Fleet_catch_outside_FFA_Waters",0
2002,"High Seas","H5","Fleet_catch_outside_FFA_Waters",0
2003,"High Seas","H5","Fleet_catch_outside_FFA_Waters",0
2004,"High Seas","H5","Fleet_catch_outside_FFA_Waters",0
2005,"High Seas","H5","Fleet_catch_outside_FFA_Waters",0
2006,"High Seas","H5","Fleet_catch_outside_FFA_Waters",0
2007,"High Seas","H5","Fleet_catch_outside_FFA_Waters",0
2008,"High Seas","H5","Fleet_catch_outside_FFA_Waters",0
2009,"High Seas","H5","Fleet_catch_outside_FFA_Waters",0
2010,"High Seas","H5","Fleet_catch_outside_FFA_Waters",0
2011,"High Seas","H5","Fleet_catch_outside_FFA_Waters",0
2012,"High Seas","H5","Fleet_catch_outside_FFA_Waters",0
2013,"High Seas","H5","Fleet_catch_outside_FFA_Waters",0
2014,"High Seas","H5","Fleet_catch_outside_FFA_Waters",0
2015,"High Seas","H5","Fleet_catch_outside_FFA_Waters",0
2016,"High Seas","H5","Fleet_catch_outside_FFA_Waters",0
2017,"High Seas","H5","Fleet_catch_outside_FFA_Waters",0
2018,"High Seas","H5","Fleet_catch_outside_FFA_Waters",0
2019,"High Seas","H5","Fleet_catch_outside_FFA_Waters",0
2020,"High Seas","H5","Fleet_catch_outside_FFA_Waters",0
2021,"High Seas","H5","Fleet_catch_outside_FFA_Waters",0
2022,"High Seas","H5","Fleet_catch_outside_FFA_Waters",0
2023,"High Seas","H5","Fleet_catch_outside_FFA_Waters",0
1997,"High Seas","I1","Fleet_catch_outside_FFA_Waters",0
1998,"High Seas","I1","Fleet_catch_outside_FFA_Waters",0
1999,"High Seas","I1","Fleet_catch_outside_FFA_Waters",0
2000,"High Seas","I1","Fleet_catch_outside_FFA_Waters",0
2001,"High Seas","I1","Fleet_catch_outside_FFA_Waters",0
2002,"High Seas","I1","Fleet_catch_outside_FFA_Waters",0
2003,"High Seas","I1","Fleet_catch_outside_FFA_Waters",0
2004,"High Seas","I1","Fleet_catch_outside_FFA_Waters",0
2005,"High Seas","I1","Fleet_catch_outside_FFA_Waters",0
2006,"High Seas","I1","Fleet_catch_outside_FFA_Waters",0
2007,"High Seas","I1","Fleet_catch_outside_FFA_Waters",0
2008,"High Seas","I1","Fleet_catch_outside_FFA_Waters",0
2009,"High Seas","I1","Fleet_catch_outside_FFA_Waters",0
2010,"High Seas","I1","Fleet_catch_outside_FFA_Waters",0
2011,"High Seas","I1","Fleet_catch_outside_FFA_Waters",0
2012,"High Seas","I1","Fleet_catch_outside_FFA_Waters",0
2013,"High Seas","I1","Fleet_catch_outside_FFA_Waters",0
2014,"High Seas","I1","Fleet_catch_outside_FFA_Waters",0
2015,"High Seas","I1","Fleet_catch_outside_FFA_Waters",0
2016,"High Seas","I1","Fleet_catch_outside_FFA_Waters",0
2017,"High Seas","I1","Fleet_catch_outside_FFA_Waters",0
2018,"High Seas","I1","Fleet_catch_outside_FFA_Waters",0
2019,"High Seas","I1","Fleet_catch_outside_FFA_Waters",0
2020,"High Seas","I1","Fleet_catch_outside_FFA_Waters",0
2021,"High Seas","I1","Fleet_catch_outside_FFA_Waters",0
2022,"High Seas","I1","Fleet_catch_outside_FFA_Waters",0
2023,"High Seas","I1","Fleet_catch_outside_FFA_Waters",0
1997,"High Seas","I2","Fleet_catch_outside_FFA_Waters",0
1998,"High Seas","I2","Fleet_catch_outside_FFA_Waters",0
1999,"High Seas","I2","Fleet_catch_outside_FFA_Waters",0
2000,"High Seas","I2","Fleet_catch_outside_FFA_Waters",0
2001,"High Seas","I2","Fleet_catch_outside_FFA_Waters",0
2002,"High Seas","I2","Fleet_catch_outside_FFA_Waters",0
2003,"High Seas","I2","Fleet_catch_outside_FFA_Waters",0
2004,"High Seas","I2","Fleet_catch_outside_FFA_Waters",0
2005,"High Seas","I2","Fleet_catch_outside_FFA_Waters",0
2006,"High Seas","I2","Fleet_catch_outside_FFA_Waters",0
2007,"High Seas","I2","Fleet_catch_outside_FFA_Waters",0
2008,"High Seas","I2","Fleet_catch_outside_FFA_Waters",0
2009,"High Seas","I2","Fleet_catch_outside_FFA_Waters",0
2010,"High Seas","I2","Fleet_catch_outside_FFA_Waters",0
2011,"High Seas","I2","Fleet_catch_outside_FFA_Waters",0
2012,"High Seas","I2","Fleet_catch_outside_FFA_Waters",0
2013,"High Seas","I2","Fleet_catch_outside_FFA_Waters",0
2014,"High Seas","I2","Fleet_catch_outside_FFA_Waters",0
2015,"High Seas","I2","Fleet_catch_outside_FFA_Waters",0
2016,"High Seas","I2","Fleet_catch_outside_FFA_Waters",0
2017,"High Seas","I2","Fleet_catch_outside_FFA_Waters",0
2018,"High Seas","I2","Fleet_catch_outside_FFA_Waters",0
2019,"High Seas","I2","Fleet_catch_outside_FFA_Waters",0
2020,"High Seas","I2","Fleet_catch_outside_FFA_Waters",0
2021,"High Seas","I2","Fleet_catch_outside_FFA_Waters",0
2022,"High Seas","I2","Fleet_catch_outside_FFA_Waters",0
2023,"High Seas","I2","Fleet_catch_outside_FFA_Waters",0
1997,"High Seas","I3","Fleet_catch_outside_FFA_Waters",0
1998,"High Seas","I3","Fleet_catch_outside_FFA_Waters",0
1999,"High Seas","I3","Fleet_catch_outside_FFA_Waters",0
2000,"High Seas","I3","Fleet_catch_outside_FFA_Waters",0
2001,"High Seas","I3","Fleet_catch_outside_FFA_Waters",0
2002,"High Seas","I3","Fleet_catch_outside_FFA_Waters",0
2003,"High Seas","I3","Fleet_catch_outside_FFA_Waters",0
2004,"High Seas","I3","Fleet_catch_outside_FFA_Waters",0
2005,"High Seas","I3","Fleet_catch_outside_FFA_Waters",0
2006,"High Seas","I3","Fleet_catch_outside_FFA_Waters",0
2007,"High Seas","I3","Fleet_catch_outside_FFA_Waters",0
2008,"High Seas","I3","Fleet_catch_outside_FFA_Waters",0
2009,"High Seas","I3","Fleet_catch_outside_FFA_Waters",0
2010,"High Seas","I3","Fleet_catch_outside_FFA_Waters",0
2011,"High Seas","I3","Fleet_catch_outside_FFA_Waters",0
2012,"High Seas","I3","Fleet_catch_outside_FFA_Waters",0
2013,"High Seas","I3","Fleet_catch_outside_FFA_Waters",0
2014,"High Seas","I3","Fleet_catch_outside_FFA_Waters",0
2015,"High Seas","I3","Fleet_catch_outside_FFA_Waters",0
2016,"High Seas","I3","Fleet_catch_outside_FFA_Waters",0
2017,"High Seas","I3","Fleet_catch_outside_FFA_Waters",0
2018,"High Seas","I3","Fleet_catch_outside_FFA_Waters",0
2019,"High Seas","I3","Fleet_catch_outside_FFA_Waters",0
2020,"High Seas","I3","Fleet_catch_outside_FFA_Waters",0
2021,"High Seas","I3","Fleet_catch_outside_FFA_Waters",0
2022,"High Seas","I3","Fleet_catch_outside_FFA_Waters",0
2023,"High Seas","I3","Fleet_catch_outside_FFA_Waters",0
1997,"High Seas","I4","Fleet_catch_outside_FFA_Waters",0
1998,"High Seas","I4","Fleet_catch_outside_FFA_Waters",0
1999,"High Seas","I4","Fleet_catch_outside_FFA_Waters",0
2000,"High Seas","I4","Fleet_catch_outside_FFA_Waters",0
2001,"High Seas","I4","Fleet_catch_outside_FFA_Waters",0
2002,"High Seas","I4","Fleet_catch_outside_FFA_Waters",0
2003,"High Seas","I4","Fleet_catch_outside_FFA_Waters",0
2004,"High Seas","I4","Fleet_catch_outside_FFA_Waters",0
2005,"High Seas","I4","Fleet_catch_outside_FFA_Waters",0
2006,"High Seas","I4","Fleet_catch_outside_FFA_Waters",0
2007,"High Seas","I4","Fleet_catch_outside_FFA_Waters",0
2008,"High Seas","I4","Fleet_catch_outside_FFA_Waters",0
2009,"High Seas","I4","Fleet_catch_outside_FFA_Waters",0
2010,"High Seas","I4","Fleet_catch_outside_FFA_Waters",0
2011,"High Seas","I4","Fleet_catch_outside_FFA_Waters",0
2012,"High Seas","I4","Fleet_catch_outside_FFA_Waters",0
2013,"High Seas","I4","Fleet_catch_outside_FFA_Waters",0
2014,"High Seas","I4","Fleet_catch_outside_FFA_Waters",0
2015,"High Seas","I4","Fleet_catch_outside_FFA_Waters",0
2016,"High Seas","I4","Fleet_catch_outside_FFA_Waters",0
2017,"High Seas","I4","Fleet_catch_outside_FFA_Waters",0
2018,"High Seas","I4","Fleet_catch_outside_FFA_Waters",0
2019,"High Seas","I4","Fleet_catch_outside_FFA_Waters",0
2020,"High Seas","I4","Fleet_catch_outside_FFA_Waters",0
2021,"High Seas","I4","Fleet_catch_outside_FFA_Waters",0
2022,"High Seas","I4","Fleet_catch_outside_FFA_Waters",0
2023,"High Seas","I4","Fleet_catch_outside_FFA_Waters",0
1997,"High Seas","I5","Fleet_catch_outside_FFA_Waters",0
1998,"High Seas","I5","Fleet_catch_outside_FFA_Waters",0
1999,"High Seas","I5","Fleet_catch_outside_FFA_Waters",0
2000,"High Seas","I5","Fleet_catch_outside_FFA_Waters",0
2001,"High Seas","I5","Fleet_catch_outside_FFA_Waters",0
2002,"High Seas","I5","Fleet_catch_outside_FFA_Waters",0
2003,"High Seas","I5","Fleet_catch_outside_FFA_Waters",0
2004,"High Seas","I5","Fleet_catch_outside_FFA_Waters",0
2005,"High Seas","I5","Fleet_catch_outside_FFA_Waters",0
2006,"High Seas","I5","Fleet_catch_outside_FFA_Waters",0
2007,"High Seas","I5","Fleet_catch_outside_FFA_Waters",0
2008,"High Seas","I5","Fleet_catch_outside_FFA_Waters",0
2009,"High Seas","I5","Fleet_catch_outside_FFA_Waters",0
2010,"High Seas","I5","Fleet_catch_outside_FFA_Waters",0
2011,"High Seas","I5","Fleet_catch_outside_FFA_Waters",0
2012,"High Seas","I5","Fleet_catch_outside_FFA_Waters",0
2013,"High Seas","I5","Fleet_catch_outside_FFA_Waters",0
2014,"High Seas","I5","Fleet_catch_outside_FFA_Waters",0
2015,"High Seas","I5","Fleet_catch_outside_FFA_Waters",0
2016,"High Seas","I5","Fleet_catch_outside_FFA_Waters",0
2017,"High Seas","I5","Fleet_catch_outside_FFA_Waters",0
2018,"High Seas","I5","Fleet_catch_outside_FFA_Waters",0
2019,"High Seas","I5","Fleet_catch_outside_FFA_Waters",0
2020,"High Seas","I5","Fleet_catch_outside_FFA_Waters",0
2021,"High Seas","I5","Fleet_catch_outside_FFA_Waters",0
2022,"High Seas","I5","Fleet_catch_outside_FFA_Waters",0
2023,"High Seas","I5","Fleet_catch_outside_FFA_Waters",0
1997,"High Seas","I6","Fleet_catch_outside_FFA_Waters",0
1998,"High Seas","I6","Fleet_catch_outside_FFA_Waters",0
1999,"High Seas","I6","Fleet_catch_outside_FFA_Waters",0
2000,"High Seas","I6","Fleet_catch_outside_FFA_Waters",0
2001,"High Seas","I6","Fleet_catch_outside_FFA_Waters",0
2002,"High Seas","I6","Fleet_catch_outside_FFA_Waters",0
2003,"High Seas","I6","Fleet_catch_outside_FFA_Waters",0
2004,"High Seas","I6","Fleet_catch_outside_FFA_Waters",0
2005,"High Seas","I6","Fleet_catch_outside_FFA_Waters",0
2006,"High Seas","I6","Fleet_catch_outside_FFA_Waters",0
2007,"High Seas","I6","Fleet_catch_outside_FFA_Waters",0
2008,"High Seas","I6","Fleet_catch_outside_FFA_Waters",0
2009,"High Seas","I6","Fleet_catch_outside_FFA_Waters",0
2010,"High Seas","I6","Fleet_catch_outside_FFA_Waters",0
2011,"High Seas","I6","Fleet_catch_outside_FFA_Waters",0
2012,"High Seas","I6","Fleet_catch_outside_FFA_Waters",0
2013,"High Seas","I6","Fleet_catch_outside_FFA_Waters",0
2014,"High Seas","I6","Fleet_catch_outside_FFA_Waters",0
2015,"High Seas","I6","Fleet_catch_outside_FFA_Waters",0
2016,"High Seas","I6","Fleet_catch_outside_FFA_Waters",0
2017,"High Seas","I6","Fleet_catch_outside_FFA_Waters",0
2018,"High Seas","I6","Fleet_catch_outside_FFA_Waters",0
2019,"High Seas","I6","Fleet_catch_outside_FFA_Waters",0
2020,"High Seas","I6","Fleet_catch_outside_FFA_Waters",0
2021,"High Seas","I6","Fleet_catch_outside_FFA_Waters",0
2022,"High Seas","I6","Fleet_catch_outside_FFA_Waters",0
2023,"High Seas","I6","Fleet_catch_outside_FFA_Waters",0
1997,"High Seas","I7","Fleet_catch_outside_FFA_Waters",0
1998,"High Seas","I7","Fleet_catch_outside_FFA_Waters",0
1999,"High Seas","I7","Fleet_catch_outside_FFA_Waters",0
2000,"High Seas","I7","Fleet_catch_outside_FFA_Waters",0
2001,"High Seas","I7","Fleet_catch_outside_FFA_Waters",0
2002,"High Seas","I7","Fleet_catch_outside_FFA_Waters",0
2003,"High Seas","I7","Fleet_catch_outside_FFA_Waters",0
2004,"High Seas","I7","Fleet_catch_outside_FFA_Waters",0
2005,"High Seas","I7","Fleet_catch_outside_FFA_Waters",0
2006,"High Seas","I7","Fleet_catch_outside_FFA_Waters",0
2007,"High Seas","I7","Fleet_catch_outside_FFA_Waters",0
2008,"High Seas","I7","Fleet_catch_outside_FFA_Waters",0
2009,"High Seas","I7","Fleet_catch_outside_FFA_Waters",0
2010,"High Seas","I7","Fleet_catch_outside_FFA_Waters",0
2011,"High Seas","I7","Fleet_catch_outside_FFA_Waters",0
2012,"High Seas","I7","Fleet_catch_outside_FFA_Waters",0
2013,"High Seas","I7","Fleet_catch_outside_FFA_Waters",0
2014,"High Seas","I7","Fleet_catch_outside_FFA_Waters",0
2015,"High Seas","I7","Fleet_catch_outside_FFA_Waters",0
2016,"High Seas","I7","Fleet_catch_outside_FFA_Waters",0
2017,"High Seas","I7","Fleet_catch_outside_FFA_Waters",0
2018,"High Seas","I7","Fleet_catch_outside_FFA_Waters",0
2019,"High Seas","I7","Fleet_catch_outside_FFA_Waters",0
2020,"High Seas","I7","Fleet_catch_outside_FFA_Waters",0
2021,"High Seas","I7","Fleet_catch_outside_FFA_Waters",0
2022,"High Seas","I7","Fleet_catch_outside_FFA_Waters",0
2023,"High Seas","I7","Fleet_catch_outside_FFA_Waters",0
1997,"High Seas","I8","Fleet_catch_outside_FFA_Waters",0
1998,"High Seas","I8","Fleet_catch_outside_FFA_Waters",0
1999,"High Seas","I8","Fleet_catch_outside_FFA_Waters",0
2000,"High Seas","I8","Fleet_catch_outside_FFA_Waters",0
2001,"High Seas","I8","Fleet_catch_outside_FFA_Waters",0
2002,"High Seas","I8","Fleet_catch_outside_FFA_Waters",0
2003,"High Seas","I8","Fleet_catch_outside_FFA_Waters",0
2004,"High Seas","I8","Fleet_catch_outside_FFA_Waters",0
2005,"High Seas","I8","Fleet_catch_outside_FFA_Waters",0
2006,"High Seas","I8","Fleet_catch_outside_FFA_Waters",0
2007,"High Seas","I8","Fleet_catch_outside_FFA_Waters",0
2008,"High Seas","I8","Fleet_catch_outside_FFA_Waters",0
2009,"High Seas","I8","Fleet_catch_outside_FFA_Waters",0
2010,"High Seas","I8","Fleet_catch_outside_FFA_Waters",0
2011,"High Seas","I8","Fleet_catch_outside_FFA_Waters",0
2012,"High Seas","I8","Fleet_catch_outside_FFA_Waters",0
2013,"High Seas","I8","Fleet_catch_outside_FFA_Waters",0
2014,"High Seas","I8","Fleet_catch_outside_FFA_Waters",0
2015,"High Seas","I8","Fleet_catch_outside_FFA_Waters",0
2016,"High Seas","I8","Fleet_catch_outside_FFA_Waters",0
2017,"High Seas","I8","Fleet_catch_outside_FFA_Waters",0
2018,"High Seas","I8","Fleet_catch_outside_FFA_Waters",0
2019,"High Seas","I8","Fleet_catch_outside_FFA_Waters",0
2020,"High Seas","I8","Fleet_catch_outside_FFA_Waters",0
2021,"High Seas","I8","Fleet_catch_outside_FFA_Waters",0
2022,"High Seas","I8","Fleet_catch_outside_FFA_Waters",0
2023,"High Seas","I8","Fleet_catch_outside_FFA_Waters",0
1997,"High Seas","I9","Fleet_catch_outside_FFA_Waters",0
1998,"High Seas","I9","Fleet_catch_outside_FFA_Waters",0
1999,"High Seas","I9","Fleet_catch_outside_FFA_Waters",0
2000,"High Seas","I9","Fleet_catch_outside_FFA_Waters",0
2001,"High Seas","I9","Fleet_catch_outside_FFA_Waters",0
2002,"High Seas","I9","Fleet_catch_outside_FFA_Waters",0
2003,"High Seas","I9","Fleet_catch_outside_FFA_Waters",0
2004,"High Seas","I9","Fleet_catch_outside_FFA_Waters",0
2005,"High Seas","I9","Fleet_catch_outside_FFA_Waters",0
2006,"High Seas","I9","Fleet_catch_outside_FFA_Waters",0
2007,"High Seas","I9","Fleet_catch_outside_FFA_Waters",0
2008,"High Seas","I9","Fleet_catch_outside_FFA_Waters",0
2009,"High Seas","I9","Fleet_catch_outside_FFA_Waters",0
2010,"High Seas","I9","Fleet_catch_outside_FFA_Waters",0
2011,"High Seas","I9","Fleet_catch_outside_FFA_Waters",0
2012,"High Seas","I9","Fleet_catch_outside_FFA_Waters",0
2013,"High Seas","I9","Fleet_catch_outside_FFA_Waters",0
2014,"High Seas","I9","Fleet_catch_outside_FFA_Waters",0
2015,"High Seas","I9","Fleet_catch_outside_FFA_Waters",0
2016,"High Seas","I9","Fleet_catch_outside_FFA_Waters",0
2017,"High Seas","I9","Fleet_catch_outside_FFA_Waters",0
2018,"High Seas","I9","Fleet_catch_outside_FFA_Waters",0
2019,"High Seas","I9","Fleet_catch_outside_FFA_Waters",0
2020,"High Seas","I9","Fleet_catch_outside_FFA_Waters",0
2021,"High Seas","I9","Fleet_catch_outside_FFA_Waters",0
2022,"High Seas","I9","Fleet_catch_outside_FFA_Waters",0
2023,"High Seas","I9","Fleet_catch_outside_FFA_Waters",0
1997,"Non-PNA Member","Indonesia","Fleet_catch_outside_FFA_Waters",256670
1998,"Non-PNA Member","Indonesia","Fleet_catch_outside_FFA_Waters",338881
1999,"Non-PNA Member","Indonesia","Fleet_catch_outside_FFA_Waters",321618
2000,"Non-PNA Member","Indonesia","Fleet_catch_outside_FFA_Waters",342203
2001,"Non-PNA Member","Indonesia","Fleet_catch_outside_FFA_Waters",314888
2002,"Non-PNA Member","Indonesia","Fleet_catch_outside_FFA_Waters",302659
2003,"Non-PNA Member","Indonesia","Fleet_catch_outside_FFA_Waters",310657
2004,"Non-PNA Member","Indonesia","Fleet_catch_outside_FFA_Waters",411985
2005,"Non-PNA Member","Indonesia","Fleet_catch_outside_FFA_Waters",247514
2006,"Non-PNA Member","Indonesia","Fleet_catch_outside_FFA_Waters",285844
2007,"Non-PNA Member","Indonesia","Fleet_catch_outside_FFA_Waters",321890
2008,"Non-PNA Member","Indonesia","Fleet_catch_outside_FFA_Waters",334970
2009,"Non-PNA Member","Indonesia","Fleet_catch_outside_FFA_Waters",388635
2010,"Non-PNA Member","Indonesia","Fleet_catch_outside_FFA_Waters",358254
2011,"Non-PNA Member","Indonesia","Fleet_catch_outside_FFA_Waters",397915
2012,"Non-PNA Member","Indonesia","Fleet_catch_outside_FFA_Waters",443316
2013,"Non-PNA Member","Indonesia","Fleet_catch_outside_FFA_Waters",526236
2014,"Non-PNA Member","Indonesia","Fleet_catch_outside_FFA_Waters",482917
2015,"Non-PNA Member","Indonesia","Fleet_catch_outside_FFA_Waters",432078
2016,"Non-PNA Member","Indonesia","Fleet_catch_outside_FFA_Waters",525633
2017,"Non-PNA Member","Indonesia","Fleet_catch_outside_FFA_Waters",470964
2018,"Non-PNA Member","Indonesia","Fleet_catch_outside_FFA_Waters",526475
2019,"Non-PNA Member","Indonesia","Fleet_catch_outside_FFA_Waters",536212
2020,"Non-PNA Member","Indonesia","Fleet_catch_outside_FFA_Waters",514558
2021,"Non-PNA Member","Indonesia","Fleet_catch_outside_FFA_Waters",546944
2022,"Non-PNA Member","Indonesia","Fleet_catch_outside_FFA_Waters",513429
2023,"Non-PNA Member","Indonesia","Fleet_catch_outside_FFA_Waters",513429
1997,"High Seas","IW","Fleet_catch_outside_FFA_Waters",0
1998,"High Seas","IW","Fleet_catch_outside_FFA_Waters",0
1999,"High Seas","IW","Fleet_catch_outside_FFA_Waters",0
2000,"High Seas","IW","Fleet_catch_outside_FFA_Waters",0
2001,"High Seas","IW","Fleet_catch_outside_FFA_Waters",0
2002,"High Seas","IW","Fleet_catch_outside_FFA_Waters",0
2003,"High Seas","IW","Fleet_catch_outside_FFA_Waters",0
2004,"High Seas","IW","Fleet_catch_outside_FFA_Waters",0
2005,"High Seas","IW","Fleet_catch_outside_FFA_Waters",0
2006,"High Seas","IW","Fleet_catch_outside_FFA_Waters",0
2007,"High Seas","IW","Fleet_catch_outside_FFA_Waters",0
2008,"High Seas","IW","Fleet_catch_outside_FFA_Waters",0
2009,"High Seas","IW","Fleet_catch_outside_FFA_Waters",0
2010,"High Seas","IW","Fleet_catch_outside_FFA_Waters",0
2011,"High Seas","IW","Fleet_catch_outside_FFA_Waters",0
2012,"High Seas","IW","Fleet_catch_outside_FFA_Waters",0
2013,"High Seas","IW","Fleet_catch_outside_FFA_Waters",0
2014,"High Seas","IW","Fleet_catch_outside_FFA_Waters",0
2015,"High Seas","IW","Fleet_catch_outside_FFA_Waters",0
2016,"High Seas","IW","Fleet_catch_outside_FFA_Waters",0
2017,"High Seas","IW","Fleet_catch_outside_FFA_Waters",0
2018,"High Seas","IW","Fleet_catch_outside_FFA_Waters",0
2019,"High Seas","IW","Fleet_catch_outside_FFA_Waters",0
2020,"High Seas","IW","Fleet_catch_outside_FFA_Waters",0
2021,"High Seas","IW","Fleet_catch_outside_FFA_Waters",0
2022,"High Seas","IW","Fleet_catch_outside_FFA_Waters",0
2023,"High Seas","IW","Fleet_catch_outside_FFA_Waters",0
1997,"Non-PNA Member","Japan","Fleet_catch_outside_FFA_Waters",397416
1998,"Non-PNA Member","Japan","Fleet_catch_outside_FFA_Waters",417485
1999,"Non-PNA Member","Japan","Fleet_catch_outside_FFA_Waters",361236
2000,"Non-PNA Member","Japan","Fleet_catch_outside_FFA_Waters",382661
2001,"Non-PNA Member","Japan","Fleet_catch_outside_FFA_Waters",303445
2002,"Non-PNA Member","Japan","Fleet_catch_outside_FFA_Waters",316263
2003,"Non-PNA Member","Japan","Fleet_catch_outside_FFA_Waters",335646
2004,"Non-PNA Member","Japan","Fleet_catch_outside_FFA_Waters",334985
2005,"Non-PNA Member","Japan","Fleet_catch_outside_FFA_Waters",354335
2006,"Non-PNA Member","Japan","Fleet_catch_outside_FFA_Waters",302140
2007,"Non-PNA Member","Japan","Fleet_catch_outside_FFA_Waters",330456
2008,"Non-PNA Member","Japan","Fleet_catch_outside_FFA_Waters",265667
2009,"Non-PNA Member","Japan","Fleet_catch_outside_FFA_Waters",250289
2010,"Non-PNA Member","Japan","Fleet_catch_outside_FFA_Waters",209588
2011,"Non-PNA Member","Japan","Fleet_catch_outside_FFA_Waters",184877
2012,"Non-PNA Member","Japan","Fleet_catch_outside_FFA_Waters",183240
2013,"Non-PNA Member","Japan","Fleet_catch_outside_FFA_Waters",189602
2014,"Non-PNA Member","Japan","Fleet_catch_outside_FFA_Waters",174238
2015,"Non-PNA Member","Japan","Fleet_catch_outside_FFA_Waters",174367
2016,"Non-PNA Member","Japan","Fleet_catch_outside_FFA_Waters",139797
2017,"Non-PNA Member","Japan","Fleet_catch_outside_FFA_Waters",150386
2018,"Non-PNA Member","Japan","Fleet_catch_outside_FFA_Waters",147130
2019,"Non-PNA Member","Japan","Fleet_catch_outside_FFA_Waters",124691
2020,"Non-PNA Member","Japan","Fleet_catch_outside_FFA_Waters",127469
2021,"Non-PNA Member","Japan","Fleet_catch_outside_FFA_Waters",182434
2022,"Non-PNA Member","Japan","Fleet_catch_outside_FFA_Waters",98080
2023,"Non-PNA Member","Japan","Fleet_catch_outside_FFA_Waters",108773
1997,"PNA Member","Kiribati","Fleet_catch_outside_FFA_Waters",566
1998,"PNA Member","Kiribati","Fleet_catch_outside_FFA_Waters",1954
1999,"PNA Member","Kiribati","Fleet_catch_outside_FFA_Waters",766
2000,"PNA Member","Kiribati","Fleet_catch_outside_FFA_Waters",847
2001,"PNA Member","Kiribati","Fleet_catch_outside_FFA_Waters",766
2002,"PNA Member","Kiribati","Fleet_catch_outside_FFA_Waters",1589
2003,"PNA Member","Kiribati","Fleet_catch_outside_FFA_Waters",1541
2004,"PNA Member","Kiribati","Fleet_catch_outside_FFA_Waters",521
2005,"PNA Member","Kiribati","Fleet_catch_outside_FFA_Waters",1575
2006,"PNA Member","Kiribati","Fleet_catch_outside_FFA_Waters",1314
2007,"PNA Member","Kiribati","Fleet_catch_outside_FFA_Waters",291
2008,"PNA Member","Kiribati","Fleet_catch_outside_FFA_Waters",517
2009,"PNA Member","Kiribati","Fleet_catch_outside_FFA_Waters",6641
2010,"PNA Member","Kiribati","Fleet_catch_outside_FFA_Waters",5134
2011,"PNA Member","Kiribati","Fleet_catch_outside_FFA_Waters",12222
2012,"PNA Member","Kiribati","Fleet_catch_outside_FFA_Waters",6724
2013,"PNA Member","Kiribati","Fleet_catch_outside_FFA_Waters",6521
2014,"PNA Member","Kiribati","Fleet_catch_outside_FFA_Waters",31292
2015,"PNA Member","Kiribati","Fleet_catch_outside_FFA_Waters",34338
2016,"PNA Member","Kiribati","Fleet_catch_outside_FFA_Waters",33149
2017,"PNA Member","Kiribati","Fleet_catch_outside_FFA_Waters",26880
2018,"PNA Member","Kiribati","Fleet_catch_outside_FFA_Waters",35934
2019,"PNA Member","Kiribati","Fleet_catch_outside_FFA_Waters",46366
2020,"PNA Member","Kiribati","Fleet_catch_outside_FFA_Waters",28074
2021,"PNA Member","Kiribati","Fleet_catch_outside_FFA_Waters",19150
2022,"PNA Member","Kiribati","Fleet_catch_outside_FFA_Waters",12973
2023,"PNA Member","Kiribati","Fleet_catch_outside_FFA_Waters",49667
1997,"Non-PNA Member","Korea","Fleet_catch_outside_FFA_Waters",64100
1998,"Non-PNA Member","Korea","Fleet_catch_outside_FFA_Waters",88151
1999,"Non-PNA Member","Korea","Fleet_catch_outside_FFA_Waters",73955
2000,"Non-PNA Member","Korea","Fleet_catch_outside_FFA_Waters",48285
2001,"Non-PNA Member","Korea","Fleet_catch_outside_FFA_Waters",65909
2002,"Non-PNA Member","Korea","Fleet_catch_outside_FFA_Waters",75287
2003,"Non-PNA Member","Korea","Fleet_catch_outside_FFA_Waters",58914
2004,"Non-PNA Member","Korea","Fleet_catch_outside_FFA_Waters",46827
2005,"Non-PNA Member","Korea","Fleet_catch_outside_FFA_Waters",63286
2006,"Non-PNA Member","Korea","Fleet_catch_outside_FFA_Waters",35166
2007,"Non-PNA Member","Korea","Fleet_catch_outside_FFA_Waters",56252
2008,"Non-PNA Member","Korea","Fleet_catch_outside_FFA_Waters",65135
2009,"Non-PNA Member","Korea","Fleet_catch_outside_FFA_Waters",90535
2010,"Non-PNA Member","Korea","Fleet_catch_outside_FFA_Waters",22067
2011,"Non-PNA Member","Korea","Fleet_catch_outside_FFA_Waters",18012
2012,"Non-PNA Member","Korea","Fleet_catch_outside_FFA_Waters",20653
2013,"Non-PNA Member","Korea","Fleet_catch_outside_FFA_Waters",14757
2014,"Non-PNA Member","Korea","Fleet_catch_outside_FFA_Waters",18718
2015,"Non-PNA Member","Korea","Fleet_catch_outside_FFA_Waters",20213
2016,"Non-PNA Member","Korea","Fleet_catch_outside_FFA_Waters",26726
2017,"Non-PNA Member","Korea","Fleet_catch_outside_FFA_Waters",22384
2018,"Non-PNA Member","Korea","Fleet_catch_outside_FFA_Waters",28733
2019,"Non-PNA Member","Korea","Fleet_catch_outside_FFA_Waters",39556
2020,"Non-PNA Member","Korea","Fleet_catch_outside_FFA_Waters",33711
2021,"Non-PNA Member","Korea","Fleet_catch_outside_FFA_Waters",29911
2022,"Non-PNA Member","Korea","Fleet_catch_outside_FFA_Waters",26644
2023,"Non-PNA Member","Korea","Fleet_catch_outside_FFA_Waters",40151
1997,"PNA Member","Marshall Islands","Fleet_catch_outside_FFA_Waters",0
1998,"PNA Member","Marshall Islands","Fleet_catch_outside_FFA_Waters",0
1999,"PNA Member","Marshall Islands","Fleet_catch_outside_FFA_Waters",0
2000,"PNA Member","Marshall Islands","Fleet_catch_outside_FFA_Waters",1610
2001,"PNA Member","Marshall Islands","Fleet_catch_outside_FFA_Waters",5394
2002,"PNA Member","Marshall Islands","Fleet_catch_outside_FFA_Waters",5825
2003,"PNA Member","Marshall Islands","Fleet_catch_outside_FFA_Waters",11068
2004,"PNA Member","Marshall Islands","Fleet_catch_outside_FFA_Waters",12697
2005,"PNA Member","Marshall Islands","Fleet_catch_outside_FFA_Waters",17921
2006,"PNA Member","Marshall Islands","Fleet_catch_outside_FFA_Waters",5951
2007,"PNA Member","Marshall Islands","Fleet_catch_outside_FFA_Waters",9366
2008,"PNA Member","Marshall Islands","Fleet_catch_outside_FFA_Waters",9272
2009,"PNA Member","Marshall Islands","Fleet_catch_outside_FFA_Waters",7408
2010,"PNA Member","Marshall Islands","Fleet_catch_outside_FFA_Waters",2498
2011,"PNA Member","Marshall Islands","Fleet_catch_outside_FFA_Waters",117
2012,"PNA Member","Marshall Islands","Fleet_catch_outside_FFA_Waters",66
2013,"PNA Member","Marshall Islands","Fleet_catch_outside_FFA_Waters",85
2014,"PNA Member","Marshall Islands","Fleet_catch_outside_FFA_Waters",18
2015,"PNA Member","Marshall Islands","Fleet_catch_outside_FFA_Waters",31725
2016,"PNA Member","Marshall Islands","Fleet_catch_outside_FFA_Waters",13062
2017,"PNA Member","Marshall Islands","Fleet_catch_outside_FFA_Waters",20986
2018,"PNA Member","Marshall Islands","Fleet_catch_outside_FFA_Waters",10609
2019,"PNA Member","Marshall Islands","Fleet_catch_outside_FFA_Waters",41789
2020,"PNA Member","Marshall Islands","Fleet_catch_outside_FFA_Waters",24594
2021,"PNA Member","Marshall Islands","Fleet_catch_outside_FFA_Waters",16443
2022,"PNA Member","Marshall Islands","Fleet_catch_outside_FFA_Waters",6967
2023,"PNA Member","Marshall Islands","Fleet_catch_outside_FFA_Waters",17310
1997,"Non-PNA Member","Mathew and Hunter","Fleet_catch_outside_FFA_Waters",0
1998,"Non-PNA Member","Mathew and Hunter","Fleet_catch_outside_FFA_Waters",0
1999,"Non-PNA Member","Mathew and Hunter","Fleet_catch_outside_FFA_Waters",0
2000,"Non-PNA Member","Mathew and Hunter","Fleet_catch_outside_FFA_Waters",0
2001,"Non-PNA Member","Mathew and Hunter","Fleet_catch_outside_FFA_Waters",0
2002,"Non-PNA Member","Mathew and Hunter","Fleet_catch_outside_FFA_Waters",0
2003,"Non-PNA Member","Mathew and Hunter","Fleet_catch_outside_FFA_Waters",0
2004,"Non-PNA Member","Mathew and Hunter","Fleet_catch_outside_FFA_Waters",0
2005,"Non-PNA Member","Mathew and Hunter","Fleet_catch_outside_FFA_Waters",0
2006,"Non-PNA Member","Mathew and Hunter","Fleet_catch_outside_FFA_Waters",0
2007,"Non-PNA Member","Mathew and Hunter","Fleet_catch_outside_FFA_Waters",0
2008,"Non-PNA Member","Mathew and Hunter","Fleet_catch_outside_FFA_Waters",0
2009,"Non-PNA Member","Mathew and Hunter","Fleet_catch_outside_FFA_Waters",0
2010,"Non-PNA Member","Mathew and Hunter","Fleet_catch_outside_FFA_Waters",0
2011,"Non-PNA Member","Mathew and Hunter","Fleet_catch_outside_FFA_Waters",0
2012,"Non-PNA Member","Mathew and Hunter","Fleet_catch_outside_FFA_Waters",0
2013,"Non-PNA Member","Mathew and Hunter","Fleet_catch_outside_FFA_Waters",0
2014,"Non-PNA Member","Mathew and Hunter","Fleet_catch_outside_FFA_Waters",0
2015,"Non-PNA Member","Mathew and Hunter","Fleet_catch_outside_FFA_Waters",0
2016,"Non-PNA Member","Mathew and Hunter","Fleet_catch_outside_FFA_Waters",0
2017,"Non-PNA Member","Mathew and Hunter","Fleet_catch_outside_FFA_Waters",0
2018,"Non-PNA Member","Mathew and Hunter","Fleet_catch_outside_FFA_Waters",0
2019,"Non-PNA Member","Mathew and Hunter","Fleet_catch_outside_FFA_Waters",0
2020,"Non-PNA Member","Mathew and Hunter","Fleet_catch_outside_FFA_Waters",0
2021,"Non-PNA Member","Mathew and Hunter","Fleet_catch_outside_FFA_Waters",0
2022,"Non-PNA Member","Mathew and Hunter","Fleet_catch_outside_FFA_Waters",0
2023,"Non-PNA Member","Mathew and Hunter","Fleet_catch_outside_FFA_Waters",0
1997,"PNA Member","Nauru","Fleet_catch_outside_FFA_Waters",0
1998,"PNA Member","Nauru","Fleet_catch_outside_FFA_Waters",0
1999,"PNA Member","Nauru","Fleet_catch_outside_FFA_Waters",0
2000,"PNA Member","Nauru","Fleet_catch_outside_FFA_Waters",0
2001,"PNA Member","Nauru","Fleet_catch_outside_FFA_Waters",0
2002,"PNA Member","Nauru","Fleet_catch_outside_FFA_Waters",0
2003,"PNA Member","Nauru","Fleet_catch_outside_FFA_Waters",0
2004,"PNA Member","Nauru","Fleet_catch_outside_FFA_Waters",0
2005,"PNA Member","Nauru","Fleet_catch_outside_FFA_Waters",0
2006,"PNA Member","Nauru","Fleet_catch_outside_FFA_Waters",0
2007,"PNA Member","Nauru","Fleet_catch_outside_FFA_Waters",0
2008,"PNA Member","Nauru","Fleet_catch_outside_FFA_Waters",0
2009,"PNA Member","Nauru","Fleet_catch_outside_FFA_Waters",0
2010,"PNA Member","Nauru","Fleet_catch_outside_FFA_Waters",0
2011,"PNA Member","Nauru","Fleet_catch_outside_FFA_Waters",0
2012,"PNA Member","Nauru","Fleet_catch_outside_FFA_Waters",0
2013,"PNA Member","Nauru","Fleet_catch_outside_FFA_Waters",0
2014,"PNA Member","Nauru","Fleet_catch_outside_FFA_Waters",0
2015,"PNA Member","Nauru","Fleet_catch_outside_FFA_Waters",0
2016,"PNA Member","Nauru","Fleet_catch_outside_FFA_Waters",0
2017,"PNA Member","Nauru","Fleet_catch_outside_FFA_Waters",0
2018,"PNA Member","Nauru","Fleet_catch_outside_FFA_Waters",5994
2019,"PNA Member","Nauru","Fleet_catch_outside_FFA_Waters",11502
2020,"PNA Member","Nauru","Fleet_catch_outside_FFA_Waters",15713
2021,"PNA Member","Nauru","Fleet_catch_outside_FFA_Waters",3712
2022,"PNA Member","Nauru","Fleet_catch_outside_FFA_Waters",3155
2023,"PNA Member","Nauru","Fleet_catch_outside_FFA_Waters",21800
1997,"Non-PNA Member","New Caledonia","Fleet_catch_outside_FFA_Waters",976
1998,"Non-PNA Member","New Caledonia","Fleet_catch_outside_FFA_Waters",1543
1999,"Non-PNA Member","New Caledonia","Fleet_catch_outside_FFA_Waters",1615
2000,"Non-PNA Member","New Caledonia","Fleet_catch_outside_FFA_Waters",1662
2001,"Non-PNA Member","New Caledonia","Fleet_catch_outside_FFA_Waters",1718
2002,"Non-PNA Member","New Caledonia","Fleet_catch_outside_FFA_Waters",1926
2003,"Non-PNA Member","New Caledonia","Fleet_catch_outside_FFA_Waters",2005
2004,"Non-PNA Member","New Caledonia","Fleet_catch_outside_FFA_Waters",2189
2005,"Non-PNA Member","New Caledonia","Fleet_catch_outside_FFA_Waters",2114
2006,"Non-PNA Member","New Caledonia","Fleet_catch_outside_FFA_Waters",1807
2007,"Non-PNA Member","New Caledonia","Fleet_catch_outside_FFA_Waters",1770
2008,"Non-PNA Member","New Caledonia","Fleet_catch_outside_FFA_Waters",1993
2009,"Non-PNA Member","New Caledonia","Fleet_catch_outside_FFA_Waters",2187
2010,"Non-PNA Member","New Caledonia","Fleet_catch_outside_FFA_Waters",2488
2011,"Non-PNA Member","New Caledonia","Fleet_catch_outside_FFA_Waters",2362
2012,"Non-PNA Member","New Caledonia","Fleet_catch_outside_FFA_Waters",2337
2013,"Non-PNA Member","New Caledonia","Fleet_catch_outside_FFA_Waters",2313
2014,"Non-PNA Member","New Caledonia","Fleet_catch_outside_FFA_Waters",2429
2015,"Non-PNA Member","New Caledonia","Fleet_catch_outside_FFA_Waters",2504
2016,"Non-PNA Member","New Caledonia","Fleet_catch_outside_FFA_Waters",2361
2017,"Non-PNA Member","New Caledonia","Fleet_catch_outside_FFA_Waters",2382
2018,"Non-PNA Member","New Caledonia","Fleet_catch_outside_FFA_Waters",2280
2019,"Non-PNA Member","New Caledonia","Fleet_catch_outside_FFA_Waters",2750
2020,"Non-PNA Member","New Caledonia","Fleet_catch_outside_FFA_Waters",2468
2021,"Non-PNA Member","New Caledonia","Fleet_catch_outside_FFA_Waters",2469
2022,"Non-PNA Member","New Caledonia","Fleet_catch_outside_FFA_Waters",2905
2023,"Non-PNA Member","New Caledonia","Fleet_catch_outside_FFA_Waters",2521
1997,"Non-PNA Member","New Zealand","Fleet_catch_outside_FFA_Waters",0
1998,"Non-PNA Member","New Zealand","Fleet_catch_outside_FFA_Waters",9
1999,"Non-PNA Member","New Zealand","Fleet_catch_outside_FFA_Waters",3
2000,"Non-PNA Member","New Zealand","Fleet_catch_outside_FFA_Waters",1479
2001,"Non-PNA Member","New Zealand","Fleet_catch_outside_FFA_Waters",355
2002,"Non-PNA Member","New Zealand","Fleet_catch_outside_FFA_Waters",6522
2003,"Non-PNA Member","New Zealand","Fleet_catch_outside_FFA_Waters",7904
2004,"Non-PNA Member","New Zealand","Fleet_catch_outside_FFA_Waters",3150
2005,"Non-PNA Member","New Zealand","Fleet_catch_outside_FFA_Waters",2189
2006,"Non-PNA Member","New Zealand","Fleet_catch_outside_FFA_Waters",8044
2007,"Non-PNA Member","New Zealand","Fleet_catch_outside_FFA_Waters",7878
2008,"Non-PNA Member","New Zealand","Fleet_catch_outside_FFA_Waters",5943
2009,"Non-PNA Member","New Zealand","Fleet_catch_outside_FFA_Waters",7599
2010,"Non-PNA Member","New Zealand","Fleet_catch_outside_FFA_Waters",1018
2011,"Non-PNA Member","New Zealand","Fleet_catch_outside_FFA_Waters",1058
2012,"Non-PNA Member","New Zealand","Fleet_catch_outside_FFA_Waters",1697
2013,"Non-PNA Member","New Zealand","Fleet_catch_outside_FFA_Waters",26
2014,"Non-PNA Member","New Zealand","Fleet_catch_outside_FFA_Waters",641
2015,"Non-PNA Member","New Zealand","Fleet_catch_outside_FFA_Waters",6122
2016,"Non-PNA Member","New Zealand","Fleet_catch_outside_FFA_Waters",3734
2017,"Non-PNA Member","New Zealand","Fleet_catch_outside_FFA_Waters",3935
2018,"Non-PNA Member","New Zealand","Fleet_catch_outside_FFA_Waters",3120
2019,"Non-PNA Member","New Zealand","Fleet_catch_outside_FFA_Waters",4456
2020,"Non-PNA Member","New Zealand","Fleet_catch_outside_FFA_Waters",1097
2021,"Non-PNA Member","New Zealand","Fleet_catch_outside_FFA_Waters",0
2022,"Non-PNA Member","New Zealand","Fleet_catch_outside_FFA_Waters",0
2023,"Non-PNA Member","New Zealand","Fleet_catch_outside_FFA_Waters",0
1997,"Non-PNA Member","Niue","Fleet_catch_outside_FFA_Waters",0
1998,"Non-PNA Member","Niue","Fleet_catch_outside_FFA_Waters",0
1999,"Non-PNA Member","Niue","Fleet_catch_outside_FFA_Waters",0
2000,"Non-PNA Member","Niue","Fleet_catch_outside_FFA_Waters",0
2001,"Non-PNA Member","Niue","Fleet_catch_outside_FFA_Waters",0
2002,"Non-PNA Member","Niue","Fleet_catch_outside_FFA_Waters",0
2003,"Non-PNA Member","Niue","Fleet_catch_outside_FFA_Waters",0
2004,"Non-PNA Member","Niue","Fleet_catch_outside_FFA_Waters",0
2005,"Non-PNA Member","Niue","Fleet_catch_outside_FFA_Waters",0
2006,"Non-PNA Member","Niue","Fleet_catch_outside_FFA_Waters",1
2007,"Non-PNA Member","Niue","Fleet_catch_outside_FFA_Waters",0
2008,"Non-PNA Member","Niue","Fleet_catch_outside_FFA_Waters",0
2009,"Non-PNA Member","Niue","Fleet_catch_outside_FFA_Waters",0
2010,"Non-PNA Member","Niue","Fleet_catch_outside_FFA_Waters",0
2011,"Non-PNA Member","Niue","Fleet_catch_outside_FFA_Waters",0
2012,"Non-PNA Member","Niue","Fleet_catch_outside_FFA_Waters",0
2013,"Non-PNA Member","Niue","Fleet_catch_outside_FFA_Waters",0
2014,"Non-PNA Member","Niue","Fleet_catch_outside_FFA_Waters",0
2015,"Non-PNA Member","Niue","Fleet_catch_outside_FFA_Waters",0
2016,"Non-PNA Member","Niue","Fleet_catch_outside_FFA_Waters",0
2017,"Non-PNA Member","Niue","Fleet_catch_outside_FFA_Waters",0
2018,"Non-PNA Member","Niue","Fleet_catch_outside_FFA_Waters",0
2019,"Non-PNA Member","Niue","Fleet_catch_outside_FFA_Waters",0
2020,"Non-PNA Member","Niue","Fleet_catch_outside_FFA_Waters",0
2021,"Non-PNA Member","Niue","Fleet_catch_outside_FFA_Waters",0
2022,"Non-PNA Member","Niue","Fleet_catch_outside_FFA_Waters",0
2023,"Non-PNA Member","Niue","Fleet_catch_outside_FFA_Waters",0
1997,"Non-PNA Member","Northern Mariana Islands","Fleet_catch_outside_FFA_Waters",0
1998,"Non-PNA Member","Northern Mariana Islands","Fleet_catch_outside_FFA_Waters",0
1999,"Non-PNA Member","Northern Mariana Islands","Fleet_catch_outside_FFA_Waters",0
2000,"Non-PNA Member","Northern Mariana Islands","Fleet_catch_outside_FFA_Waters",0
2001,"Non-PNA Member","Northern Mariana Islands","Fleet_catch_outside_FFA_Waters",0
2002,"Non-PNA Member","Northern Mariana Islands","Fleet_catch_outside_FFA_Waters",0
2003,"Non-PNA Member","Northern Mariana Islands","Fleet_catch_outside_FFA_Waters",0
2004,"Non-PNA Member","Northern Mariana Islands","Fleet_catch_outside_FFA_Waters",0
2005,"Non-PNA Member","Northern Mariana Islands","Fleet_catch_outside_FFA_Waters",0
2006,"Non-PNA Member","Northern Mariana Islands","Fleet_catch_outside_FFA_Waters",0
2007,"Non-PNA Member","Northern Mariana Islands","Fleet_catch_outside_FFA_Waters",0
2008,"Non-PNA Member","Northern Mariana Islands","Fleet_catch_outside_FFA_Waters",0
2009,"Non-PNA Member","Northern Mariana Islands","Fleet_catch_outside_FFA_Waters",0
2010,"Non-PNA Member","Northern Mariana Islands","Fleet_catch_outside_FFA_Waters",0
2011,"Non-PNA Member","Northern Mariana Islands","Fleet_catch_outside_FFA_Waters",0
2012,"Non-PNA Member","Northern Mariana Islands","Fleet_catch_outside_FFA_Waters",0
2013,"Non-PNA Member","Northern Mariana Islands","Fleet_catch_outside_FFA_Waters",0
2014,"Non-PNA Member","Northern Mariana Islands","Fleet_catch_outside_FFA_Waters",0
2015,"Non-PNA Member","Northern Mariana Islands","Fleet_catch_outside_FFA_Waters",0
2016,"Non-PNA Member","Northern Mariana Islands","Fleet_catch_outside_FFA_Waters",0
2017,"Non-PNA Member","Northern Mariana Islands","Fleet_catch_outside_FFA_Waters",0
2018,"Non-PNA Member","Northern Mariana Islands","Fleet_catch_outside_FFA_Waters",0
2019,"Non-PNA Member","Northern Mariana Islands","Fleet_catch_outside_FFA_Waters",0
2020,"Non-PNA Member","Northern Mariana Islands","Fleet_catch_outside_FFA_Waters",0
2021,"Non-PNA Member","Northern Mariana Islands","Fleet_catch_outside_FFA_Waters",0
2022,"Non-PNA Member","Northern Mariana Islands","Fleet_catch_outside_FFA_Waters",0
2023,"Non-PNA Member","Northern Mariana Islands","Fleet_catch_outside_FFA_Waters",0
1997,"PNA Member","Palau","Fleet_catch_outside_FFA_Waters",0
1998,"PNA Member","Palau","Fleet_catch_outside_FFA_Waters",0
1999,"PNA Member","Palau","Fleet_catch_outside_FFA_Waters",0
2000,"PNA Member","Palau","Fleet_catch_outside_FFA_Waters",24
2001,"PNA Member","Palau","Fleet_catch_outside_FFA_Waters",0
2002,"PNA Member","Palau","Fleet_catch_outside_FFA_Waters",0
2003,"PNA Member","Palau","Fleet_catch_outside_FFA_Waters",0
2004,"PNA Member","Palau","Fleet_catch_outside_FFA_Waters",0
2005,"PNA Member","Palau","Fleet_catch_outside_FFA_Waters",0
2006,"PNA Member","Palau","Fleet_catch_outside_FFA_Waters",0
2007,"PNA Member","Palau","Fleet_catch_outside_FFA_Waters",0
2008,"PNA Member","Palau","Fleet_catch_outside_FFA_Waters",0
2009,"PNA Member","Palau","Fleet_catch_outside_FFA_Waters",0
2010,"PNA Member","Palau","Fleet_catch_outside_FFA_Waters",0
2011,"PNA Member","Palau","Fleet_catch_outside_FFA_Waters",0
2012,"PNA Member","Palau","Fleet_catch_outside_FFA_Waters",0
2013,"PNA Member","Palau","Fleet_catch_outside_FFA_Waters",0
2014,"PNA Member","Palau","Fleet_catch_outside_FFA_Waters",0
2015,"PNA Member","Palau","Fleet_catch_outside_FFA_Waters",0
2016,"PNA Member","Palau","Fleet_catch_outside_FFA_Waters",0
2017,"PNA Member","Palau","Fleet_catch_outside_FFA_Waters",210
2018,"PNA Member","Palau","Fleet_catch_outside_FFA_Waters",259
2019,"PNA Member","Palau","Fleet_catch_outside_FFA_Waters",173
2020,"PNA Member","Palau","Fleet_catch_outside_FFA_Waters",0
2021,"PNA Member","Palau","Fleet_catch_outside_FFA_Waters",0
2022,"PNA Member","Palau","Fleet_catch_outside_FFA_Waters",0
2023,"PNA Member","Palau","Fleet_catch_outside_FFA_Waters",0
1997,"Non-PNA Member","Philippines","Fleet_catch_outside_FFA_Waters",175803
1998,"Non-PNA Member","Philippines","Fleet_catch_outside_FFA_Waters",192574
1999,"Non-PNA Member","Philippines","Fleet_catch_outside_FFA_Waters",194953
2000,"Non-PNA Member","Philippines","Fleet_catch_outside_FFA_Waters",199003
2001,"Non-PNA Member","Philippines","Fleet_catch_outside_FFA_Waters",185104
2002,"Non-PNA Member","Philippines","Fleet_catch_outside_FFA_Waters",205876
2003,"Non-PNA Member","Philippines","Fleet_catch_outside_FFA_Waters",264221
2004,"Non-PNA Member","Philippines","Fleet_catch_outside_FFA_Waters",273314
2005,"Non-PNA Member","Philippines","Fleet_catch_outside_FFA_Waters",276254
2006,"Non-PNA Member","Philippines","Fleet_catch_outside_FFA_Waters",302985
2007,"Non-PNA Member","Philippines","Fleet_catch_outside_FFA_Waters",346990
2008,"Non-PNA Member","Philippines","Fleet_catch_outside_FFA_Waters",371323
2009,"Non-PNA Member","Philippines","Fleet_catch_outside_FFA_Waters",266721
2010,"Non-PNA Member","Philippines","Fleet_catch_outside_FFA_Waters",212266
2011,"Non-PNA Member","Philippines","Fleet_catch_outside_FFA_Waters",113191
2012,"Non-PNA Member","Philippines","Fleet_catch_outside_FFA_Waters",123248
2013,"Non-PNA Member","Philippines","Fleet_catch_outside_FFA_Waters",144557
2014,"Non-PNA Member","Philippines","Fleet_catch_outside_FFA_Waters",180210
2015,"Non-PNA Member","Philippines","Fleet_catch_outside_FFA_Waters",172746
2016,"Non-PNA Member","Philippines","Fleet_catch_outside_FFA_Waters",143409
2017,"Non-PNA Member","Philippines","Fleet_catch_outside_FFA_Waters",169946
2018,"Non-PNA Member","Philippines","Fleet_catch_outside_FFA_Waters",144887
2019,"Non-PNA Member","Philippines","Fleet_catch_outside_FFA_Waters",154028
2020,"Non-PNA Member","Philippines","Fleet_catch_outside_FFA_Waters",187199
2021,"Non-PNA Member","Philippines","Fleet_catch_outside_FFA_Waters",177193
2022,"Non-PNA Member","Philippines","Fleet_catch_outside_FFA_Waters",147710
2023,"Non-PNA Member","Philippines","Fleet_catch_outside_FFA_Waters",159448
1997,"PNA Member","PNG","Fleet_catch_outside_FFA_Waters",1490
1998,"PNA Member","PNG","Fleet_catch_outside_FFA_Waters",3615
1999,"PNA Member","PNG","Fleet_catch_outside_FFA_Waters",6015
2000,"PNA Member","PNG","Fleet_catch_outside_FFA_Waters",8293
2001,"PNA Member","PNG","Fleet_catch_outside_FFA_Waters",11009
2002,"PNA Member","PNG","Fleet_catch_outside_FFA_Waters",15389
2003,"PNA Member","PNG","Fleet_catch_outside_FFA_Waters",17739
2004,"PNA Member","PNG","Fleet_catch_outside_FFA_Waters",32644
2005,"PNA Member","PNG","Fleet_catch_outside_FFA_Waters",32804
2006,"PNA Member","PNG","Fleet_catch_outside_FFA_Waters",11685
2007,"PNA Member","PNG","Fleet_catch_outside_FFA_Waters",31052
2008,"PNA Member","PNG","Fleet_catch_outside_FFA_Waters",18936
2009,"PNA Member","PNG","Fleet_catch_outside_FFA_Waters",22172
2010,"PNA Member","PNG","Fleet_catch_outside_FFA_Waters",744
2011,"PNA Member","PNG","Fleet_catch_outside_FFA_Waters",231
2012,"PNA Member","PNG","Fleet_catch_outside_FFA_Waters",105
2013,"PNA Member","PNG","Fleet_catch_outside_FFA_Waters",0
2014,"PNA Member","PNG","Fleet_catch_outside_FFA_Waters",1706
2015,"PNA Member","PNG","Fleet_catch_outside_FFA_Waters",40730
2016,"PNA Member","PNG","Fleet_catch_outside_FFA_Waters",2040
2017,"PNA Member","PNG","Fleet_catch_outside_FFA_Waters",348
2018,"PNA Member","PNG","Fleet_catch_outside_FFA_Waters",0
2019,"PNA Member","PNG","Fleet_catch_outside_FFA_Waters",475
2020,"PNA Member","PNG","Fleet_catch_outside_FFA_Waters",0
2021,"PNA Member","PNG","Fleet_catch_outside_FFA_Waters",45
2022,"PNA Member","PNG","Fleet_catch_outside_FFA_Waters",0
2023,"PNA Member","PNG","Fleet_catch_outside_FFA_Waters",421
1997,"Non-PNA Member","Portugal","Fleet_catch_outside_FFA_Waters",0
1998,"Non-PNA Member","Portugal","Fleet_catch_outside_FFA_Waters",0
1999,"Non-PNA Member","Portugal","Fleet_catch_outside_FFA_Waters",0
2000,"Non-PNA Member","Portugal","Fleet_catch_outside_FFA_Waters",0
2001,"Non-PNA Member","Portugal","Fleet_catch_outside_FFA_Waters",0
2002,"Non-PNA Member","Portugal","Fleet_catch_outside_FFA_Waters",0
2003,"Non-PNA Member","Portugal","Fleet_catch_outside_FFA_Waters",0
2004,"Non-PNA Member","Portugal","Fleet_catch_outside_FFA_Waters",0
2005,"Non-PNA Member","Portugal","Fleet_catch_outside_FFA_Waters",0
2006,"Non-PNA Member","Portugal","Fleet_catch_outside_FFA_Waters",0
2007,"Non-PNA Member","Portugal","Fleet_catch_outside_FFA_Waters",0
2008,"Non-PNA Member","Portugal","Fleet_catch_outside_FFA_Waters",0
2009,"Non-PNA Member","Portugal","Fleet_catch_outside_FFA_Waters",0
2010,"Non-PNA Member","Portugal","Fleet_catch_outside_FFA_Waters",0
2011,"Non-PNA Member","Portugal","Fleet_catch_outside_FFA_Waters",7
2012,"Non-PNA Member","Portugal","Fleet_catch_outside_FFA_Waters",18
2013,"Non-PNA Member","Portugal","Fleet_catch_outside_FFA_Waters",175
2014,"Non-PNA Member","Portugal","Fleet_catch_outside_FFA_Waters",94
2015,"Non-PNA Member","Portugal","Fleet_catch_outside_FFA_Waters",21
2016,"Non-PNA Member","Portugal","Fleet_catch_outside_FFA_Waters",16
2017,"Non-PNA Member","Portugal","Fleet_catch_outside_FFA_Waters",0
2018,"Non-PNA Member","Portugal","Fleet_catch_outside_FFA_Waters",0
2019,"Non-PNA Member","Portugal","Fleet_catch_outside_FFA_Waters",0
2020,"Non-PNA Member","Portugal","Fleet_catch_outside_FFA_Waters",0
2021,"Non-PNA Member","Portugal","Fleet_catch_outside_FFA_Waters",0
2022,"Non-PNA Member","Portugal","Fleet_catch_outside_FFA_Waters",0
2023,"Non-PNA Member","Portugal","Fleet_catch_outside_FFA_Waters",0
1997,"Non-PNA Member","Samoa","Fleet_catch_outside_FFA_Waters",0
1998,"Non-PNA Member","Samoa","Fleet_catch_outside_FFA_Waters",0
1999,"Non-PNA Member","Samoa","Fleet_catch_outside_FFA_Waters",0
2000,"Non-PNA Member","Samoa","Fleet_catch_outside_FFA_Waters",0
2001,"Non-PNA Member","Samoa","Fleet_catch_outside_FFA_Waters",0
2002,"Non-PNA Member","Samoa","Fleet_catch_outside_FFA_Waters",0
2003,"Non-PNA Member","Samoa","Fleet_catch_outside_FFA_Waters",0
2004,"Non-PNA Member","Samoa","Fleet_catch_outside_FFA_Waters",0
2005,"Non-PNA Member","Samoa","Fleet_catch_outside_FFA_Waters",0
2006,"Non-PNA Member","Samoa","Fleet_catch_outside_FFA_Waters",0
2007,"Non-PNA Member","Samoa","Fleet_catch_outside_FFA_Waters",0
2008,"Non-PNA Member","Samoa","Fleet_catch_outside_FFA_Waters",0
2009,"Non-PNA Member","Samoa","Fleet_catch_outside_FFA_Waters",0
2010,"Non-PNA Member","Samoa","Fleet_catch_outside_FFA_Waters",0
2011,"Non-PNA Member","Samoa","Fleet_catch_outside_FFA_Waters",0
2012,"Non-PNA Member","Samoa","Fleet_catch_outside_FFA_Waters",0
2013,"Non-PNA Member","Samoa","Fleet_catch_outside_FFA_Waters",0
2014,"Non-PNA Member","Samoa","Fleet_catch_outside_FFA_Waters",12
2015,"Non-PNA Member","Samoa","Fleet_catch_outside_FFA_Waters",0
2016,"Non-PNA Member","Samoa","Fleet_catch_outside_FFA_Waters",19
2017,"Non-PNA Member","Samoa","Fleet_catch_outside_FFA_Waters",80
2018,"Non-PNA Member","Samoa","Fleet_catch_outside_FFA_Waters",125
2019,"Non-PNA Member","Samoa","Fleet_catch_outside_FFA_Waters",25
2020,"Non-PNA Member","Samoa","Fleet_catch_outside_FFA_Waters",11
2021,"Non-PNA Member","Samoa","Fleet_catch_outside_FFA_Waters",0
2022,"Non-PNA Member","Samoa","Fleet_catch_outside_FFA_Waters",3
2023,"Non-PNA Member","Samoa","Fleet_catch_outside_FFA_Waters",96
1997,"Non-PNA Member","Senegal","Fleet_catch_outside_FFA_Waters",0
1998,"Non-PNA Member","Senegal","Fleet_catch_outside_FFA_Waters",0
1999,"Non-PNA Member","Senegal","Fleet_catch_outside_FFA_Waters",0
2000,"Non-PNA Member","Senegal","Fleet_catch_outside_FFA_Waters",0
2001,"Non-PNA Member","Senegal","Fleet_catch_outside_FFA_Waters",0
2002,"Non-PNA Member","Senegal","Fleet_catch_outside_FFA_Waters",0
2003,"Non-PNA Member","Senegal","Fleet_catch_outside_FFA_Waters",0
2004,"Non-PNA Member","Senegal","Fleet_catch_outside_FFA_Waters",0
2005,"Non-PNA Member","Senegal","Fleet_catch_outside_FFA_Waters",6
2006,"Non-PNA Member","Senegal","Fleet_catch_outside_FFA_Waters",15
2007,"Non-PNA Member","Senegal","Fleet_catch_outside_FFA_Waters",6
2008,"Non-PNA Member","Senegal","Fleet_catch_outside_FFA_Waters",0
2009,"Non-PNA Member","Senegal","Fleet_catch_outside_FFA_Waters",0
2010,"Non-PNA Member","Senegal","Fleet_catch_outside_FFA_Waters",0
2011,"Non-PNA Member","Senegal","Fleet_catch_outside_FFA_Waters",0
2012,"Non-PNA Member","Senegal","Fleet_catch_outside_FFA_Waters",0
2013,"Non-PNA Member","Senegal","Fleet_catch_outside_FFA_Waters",0
2014,"Non-PNA Member","Senegal","Fleet_catch_outside_FFA_Waters",0
2015,"Non-PNA Member","Senegal","Fleet_catch_outside_FFA_Waters",0
2016,"Non-PNA Member","Senegal","Fleet_catch_outside_FFA_Waters",0
2017,"Non-PNA Member","Senegal","Fleet_catch_outside_FFA_Waters",0
2018,"Non-PNA Member","Senegal","Fleet_catch_outside_FFA_Waters",0
2019,"Non-PNA Member","Senegal","Fleet_catch_outside_FFA_Waters",0
2020,"Non-PNA Member","Senegal","Fleet_catch_outside_FFA_Waters",0
2021,"Non-PNA Member","Senegal","Fleet_catch_outside_FFA_Waters",0
2022,"Non-PNA Member","Senegal","Fleet_catch_outside_FFA_Waters",0
2023,"Non-PNA Member","Senegal","Fleet_catch_outside_FFA_Waters",0
1997,"PNA Member","Solomon  Islands","Fleet_catch_outside_FFA_Waters",65
1998,"PNA Member","Solomon  Islands","Fleet_catch_outside_FFA_Waters",71
1999,"PNA Member","Solomon  Islands","Fleet_catch_outside_FFA_Waters",1272
2000,"PNA Member","Solomon  Islands","Fleet_catch_outside_FFA_Waters",1402
2001,"PNA Member","Solomon  Islands","Fleet_catch_outside_FFA_Waters",718
2002,"PNA Member","Solomon  Islands","Fleet_catch_outside_FFA_Waters",724
2003,"PNA Member","Solomon  Islands","Fleet_catch_outside_FFA_Waters",0
2004,"PNA Member","Solomon  Islands","Fleet_catch_outside_FFA_Waters",0
2005,"PNA Member","Solomon  Islands","Fleet_catch_outside_FFA_Waters",213
2006,"PNA Member","Solomon  Islands","Fleet_catch_outside_FFA_Waters",85
2007,"PNA Member","Solomon  Islands","Fleet_catch_outside_FFA_Waters",112
2008,"PNA Member","Solomon  Islands","Fleet_catch_outside_FFA_Waters",0
2009,"PNA Member","Solomon  Islands","Fleet_catch_outside_FFA_Waters",0
2010,"PNA Member","Solomon  Islands","Fleet_catch_outside_FFA_Waters",2342
2011,"PNA Member","Solomon  Islands","Fleet_catch_outside_FFA_Waters",208
2012,"PNA Member","Solomon  Islands","Fleet_catch_outside_FFA_Waters",0
2013,"PNA Member","Solomon  Islands","Fleet_catch_outside_FFA_Waters",0
2014,"PNA Member","Solomon  Islands","Fleet_catch_outside_FFA_Waters",2470
2015,"PNA Member","Solomon  Islands","Fleet_catch_outside_FFA_Waters",3605
2016,"PNA Member","Solomon  Islands","Fleet_catch_outside_FFA_Waters",2143
2017,"PNA Member","Solomon  Islands","Fleet_catch_outside_FFA_Waters",1704
2018,"PNA Member","Solomon  Islands","Fleet_catch_outside_FFA_Waters",2462
2019,"PNA Member","Solomon  Islands","Fleet_catch_outside_FFA_Waters",3535
2020,"PNA Member","Solomon  Islands","Fleet_catch_outside_FFA_Waters",1538
2021,"PNA Member","Solomon  Islands","Fleet_catch_outside_FFA_Waters",64
2022,"PNA Member","Solomon  Islands","Fleet_catch_outside_FFA_Waters",96
2023,"PNA Member","Solomon  Islands","Fleet_catch_outside_FFA_Waters",840
1997,"Non-PNA Member","Spain","Fleet_catch_outside_FFA_Waters",0
1998,"Non-PNA Member","Spain","Fleet_catch_outside_FFA_Waters",1624
1999,"Non-PNA Member","Spain","Fleet_catch_outside_FFA_Waters",8614
2000,"Non-PNA Member","Spain","Fleet_catch_outside_FFA_Waters",10805
2001,"Non-PNA Member","Spain","Fleet_catch_outside_FFA_Waters",2402
2002,"Non-PNA Member","Spain","Fleet_catch_outside_FFA_Waters",2288
2003,"Non-PNA Member","Spain","Fleet_catch_outside_FFA_Waters",4659
2004,"Non-PNA Member","Spain","Fleet_catch_outside_FFA_Waters",4108
2005,"Non-PNA Member","Spain","Fleet_catch_outside_FFA_Waters",3453
2006,"Non-PNA Member","Spain","Fleet_catch_outside_FFA_Waters",11826
2007,"Non-PNA Member","Spain","Fleet_catch_outside_FFA_Waters",13630
2008,"Non-PNA Member","Spain","Fleet_catch_outside_FFA_Waters",23389
2009,"Non-PNA Member","Spain","Fleet_catch_outside_FFA_Waters",14451
2010,"Non-PNA Member","Spain","Fleet_catch_outside_FFA_Waters",12266
2011,"Non-PNA Member","Spain","Fleet_catch_outside_FFA_Waters",16392
2012,"Non-PNA Member","Spain","Fleet_catch_outside_FFA_Waters",17917
2013,"Non-PNA Member","Spain","Fleet_catch_outside_FFA_Waters",21488
2014,"Non-PNA Member","Spain","Fleet_catch_outside_FFA_Waters",21220
2015,"Non-PNA Member","Spain","Fleet_catch_outside_FFA_Waters",19363
2016,"Non-PNA Member","Spain","Fleet_catch_outside_FFA_Waters",8782
2017,"Non-PNA Member","Spain","Fleet_catch_outside_FFA_Waters",10918
2018,"Non-PNA Member","Spain","Fleet_catch_outside_FFA_Waters",8040
2019,"Non-PNA Member","Spain","Fleet_catch_outside_FFA_Waters",7334
2020,"Non-PNA Member","Spain","Fleet_catch_outside_FFA_Waters",9483
2021,"Non-PNA Member","Spain","Fleet_catch_outside_FFA_Waters",13040
2022,"Non-PNA Member","Spain","Fleet_catch_outside_FFA_Waters",17227
2023,"Non-PNA Member","Spain","Fleet_catch_outside_FFA_Waters",21920
1997,"Non-PNA Member","Taiwan","Fleet_catch_outside_FFA_Waters",83593
1998,"Non-PNA Member","Taiwan","Fleet_catch_outside_FFA_Waters",124097
1999,"Non-PNA Member","Taiwan","Fleet_catch_outside_FFA_Waters",112216
2000,"Non-PNA Member","Taiwan","Fleet_catch_outside_FFA_Waters",80931
2001,"Non-PNA Member","Taiwan","Fleet_catch_outside_FFA_Waters",110326
2002,"Non-PNA Member","Taiwan","Fleet_catch_outside_FFA_Waters",111433
2003,"Non-PNA Member","Taiwan","Fleet_catch_outside_FFA_Waters",90240
2004,"Non-PNA Member","Taiwan","Fleet_catch_outside_FFA_Waters",102688
2005,"Non-PNA Member","Taiwan","Fleet_catch_outside_FFA_Waters",70951
2006,"Non-PNA Member","Taiwan","Fleet_catch_outside_FFA_Waters",65412
2007,"Non-PNA Member","Taiwan","Fleet_catch_outside_FFA_Waters",76734
2008,"Non-PNA Member","Taiwan","Fleet_catch_outside_FFA_Waters",69205
2009,"Non-PNA Member","Taiwan","Fleet_catch_outside_FFA_Waters",74906
2010,"Non-PNA Member","Taiwan","Fleet_catch_outside_FFA_Waters",53525
2011,"Non-PNA Member","Taiwan","Fleet_catch_outside_FFA_Waters",40879
2012,"Non-PNA Member","Taiwan","Fleet_catch_outside_FFA_Waters",31129
2013,"Non-PNA Member","Taiwan","Fleet_catch_outside_FFA_Waters",37361
2014,"Non-PNA Member","Taiwan","Fleet_catch_outside_FFA_Waters",32494
2015,"Non-PNA Member","Taiwan","Fleet_catch_outside_FFA_Waters",40168
2016,"Non-PNA Member","Taiwan","Fleet_catch_outside_FFA_Waters",40806
2017,"Non-PNA Member","Taiwan","Fleet_catch_outside_FFA_Waters",48909
2018,"Non-PNA Member","Taiwan","Fleet_catch_outside_FFA_Waters",41524
2019,"Non-PNA Member","Taiwan","Fleet_catch_outside_FFA_Waters",52893
2020,"Non-PNA Member","Taiwan","Fleet_catch_outside_FFA_Waters",40427
2021,"Non-PNA Member","Taiwan","Fleet_catch_outside_FFA_Waters",35597
2022,"Non-PNA Member","Taiwan","Fleet_catch_outside_FFA_Waters",44375
2023,"Non-PNA Member","Taiwan","Fleet_catch_outside_FFA_Waters",42780
1997,"PNA Member","Tokelau","Fleet_catch_outside_FFA_Waters",0
1998,"PNA Member","Tokelau","Fleet_catch_outside_FFA_Waters",0
1999,"PNA Member","Tokelau","Fleet_catch_outside_FFA_Waters",0
2000,"PNA Member","Tokelau","Fleet_catch_outside_FFA_Waters",0
2001,"PNA Member","Tokelau","Fleet_catch_outside_FFA_Waters",0
2002,"PNA Member","Tokelau","Fleet_catch_outside_FFA_Waters",0
2003,"PNA Member","Tokelau","Fleet_catch_outside_FFA_Waters",0
2004,"PNA Member","Tokelau","Fleet_catch_outside_FFA_Waters",0
2005,"PNA Member","Tokelau","Fleet_catch_outside_FFA_Waters",0
2006,"PNA Member","Tokelau","Fleet_catch_outside_FFA_Waters",0
2007,"PNA Member","Tokelau","Fleet_catch_outside_FFA_Waters",0
2008,"PNA Member","Tokelau","Fleet_catch_outside_FFA_Waters",0
2009,"PNA Member","Tokelau","Fleet_catch_outside_FFA_Waters",0
2010,"PNA Member","Tokelau","Fleet_catch_outside_FFA_Waters",0
2011,"PNA Member","Tokelau","Fleet_catch_outside_FFA_Waters",0
2012,"PNA Member","Tokelau","Fleet_catch_outside_FFA_Waters",0
2013,"PNA Member","Tokelau","Fleet_catch_outside_FFA_Waters",0
2014,"PNA Member","Tokelau","Fleet_catch_outside_FFA_Waters",0
2015,"PNA Member","Tokelau","Fleet_catch_outside_FFA_Waters",0
2016,"PNA Member","Tokelau","Fleet_catch_outside_FFA_Waters",0
2017,"PNA Member","Tokelau","Fleet_catch_outside_FFA_Waters",0
2018,"PNA Member","Tokelau","Fleet_catch_outside_FFA_Waters",0
2019,"PNA Member","Tokelau","Fleet_catch_outside_FFA_Waters",0
2020,"PNA Member","Tokelau","Fleet_catch_outside_FFA_Waters",0
2021,"PNA Member","Tokelau","Fleet_catch_outside_FFA_Waters",0
2022,"PNA Member","Tokelau","Fleet_catch_outside_FFA_Waters",0
2023,"PNA Member","Tokelau","Fleet_catch_outside_FFA_Waters",0
1997,"Non-PNA Member","Tonga","Fleet_catch_outside_FFA_Waters",0
1998,"Non-PNA Member","Tonga","Fleet_catch_outside_FFA_Waters",8
1999,"Non-PNA Member","Tonga","Fleet_catch_outside_FFA_Waters",41
2000,"Non-PNA Member","Tonga","Fleet_catch_outside_FFA_Waters",3
2001,"Non-PNA Member","Tonga","Fleet_catch_outside_FFA_Waters",205
2002,"Non-PNA Member","Tonga","Fleet_catch_outside_FFA_Waters",420
2003,"Non-PNA Member","Tonga","Fleet_catch_outside_FFA_Waters",319
2004,"Non-PNA Member","Tonga","Fleet_catch_outside_FFA_Waters",5
2005,"Non-PNA Member","Tonga","Fleet_catch_outside_FFA_Waters",31
2006,"Non-PNA Member","Tonga","Fleet_catch_outside_FFA_Waters",6
2007,"Non-PNA Member","Tonga","Fleet_catch_outside_FFA_Waters",39
2008,"Non-PNA Member","Tonga","Fleet_catch_outside_FFA_Waters",0
2009,"Non-PNA Member","Tonga","Fleet_catch_outside_FFA_Waters",0
2010,"Non-PNA Member","Tonga","Fleet_catch_outside_FFA_Waters",0
2011,"Non-PNA Member","Tonga","Fleet_catch_outside_FFA_Waters",0
2012,"Non-PNA Member","Tonga","Fleet_catch_outside_FFA_Waters",0
2013,"Non-PNA Member","Tonga","Fleet_catch_outside_FFA_Waters",0
2014,"Non-PNA Member","Tonga","Fleet_catch_outside_FFA_Waters",6
2015,"Non-PNA Member","Tonga","Fleet_catch_outside_FFA_Waters",0
2016,"Non-PNA Member","Tonga","Fleet_catch_outside_FFA_Waters",0
2017,"Non-PNA Member","Tonga","Fleet_catch_outside_FFA_Waters",3
2018,"Non-PNA Member","Tonga","Fleet_catch_outside_FFA_Waters",3
2019,"Non-PNA Member","Tonga","Fleet_catch_outside_FFA_Waters",0
2020,"Non-PNA Member","Tonga","Fleet_catch_outside_FFA_Waters",0
2021,"Non-PNA Member","Tonga","Fleet_catch_outside_FFA_Waters",0
2022,"Non-PNA Member","Tonga","Fleet_catch_outside_FFA_Waters",0
2023,"Non-PNA Member","Tonga","Fleet_catch_outside_FFA_Waters",3
1997,"PNA Member","Tuvalu","Fleet_catch_outside_FFA_Waters",0
1998,"PNA Member","Tuvalu","Fleet_catch_outside_FFA_Waters",0
1999,"PNA Member","Tuvalu","Fleet_catch_outside_FFA_Waters",0
2000,"PNA Member","Tuvalu","Fleet_catch_outside_FFA_Waters",0
2001,"PNA Member","Tuvalu","Fleet_catch_outside_FFA_Waters",0
2002,"PNA Member","Tuvalu","Fleet_catch_outside_FFA_Waters",0
2003,"PNA Member","Tuvalu","Fleet_catch_outside_FFA_Waters",0
2004,"PNA Member","Tuvalu","Fleet_catch_outside_FFA_Waters",0
2005,"PNA Member","Tuvalu","Fleet_catch_outside_FFA_Waters",0
2006,"PNA Member","Tuvalu","Fleet_catch_outside_FFA_Waters",0
2007,"PNA Member","Tuvalu","Fleet_catch_outside_FFA_Waters",0
2008,"PNA Member","Tuvalu","Fleet_catch_outside_FFA_Waters",0
2009,"PNA Member","Tuvalu","Fleet_catch_outside_FFA_Waters",1822
2010,"PNA Member","Tuvalu","Fleet_catch_outside_FFA_Waters",130
2011,"PNA Member","Tuvalu","Fleet_catch_outside_FFA_Waters",84
2012,"PNA Member","Tuvalu","Fleet_catch_outside_FFA_Waters",470
2013,"PNA Member","Tuvalu","Fleet_catch_outside_FFA_Waters",45
2014,"PNA Member","Tuvalu","Fleet_catch_outside_FFA_Waters",24
2015,"PNA Member","Tuvalu","Fleet_catch_outside_FFA_Waters",2322
2016,"PNA Member","Tuvalu","Fleet_catch_outside_FFA_Waters",4009
2017,"PNA Member","Tuvalu","Fleet_catch_outside_FFA_Waters",2440
2018,"PNA Member","Tuvalu","Fleet_catch_outside_FFA_Waters",3195
2019,"PNA Member","Tuvalu","Fleet_catch_outside_FFA_Waters",2988
2020,"PNA Member","Tuvalu","Fleet_catch_outside_FFA_Waters",5295
2021,"PNA Member","Tuvalu","Fleet_catch_outside_FFA_Waters",9861
2022,"PNA Member","Tuvalu","Fleet_catch_outside_FFA_Waters",1799
2023,"PNA Member","Tuvalu","Fleet_catch_outside_FFA_Waters",16197
1997,"Non-PNA Member","US","Fleet_catch_outside_FFA_Waters",0
1998,"Non-PNA Member","US","Fleet_catch_outside_FFA_Waters",0
1999,"Non-PNA Member","US","Fleet_catch_outside_FFA_Waters",0
2000,"Non-PNA Member","US","Fleet_catch_outside_FFA_Waters",0
2001,"Non-PNA Member","US","Fleet_catch_outside_FFA_Waters",0
2002,"Non-PNA Member","US","Fleet_catch_outside_FFA_Waters",0
2003,"Non-PNA Member","US","Fleet_catch_outside_FFA_Waters",0
2004,"Non-PNA Member","US","Fleet_catch_outside_FFA_Waters",0
2005,"Non-PNA Member","US","Fleet_catch_outside_FFA_Waters",0
2006,"Non-PNA Member","US","Fleet_catch_outside_FFA_Waters",0
2007,"Non-PNA Member","US","Fleet_catch_outside_FFA_Waters",0
2008,"Non-PNA Member","US","Fleet_catch_outside_FFA_Waters",0
2009,"Non-PNA Member","US","Fleet_catch_outside_FFA_Waters",0
2010,"Non-PNA Member","US","Fleet_catch_outside_FFA_Waters",0
2011,"Non-PNA Member","US","Fleet_catch_outside_FFA_Waters",0
2012,"Non-PNA Member","US","Fleet_catch_outside_FFA_Waters",0
2013,"Non-PNA Member","US","Fleet_catch_outside_FFA_Waters",0
2014,"Non-PNA Member","US","Fleet_catch_outside_FFA_Waters",0
2015,"Non-PNA Member","US","Fleet_catch_outside_FFA_Waters",0
2016,"Non-PNA Member","US","Fleet_catch_outside_FFA_Waters",0
2017,"Non-PNA Member","US","Fleet_catch_outside_FFA_Waters",0
2018,"Non-PNA Member","US","Fleet_catch_outside_FFA_Waters",0
2019,"Non-PNA Member","US","Fleet_catch_outside_FFA_Waters",0
2020,"Non-PNA Member","US","Fleet_catch_outside_FFA_Waters",0
2021,"Non-PNA Member","US","Fleet_catch_outside_FFA_Waters",0
2022,"Non-PNA Member","US","Fleet_catch_outside_FFA_Waters",0
2023,"Non-PNA Member","US","Fleet_catch_outside_FFA_Waters",0
1997,"Non-PNA Member","US (includes territories, ex Am Samoa)","Fleet_catch_outside_FFA_Waters",0
1998,"Non-PNA Member","US (includes territories, ex Am Samoa)","Fleet_catch_outside_FFA_Waters",0
1999,"Non-PNA Member","US (includes territories, ex Am Samoa)","Fleet_catch_outside_FFA_Waters",0
2000,"Non-PNA Member","US (includes territories, ex Am Samoa)","Fleet_catch_outside_FFA_Waters",0
2001,"Non-PNA Member","US (includes territories, ex Am Samoa)","Fleet_catch_outside_FFA_Waters",0
2002,"Non-PNA Member","US (includes territories, ex Am Samoa)","Fleet_catch_outside_FFA_Waters",0
2003,"Non-PNA Member","US (includes territories, ex Am Samoa)","Fleet_catch_outside_FFA_Waters",0
2004,"Non-PNA Member","US (includes territories, ex Am Samoa)","Fleet_catch_outside_FFA_Waters",0
2005,"Non-PNA Member","US (includes territories, ex Am Samoa)","Fleet_catch_outside_FFA_Waters",0
2006,"Non-PNA Member","US (includes territories, ex Am Samoa)","Fleet_catch_outside_FFA_Waters",0
2007,"Non-PNA Member","US (includes territories, ex Am Samoa)","Fleet_catch_outside_FFA_Waters",0
2008,"Non-PNA Member","US (includes territories, ex Am Samoa)","Fleet_catch_outside_FFA_Waters",0
2009,"Non-PNA Member","US (includes territories, ex Am Samoa)","Fleet_catch_outside_FFA_Waters",0
2010,"Non-PNA Member","US (includes territories, ex Am Samoa)","Fleet_catch_outside_FFA_Waters",0
2011,"Non-PNA Member","US (includes territories, ex Am Samoa)","Fleet_catch_outside_FFA_Waters",0
2012,"Non-PNA Member","US (includes territories, ex Am Samoa)","Fleet_catch_outside_FFA_Waters",0
2013,"Non-PNA Member","US (includes territories, ex Am Samoa)","Fleet_catch_outside_FFA_Waters",0
2014,"Non-PNA Member","US (includes territories, ex Am Samoa)","Fleet_catch_outside_FFA_Waters",0
2015,"Non-PNA Member","US (includes territories, ex Am Samoa)","Fleet_catch_outside_FFA_Waters",0
2016,"Non-PNA Member","US (includes territories, ex Am Samoa)","Fleet_catch_outside_FFA_Waters",0
2017,"Non-PNA Member","US (includes territories, ex Am Samoa)","Fleet_catch_outside_FFA_Waters",0
2018,"Non-PNA Member","US (includes territories, ex Am Samoa)","Fleet_catch_outside_FFA_Waters",0
2019,"Non-PNA Member","US (includes territories, ex Am Samoa)","Fleet_catch_outside_FFA_Waters",0
2020,"Non-PNA Member","US (includes territories, ex Am Samoa)","Fleet_catch_outside_FFA_Waters",0
2021,"Non-PNA Member","US (includes territories, ex Am Samoa)","Fleet_catch_outside_FFA_Waters",0
2022,"Non-PNA Member","US (includes territories, ex Am Samoa)","Fleet_catch_outside_FFA_Waters",0
2023,"Non-PNA Member","US (includes territories, ex Am Samoa)","Fleet_catch_outside_FFA_Waters",0
1997,"Non-PNA Member","US (includes territories, incl Am Samoa)","Fleet_catch_outside_FFA_Waters",0
1998,"Non-PNA Member","US (includes territories, incl Am Samoa)","Fleet_catch_outside_FFA_Waters",0
1999,"Non-PNA Member","US (includes territories, incl Am Samoa)","Fleet_catch_outside_FFA_Waters",0
2000,"Non-PNA Member","US (includes territories, incl Am Samoa)","Fleet_catch_outside_FFA_Waters",0
2001,"Non-PNA Member","US (includes territories, incl Am Samoa)","Fleet_catch_outside_FFA_Waters",0
2002,"Non-PNA Member","US (includes territories, incl Am Samoa)","Fleet_catch_outside_FFA_Waters",0
2003,"Non-PNA Member","US (includes territories, incl Am Samoa)","Fleet_catch_outside_FFA_Waters",0
2004,"Non-PNA Member","US (includes territories, incl Am Samoa)","Fleet_catch_outside_FFA_Waters",0
2005,"Non-PNA Member","US (includes territories, incl Am Samoa)","Fleet_catch_outside_FFA_Waters",0
2006,"Non-PNA Member","US (includes territories, incl Am Samoa)","Fleet_catch_outside_FFA_Waters",0
2007,"Non-PNA Member","US (includes territories, incl Am Samoa)","Fleet_catch_outside_FFA_Waters",0
2008,"Non-PNA Member","US (includes territories, incl Am Samoa)","Fleet_catch_outside_FFA_Waters",0
2009,"Non-PNA Member","US (includes territories, incl Am Samoa)","Fleet_catch_outside_FFA_Waters",0
2010,"Non-PNA Member","US (includes territories, incl Am Samoa)","Fleet_catch_outside_FFA_Waters",0
2011,"Non-PNA Member","US (includes territories, incl Am Samoa)","Fleet_catch_outside_FFA_Waters",0
2012,"Non-PNA Member","US (includes territories, incl Am Samoa)","Fleet_catch_outside_FFA_Waters",0
2013,"Non-PNA Member","US (includes territories, incl Am Samoa)","Fleet_catch_outside_FFA_Waters",0
2014,"Non-PNA Member","US (includes territories, incl Am Samoa)","Fleet_catch_outside_FFA_Waters",0
2015,"Non-PNA Member","US (includes territories, incl Am Samoa)","Fleet_catch_outside_FFA_Waters",0
2016,"Non-PNA Member","US (includes territories, incl Am Samoa)","Fleet_catch_outside_FFA_Waters",0
2017,"Non-PNA Member","US (includes territories, incl Am Samoa)","Fleet_catch_outside_FFA_Waters",0
2018,"Non-PNA Member","US (includes territories, incl Am Samoa)","Fleet_catch_outside_FFA_Waters",0
2019,"Non-PNA Member","US (includes territories, incl Am Samoa)","Fleet_catch_outside_FFA_Waters",0
2020,"Non-PNA Member","US (includes territories, incl Am Samoa)","Fleet_catch_outside_FFA_Waters",0
2021,"Non-PNA Member","US (includes territories, incl Am Samoa)","Fleet_catch_outside_FFA_Waters",0
2022,"Non-PNA Member","US (includes territories, incl Am Samoa)","Fleet_catch_outside_FFA_Waters",0
2023,"Non-PNA Member","US (includes territories, incl Am Samoa)","Fleet_catch_outside_FFA_Waters",0
1997,"Non-PNA Member","Vanuatu","Fleet_catch_outside_FFA_Waters",6212
1998,"Non-PNA Member","Vanuatu","Fleet_catch_outside_FFA_Waters",9310
1999,"Non-PNA Member","Vanuatu","Fleet_catch_outside_FFA_Waters",19522
2000,"Non-PNA Member","Vanuatu","Fleet_catch_outside_FFA_Waters",18573
2001,"Non-PNA Member","Vanuatu","Fleet_catch_outside_FFA_Waters",2229
2002,"Non-PNA Member","Vanuatu","Fleet_catch_outside_FFA_Waters",13211
2003,"Non-PNA Member","Vanuatu","Fleet_catch_outside_FFA_Waters",9769
2004,"Non-PNA Member","Vanuatu","Fleet_catch_outside_FFA_Waters",29957
2005,"Non-PNA Member","Vanuatu","Fleet_catch_outside_FFA_Waters",24953
2006,"Non-PNA Member","Vanuatu","Fleet_catch_outside_FFA_Waters",25819
2007,"Non-PNA Member","Vanuatu","Fleet_catch_outside_FFA_Waters",24034
2008,"Non-PNA Member","Vanuatu","Fleet_catch_outside_FFA_Waters",16486
2009,"Non-PNA Member","Vanuatu","Fleet_catch_outside_FFA_Waters",12364
2010,"Non-PNA Member","Vanuatu","Fleet_catch_outside_FFA_Waters",14394
2011,"Non-PNA Member","Vanuatu","Fleet_catch_outside_FFA_Waters",6703
2012,"Non-PNA Member","Vanuatu","Fleet_catch_outside_FFA_Waters",5765
2013,"Non-PNA Member","Vanuatu","Fleet_catch_outside_FFA_Waters",8941
2014,"Non-PNA Member","Vanuatu","Fleet_catch_outside_FFA_Waters",8254
2015,"Non-PNA Member","Vanuatu","Fleet_catch_outside_FFA_Waters",13723
2016,"Non-PNA Member","Vanuatu","Fleet_catch_outside_FFA_Waters",11596
2017,"Non-PNA Member","Vanuatu","Fleet_catch_outside_FFA_Waters",16098
2018,"Non-PNA Member","Vanuatu","Fleet_catch_outside_FFA_Waters",15033
2019,"Non-PNA Member","Vanuatu","Fleet_catch_outside_FFA_Waters",18849
2020,"Non-PNA Member","Vanuatu","Fleet_catch_outside_FFA_Waters",13403
2021,"Non-PNA Member","Vanuatu","Fleet_catch_outside_FFA_Waters",16125
2022,"Non-PNA Member","Vanuatu","Fleet_catch_outside_FFA_Waters",12456
2023,"Non-PNA Member","Vanuatu","Fleet_catch_outside_FFA_Waters",22720
1997,"Non-PNA Member","Vietnam","Fleet_catch_outside_FFA_Waters",0
1998,"Non-PNA Member","Vietnam","Fleet_catch_outside_FFA_Waters",0
1999,"Non-PNA Member","Vietnam","Fleet_catch_outside_FFA_Waters",0
2000,"Non-PNA Member","Vietnam","Fleet_catch_outside_FFA_Waters",33632
2001,"Non-PNA Member","Vietnam","Fleet_catch_outside_FFA_Waters",35400
2002,"Non-PNA Member","Vietnam","Fleet_catch_outside_FFA_Waters",37683
2003,"Non-PNA Member","Vietnam","Fleet_catch_outside_FFA_Waters",37458
2004,"Non-PNA Member","Vietnam","Fleet_catch_outside_FFA_Waters",50521
2005,"Non-PNA Member","Vietnam","Fleet_catch_outside_FFA_Waters",52409
2006,"Non-PNA Member","Vietnam","Fleet_catch_outside_FFA_Waters",52573
2007,"Non-PNA Member","Vietnam","Fleet_catch_outside_FFA_Waters",54210
2008,"Non-PNA Member","Vietnam","Fleet_catch_outside_FFA_Waters",49903
2009,"Non-PNA Member","Vietnam","Fleet_catch_outside_FFA_Waters",44241
2010,"Non-PNA Member","Vietnam","Fleet_catch_outside_FFA_Waters",41665
2011,"Non-PNA Member","Vietnam","Fleet_catch_outside_FFA_Waters",49584
2012,"Non-PNA Member","Vietnam","Fleet_catch_outside_FFA_Waters",65556
2013,"Non-PNA Member","Vietnam","Fleet_catch_outside_FFA_Waters",78631
2014,"Non-PNA Member","Vietnam","Fleet_catch_outside_FFA_Waters",80842
2015,"Non-PNA Member","Vietnam","Fleet_catch_outside_FFA_Waters",89063
2016,"Non-PNA Member","Vietnam","Fleet_catch_outside_FFA_Waters",123076
2017,"Non-PNA Member","Vietnam","Fleet_catch_outside_FFA_Waters",112626
2018,"Non-PNA Member","Vietnam","Fleet_catch_outside_FFA_Waters",120535
2019,"Non-PNA Member","Vietnam","Fleet_catch_outside_FFA_Waters",109315
2020,"Non-PNA Member","Vietnam","Fleet_catch_outside_FFA_Waters",95540
2021,"Non-PNA Member","Vietnam","Fleet_catch_outside_FFA_Waters",89589
2022,"Non-PNA Member","Vietnam","Fleet_catch_outside_FFA_Waters",99814
2023,"Non-PNA Member","Vietnam","Fleet_catch_outside_FFA_Waters",97145
1997,"Non-PNA Member","Wallis and Futuna","Fleet_catch_outside_FFA_Waters",0
1998,"Non-PNA Member","Wallis and Futuna","Fleet_catch_outside_FFA_Waters",0
1999,"Non-PNA Member","Wallis and Futuna","Fleet_catch_outside_FFA_Waters",0
2000,"Non-PNA Member","Wallis and Futuna","Fleet_catch_outside_FFA_Waters",0
2001,"Non-PNA Member","Wallis and Futuna","Fleet_catch_outside_FFA_Waters",0
2002,"Non-PNA Member","Wallis and Futuna","Fleet_catch_outside_FFA_Waters",0
2003,"Non-PNA Member","Wallis and Futuna","Fleet_catch_outside_FFA_Waters",0
2004,"Non-PNA Member","Wallis and Futuna","Fleet_catch_outside_FFA_Waters",0
2005,"Non-PNA Member","Wallis and Futuna","Fleet_catch_outside_FFA_Waters",0
2006,"Non-PNA Member","Wallis and Futuna","Fleet_catch_outside_FFA_Waters",0
2007,"Non-PNA Member","Wallis and Futuna","Fleet_catch_outside_FFA_Waters",0
2008,"Non-PNA Member","Wallis and Futuna","Fleet_catch_outside_FFA_Waters",0
2009,"Non-PNA Member","Wallis and Futuna","Fleet_catch_outside_FFA_Waters",0
2010,"Non-PNA Member","Wallis and Futuna","Fleet_catch_outside_FFA_Waters",0
2011,"Non-PNA Member","Wallis and Futuna","Fleet_catch_outside_FFA_Waters",13
2012,"Non-PNA Member","Wallis and Futuna","Fleet_catch_outside_FFA_Waters",0
2013,"Non-PNA Member","Wallis and Futuna","Fleet_catch_outside_FFA_Waters",9
2014,"Non-PNA Member","Wallis and Futuna","Fleet_catch_outside_FFA_Waters",7
2015,"Non-PNA Member","Wallis and Futuna","Fleet_catch_outside_FFA_Waters",6
2016,"Non-PNA Member","Wallis and Futuna","Fleet_catch_outside_FFA_Waters",7
2017,"Non-PNA Member","Wallis and Futuna","Fleet_catch_outside_FFA_Waters",5
2018,"Non-PNA Member","Wallis and Futuna","Fleet_catch_outside_FFA_Waters",11
2019,"Non-PNA Member","Wallis and Futuna","Fleet_catch_outside_FFA_Waters",19
2020,"Non-PNA Member","Wallis and Futuna","Fleet_catch_outside_FFA_Waters",13
2021,"Non-PNA Member","Wallis and Futuna","Fleet_catch_outside_FFA_Waters",13
2022,"Non-PNA Member","Wallis and Futuna","Fleet_catch_outside_FFA_Waters",4
2023,"Non-PNA Member","Wallis and Futuna","Fleet_catch_outside_FFA_Waters",4
1997,"Non-PNA Member","American Samoa","Fish_caught_in_NonFFA_Member_EEZ",361
1998,"Non-PNA Member","American Samoa","Fish_caught_in_NonFFA_Member_EEZ",377
1999,"Non-PNA Member","American Samoa","Fish_caught_in_NonFFA_Member_EEZ",480
2000,"Non-PNA Member","American Samoa","Fish_caught_in_NonFFA_Member_EEZ",872
2001,"Non-PNA Member","American Samoa","Fish_caught_in_NonFFA_Member_EEZ",3682
2002,"Non-PNA Member","American Samoa","Fish_caught_in_NonFFA_Member_EEZ",6256
2003,"Non-PNA Member","American Samoa","Fish_caught_in_NonFFA_Member_EEZ",3976
2004,"Non-PNA Member","American Samoa","Fish_caught_in_NonFFA_Member_EEZ",3061
2005,"Non-PNA Member","American Samoa","Fish_caught_in_NonFFA_Member_EEZ",3747
2006,"Non-PNA Member","American Samoa","Fish_caught_in_NonFFA_Member_EEZ",4988
2007,"Non-PNA Member","American Samoa","Fish_caught_in_NonFFA_Member_EEZ",5467
2008,"Non-PNA Member","American Samoa","Fish_caught_in_NonFFA_Member_EEZ",3551
2009,"Non-PNA Member","American Samoa","Fish_caught_in_NonFFA_Member_EEZ",4063
2010,"Non-PNA Member","American Samoa","Fish_caught_in_NonFFA_Member_EEZ",3647
2011,"Non-PNA Member","American Samoa","Fish_caught_in_NonFFA_Member_EEZ",3378
2012,"Non-PNA Member","American Samoa","Fish_caught_in_NonFFA_Member_EEZ",5396
2013,"Non-PNA Member","American Samoa","Fish_caught_in_NonFFA_Member_EEZ",3018
2014,"Non-PNA Member","American Samoa","Fish_caught_in_NonFFA_Member_EEZ",5254
2015,"Non-PNA Member","American Samoa","Fish_caught_in_NonFFA_Member_EEZ",2560
2016,"Non-PNA Member","American Samoa","Fish_caught_in_NonFFA_Member_EEZ",2611
2017,"Non-PNA Member","American Samoa","Fish_caught_in_NonFFA_Member_EEZ",2664
2018,"Non-PNA Member","American Samoa","Fish_caught_in_NonFFA_Member_EEZ",2499
2019,"Non-PNA Member","American Samoa","Fish_caught_in_NonFFA_Member_EEZ",1619
2020,"Non-PNA Member","American Samoa","Fish_caught_in_NonFFA_Member_EEZ",1540
2021,"Non-PNA Member","American Samoa","Fish_caught_in_NonFFA_Member_EEZ",1370
2022,"Non-PNA Member","American Samoa","Fish_caught_in_NonFFA_Member_EEZ",1959
2023,"Non-PNA Member","American Samoa","Fish_caught_in_NonFFA_Member_EEZ",1514
1997,"Non-PNA Member","Australia","Fish_caught_in_NonFFA_Member_EEZ",0
1998,"Non-PNA Member","Australia","Fish_caught_in_NonFFA_Member_EEZ",0
1999,"Non-PNA Member","Australia","Fish_caught_in_NonFFA_Member_EEZ",0
2000,"Non-PNA Member","Australia","Fish_caught_in_NonFFA_Member_EEZ",0
2001,"Non-PNA Member","Australia","Fish_caught_in_NonFFA_Member_EEZ",0
2002,"Non-PNA Member","Australia","Fish_caught_in_NonFFA_Member_EEZ",0
2003,"Non-PNA Member","Australia","Fish_caught_in_NonFFA_Member_EEZ",0
2004,"Non-PNA Member","Australia","Fish_caught_in_NonFFA_Member_EEZ",0
2005,"Non-PNA Member","Australia","Fish_caught_in_NonFFA_Member_EEZ",0
2006,"Non-PNA Member","Australia","Fish_caught_in_NonFFA_Member_EEZ",0
2007,"Non-PNA Member","Australia","Fish_caught_in_NonFFA_Member_EEZ",0
2008,"Non-PNA Member","Australia","Fish_caught_in_NonFFA_Member_EEZ",0
2009,"Non-PNA Member","Australia","Fish_caught_in_NonFFA_Member_EEZ",0
2010,"Non-PNA Member","Australia","Fish_caught_in_NonFFA_Member_EEZ",0
2011,"Non-PNA Member","Australia","Fish_caught_in_NonFFA_Member_EEZ",0
2012,"Non-PNA Member","Australia","Fish_caught_in_NonFFA_Member_EEZ",0
2013,"Non-PNA Member","Australia","Fish_caught_in_NonFFA_Member_EEZ",0
2014,"Non-PNA Member","Australia","Fish_caught_in_NonFFA_Member_EEZ",0
2015,"Non-PNA Member","Australia","Fish_caught_in_NonFFA_Member_EEZ",0
2016,"Non-PNA Member","Australia","Fish_caught_in_NonFFA_Member_EEZ",0
2017,"Non-PNA Member","Australia","Fish_caught_in_NonFFA_Member_EEZ",0
2018,"Non-PNA Member","Australia","Fish_caught_in_NonFFA_Member_EEZ",0
2019,"Non-PNA Member","Australia","Fish_caught_in_NonFFA_Member_EEZ",0
2020,"Non-PNA Member","Australia","Fish_caught_in_NonFFA_Member_EEZ",0
2021,"Non-PNA Member","Australia","Fish_caught_in_NonFFA_Member_EEZ",0
2022,"Non-PNA Member","Australia","Fish_caught_in_NonFFA_Member_EEZ",0
2023,"Non-PNA Member","Australia","Fish_caught_in_NonFFA_Member_EEZ",0
1997,"Non-PNA Member","Australia (includes Norfolk Island)","Fish_caught_in_NonFFA_Member_EEZ",0
1998,"Non-PNA Member","Australia (includes Norfolk Island)","Fish_caught_in_NonFFA_Member_EEZ",0
1999,"Non-PNA Member","Australia (includes Norfolk Island)","Fish_caught_in_NonFFA_Member_EEZ",0
2000,"Non-PNA Member","Australia (includes Norfolk Island)","Fish_caught_in_NonFFA_Member_EEZ",0
2001,"Non-PNA Member","Australia (includes Norfolk Island)","Fish_caught_in_NonFFA_Member_EEZ",0
2002,"Non-PNA Member","Australia (includes Norfolk Island)","Fish_caught_in_NonFFA_Member_EEZ",0
2003,"Non-PNA Member","Australia (includes Norfolk Island)","Fish_caught_in_NonFFA_Member_EEZ",0
2004,"Non-PNA Member","Australia (includes Norfolk Island)","Fish_caught_in_NonFFA_Member_EEZ",0
2005,"Non-PNA Member","Australia (includes Norfolk Island)","Fish_caught_in_NonFFA_Member_EEZ",0
2006,"Non-PNA Member","Australia (includes Norfolk Island)","Fish_caught_in_NonFFA_Member_EEZ",0
2007,"Non-PNA Member","Australia (includes Norfolk Island)","Fish_caught_in_NonFFA_Member_EEZ",0
2008,"Non-PNA Member","Australia (includes Norfolk Island)","Fish_caught_in_NonFFA_Member_EEZ",0
2009,"Non-PNA Member","Australia (includes Norfolk Island)","Fish_caught_in_NonFFA_Member_EEZ",0
2010,"Non-PNA Member","Australia (includes Norfolk Island)","Fish_caught_in_NonFFA_Member_EEZ",0
2011,"Non-PNA Member","Australia (includes Norfolk Island)","Fish_caught_in_NonFFA_Member_EEZ",0
2012,"Non-PNA Member","Australia (includes Norfolk Island)","Fish_caught_in_NonFFA_Member_EEZ",0
2013,"Non-PNA Member","Australia (includes Norfolk Island)","Fish_caught_in_NonFFA_Member_EEZ",0
2014,"Non-PNA Member","Australia (includes Norfolk Island)","Fish_caught_in_NonFFA_Member_EEZ",0
2015,"Non-PNA Member","Australia (includes Norfolk Island)","Fish_caught_in_NonFFA_Member_EEZ",0
2016,"Non-PNA Member","Australia (includes Norfolk Island)","Fish_caught_in_NonFFA_Member_EEZ",0
2017,"Non-PNA Member","Australia (includes Norfolk Island)","Fish_caught_in_NonFFA_Member_EEZ",0
2018,"Non-PNA Member","Australia (includes Norfolk Island)","Fish_caught_in_NonFFA_Member_EEZ",0
2019,"Non-PNA Member","Australia (includes Norfolk Island)","Fish_caught_in_NonFFA_Member_EEZ",0
2020,"Non-PNA Member","Australia (includes Norfolk Island)","Fish_caught_in_NonFFA_Member_EEZ",0
2021,"Non-PNA Member","Australia (includes Norfolk Island)","Fish_caught_in_NonFFA_Member_EEZ",0
2022,"Non-PNA Member","Australia (includes Norfolk Island)","Fish_caught_in_NonFFA_Member_EEZ",0
2023,"Non-PNA Member","Australia (includes Norfolk Island)","Fish_caught_in_NonFFA_Member_EEZ",0
1997,"Non-PNA Member","Belize","Fish_caught_in_NonFFA_Member_EEZ",0
1998,"Non-PNA Member","Belize","Fish_caught_in_NonFFA_Member_EEZ",0
1999,"Non-PNA Member","Belize","Fish_caught_in_NonFFA_Member_EEZ",0
2000,"Non-PNA Member","Belize","Fish_caught_in_NonFFA_Member_EEZ",0
2001,"Non-PNA Member","Belize","Fish_caught_in_NonFFA_Member_EEZ",0
2002,"Non-PNA Member","Belize","Fish_caught_in_NonFFA_Member_EEZ",0
2003,"Non-PNA Member","Belize","Fish_caught_in_NonFFA_Member_EEZ",0
2004,"Non-PNA Member","Belize","Fish_caught_in_NonFFA_Member_EEZ",0
2005,"Non-PNA Member","Belize","Fish_caught_in_NonFFA_Member_EEZ",0
2006,"Non-PNA Member","Belize","Fish_caught_in_NonFFA_Member_EEZ",0
2007,"Non-PNA Member","Belize","Fish_caught_in_NonFFA_Member_EEZ",0
2008,"Non-PNA Member","Belize","Fish_caught_in_NonFFA_Member_EEZ",0
2009,"Non-PNA Member","Belize","Fish_caught_in_NonFFA_Member_EEZ",0
2010,"Non-PNA Member","Belize","Fish_caught_in_NonFFA_Member_EEZ",0
2011,"Non-PNA Member","Belize","Fish_caught_in_NonFFA_Member_EEZ",0
2012,"Non-PNA Member","Belize","Fish_caught_in_NonFFA_Member_EEZ",0
2013,"Non-PNA Member","Belize","Fish_caught_in_NonFFA_Member_EEZ",0
2014,"Non-PNA Member","Belize","Fish_caught_in_NonFFA_Member_EEZ",0
2015,"Non-PNA Member","Belize","Fish_caught_in_NonFFA_Member_EEZ",0
2016,"Non-PNA Member","Belize","Fish_caught_in_NonFFA_Member_EEZ",0
2017,"Non-PNA Member","Belize","Fish_caught_in_NonFFA_Member_EEZ",0
2018,"Non-PNA Member","Belize","Fish_caught_in_NonFFA_Member_EEZ",0
2019,"Non-PNA Member","Belize","Fish_caught_in_NonFFA_Member_EEZ",0
2020,"Non-PNA Member","Belize","Fish_caught_in_NonFFA_Member_EEZ",0
2021,"Non-PNA Member","Belize","Fish_caught_in_NonFFA_Member_EEZ",0
2022,"Non-PNA Member","Belize","Fish_caught_in_NonFFA_Member_EEZ",0
2023,"Non-PNA Member","Belize","Fish_caught_in_NonFFA_Member_EEZ",0
1997,"Non-PNA Member","Canada","Fish_caught_in_NonFFA_Member_EEZ",0
1998,"Non-PNA Member","Canada","Fish_caught_in_NonFFA_Member_EEZ",0
1999,"Non-PNA Member","Canada","Fish_caught_in_NonFFA_Member_EEZ",0
2000,"Non-PNA Member","Canada","Fish_caught_in_NonFFA_Member_EEZ",0
2001,"Non-PNA Member","Canada","Fish_caught_in_NonFFA_Member_EEZ",0
2002,"Non-PNA Member","Canada","Fish_caught_in_NonFFA_Member_EEZ",0
2003,"Non-PNA Member","Canada","Fish_caught_in_NonFFA_Member_EEZ",0
2004,"Non-PNA Member","Canada","Fish_caught_in_NonFFA_Member_EEZ",0
2005,"Non-PNA Member","Canada","Fish_caught_in_NonFFA_Member_EEZ",0
2006,"Non-PNA Member","Canada","Fish_caught_in_NonFFA_Member_EEZ",0
2007,"Non-PNA Member","Canada","Fish_caught_in_NonFFA_Member_EEZ",0
2008,"Non-PNA Member","Canada","Fish_caught_in_NonFFA_Member_EEZ",0
2009,"Non-PNA Member","Canada","Fish_caught_in_NonFFA_Member_EEZ",0
2010,"Non-PNA Member","Canada","Fish_caught_in_NonFFA_Member_EEZ",0
2011,"Non-PNA Member","Canada","Fish_caught_in_NonFFA_Member_EEZ",0
2012,"Non-PNA Member","Canada","Fish_caught_in_NonFFA_Member_EEZ",0
2013,"Non-PNA Member","Canada","Fish_caught_in_NonFFA_Member_EEZ",0
2014,"Non-PNA Member","Canada","Fish_caught_in_NonFFA_Member_EEZ",0
2015,"Non-PNA Member","Canada","Fish_caught_in_NonFFA_Member_EEZ",0
2016,"Non-PNA Member","Canada","Fish_caught_in_NonFFA_Member_EEZ",0
2017,"Non-PNA Member","Canada","Fish_caught_in_NonFFA_Member_EEZ",0
2018,"Non-PNA Member","Canada","Fish_caught_in_NonFFA_Member_EEZ",0
2019,"Non-PNA Member","Canada","Fish_caught_in_NonFFA_Member_EEZ",0
2020,"Non-PNA Member","Canada","Fish_caught_in_NonFFA_Member_EEZ",0
2021,"Non-PNA Member","Canada","Fish_caught_in_NonFFA_Member_EEZ",0
2022,"Non-PNA Member","Canada","Fish_caught_in_NonFFA_Member_EEZ",0
2023,"Non-PNA Member","Canada","Fish_caught_in_NonFFA_Member_EEZ",0
1997,"Non-PNA Member","China","Fish_caught_in_NonFFA_Member_EEZ",25
1998,"Non-PNA Member","China","Fish_caught_in_NonFFA_Member_EEZ",5
1999,"Non-PNA Member","China","Fish_caught_in_NonFFA_Member_EEZ",0
2000,"Non-PNA Member","China","Fish_caught_in_NonFFA_Member_EEZ",9
2001,"Non-PNA Member","China","Fish_caught_in_NonFFA_Member_EEZ",9
2002,"Non-PNA Member","China","Fish_caught_in_NonFFA_Member_EEZ",8
2003,"Non-PNA Member","China","Fish_caught_in_NonFFA_Member_EEZ",1
2004,"Non-PNA Member","China","Fish_caught_in_NonFFA_Member_EEZ",20
2005,"Non-PNA Member","China","Fish_caught_in_NonFFA_Member_EEZ",5
2006,"Non-PNA Member","China","Fish_caught_in_NonFFA_Member_EEZ",8
2007,"Non-PNA Member","China","Fish_caught_in_NonFFA_Member_EEZ",12
2008,"Non-PNA Member","China","Fish_caught_in_NonFFA_Member_EEZ",0
2009,"Non-PNA Member","China","Fish_caught_in_NonFFA_Member_EEZ",1
2010,"Non-PNA Member","China","Fish_caught_in_NonFFA_Member_EEZ",0
2011,"Non-PNA Member","China","Fish_caught_in_NonFFA_Member_EEZ",1
2012,"Non-PNA Member","China","Fish_caught_in_NonFFA_Member_EEZ",0
2013,"Non-PNA Member","China","Fish_caught_in_NonFFA_Member_EEZ",1
2014,"Non-PNA Member","China","Fish_caught_in_NonFFA_Member_EEZ",0
2015,"Non-PNA Member","China","Fish_caught_in_NonFFA_Member_EEZ",5
2016,"Non-PNA Member","China","Fish_caught_in_NonFFA_Member_EEZ",3
2017,"Non-PNA Member","China","Fish_caught_in_NonFFA_Member_EEZ",4
2018,"Non-PNA Member","China","Fish_caught_in_NonFFA_Member_EEZ",2
2019,"Non-PNA Member","China","Fish_caught_in_NonFFA_Member_EEZ",0
2020,"Non-PNA Member","China","Fish_caught_in_NonFFA_Member_EEZ",0
2021,"Non-PNA Member","China","Fish_caught_in_NonFFA_Member_EEZ",0
2022,"Non-PNA Member","China","Fish_caught_in_NonFFA_Member_EEZ",0
2023,"Non-PNA Member","China","Fish_caught_in_NonFFA_Member_EEZ",0
1997,"Non-PNA Member","Cook Islands","Fish_caught_in_NonFFA_Member_EEZ",0
1998,"Non-PNA Member","Cook Islands","Fish_caught_in_NonFFA_Member_EEZ",0
1999,"Non-PNA Member","Cook Islands","Fish_caught_in_NonFFA_Member_EEZ",0
2000,"Non-PNA Member","Cook Islands","Fish_caught_in_NonFFA_Member_EEZ",0
2001,"Non-PNA Member","Cook Islands","Fish_caught_in_NonFFA_Member_EEZ",0
2002,"Non-PNA Member","Cook Islands","Fish_caught_in_NonFFA_Member_EEZ",0
2003,"Non-PNA Member","Cook Islands","Fish_caught_in_NonFFA_Member_EEZ",0
2004,"Non-PNA Member","Cook Islands","Fish_caught_in_NonFFA_Member_EEZ",0
2005,"Non-PNA Member","Cook Islands","Fish_caught_in_NonFFA_Member_EEZ",0
2006,"Non-PNA Member","Cook Islands","Fish_caught_in_NonFFA_Member_EEZ",0
2007,"Non-PNA Member","Cook Islands","Fish_caught_in_NonFFA_Member_EEZ",0
2008,"Non-PNA Member","Cook Islands","Fish_caught_in_NonFFA_Member_EEZ",0
2009,"Non-PNA Member","Cook Islands","Fish_caught_in_NonFFA_Member_EEZ",0
2010,"Non-PNA Member","Cook Islands","Fish_caught_in_NonFFA_Member_EEZ",0
2011,"Non-PNA Member","Cook Islands","Fish_caught_in_NonFFA_Member_EEZ",0
2012,"Non-PNA Member","Cook Islands","Fish_caught_in_NonFFA_Member_EEZ",0
2013,"Non-PNA Member","Cook Islands","Fish_caught_in_NonFFA_Member_EEZ",0
2014,"Non-PNA Member","Cook Islands","Fish_caught_in_NonFFA_Member_EEZ",0
2015,"Non-PNA Member","Cook Islands","Fish_caught_in_NonFFA_Member_EEZ",0
2016,"Non-PNA Member","Cook Islands","Fish_caught_in_NonFFA_Member_EEZ",0
2017,"Non-PNA Member","Cook Islands","Fish_caught_in_NonFFA_Member_EEZ",0
2018,"Non-PNA Member","Cook Islands","Fish_caught_in_NonFFA_Member_EEZ",0
2019,"Non-PNA Member","Cook Islands","Fish_caught_in_NonFFA_Member_EEZ",0
2020,"Non-PNA Member","Cook Islands","Fish_caught_in_NonFFA_Member_EEZ",0
2021,"Non-PNA Member","Cook Islands","Fish_caught_in_NonFFA_Member_EEZ",0
2022,"Non-PNA Member","Cook Islands","Fish_caught_in_NonFFA_Member_EEZ",0
2023,"Non-PNA Member","Cook Islands","Fish_caught_in_NonFFA_Member_EEZ",0
1997,"Non-PNA Member","Eastern Pacific fleet","Fish_caught_in_NonFFA_Member_EEZ",0
1998,"Non-PNA Member","Eastern Pacific fleet","Fish_caught_in_NonFFA_Member_EEZ",0
1999,"Non-PNA Member","Eastern Pacific fleet","Fish_caught_in_NonFFA_Member_EEZ",0
2000,"Non-PNA Member","Eastern Pacific fleet","Fish_caught_in_NonFFA_Member_EEZ",0
2001,"Non-PNA Member","Eastern Pacific fleet","Fish_caught_in_NonFFA_Member_EEZ",0
2002,"Non-PNA Member","Eastern Pacific fleet","Fish_caught_in_NonFFA_Member_EEZ",0
2003,"Non-PNA Member","Eastern Pacific fleet","Fish_caught_in_NonFFA_Member_EEZ",0
2004,"Non-PNA Member","Eastern Pacific fleet","Fish_caught_in_NonFFA_Member_EEZ",0
2005,"Non-PNA Member","Eastern Pacific fleet","Fish_caught_in_NonFFA_Member_EEZ",0
2006,"Non-PNA Member","Eastern Pacific fleet","Fish_caught_in_NonFFA_Member_EEZ",0
2007,"Non-PNA Member","Eastern Pacific fleet","Fish_caught_in_NonFFA_Member_EEZ",0
2008,"Non-PNA Member","Eastern Pacific fleet","Fish_caught_in_NonFFA_Member_EEZ",0
2009,"Non-PNA Member","Eastern Pacific fleet","Fish_caught_in_NonFFA_Member_EEZ",0
2010,"Non-PNA Member","Eastern Pacific fleet","Fish_caught_in_NonFFA_Member_EEZ",0
2011,"Non-PNA Member","Eastern Pacific fleet","Fish_caught_in_NonFFA_Member_EEZ",0
2012,"Non-PNA Member","Eastern Pacific fleet","Fish_caught_in_NonFFA_Member_EEZ",0
2013,"Non-PNA Member","Eastern Pacific fleet","Fish_caught_in_NonFFA_Member_EEZ",0
2014,"Non-PNA Member","Eastern Pacific fleet","Fish_caught_in_NonFFA_Member_EEZ",0
2015,"Non-PNA Member","Eastern Pacific fleet","Fish_caught_in_NonFFA_Member_EEZ",0
2016,"Non-PNA Member","Eastern Pacific fleet","Fish_caught_in_NonFFA_Member_EEZ",0
2017,"Non-PNA Member","Eastern Pacific fleet","Fish_caught_in_NonFFA_Member_EEZ",0
2018,"Non-PNA Member","Eastern Pacific fleet","Fish_caught_in_NonFFA_Member_EEZ",0
2019,"Non-PNA Member","Eastern Pacific fleet","Fish_caught_in_NonFFA_Member_EEZ",0
2020,"Non-PNA Member","Eastern Pacific fleet","Fish_caught_in_NonFFA_Member_EEZ",0
2021,"Non-PNA Member","Eastern Pacific fleet","Fish_caught_in_NonFFA_Member_EEZ",0
2022,"Non-PNA Member","Eastern Pacific fleet","Fish_caught_in_NonFFA_Member_EEZ",0
2023,"Non-PNA Member","Eastern Pacific fleet","Fish_caught_in_NonFFA_Member_EEZ",0
1997,"Non-PNA Member","Ecuador","Fish_caught_in_NonFFA_Member_EEZ",0
1998,"Non-PNA Member","Ecuador","Fish_caught_in_NonFFA_Member_EEZ",0
1999,"Non-PNA Member","Ecuador","Fish_caught_in_NonFFA_Member_EEZ",0
2000,"Non-PNA Member","Ecuador","Fish_caught_in_NonFFA_Member_EEZ",0
2001,"Non-PNA Member","Ecuador","Fish_caught_in_NonFFA_Member_EEZ",0
2002,"Non-PNA Member","Ecuador","Fish_caught_in_NonFFA_Member_EEZ",0
2003,"Non-PNA Member","Ecuador","Fish_caught_in_NonFFA_Member_EEZ",0
2004,"Non-PNA Member","Ecuador","Fish_caught_in_NonFFA_Member_EEZ",0
2005,"Non-PNA Member","Ecuador","Fish_caught_in_NonFFA_Member_EEZ",0
2006,"Non-PNA Member","Ecuador","Fish_caught_in_NonFFA_Member_EEZ",0
2007,"Non-PNA Member","Ecuador","Fish_caught_in_NonFFA_Member_EEZ",0
2008,"Non-PNA Member","Ecuador","Fish_caught_in_NonFFA_Member_EEZ",0
2009,"Non-PNA Member","Ecuador","Fish_caught_in_NonFFA_Member_EEZ",0
2010,"Non-PNA Member","Ecuador","Fish_caught_in_NonFFA_Member_EEZ",0
2011,"Non-PNA Member","Ecuador","Fish_caught_in_NonFFA_Member_EEZ",0
2012,"Non-PNA Member","Ecuador","Fish_caught_in_NonFFA_Member_EEZ",0
2013,"Non-PNA Member","Ecuador","Fish_caught_in_NonFFA_Member_EEZ",0
2014,"Non-PNA Member","Ecuador","Fish_caught_in_NonFFA_Member_EEZ",0
2015,"Non-PNA Member","Ecuador","Fish_caught_in_NonFFA_Member_EEZ",0
2016,"Non-PNA Member","Ecuador","Fish_caught_in_NonFFA_Member_EEZ",0
2017,"Non-PNA Member","Ecuador","Fish_caught_in_NonFFA_Member_EEZ",0
2018,"Non-PNA Member","Ecuador","Fish_caught_in_NonFFA_Member_EEZ",0
2019,"Non-PNA Member","Ecuador","Fish_caught_in_NonFFA_Member_EEZ",0
2020,"Non-PNA Member","Ecuador","Fish_caught_in_NonFFA_Member_EEZ",0
2021,"Non-PNA Member","Ecuador","Fish_caught_in_NonFFA_Member_EEZ",0
2022,"Non-PNA Member","Ecuador","Fish_caught_in_NonFFA_Member_EEZ",0
2023,"Non-PNA Member","Ecuador","Fish_caught_in_NonFFA_Member_EEZ",0
1997,"Non-PNA Member","El Salvador","Fish_caught_in_NonFFA_Member_EEZ",0
1998,"Non-PNA Member","El Salvador","Fish_caught_in_NonFFA_Member_EEZ",0
1999,"Non-PNA Member","El Salvador","Fish_caught_in_NonFFA_Member_EEZ",0
2000,"Non-PNA Member","El Salvador","Fish_caught_in_NonFFA_Member_EEZ",0
2001,"Non-PNA Member","El Salvador","Fish_caught_in_NonFFA_Member_EEZ",0
2002,"Non-PNA Member","El Salvador","Fish_caught_in_NonFFA_Member_EEZ",0
2003,"Non-PNA Member","El Salvador","Fish_caught_in_NonFFA_Member_EEZ",0
2004,"Non-PNA Member","El Salvador","Fish_caught_in_NonFFA_Member_EEZ",0
2005,"Non-PNA Member","El Salvador","Fish_caught_in_NonFFA_Member_EEZ",0
2006,"Non-PNA Member","El Salvador","Fish_caught_in_NonFFA_Member_EEZ",0
2007,"Non-PNA Member","El Salvador","Fish_caught_in_NonFFA_Member_EEZ",0
2008,"Non-PNA Member","El Salvador","Fish_caught_in_NonFFA_Member_EEZ",0
2009,"Non-PNA Member","El Salvador","Fish_caught_in_NonFFA_Member_EEZ",0
2010,"Non-PNA Member","El Salvador","Fish_caught_in_NonFFA_Member_EEZ",0
2011,"Non-PNA Member","El Salvador","Fish_caught_in_NonFFA_Member_EEZ",0
2012,"Non-PNA Member","El Salvador","Fish_caught_in_NonFFA_Member_EEZ",0
2013,"Non-PNA Member","El Salvador","Fish_caught_in_NonFFA_Member_EEZ",0
2014,"Non-PNA Member","El Salvador","Fish_caught_in_NonFFA_Member_EEZ",0
2015,"Non-PNA Member","El Salvador","Fish_caught_in_NonFFA_Member_EEZ",0
2016,"Non-PNA Member","El Salvador","Fish_caught_in_NonFFA_Member_EEZ",0
2017,"Non-PNA Member","El Salvador","Fish_caught_in_NonFFA_Member_EEZ",0
2018,"Non-PNA Member","El Salvador","Fish_caught_in_NonFFA_Member_EEZ",0
2019,"Non-PNA Member","El Salvador","Fish_caught_in_NonFFA_Member_EEZ",0
2020,"Non-PNA Member","El Salvador","Fish_caught_in_NonFFA_Member_EEZ",0
2021,"Non-PNA Member","El Salvador","Fish_caught_in_NonFFA_Member_EEZ",0
2022,"Non-PNA Member","El Salvador","Fish_caught_in_NonFFA_Member_EEZ",0
2023,"Non-PNA Member","El Salvador","Fish_caught_in_NonFFA_Member_EEZ",0
1997,"Non-PNA Member","Fiji","Fish_caught_in_NonFFA_Member_EEZ",0
1998,"Non-PNA Member","Fiji","Fish_caught_in_NonFFA_Member_EEZ",0
1999,"Non-PNA Member","Fiji","Fish_caught_in_NonFFA_Member_EEZ",0
2000,"Non-PNA Member","Fiji","Fish_caught_in_NonFFA_Member_EEZ",0
2001,"Non-PNA Member","Fiji","Fish_caught_in_NonFFA_Member_EEZ",0
2002,"Non-PNA Member","Fiji","Fish_caught_in_NonFFA_Member_EEZ",0
2003,"Non-PNA Member","Fiji","Fish_caught_in_NonFFA_Member_EEZ",0
2004,"Non-PNA Member","Fiji","Fish_caught_in_NonFFA_Member_EEZ",0
2005,"Non-PNA Member","Fiji","Fish_caught_in_NonFFA_Member_EEZ",0
2006,"Non-PNA Member","Fiji","Fish_caught_in_NonFFA_Member_EEZ",0
2007,"Non-PNA Member","Fiji","Fish_caught_in_NonFFA_Member_EEZ",0
2008,"Non-PNA Member","Fiji","Fish_caught_in_NonFFA_Member_EEZ",0
2009,"Non-PNA Member","Fiji","Fish_caught_in_NonFFA_Member_EEZ",0
2010,"Non-PNA Member","Fiji","Fish_caught_in_NonFFA_Member_EEZ",0
2011,"Non-PNA Member","Fiji","Fish_caught_in_NonFFA_Member_EEZ",0
2012,"Non-PNA Member","Fiji","Fish_caught_in_NonFFA_Member_EEZ",0
2013,"Non-PNA Member","Fiji","Fish_caught_in_NonFFA_Member_EEZ",0
2014,"Non-PNA Member","Fiji","Fish_caught_in_NonFFA_Member_EEZ",0
2015,"Non-PNA Member","Fiji","Fish_caught_in_NonFFA_Member_EEZ",0
2016,"Non-PNA Member","Fiji","Fish_caught_in_NonFFA_Member_EEZ",0
2017,"Non-PNA Member","Fiji","Fish_caught_in_NonFFA_Member_EEZ",0
2018,"Non-PNA Member","Fiji","Fish_caught_in_NonFFA_Member_EEZ",0
2019,"Non-PNA Member","Fiji","Fish_caught_in_NonFFA_Member_EEZ",0
2020,"Non-PNA Member","Fiji","Fish_caught_in_NonFFA_Member_EEZ",0
2021,"Non-PNA Member","Fiji","Fish_caught_in_NonFFA_Member_EEZ",0
2022,"Non-PNA Member","Fiji","Fish_caught_in_NonFFA_Member_EEZ",0
2023,"Non-PNA Member","Fiji","Fish_caught_in_NonFFA_Member_EEZ",0
1997,"Non-PNA Member","French Polynesia","Fish_caught_in_NonFFA_Member_EEZ",5299
1998,"Non-PNA Member","French Polynesia","Fish_caught_in_NonFFA_Member_EEZ",6717
1999,"Non-PNA Member","French Polynesia","Fish_caught_in_NonFFA_Member_EEZ",6660
2000,"Non-PNA Member","French Polynesia","Fish_caught_in_NonFFA_Member_EEZ",8063
2001,"Non-PNA Member","French Polynesia","Fish_caught_in_NonFFA_Member_EEZ",7735
2002,"Non-PNA Member","French Polynesia","Fish_caught_in_NonFFA_Member_EEZ",7559
2003,"Non-PNA Member","French Polynesia","Fish_caught_in_NonFFA_Member_EEZ",6264
2004,"Non-PNA Member","French Polynesia","Fish_caught_in_NonFFA_Member_EEZ",5484
2005,"Non-PNA Member","French Polynesia","Fish_caught_in_NonFFA_Member_EEZ",4818
2006,"Non-PNA Member","French Polynesia","Fish_caught_in_NonFFA_Member_EEZ",5822
2007,"Non-PNA Member","French Polynesia","Fish_caught_in_NonFFA_Member_EEZ",6365
2008,"Non-PNA Member","French Polynesia","Fish_caught_in_NonFFA_Member_EEZ",5657
2009,"Non-PNA Member","French Polynesia","Fish_caught_in_NonFFA_Member_EEZ",6873
2010,"Non-PNA Member","French Polynesia","Fish_caught_in_NonFFA_Member_EEZ",6249
2011,"Non-PNA Member","French Polynesia","Fish_caught_in_NonFFA_Member_EEZ",6027
2012,"Non-PNA Member","French Polynesia","Fish_caught_in_NonFFA_Member_EEZ",7266
2013,"Non-PNA Member","French Polynesia","Fish_caught_in_NonFFA_Member_EEZ",6671
2014,"Non-PNA Member","French Polynesia","Fish_caught_in_NonFFA_Member_EEZ",7173
2015,"Non-PNA Member","French Polynesia","Fish_caught_in_NonFFA_Member_EEZ",7402
2016,"Non-PNA Member","French Polynesia","Fish_caught_in_NonFFA_Member_EEZ",6663
2017,"Non-PNA Member","French Polynesia","Fish_caught_in_NonFFA_Member_EEZ",6349
2018,"Non-PNA Member","French Polynesia","Fish_caught_in_NonFFA_Member_EEZ",7071
2019,"Non-PNA Member","French Polynesia","Fish_caught_in_NonFFA_Member_EEZ",7371
2020,"Non-PNA Member","French Polynesia","Fish_caught_in_NonFFA_Member_EEZ",6313
2021,"Non-PNA Member","French Polynesia","Fish_caught_in_NonFFA_Member_EEZ",7639
2022,"Non-PNA Member","French Polynesia","Fish_caught_in_NonFFA_Member_EEZ",8563
2023,"Non-PNA Member","French Polynesia","Fish_caught_in_NonFFA_Member_EEZ",9617
1997,"PNA Member","FSM","Fish_caught_in_NonFFA_Member_EEZ",0
1998,"PNA Member","FSM","Fish_caught_in_NonFFA_Member_EEZ",0
1999,"PNA Member","FSM","Fish_caught_in_NonFFA_Member_EEZ",0
2000,"PNA Member","FSM","Fish_caught_in_NonFFA_Member_EEZ",0
2001,"PNA Member","FSM","Fish_caught_in_NonFFA_Member_EEZ",0
2002,"PNA Member","FSM","Fish_caught_in_NonFFA_Member_EEZ",0
2003,"PNA Member","FSM","Fish_caught_in_NonFFA_Member_EEZ",0
2004,"PNA Member","FSM","Fish_caught_in_NonFFA_Member_EEZ",0
2005,"PNA Member","FSM","Fish_caught_in_NonFFA_Member_EEZ",0
2006,"PNA Member","FSM","Fish_caught_in_NonFFA_Member_EEZ",0
2007,"PNA Member","FSM","Fish_caught_in_NonFFA_Member_EEZ",0
2008,"PNA Member","FSM","Fish_caught_in_NonFFA_Member_EEZ",0
2009,"PNA Member","FSM","Fish_caught_in_NonFFA_Member_EEZ",0
2010,"PNA Member","FSM","Fish_caught_in_NonFFA_Member_EEZ",0
2011,"PNA Member","FSM","Fish_caught_in_NonFFA_Member_EEZ",0
2012,"PNA Member","FSM","Fish_caught_in_NonFFA_Member_EEZ",0
2013,"PNA Member","FSM","Fish_caught_in_NonFFA_Member_EEZ",0
2014,"PNA Member","FSM","Fish_caught_in_NonFFA_Member_EEZ",0
2015,"PNA Member","FSM","Fish_caught_in_NonFFA_Member_EEZ",0
2016,"PNA Member","FSM","Fish_caught_in_NonFFA_Member_EEZ",0
2017,"PNA Member","FSM","Fish_caught_in_NonFFA_Member_EEZ",0
2018,"PNA Member","FSM","Fish_caught_in_NonFFA_Member_EEZ",0
2019,"PNA Member","FSM","Fish_caught_in_NonFFA_Member_EEZ",0
2020,"PNA Member","FSM","Fish_caught_in_NonFFA_Member_EEZ",0
2021,"PNA Member","FSM","Fish_caught_in_NonFFA_Member_EEZ",0
2022,"PNA Member","FSM","Fish_caught_in_NonFFA_Member_EEZ",0
2023,"PNA Member","FSM","Fish_caught_in_NonFFA_Member_EEZ",0
1997,"High Seas","H4","Fish_caught_in_NonFFA_Member_EEZ",4402
1998,"High Seas","H4","Fish_caught_in_NonFFA_Member_EEZ",19588
1999,"High Seas","H4","Fish_caught_in_NonFFA_Member_EEZ",16362
2000,"High Seas","H4","Fish_caught_in_NonFFA_Member_EEZ",9606
2001,"High Seas","H4","Fish_caught_in_NonFFA_Member_EEZ",15174
2002,"High Seas","H4","Fish_caught_in_NonFFA_Member_EEZ",8702
2003,"High Seas","H4","Fish_caught_in_NonFFA_Member_EEZ",8030
2004,"High Seas","H4","Fish_caught_in_NonFFA_Member_EEZ",4510
2005,"High Seas","H4","Fish_caught_in_NonFFA_Member_EEZ",3469
2006,"High Seas","H4","Fish_caught_in_NonFFA_Member_EEZ",14297
2007,"High Seas","H4","Fish_caught_in_NonFFA_Member_EEZ",7881
2008,"High Seas","H4","Fish_caught_in_NonFFA_Member_EEZ",5899
2009,"High Seas","H4","Fish_caught_in_NonFFA_Member_EEZ",41877
2010,"High Seas","H4","Fish_caught_in_NonFFA_Member_EEZ",11678
2011,"High Seas","H4","Fish_caught_in_NonFFA_Member_EEZ",6766
2012,"High Seas","H4","Fish_caught_in_NonFFA_Member_EEZ",10904
2013,"High Seas","H4","Fish_caught_in_NonFFA_Member_EEZ",7085
2014,"High Seas","H4","Fish_caught_in_NonFFA_Member_EEZ",23029
2015,"High Seas","H4","Fish_caught_in_NonFFA_Member_EEZ",21838
2016,"High Seas","H4","Fish_caught_in_NonFFA_Member_EEZ",41448
2017,"High Seas","H4","Fish_caught_in_NonFFA_Member_EEZ",43610
2018,"High Seas","H4","Fish_caught_in_NonFFA_Member_EEZ",20091
2019,"High Seas","H4","Fish_caught_in_NonFFA_Member_EEZ",22773
2020,"High Seas","H4","Fish_caught_in_NonFFA_Member_EEZ",49580
2021,"High Seas","H4","Fish_caught_in_NonFFA_Member_EEZ",26840
2022,"High Seas","H4","Fish_caught_in_NonFFA_Member_EEZ",20736
2023,"High Seas","H4","Fish_caught_in_NonFFA_Member_EEZ",21469
1997,"High Seas","H5","Fish_caught_in_NonFFA_Member_EEZ",9330
1998,"High Seas","H5","Fish_caught_in_NonFFA_Member_EEZ",1192
1999,"High Seas","H5","Fish_caught_in_NonFFA_Member_EEZ",7192
2000,"High Seas","H5","Fish_caught_in_NonFFA_Member_EEZ",11469
2001,"High Seas","H5","Fish_caught_in_NonFFA_Member_EEZ",2339
2002,"High Seas","H5","Fish_caught_in_NonFFA_Member_EEZ",26567
2003,"High Seas","H5","Fish_caught_in_NonFFA_Member_EEZ",1411
2004,"High Seas","H5","Fish_caught_in_NonFFA_Member_EEZ",5087
2005,"High Seas","H5","Fish_caught_in_NonFFA_Member_EEZ",20630
2006,"High Seas","H5","Fish_caught_in_NonFFA_Member_EEZ",2003
2007,"High Seas","H5","Fish_caught_in_NonFFA_Member_EEZ",10420
2008,"High Seas","H5","Fish_caught_in_NonFFA_Member_EEZ",9036
2009,"High Seas","H5","Fish_caught_in_NonFFA_Member_EEZ",21925
2010,"High Seas","H5","Fish_caught_in_NonFFA_Member_EEZ",15157
2011,"High Seas","H5","Fish_caught_in_NonFFA_Member_EEZ",13491
2012,"High Seas","H5","Fish_caught_in_NonFFA_Member_EEZ",32707
2013,"High Seas","H5","Fish_caught_in_NonFFA_Member_EEZ",17058
2014,"High Seas","H5","Fish_caught_in_NonFFA_Member_EEZ",64832
2015,"High Seas","H5","Fish_caught_in_NonFFA_Member_EEZ",174324
2016,"High Seas","H5","Fish_caught_in_NonFFA_Member_EEZ",19594
2017,"High Seas","H5","Fish_caught_in_NonFFA_Member_EEZ",40873
2018,"High Seas","H5","Fish_caught_in_NonFFA_Member_EEZ",97890
2019,"High Seas","H5","Fish_caught_in_NonFFA_Member_EEZ",122996
2020,"High Seas","H5","Fish_caught_in_NonFFA_Member_EEZ",57624
2021,"High Seas","H5","Fish_caught_in_NonFFA_Member_EEZ",28389
2022,"High Seas","H5","Fish_caught_in_NonFFA_Member_EEZ",31187
2023,"High Seas","H5","Fish_caught_in_NonFFA_Member_EEZ",88265
1997,"High Seas","I1","Fish_caught_in_NonFFA_Member_EEZ",55020
1998,"High Seas","I1","Fish_caught_in_NonFFA_Member_EEZ",30877
1999,"High Seas","I1","Fish_caught_in_NonFFA_Member_EEZ",63845
2000,"High Seas","I1","Fish_caught_in_NonFFA_Member_EEZ",58578
2001,"High Seas","I1","Fish_caught_in_NonFFA_Member_EEZ",30342
2002,"High Seas","I1","Fish_caught_in_NonFFA_Member_EEZ",25762
2003,"High Seas","I1","Fish_caught_in_NonFFA_Member_EEZ",103715
2004,"High Seas","I1","Fish_caught_in_NonFFA_Member_EEZ",44956
2005,"High Seas","I1","Fish_caught_in_NonFFA_Member_EEZ",57776
2006,"High Seas","I1","Fish_caught_in_NonFFA_Member_EEZ",54388
2007,"High Seas","I1","Fish_caught_in_NonFFA_Member_EEZ",43636
2008,"High Seas","I1","Fish_caught_in_NonFFA_Member_EEZ",37960
2009,"High Seas","I1","Fish_caught_in_NonFFA_Member_EEZ",34329
2010,"High Seas","I1","Fish_caught_in_NonFFA_Member_EEZ",15258
2011,"High Seas","I1","Fish_caught_in_NonFFA_Member_EEZ",13492
2012,"High Seas","I1","Fish_caught_in_NonFFA_Member_EEZ",12218
2013,"High Seas","I1","Fish_caught_in_NonFFA_Member_EEZ",22853
2014,"High Seas","I1","Fish_caught_in_NonFFA_Member_EEZ",33336
2015,"High Seas","I1","Fish_caught_in_NonFFA_Member_EEZ",34498
2016,"High Seas","I1","Fish_caught_in_NonFFA_Member_EEZ",32187
2017,"High Seas","I1","Fish_caught_in_NonFFA_Member_EEZ",29595
2018,"High Seas","I1","Fish_caught_in_NonFFA_Member_EEZ",25731
2019,"High Seas","I1","Fish_caught_in_NonFFA_Member_EEZ",27035
2020,"High Seas","I1","Fish_caught_in_NonFFA_Member_EEZ",33487
2021,"High Seas","I1","Fish_caught_in_NonFFA_Member_EEZ",24828
2022,"High Seas","I1","Fish_caught_in_NonFFA_Member_EEZ",26545
2023,"High Seas","I1","Fish_caught_in_NonFFA_Member_EEZ",23865
1997,"High Seas","I2","Fish_caught_in_NonFFA_Member_EEZ",75663
1998,"High Seas","I2","Fish_caught_in_NonFFA_Member_EEZ",144136
1999,"High Seas","I2","Fish_caught_in_NonFFA_Member_EEZ",183816
2000,"High Seas","I2","Fish_caught_in_NonFFA_Member_EEZ",140841
2001,"High Seas","I2","Fish_caught_in_NonFFA_Member_EEZ",122801
2002,"High Seas","I2","Fish_caught_in_NonFFA_Member_EEZ",140410
2003,"High Seas","I2","Fish_caught_in_NonFFA_Member_EEZ",87489
2004,"High Seas","I2","Fish_caught_in_NonFFA_Member_EEZ",179694
2005,"High Seas","I2","Fish_caught_in_NonFFA_Member_EEZ",147544
2006,"High Seas","I2","Fish_caught_in_NonFFA_Member_EEZ",105353
2007,"High Seas","I2","Fish_caught_in_NonFFA_Member_EEZ",212562
2008,"High Seas","I2","Fish_caught_in_NonFFA_Member_EEZ",183040
2009,"High Seas","I2","Fish_caught_in_NonFFA_Member_EEZ",211734
2010,"High Seas","I2","Fish_caught_in_NonFFA_Member_EEZ",17836
2011,"High Seas","I2","Fish_caught_in_NonFFA_Member_EEZ",17763
2012,"High Seas","I2","Fish_caught_in_NonFFA_Member_EEZ",7618
2013,"High Seas","I2","Fish_caught_in_NonFFA_Member_EEZ",26352
2014,"High Seas","I2","Fish_caught_in_NonFFA_Member_EEZ",12526
2015,"High Seas","I2","Fish_caught_in_NonFFA_Member_EEZ",15815
2016,"High Seas","I2","Fish_caught_in_NonFFA_Member_EEZ",9862
2017,"High Seas","I2","Fish_caught_in_NonFFA_Member_EEZ",9486
2018,"High Seas","I2","Fish_caught_in_NonFFA_Member_EEZ",8141
2019,"High Seas","I2","Fish_caught_in_NonFFA_Member_EEZ",12134
2020,"High Seas","I2","Fish_caught_in_NonFFA_Member_EEZ",6299
2021,"High Seas","I2","Fish_caught_in_NonFFA_Member_EEZ",5681
2022,"High Seas","I2","Fish_caught_in_NonFFA_Member_EEZ",10639
2023,"High Seas","I2","Fish_caught_in_NonFFA_Member_EEZ",7584
1997,"High Seas","I3","Fish_caught_in_NonFFA_Member_EEZ",14235
1998,"High Seas","I3","Fish_caught_in_NonFFA_Member_EEZ",28292
1999,"High Seas","I3","Fish_caught_in_NonFFA_Member_EEZ",15551
2000,"High Seas","I3","Fish_caught_in_NonFFA_Member_EEZ",26581
2001,"High Seas","I3","Fish_caught_in_NonFFA_Member_EEZ",28492
2002,"High Seas","I3","Fish_caught_in_NonFFA_Member_EEZ",27375
2003,"High Seas","I3","Fish_caught_in_NonFFA_Member_EEZ",14832
2004,"High Seas","I3","Fish_caught_in_NonFFA_Member_EEZ",26205
2005,"High Seas","I3","Fish_caught_in_NonFFA_Member_EEZ",14388
2006,"High Seas","I3","Fish_caught_in_NonFFA_Member_EEZ",17278
2007,"High Seas","I3","Fish_caught_in_NonFFA_Member_EEZ",22002
2008,"High Seas","I3","Fish_caught_in_NonFFA_Member_EEZ",12616
2009,"High Seas","I3","Fish_caught_in_NonFFA_Member_EEZ",16378
2010,"High Seas","I3","Fish_caught_in_NonFFA_Member_EEZ",12555
2011,"High Seas","I3","Fish_caught_in_NonFFA_Member_EEZ",13324
2012,"High Seas","I3","Fish_caught_in_NonFFA_Member_EEZ",15715
2013,"High Seas","I3","Fish_caught_in_NonFFA_Member_EEZ",10053
2014,"High Seas","I3","Fish_caught_in_NonFFA_Member_EEZ",15196
2015,"High Seas","I3","Fish_caught_in_NonFFA_Member_EEZ",14983
2016,"High Seas","I3","Fish_caught_in_NonFFA_Member_EEZ",16132
2017,"High Seas","I3","Fish_caught_in_NonFFA_Member_EEZ",13062
2018,"High Seas","I3","Fish_caught_in_NonFFA_Member_EEZ",18976
2019,"High Seas","I3","Fish_caught_in_NonFFA_Member_EEZ",19347
2020,"High Seas","I3","Fish_caught_in_NonFFA_Member_EEZ",8727
2021,"High Seas","I3","Fish_caught_in_NonFFA_Member_EEZ",8953
2022,"High Seas","I3","Fish_caught_in_NonFFA_Member_EEZ",8982
2023,"High Seas","I3","Fish_caught_in_NonFFA_Member_EEZ",13104
1997,"High Seas","I4","Fish_caught_in_NonFFA_Member_EEZ",83382
1998,"High Seas","I4","Fish_caught_in_NonFFA_Member_EEZ",136248
1999,"High Seas","I4","Fish_caught_in_NonFFA_Member_EEZ",40858
2000,"High Seas","I4","Fish_caught_in_NonFFA_Member_EEZ",36687
2001,"High Seas","I4","Fish_caught_in_NonFFA_Member_EEZ",84197
2002,"High Seas","I4","Fish_caught_in_NonFFA_Member_EEZ",62019
2003,"High Seas","I4","Fish_caught_in_NonFFA_Member_EEZ",46985
2004,"High Seas","I4","Fish_caught_in_NonFFA_Member_EEZ",59519
2005,"High Seas","I4","Fish_caught_in_NonFFA_Member_EEZ",54287
2006,"High Seas","I4","Fish_caught_in_NonFFA_Member_EEZ",42259
2007,"High Seas","I4","Fish_caught_in_NonFFA_Member_EEZ",25281
2008,"High Seas","I4","Fish_caught_in_NonFFA_Member_EEZ",34563
2009,"High Seas","I4","Fish_caught_in_NonFFA_Member_EEZ",52101
2010,"High Seas","I4","Fish_caught_in_NonFFA_Member_EEZ",31353
2011,"High Seas","I4","Fish_caught_in_NonFFA_Member_EEZ",36459
2012,"High Seas","I4","Fish_caught_in_NonFFA_Member_EEZ",33745
2013,"High Seas","I4","Fish_caught_in_NonFFA_Member_EEZ",31140
2014,"High Seas","I4","Fish_caught_in_NonFFA_Member_EEZ",21737
2015,"High Seas","I4","Fish_caught_in_NonFFA_Member_EEZ",32501
2016,"High Seas","I4","Fish_caught_in_NonFFA_Member_EEZ",71191
2017,"High Seas","I4","Fish_caught_in_NonFFA_Member_EEZ",43375
2018,"High Seas","I4","Fish_caught_in_NonFFA_Member_EEZ",35644
2019,"High Seas","I4","Fish_caught_in_NonFFA_Member_EEZ",87151
2020,"High Seas","I4","Fish_caught_in_NonFFA_Member_EEZ",64572
2021,"High Seas","I4","Fish_caught_in_NonFFA_Member_EEZ",75004
2022,"High Seas","I4","Fish_caught_in_NonFFA_Member_EEZ",45022
2023,"High Seas","I4","Fish_caught_in_NonFFA_Member_EEZ",63380
1997,"High Seas","I5","Fish_caught_in_NonFFA_Member_EEZ",35861
1998,"High Seas","I5","Fish_caught_in_NonFFA_Member_EEZ",41065
1999,"High Seas","I5","Fish_caught_in_NonFFA_Member_EEZ",29255
2000,"High Seas","I5","Fish_caught_in_NonFFA_Member_EEZ",42811
2001,"High Seas","I5","Fish_caught_in_NonFFA_Member_EEZ",38713
2002,"High Seas","I5","Fish_caught_in_NonFFA_Member_EEZ",63611
2003,"High Seas","I5","Fish_caught_in_NonFFA_Member_EEZ",41634
2004,"High Seas","I5","Fish_caught_in_NonFFA_Member_EEZ",54769
2005,"High Seas","I5","Fish_caught_in_NonFFA_Member_EEZ",50592
2006,"High Seas","I5","Fish_caught_in_NonFFA_Member_EEZ",51454
2007,"High Seas","I5","Fish_caught_in_NonFFA_Member_EEZ",36610
2008,"High Seas","I5","Fish_caught_in_NonFFA_Member_EEZ",43131
2009,"High Seas","I5","Fish_caught_in_NonFFA_Member_EEZ",43609
2010,"High Seas","I5","Fish_caught_in_NonFFA_Member_EEZ",37107
2011,"High Seas","I5","Fish_caught_in_NonFFA_Member_EEZ",29888
2012,"High Seas","I5","Fish_caught_in_NonFFA_Member_EEZ",31453
2013,"High Seas","I5","Fish_caught_in_NonFFA_Member_EEZ",34558
2014,"High Seas","I5","Fish_caught_in_NonFFA_Member_EEZ",28049
2015,"High Seas","I5","Fish_caught_in_NonFFA_Member_EEZ",52241
2016,"High Seas","I5","Fish_caught_in_NonFFA_Member_EEZ",56962
2017,"High Seas","I5","Fish_caught_in_NonFFA_Member_EEZ",30512
2018,"High Seas","I5","Fish_caught_in_NonFFA_Member_EEZ",60536
2019,"High Seas","I5","Fish_caught_in_NonFFA_Member_EEZ",86519
2020,"High Seas","I5","Fish_caught_in_NonFFA_Member_EEZ",65881
2021,"High Seas","I5","Fish_caught_in_NonFFA_Member_EEZ",59717
2022,"High Seas","I5","Fish_caught_in_NonFFA_Member_EEZ",51987
2023,"High Seas","I5","Fish_caught_in_NonFFA_Member_EEZ",122991
1997,"High Seas","I6","Fish_caught_in_NonFFA_Member_EEZ",146549
1998,"High Seas","I6","Fish_caught_in_NonFFA_Member_EEZ",142677
1999,"High Seas","I6","Fish_caught_in_NonFFA_Member_EEZ",128640
2000,"High Seas","I6","Fish_caught_in_NonFFA_Member_EEZ",105833
2001,"High Seas","I6","Fish_caught_in_NonFFA_Member_EEZ",120724
2002,"High Seas","I6","Fish_caught_in_NonFFA_Member_EEZ",137310
2003,"High Seas","I6","Fish_caught_in_NonFFA_Member_EEZ",167109
2004,"High Seas","I6","Fish_caught_in_NonFFA_Member_EEZ",125536
2005,"High Seas","I6","Fish_caught_in_NonFFA_Member_EEZ",153013
2006,"High Seas","I6","Fish_caught_in_NonFFA_Member_EEZ",113597
2007,"High Seas","I6","Fish_caught_in_NonFFA_Member_EEZ",114297
2008,"High Seas","I6","Fish_caught_in_NonFFA_Member_EEZ",114028
2009,"High Seas","I6","Fish_caught_in_NonFFA_Member_EEZ",63303
2010,"High Seas","I6","Fish_caught_in_NonFFA_Member_EEZ",104834
2011,"High Seas","I6","Fish_caught_in_NonFFA_Member_EEZ",89917
2012,"High Seas","I6","Fish_caught_in_NonFFA_Member_EEZ",97375
2013,"High Seas","I6","Fish_caught_in_NonFFA_Member_EEZ",85357
2014,"High Seas","I6","Fish_caught_in_NonFFA_Member_EEZ",87905
2015,"High Seas","I6","Fish_caught_in_NonFFA_Member_EEZ",74489
2016,"High Seas","I6","Fish_caught_in_NonFFA_Member_EEZ",57864
2017,"High Seas","I6","Fish_caught_in_NonFFA_Member_EEZ",70976
2018,"High Seas","I6","Fish_caught_in_NonFFA_Member_EEZ",53495
2019,"High Seas","I6","Fish_caught_in_NonFFA_Member_EEZ",54513
2020,"High Seas","I6","Fish_caught_in_NonFFA_Member_EEZ",58832
2021,"High Seas","I6","Fish_caught_in_NonFFA_Member_EEZ",102106
2022,"High Seas","I6","Fish_caught_in_NonFFA_Member_EEZ",28732
2023,"High Seas","I6","Fish_caught_in_NonFFA_Member_EEZ",21272
1997,"High Seas","I7","Fish_caught_in_NonFFA_Member_EEZ",17301
1998,"High Seas","I7","Fish_caught_in_NonFFA_Member_EEZ",18291
1999,"High Seas","I7","Fish_caught_in_NonFFA_Member_EEZ",16841
2000,"High Seas","I7","Fish_caught_in_NonFFA_Member_EEZ",15719
2001,"High Seas","I7","Fish_caught_in_NonFFA_Member_EEZ",22251
2002,"High Seas","I7","Fish_caught_in_NonFFA_Member_EEZ",26938
2003,"High Seas","I7","Fish_caught_in_NonFFA_Member_EEZ",26053
2004,"High Seas","I7","Fish_caught_in_NonFFA_Member_EEZ",24916
2005,"High Seas","I7","Fish_caught_in_NonFFA_Member_EEZ",22018
2006,"High Seas","I7","Fish_caught_in_NonFFA_Member_EEZ",17060
2007,"High Seas","I7","Fish_caught_in_NonFFA_Member_EEZ",12114
2008,"High Seas","I7","Fish_caught_in_NonFFA_Member_EEZ",19943
2009,"High Seas","I7","Fish_caught_in_NonFFA_Member_EEZ",25741
2010,"High Seas","I7","Fish_caught_in_NonFFA_Member_EEZ",26431
2011,"High Seas","I7","Fish_caught_in_NonFFA_Member_EEZ",16137
2012,"High Seas","I7","Fish_caught_in_NonFFA_Member_EEZ",22870
2013,"High Seas","I7","Fish_caught_in_NonFFA_Member_EEZ",21799
2014,"High Seas","I7","Fish_caught_in_NonFFA_Member_EEZ",14926
2015,"High Seas","I7","Fish_caught_in_NonFFA_Member_EEZ",17395
2016,"High Seas","I7","Fish_caught_in_NonFFA_Member_EEZ",10603
2017,"High Seas","I7","Fish_caught_in_NonFFA_Member_EEZ",33752
2018,"High Seas","I7","Fish_caught_in_NonFFA_Member_EEZ",25673
2019,"High Seas","I7","Fish_caught_in_NonFFA_Member_EEZ",18924
2020,"High Seas","I7","Fish_caught_in_NonFFA_Member_EEZ",28373
2021,"High Seas","I7","Fish_caught_in_NonFFA_Member_EEZ",21355
2022,"High Seas","I7","Fish_caught_in_NonFFA_Member_EEZ",20992
2023,"High Seas","I7","Fish_caught_in_NonFFA_Member_EEZ",25603
1997,"High Seas","I8","Fish_caught_in_NonFFA_Member_EEZ",262
1998,"High Seas","I8","Fish_caught_in_NonFFA_Member_EEZ",143
1999,"High Seas","I8","Fish_caught_in_NonFFA_Member_EEZ",148
2000,"High Seas","I8","Fish_caught_in_NonFFA_Member_EEZ",819
2001,"High Seas","I8","Fish_caught_in_NonFFA_Member_EEZ",73
2002,"High Seas","I8","Fish_caught_in_NonFFA_Member_EEZ",772
2003,"High Seas","I8","Fish_caught_in_NonFFA_Member_EEZ",1155
2004,"High Seas","I8","Fish_caught_in_NonFFA_Member_EEZ",1982
2005,"High Seas","I8","Fish_caught_in_NonFFA_Member_EEZ",1609
2006,"High Seas","I8","Fish_caught_in_NonFFA_Member_EEZ",1645
2007,"High Seas","I8","Fish_caught_in_NonFFA_Member_EEZ",973
2008,"High Seas","I8","Fish_caught_in_NonFFA_Member_EEZ",1521
2009,"High Seas","I8","Fish_caught_in_NonFFA_Member_EEZ",987
2010,"High Seas","I8","Fish_caught_in_NonFFA_Member_EEZ",1322
2011,"High Seas","I8","Fish_caught_in_NonFFA_Member_EEZ",1548
2012,"High Seas","I8","Fish_caught_in_NonFFA_Member_EEZ",756
2013,"High Seas","I8","Fish_caught_in_NonFFA_Member_EEZ",1187
2014,"High Seas","I8","Fish_caught_in_NonFFA_Member_EEZ",1370
2015,"High Seas","I8","Fish_caught_in_NonFFA_Member_EEZ",1601
2016,"High Seas","I8","Fish_caught_in_NonFFA_Member_EEZ",1834
2017,"High Seas","I8","Fish_caught_in_NonFFA_Member_EEZ",2588
2018,"High Seas","I8","Fish_caught_in_NonFFA_Member_EEZ",2321
2019,"High Seas","I8","Fish_caught_in_NonFFA_Member_EEZ",1990
2020,"High Seas","I8","Fish_caught_in_NonFFA_Member_EEZ",1063
2021,"High Seas","I8","Fish_caught_in_NonFFA_Member_EEZ",1276
2022,"High Seas","I8","Fish_caught_in_NonFFA_Member_EEZ",1332
2023,"High Seas","I8","Fish_caught_in_NonFFA_Member_EEZ",342
1997,"High Seas","I9","Fish_caught_in_NonFFA_Member_EEZ",78
1998,"High Seas","I9","Fish_caught_in_NonFFA_Member_EEZ",65
1999,"High Seas","I9","Fish_caught_in_NonFFA_Member_EEZ",169
2000,"High Seas","I9","Fish_caught_in_NonFFA_Member_EEZ",30
2001,"High Seas","I9","Fish_caught_in_NonFFA_Member_EEZ",124
2002,"High Seas","I9","Fish_caught_in_NonFFA_Member_EEZ",876
2003,"High Seas","I9","Fish_caught_in_NonFFA_Member_EEZ",376
2004,"High Seas","I9","Fish_caught_in_NonFFA_Member_EEZ",132
2005,"High Seas","I9","Fish_caught_in_NonFFA_Member_EEZ",158
2006,"High Seas","I9","Fish_caught_in_NonFFA_Member_EEZ",450
2007,"High Seas","I9","Fish_caught_in_NonFFA_Member_EEZ",1203
2008,"High Seas","I9","Fish_caught_in_NonFFA_Member_EEZ",152
2009,"High Seas","I9","Fish_caught_in_NonFFA_Member_EEZ",706
2010,"High Seas","I9","Fish_caught_in_NonFFA_Member_EEZ",481
2011,"High Seas","I9","Fish_caught_in_NonFFA_Member_EEZ",937
2012,"High Seas","I9","Fish_caught_in_NonFFA_Member_EEZ",2128
2013,"High Seas","I9","Fish_caught_in_NonFFA_Member_EEZ",1217
2014,"High Seas","I9","Fish_caught_in_NonFFA_Member_EEZ",293
2015,"High Seas","I9","Fish_caught_in_NonFFA_Member_EEZ",141
2016,"High Seas","I9","Fish_caught_in_NonFFA_Member_EEZ",104
2017,"High Seas","I9","Fish_caught_in_NonFFA_Member_EEZ",2610
2018,"High Seas","I9","Fish_caught_in_NonFFA_Member_EEZ",1767
2019,"High Seas","I9","Fish_caught_in_NonFFA_Member_EEZ",2949
2020,"High Seas","I9","Fish_caught_in_NonFFA_Member_EEZ",2698
2021,"High Seas","I9","Fish_caught_in_NonFFA_Member_EEZ",790
2022,"High Seas","I9","Fish_caught_in_NonFFA_Member_EEZ",807
2023,"High Seas","I9","Fish_caught_in_NonFFA_Member_EEZ",3577
1997,"Non-PNA Member","Indonesia","Fish_caught_in_NonFFA_Member_EEZ",257882
1998,"Non-PNA Member","Indonesia","Fish_caught_in_NonFFA_Member_EEZ",339528
1999,"Non-PNA Member","Indonesia","Fish_caught_in_NonFFA_Member_EEZ",321799
2000,"Non-PNA Member","Indonesia","Fish_caught_in_NonFFA_Member_EEZ",342687
2001,"Non-PNA Member","Indonesia","Fish_caught_in_NonFFA_Member_EEZ",314947
2002,"Non-PNA Member","Indonesia","Fish_caught_in_NonFFA_Member_EEZ",302821
2003,"Non-PNA Member","Indonesia","Fish_caught_in_NonFFA_Member_EEZ",312541
2004,"Non-PNA Member","Indonesia","Fish_caught_in_NonFFA_Member_EEZ",413363
2005,"Non-PNA Member","Indonesia","Fish_caught_in_NonFFA_Member_EEZ",248450
2006,"Non-PNA Member","Indonesia","Fish_caught_in_NonFFA_Member_EEZ",286346
2007,"Non-PNA Member","Indonesia","Fish_caught_in_NonFFA_Member_EEZ",322842
2008,"Non-PNA Member","Indonesia","Fish_caught_in_NonFFA_Member_EEZ",335818
2009,"Non-PNA Member","Indonesia","Fish_caught_in_NonFFA_Member_EEZ",389466
2010,"Non-PNA Member","Indonesia","Fish_caught_in_NonFFA_Member_EEZ",358455
2011,"Non-PNA Member","Indonesia","Fish_caught_in_NonFFA_Member_EEZ",398075
2012,"Non-PNA Member","Indonesia","Fish_caught_in_NonFFA_Member_EEZ",443652
2013,"Non-PNA Member","Indonesia","Fish_caught_in_NonFFA_Member_EEZ",526370
2014,"Non-PNA Member","Indonesia","Fish_caught_in_NonFFA_Member_EEZ",483018
2015,"Non-PNA Member","Indonesia","Fish_caught_in_NonFFA_Member_EEZ",432081
2016,"Non-PNA Member","Indonesia","Fish_caught_in_NonFFA_Member_EEZ",525638
2017,"Non-PNA Member","Indonesia","Fish_caught_in_NonFFA_Member_EEZ",470966
2018,"Non-PNA Member","Indonesia","Fish_caught_in_NonFFA_Member_EEZ",526477
2019,"Non-PNA Member","Indonesia","Fish_caught_in_NonFFA_Member_EEZ",536287
2020,"Non-PNA Member","Indonesia","Fish_caught_in_NonFFA_Member_EEZ",514558
2021,"Non-PNA Member","Indonesia","Fish_caught_in_NonFFA_Member_EEZ",546989
2022,"Non-PNA Member","Indonesia","Fish_caught_in_NonFFA_Member_EEZ",513429
2023,"Non-PNA Member","Indonesia","Fish_caught_in_NonFFA_Member_EEZ",513429
1997,"High Seas","IW","Fish_caught_in_NonFFA_Member_EEZ",0
1998,"High Seas","IW","Fish_caught_in_NonFFA_Member_EEZ",1
1999,"High Seas","IW","Fish_caught_in_NonFFA_Member_EEZ",0
2000,"High Seas","IW","Fish_caught_in_NonFFA_Member_EEZ",0
2001,"High Seas","IW","Fish_caught_in_NonFFA_Member_EEZ",0
2002,"High Seas","IW","Fish_caught_in_NonFFA_Member_EEZ",0
2003,"High Seas","IW","Fish_caught_in_NonFFA_Member_EEZ",0
2004,"High Seas","IW","Fish_caught_in_NonFFA_Member_EEZ",0
2005,"High Seas","IW","Fish_caught_in_NonFFA_Member_EEZ",0
2006,"High Seas","IW","Fish_caught_in_NonFFA_Member_EEZ",0
2007,"High Seas","IW","Fish_caught_in_NonFFA_Member_EEZ",0
2008,"High Seas","IW","Fish_caught_in_NonFFA_Member_EEZ",0
2009,"High Seas","IW","Fish_caught_in_NonFFA_Member_EEZ",0
2010,"High Seas","IW","Fish_caught_in_NonFFA_Member_EEZ",0
2011,"High Seas","IW","Fish_caught_in_NonFFA_Member_EEZ",0
2012,"High Seas","IW","Fish_caught_in_NonFFA_Member_EEZ",0
2013,"High Seas","IW","Fish_caught_in_NonFFA_Member_EEZ",0
2014,"High Seas","IW","Fish_caught_in_NonFFA_Member_EEZ",0
2015,"High Seas","IW","Fish_caught_in_NonFFA_Member_EEZ",0
2016,"High Seas","IW","Fish_caught_in_NonFFA_Member_EEZ",0
2017,"High Seas","IW","Fish_caught_in_NonFFA_Member_EEZ",0
2018,"High Seas","IW","Fish_caught_in_NonFFA_Member_EEZ",0
2019,"High Seas","IW","Fish_caught_in_NonFFA_Member_EEZ",0
2020,"High Seas","IW","Fish_caught_in_NonFFA_Member_EEZ",0
2021,"High Seas","IW","Fish_caught_in_NonFFA_Member_EEZ",0
2022,"High Seas","IW","Fish_caught_in_NonFFA_Member_EEZ",0
2023,"High Seas","IW","Fish_caught_in_NonFFA_Member_EEZ",1
1997,"Non-PNA Member","Japan","Fish_caught_in_NonFFA_Member_EEZ",146158
1998,"Non-PNA Member","Japan","Fish_caught_in_NonFFA_Member_EEZ",146410
1999,"Non-PNA Member","Japan","Fish_caught_in_NonFFA_Member_EEZ",141765
2000,"Non-PNA Member","Japan","Fish_caught_in_NonFFA_Member_EEZ",148627
2001,"Non-PNA Member","Japan","Fish_caught_in_NonFFA_Member_EEZ",82219
2002,"Non-PNA Member","Japan","Fish_caught_in_NonFFA_Member_EEZ",75636
2003,"Non-PNA Member","Japan","Fish_caught_in_NonFFA_Member_EEZ",90356
2004,"Non-PNA Member","Japan","Fish_caught_in_NonFFA_Member_EEZ",104502
2005,"Non-PNA Member","Japan","Fish_caught_in_NonFFA_Member_EEZ",109913
2006,"Non-PNA Member","Japan","Fish_caught_in_NonFFA_Member_EEZ",101396
2007,"Non-PNA Member","Japan","Fish_caught_in_NonFFA_Member_EEZ",121352
2008,"Non-PNA Member","Japan","Fish_caught_in_NonFFA_Member_EEZ",102221
2009,"Non-PNA Member","Japan","Fish_caught_in_NonFFA_Member_EEZ",101990
2010,"Non-PNA Member","Japan","Fish_caught_in_NonFFA_Member_EEZ",87773
2011,"Non-PNA Member","Japan","Fish_caught_in_NonFFA_Member_EEZ",77423
2012,"Non-PNA Member","Japan","Fish_caught_in_NonFFA_Member_EEZ",71141
2013,"Non-PNA Member","Japan","Fish_caught_in_NonFFA_Member_EEZ",94076
2014,"Non-PNA Member","Japan","Fish_caught_in_NonFFA_Member_EEZ",74284
2015,"Non-PNA Member","Japan","Fish_caught_in_NonFFA_Member_EEZ",89571
2016,"Non-PNA Member","Japan","Fish_caught_in_NonFFA_Member_EEZ",71709
2017,"Non-PNA Member","Japan","Fish_caught_in_NonFFA_Member_EEZ",76829
2018,"Non-PNA Member","Japan","Fish_caught_in_NonFFA_Member_EEZ",86713
2019,"Non-PNA Member","Japan","Fish_caught_in_NonFFA_Member_EEZ",65942
2020,"Non-PNA Member","Japan","Fish_caught_in_NonFFA_Member_EEZ",68617
2021,"Non-PNA Member","Japan","Fish_caught_in_NonFFA_Member_EEZ",79243
2022,"Non-PNA Member","Japan","Fish_caught_in_NonFFA_Member_EEZ",68249
2023,"Non-PNA Member","Japan","Fish_caught_in_NonFFA_Member_EEZ",84557
1997,"PNA Member","Kiribati","Fish_caught_in_NonFFA_Member_EEZ",0
1998,"PNA Member","Kiribati","Fish_caught_in_NonFFA_Member_EEZ",0
1999,"PNA Member","Kiribati","Fish_caught_in_NonFFA_Member_EEZ",0
2000,"PNA Member","Kiribati","Fish_caught_in_NonFFA_Member_EEZ",0
2001,"PNA Member","Kiribati","Fish_caught_in_NonFFA_Member_EEZ",0
2002,"PNA Member","Kiribati","Fish_caught_in_NonFFA_Member_EEZ",0
2003,"PNA Member","Kiribati","Fish_caught_in_NonFFA_Member_EEZ",0
2004,"PNA Member","Kiribati","Fish_caught_in_NonFFA_Member_EEZ",0
2005,"PNA Member","Kiribati","Fish_caught_in_NonFFA_Member_EEZ",0
2006,"PNA Member","Kiribati","Fish_caught_in_NonFFA_Member_EEZ",0
2007,"PNA Member","Kiribati","Fish_caught_in_NonFFA_Member_EEZ",0
2008,"PNA Member","Kiribati","Fish_caught_in_NonFFA_Member_EEZ",0
2009,"PNA Member","Kiribati","Fish_caught_in_NonFFA_Member_EEZ",0
2010,"PNA Member","Kiribati","Fish_caught_in_NonFFA_Member_EEZ",0
2011,"PNA Member","Kiribati","Fish_caught_in_NonFFA_Member_EEZ",0
2012,"PNA Member","Kiribati","Fish_caught_in_NonFFA_Member_EEZ",0
2013,"PNA Member","Kiribati","Fish_caught_in_NonFFA_Member_EEZ",0
2014,"PNA Member","Kiribati","Fish_caught_in_NonFFA_Member_EEZ",0
2015,"PNA Member","Kiribati","Fish_caught_in_NonFFA_Member_EEZ",0
2016,"PNA Member","Kiribati","Fish_caught_in_NonFFA_Member_EEZ",0
2017,"PNA Member","Kiribati","Fish_caught_in_NonFFA_Member_EEZ",0
2018,"PNA Member","Kiribati","Fish_caught_in_NonFFA_Member_EEZ",0
2019,"PNA Member","Kiribati","Fish_caught_in_NonFFA_Member_EEZ",0
2020,"PNA Member","Kiribati","Fish_caught_in_NonFFA_Member_EEZ",0
2021,"PNA Member","Kiribati","Fish_caught_in_NonFFA_Member_EEZ",0
2022,"PNA Member","Kiribati","Fish_caught_in_NonFFA_Member_EEZ",0
2023,"PNA Member","Kiribati","Fish_caught_in_NonFFA_Member_EEZ",0
1997,"Non-PNA Member","Korea","Fish_caught_in_NonFFA_Member_EEZ",0
1998,"Non-PNA Member","Korea","Fish_caught_in_NonFFA_Member_EEZ",0
1999,"Non-PNA Member","Korea","Fish_caught_in_NonFFA_Member_EEZ",0
2000,"Non-PNA Member","Korea","Fish_caught_in_NonFFA_Member_EEZ",0
2001,"Non-PNA Member","Korea","Fish_caught_in_NonFFA_Member_EEZ",0
2002,"Non-PNA Member","Korea","Fish_caught_in_NonFFA_Member_EEZ",0
2003,"Non-PNA Member","Korea","Fish_caught_in_NonFFA_Member_EEZ",0
2004,"Non-PNA Member","Korea","Fish_caught_in_NonFFA_Member_EEZ",0
2005,"Non-PNA Member","Korea","Fish_caught_in_NonFFA_Member_EEZ",0
2006,"Non-PNA Member","Korea","Fish_caught_in_NonFFA_Member_EEZ",0
2007,"Non-PNA Member","Korea","Fish_caught_in_NonFFA_Member_EEZ",0
2008,"Non-PNA Member","Korea","Fish_caught_in_NonFFA_Member_EEZ",376
2009,"Non-PNA Member","Korea","Fish_caught_in_NonFFA_Member_EEZ",62
2010,"Non-PNA Member","Korea","Fish_caught_in_NonFFA_Member_EEZ",325
2011,"Non-PNA Member","Korea","Fish_caught_in_NonFFA_Member_EEZ",71
2012,"Non-PNA Member","Korea","Fish_caught_in_NonFFA_Member_EEZ",299
2013,"Non-PNA Member","Korea","Fish_caught_in_NonFFA_Member_EEZ",234
2014,"Non-PNA Member","Korea","Fish_caught_in_NonFFA_Member_EEZ",44
2015,"Non-PNA Member","Korea","Fish_caught_in_NonFFA_Member_EEZ",33
2016,"Non-PNA Member","Korea","Fish_caught_in_NonFFA_Member_EEZ",2
2017,"Non-PNA Member","Korea","Fish_caught_in_NonFFA_Member_EEZ",24
2018,"Non-PNA Member","Korea","Fish_caught_in_NonFFA_Member_EEZ",109
2019,"Non-PNA Member","Korea","Fish_caught_in_NonFFA_Member_EEZ",4
2020,"Non-PNA Member","Korea","Fish_caught_in_NonFFA_Member_EEZ",12
2021,"Non-PNA Member","Korea","Fish_caught_in_NonFFA_Member_EEZ",0
2022,"Non-PNA Member","Korea","Fish_caught_in_NonFFA_Member_EEZ",0
2023,"Non-PNA Member","Korea","Fish_caught_in_NonFFA_Member_EEZ",0
1997,"PNA Member","Marshall Islands","Fish_caught_in_NonFFA_Member_EEZ",0
1998,"PNA Member","Marshall Islands","Fish_caught_in_NonFFA_Member_EEZ",0
1999,"PNA Member","Marshall Islands","Fish_caught_in_NonFFA_Member_EEZ",0
2000,"PNA Member","Marshall Islands","Fish_caught_in_NonFFA_Member_EEZ",0
2001,"PNA Member","Marshall Islands","Fish_caught_in_NonFFA_Member_EEZ",0
2002,"PNA Member","Marshall Islands","Fish_caught_in_NonFFA_Member_EEZ",0
2003,"PNA Member","Marshall Islands","Fish_caught_in_NonFFA_Member_EEZ",0
2004,"PNA Member","Marshall Islands","Fish_caught_in_NonFFA_Member_EEZ",0
2005,"PNA Member","Marshall Islands","Fish_caught_in_NonFFA_Member_EEZ",0
2006,"PNA Member","Marshall Islands","Fish_caught_in_NonFFA_Member_EEZ",0
2007,"PNA Member","Marshall Islands","Fish_caught_in_NonFFA_Member_EEZ",0
2008,"PNA Member","Marshall Islands","Fish_caught_in_NonFFA_Member_EEZ",0
2009,"PNA Member","Marshall Islands","Fish_caught_in_NonFFA_Member_EEZ",0
2010,"PNA Member","Marshall Islands","Fish_caught_in_NonFFA_Member_EEZ",0
2011,"PNA Member","Marshall Islands","Fish_caught_in_NonFFA_Member_EEZ",0
2012,"PNA Member","Marshall Islands","Fish_caught_in_NonFFA_Member_EEZ",0
2013,"PNA Member","Marshall Islands","Fish_caught_in_NonFFA_Member_EEZ",0
2014,"PNA Member","Marshall Islands","Fish_caught_in_NonFFA_Member_EEZ",0
2015,"PNA Member","Marshall Islands","Fish_caught_in_NonFFA_Member_EEZ",0
2016,"PNA Member","Marshall Islands","Fish_caught_in_NonFFA_Member_EEZ",0
2017,"PNA Member","Marshall Islands","Fish_caught_in_NonFFA_Member_EEZ",0
2018,"PNA Member","Marshall Islands","Fish_caught_in_NonFFA_Member_EEZ",0
2019,"PNA Member","Marshall Islands","Fish_caught_in_NonFFA_Member_EEZ",0
2020,"PNA Member","Marshall Islands","Fish_caught_in_NonFFA_Member_EEZ",0
2021,"PNA Member","Marshall Islands","Fish_caught_in_NonFFA_Member_EEZ",0
2022,"PNA Member","Marshall Islands","Fish_caught_in_NonFFA_Member_EEZ",0
2023,"PNA Member","Marshall Islands","Fish_caught_in_NonFFA_Member_EEZ",0
1997,"Non-PNA Member","Mathew and Hunter","Fish_caught_in_NonFFA_Member_EEZ",10
1998,"Non-PNA Member","Mathew and Hunter","Fish_caught_in_NonFFA_Member_EEZ",51
1999,"Non-PNA Member","Mathew and Hunter","Fish_caught_in_NonFFA_Member_EEZ",11
2000,"Non-PNA Member","Mathew and Hunter","Fish_caught_in_NonFFA_Member_EEZ",9
2001,"Non-PNA Member","Mathew and Hunter","Fish_caught_in_NonFFA_Member_EEZ",5
2002,"Non-PNA Member","Mathew and Hunter","Fish_caught_in_NonFFA_Member_EEZ",1
2003,"Non-PNA Member","Mathew and Hunter","Fish_caught_in_NonFFA_Member_EEZ",20
2004,"Non-PNA Member","Mathew and Hunter","Fish_caught_in_NonFFA_Member_EEZ",11
2005,"Non-PNA Member","Mathew and Hunter","Fish_caught_in_NonFFA_Member_EEZ",12
2006,"Non-PNA Member","Mathew and Hunter","Fish_caught_in_NonFFA_Member_EEZ",7
2007,"Non-PNA Member","Mathew and Hunter","Fish_caught_in_NonFFA_Member_EEZ",9
2008,"Non-PNA Member","Mathew and Hunter","Fish_caught_in_NonFFA_Member_EEZ",4
2009,"Non-PNA Member","Mathew and Hunter","Fish_caught_in_NonFFA_Member_EEZ",21
2010,"Non-PNA Member","Mathew and Hunter","Fish_caught_in_NonFFA_Member_EEZ",19
2011,"Non-PNA Member","Mathew and Hunter","Fish_caught_in_NonFFA_Member_EEZ",7
2012,"Non-PNA Member","Mathew and Hunter","Fish_caught_in_NonFFA_Member_EEZ",12
2013,"Non-PNA Member","Mathew and Hunter","Fish_caught_in_NonFFA_Member_EEZ",0
2014,"Non-PNA Member","Mathew and Hunter","Fish_caught_in_NonFFA_Member_EEZ",0
2015,"Non-PNA Member","Mathew and Hunter","Fish_caught_in_NonFFA_Member_EEZ",5
2016,"Non-PNA Member","Mathew and Hunter","Fish_caught_in_NonFFA_Member_EEZ",1
2017,"Non-PNA Member","Mathew and Hunter","Fish_caught_in_NonFFA_Member_EEZ",5
2018,"Non-PNA Member","Mathew and Hunter","Fish_caught_in_NonFFA_Member_EEZ",1
2019,"Non-PNA Member","Mathew and Hunter","Fish_caught_in_NonFFA_Member_EEZ",3
2020,"Non-PNA Member","Mathew and Hunter","Fish_caught_in_NonFFA_Member_EEZ",1
2021,"Non-PNA Member","Mathew and Hunter","Fish_caught_in_NonFFA_Member_EEZ",35
2022,"Non-PNA Member","Mathew and Hunter","Fish_caught_in_NonFFA_Member_EEZ",29
2023,"Non-PNA Member","Mathew and Hunter","Fish_caught_in_NonFFA_Member_EEZ",6
1997,"PNA Member","Nauru","Fish_caught_in_NonFFA_Member_EEZ",0
1998,"PNA Member","Nauru","Fish_caught_in_NonFFA_Member_EEZ",0
1999,"PNA Member","Nauru","Fish_caught_in_NonFFA_Member_EEZ",0
2000,"PNA Member","Nauru","Fish_caught_in_NonFFA_Member_EEZ",0
2001,"PNA Member","Nauru","Fish_caught_in_NonFFA_Member_EEZ",0
2002,"PNA Member","Nauru","Fish_caught_in_NonFFA_Member_EEZ",0
2003,"PNA Member","Nauru","Fish_caught_in_NonFFA_Member_EEZ",0
2004,"PNA Member","Nauru","Fish_caught_in_NonFFA_Member_EEZ",0
2005,"PNA Member","Nauru","Fish_caught_in_NonFFA_Member_EEZ",0
2006,"PNA Member","Nauru","Fish_caught_in_NonFFA_Member_EEZ",0
2007,"PNA Member","Nauru","Fish_caught_in_NonFFA_Member_EEZ",0
2008,"PNA Member","Nauru","Fish_caught_in_NonFFA_Member_EEZ",0
2009,"PNA Member","Nauru","Fish_caught_in_NonFFA_Member_EEZ",0
2010,"PNA Member","Nauru","Fish_caught_in_NonFFA_Member_EEZ",0
2011,"PNA Member","Nauru","Fish_caught_in_NonFFA_Member_EEZ",0
2012,"PNA Member","Nauru","Fish_caught_in_NonFFA_Member_EEZ",0
2013,"PNA Member","Nauru","Fish_caught_in_NonFFA_Member_EEZ",0
2014,"PNA Member","Nauru","Fish_caught_in_NonFFA_Member_EEZ",0
2015,"PNA Member","Nauru","Fish_caught_in_NonFFA_Member_EEZ",0
2016,"PNA Member","Nauru","Fish_caught_in_NonFFA_Member_EEZ",0
2017,"PNA Member","Nauru","Fish_caught_in_NonFFA_Member_EEZ",0
2018,"PNA Member","Nauru","Fish_caught_in_NonFFA_Member_EEZ",0
2019,"PNA Member","Nauru","Fish_caught_in_NonFFA_Member_EEZ",0
2020,"PNA Member","Nauru","Fish_caught_in_NonFFA_Member_EEZ",0
2021,"PNA Member","Nauru","Fish_caught_in_NonFFA_Member_EEZ",0
2022,"PNA Member","Nauru","Fish_caught_in_NonFFA_Member_EEZ",0
2023,"PNA Member","Nauru","Fish_caught_in_NonFFA_Member_EEZ",0
1997,"Non-PNA Member","New Caledonia","Fish_caught_in_NonFFA_Member_EEZ",926
1998,"Non-PNA Member","New Caledonia","Fish_caught_in_NonFFA_Member_EEZ",1497
1999,"Non-PNA Member","New Caledonia","Fish_caught_in_NonFFA_Member_EEZ",1567
2000,"Non-PNA Member","New Caledonia","Fish_caught_in_NonFFA_Member_EEZ",1653
2001,"Non-PNA Member","New Caledonia","Fish_caught_in_NonFFA_Member_EEZ",1713
2002,"Non-PNA Member","New Caledonia","Fish_caught_in_NonFFA_Member_EEZ",1925
2003,"Non-PNA Member","New Caledonia","Fish_caught_in_NonFFA_Member_EEZ",2000
2004,"Non-PNA Member","New Caledonia","Fish_caught_in_NonFFA_Member_EEZ",2161
2005,"Non-PNA Member","New Caledonia","Fish_caught_in_NonFFA_Member_EEZ",2109
2006,"Non-PNA Member","New Caledonia","Fish_caught_in_NonFFA_Member_EEZ",1802
2007,"Non-PNA Member","New Caledonia","Fish_caught_in_NonFFA_Member_EEZ",1764
2008,"Non-PNA Member","New Caledonia","Fish_caught_in_NonFFA_Member_EEZ",1982
2009,"Non-PNA Member","New Caledonia","Fish_caught_in_NonFFA_Member_EEZ",2178
2010,"Non-PNA Member","New Caledonia","Fish_caught_in_NonFFA_Member_EEZ",2481
2011,"Non-PNA Member","New Caledonia","Fish_caught_in_NonFFA_Member_EEZ",2360
2012,"Non-PNA Member","New Caledonia","Fish_caught_in_NonFFA_Member_EEZ",2332
2013,"Non-PNA Member","New Caledonia","Fish_caught_in_NonFFA_Member_EEZ",2290
2014,"Non-PNA Member","New Caledonia","Fish_caught_in_NonFFA_Member_EEZ",2426
2015,"Non-PNA Member","New Caledonia","Fish_caught_in_NonFFA_Member_EEZ",2497
2016,"Non-PNA Member","New Caledonia","Fish_caught_in_NonFFA_Member_EEZ",2359
2017,"Non-PNA Member","New Caledonia","Fish_caught_in_NonFFA_Member_EEZ",2363
2018,"Non-PNA Member","New Caledonia","Fish_caught_in_NonFFA_Member_EEZ",2270
2019,"Non-PNA Member","New Caledonia","Fish_caught_in_NonFFA_Member_EEZ",2747
2020,"Non-PNA Member","New Caledonia","Fish_caught_in_NonFFA_Member_EEZ",2467
2021,"Non-PNA Member","New Caledonia","Fish_caught_in_NonFFA_Member_EEZ",2434
2022,"Non-PNA Member","New Caledonia","Fish_caught_in_NonFFA_Member_EEZ",2879
2023,"Non-PNA Member","New Caledonia","Fish_caught_in_NonFFA_Member_EEZ",2515
1997,"Non-PNA Member","New Zealand","Fish_caught_in_NonFFA_Member_EEZ",0
1998,"Non-PNA Member","New Zealand","Fish_caught_in_NonFFA_Member_EEZ",0
1999,"Non-PNA Member","New Zealand","Fish_caught_in_NonFFA_Member_EEZ",0
2000,"Non-PNA Member","New Zealand","Fish_caught_in_NonFFA_Member_EEZ",0
2001,"Non-PNA Member","New Zealand","Fish_caught_in_NonFFA_Member_EEZ",0
2002,"Non-PNA Member","New Zealand","Fish_caught_in_NonFFA_Member_EEZ",0
2003,"Non-PNA Member","New Zealand","Fish_caught_in_NonFFA_Member_EEZ",0
2004,"Non-PNA Member","New Zealand","Fish_caught_in_NonFFA_Member_EEZ",0
2005,"Non-PNA Member","New Zealand","Fish_caught_in_NonFFA_Member_EEZ",0
2006,"Non-PNA Member","New Zealand","Fish_caught_in_NonFFA_Member_EEZ",0
2007,"Non-PNA Member","New Zealand","Fish_caught_in_NonFFA_Member_EEZ",0
2008,"Non-PNA Member","New Zealand","Fish_caught_in_NonFFA_Member_EEZ",0
2009,"Non-PNA Member","New Zealand","Fish_caught_in_NonFFA_Member_EEZ",0
2010,"Non-PNA Member","New Zealand","Fish_caught_in_NonFFA_Member_EEZ",0
2011,"Non-PNA Member","New Zealand","Fish_caught_in_NonFFA_Member_EEZ",0
2012,"Non-PNA Member","New Zealand","Fish_caught_in_NonFFA_Member_EEZ",0
2013,"Non-PNA Member","New Zealand","Fish_caught_in_NonFFA_Member_EEZ",0
2014,"Non-PNA Member","New Zealand","Fish_caught_in_NonFFA_Member_EEZ",0
2015,"Non-PNA Member","New Zealand","Fish_caught_in_NonFFA_Member_EEZ",0
2016,"Non-PNA Member","New Zealand","Fish_caught_in_NonFFA_Member_EEZ",0
2017,"Non-PNA Member","New Zealand","Fish_caught_in_NonFFA_Member_EEZ",0
2018,"Non-PNA Member","New Zealand","Fish_caught_in_NonFFA_Member_EEZ",0
2019,"Non-PNA Member","New Zealand","Fish_caught_in_NonFFA_Member_EEZ",0
2020,"Non-PNA Member","New Zealand","Fish_caught_in_NonFFA_Member_EEZ",0
2021,"Non-PNA Member","New Zealand","Fish_caught_in_NonFFA_Member_EEZ",0
2022,"Non-PNA Member","New Zealand","Fish_caught_in_NonFFA_Member_EEZ",0
2023,"Non-PNA Member","New Zealand","Fish_caught_in_NonFFA_Member_EEZ",0
1997,"Non-PNA Member","Niue","Fish_caught_in_NonFFA_Member_EEZ",0
1998,"Non-PNA Member","Niue","Fish_caught_in_NonFFA_Member_EEZ",0
1999,"Non-PNA Member","Niue","Fish_caught_in_NonFFA_Member_EEZ",0
2000,"Non-PNA Member","Niue","Fish_caught_in_NonFFA_Member_EEZ",0
2001,"Non-PNA Member","Niue","Fish_caught_in_NonFFA_Member_EEZ",0
2002,"Non-PNA Member","Niue","Fish_caught_in_NonFFA_Member_EEZ",0
2003,"Non-PNA Member","Niue","Fish_caught_in_NonFFA_Member_EEZ",0
2004,"Non-PNA Member","Niue","Fish_caught_in_NonFFA_Member_EEZ",0
2005,"Non-PNA Member","Niue","Fish_caught_in_NonFFA_Member_EEZ",0
2006,"Non-PNA Member","Niue","Fish_caught_in_NonFFA_Member_EEZ",0
2007,"Non-PNA Member","Niue","Fish_caught_in_NonFFA_Member_EEZ",0
2008,"Non-PNA Member","Niue","Fish_caught_in_NonFFA_Member_EEZ",0
2009,"Non-PNA Member","Niue","Fish_caught_in_NonFFA_Member_EEZ",0
2010,"Non-PNA Member","Niue","Fish_caught_in_NonFFA_Member_EEZ",0
2011,"Non-PNA Member","Niue","Fish_caught_in_NonFFA_Member_EEZ",0
2012,"Non-PNA Member","Niue","Fish_caught_in_NonFFA_Member_EEZ",0
2013,"Non-PNA Member","Niue","Fish_caught_in_NonFFA_Member_EEZ",0
2014,"Non-PNA Member","Niue","Fish_caught_in_NonFFA_Member_EEZ",0
2015,"Non-PNA Member","Niue","Fish_caught_in_NonFFA_Member_EEZ",0
2016,"Non-PNA Member","Niue","Fish_caught_in_NonFFA_Member_EEZ",0
2017,"Non-PNA Member","Niue","Fish_caught_in_NonFFA_Member_EEZ",0
2018,"Non-PNA Member","Niue","Fish_caught_in_NonFFA_Member_EEZ",0
2019,"Non-PNA Member","Niue","Fish_caught_in_NonFFA_Member_EEZ",0
2020,"Non-PNA Member","Niue","Fish_caught_in_NonFFA_Member_EEZ",0
2021,"Non-PNA Member","Niue","Fish_caught_in_NonFFA_Member_EEZ",0
2022,"Non-PNA Member","Niue","Fish_caught_in_NonFFA_Member_EEZ",0
2023,"Non-PNA Member","Niue","Fish_caught_in_NonFFA_Member_EEZ",0
1997,"Non-PNA Member","Northern Mariana Islands","Fish_caught_in_NonFFA_Member_EEZ",89
1998,"Non-PNA Member","Northern Mariana Islands","Fish_caught_in_NonFFA_Member_EEZ",85
1999,"Non-PNA Member","Northern Mariana Islands","Fish_caught_in_NonFFA_Member_EEZ",59
2000,"Non-PNA Member","Northern Mariana Islands","Fish_caught_in_NonFFA_Member_EEZ",207
2001,"Non-PNA Member","Northern Mariana Islands","Fish_caught_in_NonFFA_Member_EEZ",277
2002,"Non-PNA Member","Northern Mariana Islands","Fish_caught_in_NonFFA_Member_EEZ",184
2003,"Non-PNA Member","Northern Mariana Islands","Fish_caught_in_NonFFA_Member_EEZ",89
2004,"Non-PNA Member","Northern Mariana Islands","Fish_caught_in_NonFFA_Member_EEZ",78
2005,"Non-PNA Member","Northern Mariana Islands","Fish_caught_in_NonFFA_Member_EEZ",130
2006,"Non-PNA Member","Northern Mariana Islands","Fish_caught_in_NonFFA_Member_EEZ",144
2007,"Non-PNA Member","Northern Mariana Islands","Fish_caught_in_NonFFA_Member_EEZ",124
2008,"Non-PNA Member","Northern Mariana Islands","Fish_caught_in_NonFFA_Member_EEZ",85
2009,"Non-PNA Member","Northern Mariana Islands","Fish_caught_in_NonFFA_Member_EEZ",120
2010,"Non-PNA Member","Northern Mariana Islands","Fish_caught_in_NonFFA_Member_EEZ",162
2011,"Non-PNA Member","Northern Mariana Islands","Fish_caught_in_NonFFA_Member_EEZ",120
2012,"Non-PNA Member","Northern Mariana Islands","Fish_caught_in_NonFFA_Member_EEZ",163
2013,"Non-PNA Member","Northern Mariana Islands","Fish_caught_in_NonFFA_Member_EEZ",175
2014,"Non-PNA Member","Northern Mariana Islands","Fish_caught_in_NonFFA_Member_EEZ",117
2015,"Non-PNA Member","Northern Mariana Islands","Fish_caught_in_NonFFA_Member_EEZ",42
2016,"Non-PNA Member","Northern Mariana Islands","Fish_caught_in_NonFFA_Member_EEZ",96
2017,"Non-PNA Member","Northern Mariana Islands","Fish_caught_in_NonFFA_Member_EEZ",115
2018,"Non-PNA Member","Northern Mariana Islands","Fish_caught_in_NonFFA_Member_EEZ",175
2019,"Non-PNA Member","Northern Mariana Islands","Fish_caught_in_NonFFA_Member_EEZ",174
2020,"Non-PNA Member","Northern Mariana Islands","Fish_caught_in_NonFFA_Member_EEZ",119
2021,"Non-PNA Member","Northern Mariana Islands","Fish_caught_in_NonFFA_Member_EEZ",148
2022,"Non-PNA Member","Northern Mariana Islands","Fish_caught_in_NonFFA_Member_EEZ",66
2023,"Non-PNA Member","Northern Mariana Islands","Fish_caught_in_NonFFA_Member_EEZ",66
1997,"PNA Member","Palau","Fish_caught_in_NonFFA_Member_EEZ",0
1998,"PNA Member","Palau","Fish_caught_in_NonFFA_Member_EEZ",0
1999,"PNA Member","Palau","Fish_caught_in_NonFFA_Member_EEZ",0
2000,"PNA Member","Palau","Fish_caught_in_NonFFA_Member_EEZ",0
2001,"PNA Member","Palau","Fish_caught_in_NonFFA_Member_EEZ",0
2002,"PNA Member","Palau","Fish_caught_in_NonFFA_Member_EEZ",0
2003,"PNA Member","Palau","Fish_caught_in_NonFFA_Member_EEZ",0
2004,"PNA Member","Palau","Fish_caught_in_NonFFA_Member_EEZ",0
2005,"PNA Member","Palau","Fish_caught_in_NonFFA_Member_EEZ",0
2006,"PNA Member","Palau","Fish_caught_in_NonFFA_Member_EEZ",0
2007,"PNA Member","Palau","Fish_caught_in_NonFFA_Member_EEZ",0
2008,"PNA Member","Palau","Fish_caught_in_NonFFA_Member_EEZ",0
2009,"PNA Member","Palau","Fish_caught_in_NonFFA_Member_EEZ",0
2010,"PNA Member","Palau","Fish_caught_in_NonFFA_Member_EEZ",0
2011,"PNA Member","Palau","Fish_caught_in_NonFFA_Member_EEZ",0
2012,"PNA Member","Palau","Fish_caught_in_NonFFA_Member_EEZ",0
2013,"PNA Member","Palau","Fish_caught_in_NonFFA_Member_EEZ",0
2014,"PNA Member","Palau","Fish_caught_in_NonFFA_Member_EEZ",0
2015,"PNA Member","Palau","Fish_caught_in_NonFFA_Member_EEZ",0
2016,"PNA Member","Palau","Fish_caught_in_NonFFA_Member_EEZ",0
2017,"PNA Member","Palau","Fish_caught_in_NonFFA_Member_EEZ",0
2018,"PNA Member","Palau","Fish_caught_in_NonFFA_Member_EEZ",0
2019,"PNA Member","Palau","Fish_caught_in_NonFFA_Member_EEZ",0
2020,"PNA Member","Palau","Fish_caught_in_NonFFA_Member_EEZ",0
2021,"PNA Member","Palau","Fish_caught_in_NonFFA_Member_EEZ",0
2022,"PNA Member","Palau","Fish_caught_in_NonFFA_Member_EEZ",0
2023,"PNA Member","Palau","Fish_caught_in_NonFFA_Member_EEZ",0
1997,"Non-PNA Member","Philippines","Fish_caught_in_NonFFA_Member_EEZ",173753
1998,"Non-PNA Member","Philippines","Fish_caught_in_NonFFA_Member_EEZ",191743
1999,"Non-PNA Member","Philippines","Fish_caught_in_NonFFA_Member_EEZ",194899
2000,"Non-PNA Member","Philippines","Fish_caught_in_NonFFA_Member_EEZ",199003
2001,"Non-PNA Member","Philippines","Fish_caught_in_NonFFA_Member_EEZ",185060
2002,"Non-PNA Member","Philippines","Fish_caught_in_NonFFA_Member_EEZ",205311
2003,"Non-PNA Member","Philippines","Fish_caught_in_NonFFA_Member_EEZ",259729
2004,"Non-PNA Member","Philippines","Fish_caught_in_NonFFA_Member_EEZ",266705
2005,"Non-PNA Member","Philippines","Fish_caught_in_NonFFA_Member_EEZ",273277
2006,"Non-PNA Member","Philippines","Fish_caught_in_NonFFA_Member_EEZ",300395
2007,"Non-PNA Member","Philippines","Fish_caught_in_NonFFA_Member_EEZ",346832
2008,"Non-PNA Member","Philippines","Fish_caught_in_NonFFA_Member_EEZ",370658
2009,"Non-PNA Member","Philippines","Fish_caught_in_NonFFA_Member_EEZ",266721
2010,"Non-PNA Member","Philippines","Fish_caught_in_NonFFA_Member_EEZ",212163
2011,"Non-PNA Member","Philippines","Fish_caught_in_NonFFA_Member_EEZ",113102
2012,"Non-PNA Member","Philippines","Fish_caught_in_NonFFA_Member_EEZ",121095
2013,"Non-PNA Member","Philippines","Fish_caught_in_NonFFA_Member_EEZ",132279
2014,"Non-PNA Member","Philippines","Fish_caught_in_NonFFA_Member_EEZ",154820
2015,"Non-PNA Member","Philippines","Fish_caught_in_NonFFA_Member_EEZ",148196
2016,"Non-PNA Member","Philippines","Fish_caught_in_NonFFA_Member_EEZ",120892
2017,"Non-PNA Member","Philippines","Fish_caught_in_NonFFA_Member_EEZ",145895
2018,"Non-PNA Member","Philippines","Fish_caught_in_NonFFA_Member_EEZ",123404
2019,"Non-PNA Member","Philippines","Fish_caught_in_NonFFA_Member_EEZ",131428
2020,"Non-PNA Member","Philippines","Fish_caught_in_NonFFA_Member_EEZ",155285
2021,"Non-PNA Member","Philippines","Fish_caught_in_NonFFA_Member_EEZ",156196
2022,"Non-PNA Member","Philippines","Fish_caught_in_NonFFA_Member_EEZ",126451
2023,"Non-PNA Member","Philippines","Fish_caught_in_NonFFA_Member_EEZ",138311
1997,"PNA Member","PNG","Fish_caught_in_NonFFA_Member_EEZ",0
1998,"PNA Member","PNG","Fish_caught_in_NonFFA_Member_EEZ",0
1999,"PNA Member","PNG","Fish_caught_in_NonFFA_Member_EEZ",0
2000,"PNA Member","PNG","Fish_caught_in_NonFFA_Member_EEZ",0
2001,"PNA Member","PNG","Fish_caught_in_NonFFA_Member_EEZ",0
2002,"PNA Member","PNG","Fish_caught_in_NonFFA_Member_EEZ",0
2003,"PNA Member","PNG","Fish_caught_in_NonFFA_Member_EEZ",0
2004,"PNA Member","PNG","Fish_caught_in_NonFFA_Member_EEZ",0
2005,"PNA Member","PNG","Fish_caught_in_NonFFA_Member_EEZ",0
2006,"PNA Member","PNG","Fish_caught_in_NonFFA_Member_EEZ",0
2007,"PNA Member","PNG","Fish_caught_in_NonFFA_Member_EEZ",0
2008,"PNA Member","PNG","Fish_caught_in_NonFFA_Member_EEZ",0
2009,"PNA Member","PNG","Fish_caught_in_NonFFA_Member_EEZ",0
2010,"PNA Member","PNG","Fish_caught_in_NonFFA_Member_EEZ",0
2011,"PNA Member","PNG","Fish_caught_in_NonFFA_Member_EEZ",0
2012,"PNA Member","PNG","Fish_caught_in_NonFFA_Member_EEZ",0
2013,"PNA Member","PNG","Fish_caught_in_NonFFA_Member_EEZ",0
2014,"PNA Member","PNG","Fish_caught_in_NonFFA_Member_EEZ",0
2015,"PNA Member","PNG","Fish_caught_in_NonFFA_Member_EEZ",0
2016,"PNA Member","PNG","Fish_caught_in_NonFFA_Member_EEZ",0
2017,"PNA Member","PNG","Fish_caught_in_NonFFA_Member_EEZ",0
2018,"PNA Member","PNG","Fish_caught_in_NonFFA_Member_EEZ",0
2019,"PNA Member","PNG","Fish_caught_in_NonFFA_Member_EEZ",0
2020,"PNA Member","PNG","Fish_caught_in_NonFFA_Member_EEZ",0
2021,"PNA Member","PNG","Fish_caught_in_NonFFA_Member_EEZ",0
2022,"PNA Member","PNG","Fish_caught_in_NonFFA_Member_EEZ",0
2023,"PNA Member","PNG","Fish_caught_in_NonFFA_Member_EEZ",0
1997,"Non-PNA Member","Portugal","Fish_caught_in_NonFFA_Member_EEZ",0
1998,"Non-PNA Member","Portugal","Fish_caught_in_NonFFA_Member_EEZ",0
1999,"Non-PNA Member","Portugal","Fish_caught_in_NonFFA_Member_EEZ",0
2000,"Non-PNA Member","Portugal","Fish_caught_in_NonFFA_Member_EEZ",0
2001,"Non-PNA Member","Portugal","Fish_caught_in_NonFFA_Member_EEZ",0
2002,"Non-PNA Member","Portugal","Fish_caught_in_NonFFA_Member_EEZ",0
2003,"Non-PNA Member","Portugal","Fish_caught_in_NonFFA_Member_EEZ",0
2004,"Non-PNA Member","Portugal","Fish_caught_in_NonFFA_Member_EEZ",0
2005,"Non-PNA Member","Portugal","Fish_caught_in_NonFFA_Member_EEZ",0
2006,"Non-PNA Member","Portugal","Fish_caught_in_NonFFA_Member_EEZ",0
2007,"Non-PNA Member","Portugal","Fish_caught_in_NonFFA_Member_EEZ",0
2008,"Non-PNA Member","Portugal","Fish_caught_in_NonFFA_Member_EEZ",0
2009,"Non-PNA Member","Portugal","Fish_caught_in_NonFFA_Member_EEZ",0
2010,"Non-PNA Member","Portugal","Fish_caught_in_NonFFA_Member_EEZ",0
2011,"Non-PNA Member","Portugal","Fish_caught_in_NonFFA_Member_EEZ",0
2012,"Non-PNA Member","Portugal","Fish_caught_in_NonFFA_Member_EEZ",0
2013,"Non-PNA Member","Portugal","Fish_caught_in_NonFFA_Member_EEZ",0
2014,"Non-PNA Member","Portugal","Fish_caught_in_NonFFA_Member_EEZ",0
2015,"Non-PNA Member","Portugal","Fish_caught_in_NonFFA_Member_EEZ",0
2016,"Non-PNA Member","Portugal","Fish_caught_in_NonFFA_Member_EEZ",0
2017,"Non-PNA Member","Portugal","Fish_caught_in_NonFFA_Member_EEZ",0
2018,"Non-PNA Member","Portugal","Fish_caught_in_NonFFA_Member_EEZ",0
2019,"Non-PNA Member","Portugal","Fish_caught_in_NonFFA_Member_EEZ",0
2020,"Non-PNA Member","Portugal","Fish_caught_in_NonFFA_Member_EEZ",0
2021,"Non-PNA Member","Portugal","Fish_caught_in_NonFFA_Member_EEZ",0
2022,"Non-PNA Member","Portugal","Fish_caught_in_NonFFA_Member_EEZ",0
2023,"Non-PNA Member","Portugal","Fish_caught_in_NonFFA_Member_EEZ",0
1997,"Non-PNA Member","Samoa","Fish_caught_in_NonFFA_Member_EEZ",0
1998,"Non-PNA Member","Samoa","Fish_caught_in_NonFFA_Member_EEZ",0
1999,"Non-PNA Member","Samoa","Fish_caught_in_NonFFA_Member_EEZ",0
2000,"Non-PNA Member","Samoa","Fish_caught_in_NonFFA_Member_EEZ",0
2001,"Non-PNA Member","Samoa","Fish_caught_in_NonFFA_Member_EEZ",0
2002,"Non-PNA Member","Samoa","Fish_caught_in_NonFFA_Member_EEZ",0
2003,"Non-PNA Member","Samoa","Fish_caught_in_NonFFA_Member_EEZ",0
2004,"Non-PNA Member","Samoa","Fish_caught_in_NonFFA_Member_EEZ",0
2005,"Non-PNA Member","Samoa","Fish_caught_in_NonFFA_Member_EEZ",0
2006,"Non-PNA Member","Samoa","Fish_caught_in_NonFFA_Member_EEZ",0
2007,"Non-PNA Member","Samoa","Fish_caught_in_NonFFA_Member_EEZ",0
2008,"Non-PNA Member","Samoa","Fish_caught_in_NonFFA_Member_EEZ",0
2009,"Non-PNA Member","Samoa","Fish_caught_in_NonFFA_Member_EEZ",0
2010,"Non-PNA Member","Samoa","Fish_caught_in_NonFFA_Member_EEZ",0
2011,"Non-PNA Member","Samoa","Fish_caught_in_NonFFA_Member_EEZ",0
2012,"Non-PNA Member","Samoa","Fish_caught_in_NonFFA_Member_EEZ",0
2013,"Non-PNA Member","Samoa","Fish_caught_in_NonFFA_Member_EEZ",0
2014,"Non-PNA Member","Samoa","Fish_caught_in_NonFFA_Member_EEZ",0
2015,"Non-PNA Member","Samoa","Fish_caught_in_NonFFA_Member_EEZ",0
2016,"Non-PNA Member","Samoa","Fish_caught_in_NonFFA_Member_EEZ",0
2017,"Non-PNA Member","Samoa","Fish_caught_in_NonFFA_Member_EEZ",0
2018,"Non-PNA Member","Samoa","Fish_caught_in_NonFFA_Member_EEZ",0
2019,"Non-PNA Member","Samoa","Fish_caught_in_NonFFA_Member_EEZ",0
2020,"Non-PNA Member","Samoa","Fish_caught_in_NonFFA_Member_EEZ",0
2021,"Non-PNA Member","Samoa","Fish_caught_in_NonFFA_Member_EEZ",0
2022,"Non-PNA Member","Samoa","Fish_caught_in_NonFFA_Member_EEZ",0
2023,"Non-PNA Member","Samoa","Fish_caught_in_NonFFA_Member_EEZ",0
1997,"Non-PNA Member","Senegal","Fish_caught_in_NonFFA_Member_EEZ",0
1998,"Non-PNA Member","Senegal","Fish_caught_in_NonFFA_Member_EEZ",0
1999,"Non-PNA Member","Senegal","Fish_caught_in_NonFFA_Member_EEZ",0
2000,"Non-PNA Member","Senegal","Fish_caught_in_NonFFA_Member_EEZ",0
2001,"Non-PNA Member","Senegal","Fish_caught_in_NonFFA_Member_EEZ",0
2002,"Non-PNA Member","Senegal","Fish_caught_in_NonFFA_Member_EEZ",0
2003,"Non-PNA Member","Senegal","Fish_caught_in_NonFFA_Member_EEZ",0
2004,"Non-PNA Member","Senegal","Fish_caught_in_NonFFA_Member_EEZ",0
2005,"Non-PNA Member","Senegal","Fish_caught_in_NonFFA_Member_EEZ",0
2006,"Non-PNA Member","Senegal","Fish_caught_in_NonFFA_Member_EEZ",0
2007,"Non-PNA Member","Senegal","Fish_caught_in_NonFFA_Member_EEZ",0
2008,"Non-PNA Member","Senegal","Fish_caught_in_NonFFA_Member_EEZ",0
2009,"Non-PNA Member","Senegal","Fish_caught_in_NonFFA_Member_EEZ",0
2010,"Non-PNA Member","Senegal","Fish_caught_in_NonFFA_Member_EEZ",0
2011,"Non-PNA Member","Senegal","Fish_caught_in_NonFFA_Member_EEZ",0
2012,"Non-PNA Member","Senegal","Fish_caught_in_NonFFA_Member_EEZ",0
2013,"Non-PNA Member","Senegal","Fish_caught_in_NonFFA_Member_EEZ",0
2014,"Non-PNA Member","Senegal","Fish_caught_in_NonFFA_Member_EEZ",0
2015,"Non-PNA Member","Senegal","Fish_caught_in_NonFFA_Member_EEZ",0
2016,"Non-PNA Member","Senegal","Fish_caught_in_NonFFA_Member_EEZ",0
2017,"Non-PNA Member","Senegal","Fish_caught_in_NonFFA_Member_EEZ",0
2018,"Non-PNA Member","Senegal","Fish_caught_in_NonFFA_Member_EEZ",0
2019,"Non-PNA Member","Senegal","Fish_caught_in_NonFFA_Member_EEZ",0
2020,"Non-PNA Member","Senegal","Fish_caught_in_NonFFA_Member_EEZ",0
2021,"Non-PNA Member","Senegal","Fish_caught_in_NonFFA_Member_EEZ",0
2022,"Non-PNA Member","Senegal","Fish_caught_in_NonFFA_Member_EEZ",0
2023,"Non-PNA Member","Senegal","Fish_caught_in_NonFFA_Member_EEZ",0
1997,"PNA Member","Solomon  Islands","Fish_caught_in_NonFFA_Member_EEZ",0
1998,"PNA Member","Solomon  Islands","Fish_caught_in_NonFFA_Member_EEZ",0
1999,"PNA Member","Solomon  Islands","Fish_caught_in_NonFFA_Member_EEZ",0
2000,"PNA Member","Solomon  Islands","Fish_caught_in_NonFFA_Member_EEZ",0
2001,"PNA Member","Solomon  Islands","Fish_caught_in_NonFFA_Member_EEZ",0
2002,"PNA Member","Solomon  Islands","Fish_caught_in_NonFFA_Member_EEZ",0
2003,"PNA Member","Solomon  Islands","Fish_caught_in_NonFFA_Member_EEZ",0
2004,"PNA Member","Solomon  Islands","Fish_caught_in_NonFFA_Member_EEZ",0
2005,"PNA Member","Solomon  Islands","Fish_caught_in_NonFFA_Member_EEZ",0
2006,"PNA Member","Solomon  Islands","Fish_caught_in_NonFFA_Member_EEZ",0
2007,"PNA Member","Solomon  Islands","Fish_caught_in_NonFFA_Member_EEZ",0
2008,"PNA Member","Solomon  Islands","Fish_caught_in_NonFFA_Member_EEZ",0
2009,"PNA Member","Solomon  Islands","Fish_caught_in_NonFFA_Member_EEZ",0
2010,"PNA Member","Solomon  Islands","Fish_caught_in_NonFFA_Member_EEZ",0
2011,"PNA Member","Solomon  Islands","Fish_caught_in_NonFFA_Member_EEZ",0
2012,"PNA Member","Solomon  Islands","Fish_caught_in_NonFFA_Member_EEZ",0
2013,"PNA Member","Solomon  Islands","Fish_caught_in_NonFFA_Member_EEZ",0
2014,"PNA Member","Solomon  Islands","Fish_caught_in_NonFFA_Member_EEZ",0
2015,"PNA Member","Solomon  Islands","Fish_caught_in_NonFFA_Member_EEZ",0
2016,"PNA Member","Solomon  Islands","Fish_caught_in_NonFFA_Member_EEZ",0
2017,"PNA Member","Solomon  Islands","Fish_caught_in_NonFFA_Member_EEZ",0
2018,"PNA Member","Solomon  Islands","Fish_caught_in_NonFFA_Member_EEZ",0
2019,"PNA Member","Solomon  Islands","Fish_caught_in_NonFFA_Member_EEZ",0
2020,"PNA Member","Solomon  Islands","Fish_caught_in_NonFFA_Member_EEZ",0
2021,"PNA Member","Solomon  Islands","Fish_caught_in_NonFFA_Member_EEZ",0
2022,"PNA Member","Solomon  Islands","Fish_caught_in_NonFFA_Member_EEZ",0
2023,"PNA Member","Solomon  Islands","Fish_caught_in_NonFFA_Member_EEZ",0
1997,"Non-PNA Member","Spain","Fish_caught_in_NonFFA_Member_EEZ",0
1998,"Non-PNA Member","Spain","Fish_caught_in_NonFFA_Member_EEZ",0
1999,"Non-PNA Member","Spain","Fish_caught_in_NonFFA_Member_EEZ",0
2000,"Non-PNA Member","Spain","Fish_caught_in_NonFFA_Member_EEZ",0
2001,"Non-PNA Member","Spain","Fish_caught_in_NonFFA_Member_EEZ",0
2002,"Non-PNA Member","Spain","Fish_caught_in_NonFFA_Member_EEZ",0
2003,"Non-PNA Member","Spain","Fish_caught_in_NonFFA_Member_EEZ",0
2004,"Non-PNA Member","Spain","Fish_caught_in_NonFFA_Member_EEZ",0
2005,"Non-PNA Member","Spain","Fish_caught_in_NonFFA_Member_EEZ",0
2006,"Non-PNA Member","Spain","Fish_caught_in_NonFFA_Member_EEZ",0
2007,"Non-PNA Member","Spain","Fish_caught_in_NonFFA_Member_EEZ",0
2008,"Non-PNA Member","Spain","Fish_caught_in_NonFFA_Member_EEZ",0
2009,"Non-PNA Member","Spain","Fish_caught_in_NonFFA_Member_EEZ",0
2010,"Non-PNA Member","Spain","Fish_caught_in_NonFFA_Member_EEZ",0
2011,"Non-PNA Member","Spain","Fish_caught_in_NonFFA_Member_EEZ",0
2012,"Non-PNA Member","Spain","Fish_caught_in_NonFFA_Member_EEZ",0
2013,"Non-PNA Member","Spain","Fish_caught_in_NonFFA_Member_EEZ",0
2014,"Non-PNA Member","Spain","Fish_caught_in_NonFFA_Member_EEZ",0
2015,"Non-PNA Member","Spain","Fish_caught_in_NonFFA_Member_EEZ",0
2016,"Non-PNA Member","Spain","Fish_caught_in_NonFFA_Member_EEZ",0
2017,"Non-PNA Member","Spain","Fish_caught_in_NonFFA_Member_EEZ",0
2018,"Non-PNA Member","Spain","Fish_caught_in_NonFFA_Member_EEZ",0
2019,"Non-PNA Member","Spain","Fish_caught_in_NonFFA_Member_EEZ",0
2020,"Non-PNA Member","Spain","Fish_caught_in_NonFFA_Member_EEZ",0
2021,"Non-PNA Member","Spain","Fish_caught_in_NonFFA_Member_EEZ",0
2022,"Non-PNA Member","Spain","Fish_caught_in_NonFFA_Member_EEZ",0
2023,"Non-PNA Member","Spain","Fish_caught_in_NonFFA_Member_EEZ",0
1997,"Non-PNA Member","Taiwan","Fish_caught_in_NonFFA_Member_EEZ",1495
1998,"Non-PNA Member","Taiwan","Fish_caught_in_NonFFA_Member_EEZ",0
1999,"Non-PNA Member","Taiwan","Fish_caught_in_NonFFA_Member_EEZ",0
2000,"Non-PNA Member","Taiwan","Fish_caught_in_NonFFA_Member_EEZ",0
2001,"Non-PNA Member","Taiwan","Fish_caught_in_NonFFA_Member_EEZ",848
2002,"Non-PNA Member","Taiwan","Fish_caught_in_NonFFA_Member_EEZ",987
2003,"Non-PNA Member","Taiwan","Fish_caught_in_NonFFA_Member_EEZ",1980
2004,"Non-PNA Member","Taiwan","Fish_caught_in_NonFFA_Member_EEZ",2473
2005,"Non-PNA Member","Taiwan","Fish_caught_in_NonFFA_Member_EEZ",607
2006,"Non-PNA Member","Taiwan","Fish_caught_in_NonFFA_Member_EEZ",1231
2007,"Non-PNA Member","Taiwan","Fish_caught_in_NonFFA_Member_EEZ",1994
2008,"Non-PNA Member","Taiwan","Fish_caught_in_NonFFA_Member_EEZ",2528
2009,"Non-PNA Member","Taiwan","Fish_caught_in_NonFFA_Member_EEZ",2790
2010,"Non-PNA Member","Taiwan","Fish_caught_in_NonFFA_Member_EEZ",2939
2011,"Non-PNA Member","Taiwan","Fish_caught_in_NonFFA_Member_EEZ",3961
2012,"Non-PNA Member","Taiwan","Fish_caught_in_NonFFA_Member_EEZ",4054
2013,"Non-PNA Member","Taiwan","Fish_caught_in_NonFFA_Member_EEZ",4510
2014,"Non-PNA Member","Taiwan","Fish_caught_in_NonFFA_Member_EEZ",4510
2015,"Non-PNA Member","Taiwan","Fish_caught_in_NonFFA_Member_EEZ",4510
2016,"Non-PNA Member","Taiwan","Fish_caught_in_NonFFA_Member_EEZ",4510
2017,"Non-PNA Member","Taiwan","Fish_caught_in_NonFFA_Member_EEZ",4566
2018,"Non-PNA Member","Taiwan","Fish_caught_in_NonFFA_Member_EEZ",4532
2019,"Non-PNA Member","Taiwan","Fish_caught_in_NonFFA_Member_EEZ",4522
2020,"Non-PNA Member","Taiwan","Fish_caught_in_NonFFA_Member_EEZ",4527
2021,"Non-PNA Member","Taiwan","Fish_caught_in_NonFFA_Member_EEZ",4530
2022,"Non-PNA Member","Taiwan","Fish_caught_in_NonFFA_Member_EEZ",4516
2023,"Non-PNA Member","Taiwan","Fish_caught_in_NonFFA_Member_EEZ",4517
1997,"PNA Member","Tokelau","Fish_caught_in_NonFFA_Member_EEZ",0
1998,"PNA Member","Tokelau","Fish_caught_in_NonFFA_Member_EEZ",0
1999,"PNA Member","Tokelau","Fish_caught_in_NonFFA_Member_EEZ",0
2000,"PNA Member","Tokelau","Fish_caught_in_NonFFA_Member_EEZ",0
2001,"PNA Member","Tokelau","Fish_caught_in_NonFFA_Member_EEZ",0
2002,"PNA Member","Tokelau","Fish_caught_in_NonFFA_Member_EEZ",0
2003,"PNA Member","Tokelau","Fish_caught_in_NonFFA_Member_EEZ",0
2004,"PNA Member","Tokelau","Fish_caught_in_NonFFA_Member_EEZ",0
2005,"PNA Member","Tokelau","Fish_caught_in_NonFFA_Member_EEZ",0
2006,"PNA Member","Tokelau","Fish_caught_in_NonFFA_Member_EEZ",0
2007,"PNA Member","Tokelau","Fish_caught_in_NonFFA_Member_EEZ",0
2008,"PNA Member","Tokelau","Fish_caught_in_NonFFA_Member_EEZ",0
2009,"PNA Member","Tokelau","Fish_caught_in_NonFFA_Member_EEZ",0
2010,"PNA Member","Tokelau","Fish_caught_in_NonFFA_Member_EEZ",0
2011,"PNA Member","Tokelau","Fish_caught_in_NonFFA_Member_EEZ",0
2012,"PNA Member","Tokelau","Fish_caught_in_NonFFA_Member_EEZ",0
2013,"PNA Member","Tokelau","Fish_caught_in_NonFFA_Member_EEZ",0
2014,"PNA Member","Tokelau","Fish_caught_in_NonFFA_Member_EEZ",0
2015,"PNA Member","Tokelau","Fish_caught_in_NonFFA_Member_EEZ",0
2016,"PNA Member","Tokelau","Fish_caught_in_NonFFA_Member_EEZ",0
2017,"PNA Member","Tokelau","Fish_caught_in_NonFFA_Member_EEZ",0
2018,"PNA Member","Tokelau","Fish_caught_in_NonFFA_Member_EEZ",0
2019,"PNA Member","Tokelau","Fish_caught_in_NonFFA_Member_EEZ",0
2020,"PNA Member","Tokelau","Fish_caught_in_NonFFA_Member_EEZ",0
2021,"PNA Member","Tokelau","Fish_caught_in_NonFFA_Member_EEZ",0
2022,"PNA Member","Tokelau","Fish_caught_in_NonFFA_Member_EEZ",0
2023,"PNA Member","Tokelau","Fish_caught_in_NonFFA_Member_EEZ",0
1997,"Non-PNA Member","Tonga","Fish_caught_in_NonFFA_Member_EEZ",0
1998,"Non-PNA Member","Tonga","Fish_caught_in_NonFFA_Member_EEZ",0
1999,"Non-PNA Member","Tonga","Fish_caught_in_NonFFA_Member_EEZ",0
2000,"Non-PNA Member","Tonga","Fish_caught_in_NonFFA_Member_EEZ",0
2001,"Non-PNA Member","Tonga","Fish_caught_in_NonFFA_Member_EEZ",0
2002,"Non-PNA Member","Tonga","Fish_caught_in_NonFFA_Member_EEZ",0
2003,"Non-PNA Member","Tonga","Fish_caught_in_NonFFA_Member_EEZ",0
2004,"Non-PNA Member","Tonga","Fish_caught_in_NonFFA_Member_EEZ",0
2005,"Non-PNA Member","Tonga","Fish_caught_in_NonFFA_Member_EEZ",0
2006,"Non-PNA Member","Tonga","Fish_caught_in_NonFFA_Member_EEZ",0
2007,"Non-PNA Member","Tonga","Fish_caught_in_NonFFA_Member_EEZ",0
2008,"Non-PNA Member","Tonga","Fish_caught_in_NonFFA_Member_EEZ",0
2009,"Non-PNA Member","Tonga","Fish_caught_in_NonFFA_Member_EEZ",0
2010,"Non-PNA Member","Tonga","Fish_caught_in_NonFFA_Member_EEZ",0
2011,"Non-PNA Member","Tonga","Fish_caught_in_NonFFA_Member_EEZ",0
2012,"Non-PNA Member","Tonga","Fish_caught_in_NonFFA_Member_EEZ",0
2013,"Non-PNA Member","Tonga","Fish_caught_in_NonFFA_Member_EEZ",0
2014,"Non-PNA Member","Tonga","Fish_caught_in_NonFFA_Member_EEZ",0
2015,"Non-PNA Member","Tonga","Fish_caught_in_NonFFA_Member_EEZ",0
2016,"Non-PNA Member","Tonga","Fish_caught_in_NonFFA_Member_EEZ",0
2017,"Non-PNA Member","Tonga","Fish_caught_in_NonFFA_Member_EEZ",0
2018,"Non-PNA Member","Tonga","Fish_caught_in_NonFFA_Member_EEZ",0
2019,"Non-PNA Member","Tonga","Fish_caught_in_NonFFA_Member_EEZ",0
2020,"Non-PNA Member","Tonga","Fish_caught_in_NonFFA_Member_EEZ",0
2021,"Non-PNA Member","Tonga","Fish_caught_in_NonFFA_Member_EEZ",0
2022,"Non-PNA Member","Tonga","Fish_caught_in_NonFFA_Member_EEZ",0
2023,"Non-PNA Member","Tonga","Fish_caught_in_NonFFA_Member_EEZ",0
1997,"PNA Member","Tuvalu","Fish_caught_in_NonFFA_Member_EEZ",0
1998,"PNA Member","Tuvalu","Fish_caught_in_NonFFA_Member_EEZ",0
1999,"PNA Member","Tuvalu","Fish_caught_in_NonFFA_Member_EEZ",0
2000,"PNA Member","Tuvalu","Fish_caught_in_NonFFA_Member_EEZ",0
2001,"PNA Member","Tuvalu","Fish_caught_in_NonFFA_Member_EEZ",0
2002,"PNA Member","Tuvalu","Fish_caught_in_NonFFA_Member_EEZ",0
2003,"PNA Member","Tuvalu","Fish_caught_in_NonFFA_Member_EEZ",0
2004,"PNA Member","Tuvalu","Fish_caught_in_NonFFA_Member_EEZ",0
2005,"PNA Member","Tuvalu","Fish_caught_in_NonFFA_Member_EEZ",0
2006,"PNA Member","Tuvalu","Fish_caught_in_NonFFA_Member_EEZ",0
2007,"PNA Member","Tuvalu","Fish_caught_in_NonFFA_Member_EEZ",0
2008,"PNA Member","Tuvalu","Fish_caught_in_NonFFA_Member_EEZ",0
2009,"PNA Member","Tuvalu","Fish_caught_in_NonFFA_Member_EEZ",0
2010,"PNA Member","Tuvalu","Fish_caught_in_NonFFA_Member_EEZ",0
2011,"PNA Member","Tuvalu","Fish_caught_in_NonFFA_Member_EEZ",0
2012,"PNA Member","Tuvalu","Fish_caught_in_NonFFA_Member_EEZ",0
2013,"PNA Member","Tuvalu","Fish_caught_in_NonFFA_Member_EEZ",0
2014,"PNA Member","Tuvalu","Fish_caught_in_NonFFA_Member_EEZ",0
2015,"PNA Member","Tuvalu","Fish_caught_in_NonFFA_Member_EEZ",0
2016,"PNA Member","Tuvalu","Fish_caught_in_NonFFA_Member_EEZ",0
2017,"PNA Member","Tuvalu","Fish_caught_in_NonFFA_Member_EEZ",0
2018,"PNA Member","Tuvalu","Fish_caught_in_NonFFA_Member_EEZ",0
2019,"PNA Member","Tuvalu","Fish_caught_in_NonFFA_Member_EEZ",0
2020,"PNA Member","Tuvalu","Fish_caught_in_NonFFA_Member_EEZ",0
2021,"PNA Member","Tuvalu","Fish_caught_in_NonFFA_Member_EEZ",0
2022,"PNA Member","Tuvalu","Fish_caught_in_NonFFA_Member_EEZ",0
2023,"PNA Member","Tuvalu","Fish_caught_in_NonFFA_Member_EEZ",0
1997,"Non-PNA Member","US","Fish_caught_in_NonFFA_Member_EEZ",0
1998,"Non-PNA Member","US","Fish_caught_in_NonFFA_Member_EEZ",0
1999,"Non-PNA Member","US","Fish_caught_in_NonFFA_Member_EEZ",0
2000,"Non-PNA Member","US","Fish_caught_in_NonFFA_Member_EEZ",0
2001,"Non-PNA Member","US","Fish_caught_in_NonFFA_Member_EEZ",0
2002,"Non-PNA Member","US","Fish_caught_in_NonFFA_Member_EEZ",0
2003,"Non-PNA Member","US","Fish_caught_in_NonFFA_Member_EEZ",0
2004,"Non-PNA Member","US","Fish_caught_in_NonFFA_Member_EEZ",0
2005,"Non-PNA Member","US","Fish_caught_in_NonFFA_Member_EEZ",0
2006,"Non-PNA Member","US","Fish_caught_in_NonFFA_Member_EEZ",0
2007,"Non-PNA Member","US","Fish_caught_in_NonFFA_Member_EEZ",0
2008,"Non-PNA Member","US","Fish_caught_in_NonFFA_Member_EEZ",0
2009,"Non-PNA Member","US","Fish_caught_in_NonFFA_Member_EEZ",0
2010,"Non-PNA Member","US","Fish_caught_in_NonFFA_Member_EEZ",0
2011,"Non-PNA Member","US","Fish_caught_in_NonFFA_Member_EEZ",0
2012,"Non-PNA Member","US","Fish_caught_in_NonFFA_Member_EEZ",0
2013,"Non-PNA Member","US","Fish_caught_in_NonFFA_Member_EEZ",0
2014,"Non-PNA Member","US","Fish_caught_in_NonFFA_Member_EEZ",0
2015,"Non-PNA Member","US","Fish_caught_in_NonFFA_Member_EEZ",0
2016,"Non-PNA Member","US","Fish_caught_in_NonFFA_Member_EEZ",0
2017,"Non-PNA Member","US","Fish_caught_in_NonFFA_Member_EEZ",0
2018,"Non-PNA Member","US","Fish_caught_in_NonFFA_Member_EEZ",0
2019,"Non-PNA Member","US","Fish_caught_in_NonFFA_Member_EEZ",0
2020,"Non-PNA Member","US","Fish_caught_in_NonFFA_Member_EEZ",0
2021,"Non-PNA Member","US","Fish_caught_in_NonFFA_Member_EEZ",0
2022,"Non-PNA Member","US","Fish_caught_in_NonFFA_Member_EEZ",0
2023,"Non-PNA Member","US","Fish_caught_in_NonFFA_Member_EEZ",0
1997,"Non-PNA Member","US (includes territories, ex Am Samoa)","Fish_caught_in_NonFFA_Member_EEZ",42400
1998,"Non-PNA Member","US (includes territories, ex Am Samoa)","Fish_caught_in_NonFFA_Member_EEZ",26453
1999,"Non-PNA Member","US (includes territories, ex Am Samoa)","Fish_caught_in_NonFFA_Member_EEZ",16426
2000,"Non-PNA Member","US (includes territories, ex Am Samoa)","Fish_caught_in_NonFFA_Member_EEZ",6796
2001,"Non-PNA Member","US (includes territories, ex Am Samoa)","Fish_caught_in_NonFFA_Member_EEZ",10863
2002,"Non-PNA Member","US (includes territories, ex Am Samoa)","Fish_caught_in_NonFFA_Member_EEZ",12818
2003,"Non-PNA Member","US (includes territories, ex Am Samoa)","Fish_caught_in_NonFFA_Member_EEZ",8356
2004,"Non-PNA Member","US (includes territories, ex Am Samoa)","Fish_caught_in_NonFFA_Member_EEZ",9120
2005,"Non-PNA Member","US (includes territories, ex Am Samoa)","Fish_caught_in_NonFFA_Member_EEZ",7708
2006,"Non-PNA Member","US (includes territories, ex Am Samoa)","Fish_caught_in_NonFFA_Member_EEZ",11247
2007,"Non-PNA Member","US (includes territories, ex Am Samoa)","Fish_caught_in_NonFFA_Member_EEZ",5986
2008,"Non-PNA Member","US (includes territories, ex Am Samoa)","Fish_caught_in_NonFFA_Member_EEZ",4419
2009,"Non-PNA Member","US (includes territories, ex Am Samoa)","Fish_caught_in_NonFFA_Member_EEZ",5834
2010,"Non-PNA Member","US (includes territories, ex Am Samoa)","Fish_caught_in_NonFFA_Member_EEZ",3226
2011,"Non-PNA Member","US (includes territories, ex Am Samoa)","Fish_caught_in_NonFFA_Member_EEZ",3756
2012,"Non-PNA Member","US (includes territories, ex Am Samoa)","Fish_caught_in_NonFFA_Member_EEZ",7989
2013,"Non-PNA Member","US (includes territories, ex Am Samoa)","Fish_caught_in_NonFFA_Member_EEZ",8422
2014,"Non-PNA Member","US (includes territories, ex Am Samoa)","Fish_caught_in_NonFFA_Member_EEZ",8918
2015,"Non-PNA Member","US (includes territories, ex Am Samoa)","Fish_caught_in_NonFFA_Member_EEZ",7967
2016,"Non-PNA Member","US (includes territories, ex Am Samoa)","Fish_caught_in_NonFFA_Member_EEZ",9022
2017,"Non-PNA Member","US (includes territories, ex Am Samoa)","Fish_caught_in_NonFFA_Member_EEZ",10605
2018,"Non-PNA Member","US (includes territories, ex Am Samoa)","Fish_caught_in_NonFFA_Member_EEZ",7828
2019,"Non-PNA Member","US (includes territories, ex Am Samoa)","Fish_caught_in_NonFFA_Member_EEZ",8394
2020,"Non-PNA Member","US (includes territories, ex Am Samoa)","Fish_caught_in_NonFFA_Member_EEZ",11502
2021,"Non-PNA Member","US (includes territories, ex Am Samoa)","Fish_caught_in_NonFFA_Member_EEZ",11581
2022,"Non-PNA Member","US (includes territories, ex Am Samoa)","Fish_caught_in_NonFFA_Member_EEZ",12140
2023,"Non-PNA Member","US (includes territories, ex Am Samoa)","Fish_caught_in_NonFFA_Member_EEZ",6908
1997,"Non-PNA Member","US (includes territories, incl Am Samoa)","Fish_caught_in_NonFFA_Member_EEZ",0
1998,"Non-PNA Member","US (includes territories, incl Am Samoa)","Fish_caught_in_NonFFA_Member_EEZ",0
1999,"Non-PNA Member","US (includes territories, incl Am Samoa)","Fish_caught_in_NonFFA_Member_EEZ",0
2000,"Non-PNA Member","US (includes territories, incl Am Samoa)","Fish_caught_in_NonFFA_Member_EEZ",0
2001,"Non-PNA Member","US (includes territories, incl Am Samoa)","Fish_caught_in_NonFFA_Member_EEZ",0
2002,"Non-PNA Member","US (includes territories, incl Am Samoa)","Fish_caught_in_NonFFA_Member_EEZ",0
2003,"Non-PNA Member","US (includes territories, incl Am Samoa)","Fish_caught_in_NonFFA_Member_EEZ",0
2004,"Non-PNA Member","US (includes territories, incl Am Samoa)","Fish_caught_in_NonFFA_Member_EEZ",0
2005,"Non-PNA Member","US (includes territories, incl Am Samoa)","Fish_caught_in_NonFFA_Member_EEZ",0
2006,"Non-PNA Member","US (includes territories, incl Am Samoa)","Fish_caught_in_NonFFA_Member_EEZ",0
2007,"Non-PNA Member","US (includes territories, incl Am Samoa)","Fish_caught_in_NonFFA_Member_EEZ",0
2008,"Non-PNA Member","US (includes territories, incl Am Samoa)","Fish_caught_in_NonFFA_Member_EEZ",0
2009,"Non-PNA Member","US (includes territories, incl Am Samoa)","Fish_caught_in_NonFFA_Member_EEZ",0
2010,"Non-PNA Member","US (includes territories, incl Am Samoa)","Fish_caught_in_NonFFA_Member_EEZ",0
2011,"Non-PNA Member","US (includes territories, incl Am Samoa)","Fish_caught_in_NonFFA_Member_EEZ",0
2012,"Non-PNA Member","US (includes territories, incl Am Samoa)","Fish_caught_in_NonFFA_Member_EEZ",0
2013,"Non-PNA Member","US (includes territories, incl Am Samoa)","Fish_caught_in_NonFFA_Member_EEZ",0
2014,"Non-PNA Member","US (includes territories, incl Am Samoa)","Fish_caught_in_NonFFA_Member_EEZ",0
2015,"Non-PNA Member","US (includes territories, incl Am Samoa)","Fish_caught_in_NonFFA_Member_EEZ",0
2016,"Non-PNA Member","US (includes territories, incl Am Samoa)","Fish_caught_in_NonFFA_Member_EEZ",0
2017,"Non-PNA Member","US (includes territories, incl Am Samoa)","Fish_caught_in_NonFFA_Member_EEZ",0
2018,"Non-PNA Member","US (includes territories, incl Am Samoa)","Fish_caught_in_NonFFA_Member_EEZ",0
2019,"Non-PNA Member","US (includes territories, incl Am Samoa)","Fish_caught_in_NonFFA_Member_EEZ",0
2020,"Non-PNA Member","US (includes territories, incl Am Samoa)","Fish_caught_in_NonFFA_Member_EEZ",0
2021,"Non-PNA Member","US (includes territories, incl Am Samoa)","Fish_caught_in_NonFFA_Member_EEZ",0
2022,"Non-PNA Member","US (includes territories, incl Am Samoa)","Fish_caught_in_NonFFA_Member_EEZ",0
2023,"Non-PNA Member","US (includes territories, incl Am Samoa)","Fish_caught_in_NonFFA_Member_EEZ",0
1997,"Non-PNA Member","Vanuatu","Fish_caught_in_NonFFA_Member_EEZ",0
1998,"Non-PNA Member","Vanuatu","Fish_caught_in_NonFFA_Member_EEZ",0
1999,"Non-PNA Member","Vanuatu","Fish_caught_in_NonFFA_Member_EEZ",0
2000,"Non-PNA Member","Vanuatu","Fish_caught_in_NonFFA_Member_EEZ",0
2001,"Non-PNA Member","Vanuatu","Fish_caught_in_NonFFA_Member_EEZ",0
2002,"Non-PNA Member","Vanuatu","Fish_caught_in_NonFFA_Member_EEZ",0
2003,"Non-PNA Member","Vanuatu","Fish_caught_in_NonFFA_Member_EEZ",0
2004,"Non-PNA Member","Vanuatu","Fish_caught_in_NonFFA_Member_EEZ",0
2005,"Non-PNA Member","Vanuatu","Fish_caught_in_NonFFA_Member_EEZ",0
2006,"Non-PNA Member","Vanuatu","Fish_caught_in_NonFFA_Member_EEZ",0
2007,"Non-PNA Member","Vanuatu","Fish_caught_in_NonFFA_Member_EEZ",0
2008,"Non-PNA Member","Vanuatu","Fish_caught_in_NonFFA_Member_EEZ",0
2009,"Non-PNA Member","Vanuatu","Fish_caught_in_NonFFA_Member_EEZ",0
2010,"Non-PNA Member","Vanuatu","Fish_caught_in_NonFFA_Member_EEZ",0
2011,"Non-PNA Member","Vanuatu","Fish_caught_in_NonFFA_Member_EEZ",0
2012,"Non-PNA Member","Vanuatu","Fish_caught_in_NonFFA_Member_EEZ",0
2013,"Non-PNA Member","Vanuatu","Fish_caught_in_NonFFA_Member_EEZ",0
2014,"Non-PNA Member","Vanuatu","Fish_caught_in_NonFFA_Member_EEZ",0
2015,"Non-PNA Member","Vanuatu","Fish_caught_in_NonFFA_Member_EEZ",0
2016,"Non-PNA Member","Vanuatu","Fish_caught_in_NonFFA_Member_EEZ",0
2017,"Non-PNA Member","Vanuatu","Fish_caught_in_NonFFA_Member_EEZ",0
2018,"Non-PNA Member","Vanuatu","Fish_caught_in_NonFFA_Member_EEZ",0
2019,"Non-PNA Member","Vanuatu","Fish_caught_in_NonFFA_Member_EEZ",0
2020,"Non-PNA Member","Vanuatu","Fish_caught_in_NonFFA_Member_EEZ",0
2021,"Non-PNA Member","Vanuatu","Fish_caught_in_NonFFA_Member_EEZ",0
2022,"Non-PNA Member","Vanuatu","Fish_caught_in_NonFFA_Member_EEZ",0
2023,"Non-PNA Member","Vanuatu","Fish_caught_in_NonFFA_Member_EEZ",0
1997,"Non-PNA Member","Vietnam","Fish_caught_in_NonFFA_Member_EEZ",0
1998,"Non-PNA Member","Vietnam","Fish_caught_in_NonFFA_Member_EEZ",0
1999,"Non-PNA Member","Vietnam","Fish_caught_in_NonFFA_Member_EEZ",0
2000,"Non-PNA Member","Vietnam","Fish_caught_in_NonFFA_Member_EEZ",33632
2001,"Non-PNA Member","Vietnam","Fish_caught_in_NonFFA_Member_EEZ",35400
2002,"Non-PNA Member","Vietnam","Fish_caught_in_NonFFA_Member_EEZ",37683
2003,"Non-PNA Member","Vietnam","Fish_caught_in_NonFFA_Member_EEZ",37458
2004,"Non-PNA Member","Vietnam","Fish_caught_in_NonFFA_Member_EEZ",50521
2005,"Non-PNA Member","Vietnam","Fish_caught_in_NonFFA_Member_EEZ",52409
2006,"Non-PNA Member","Vietnam","Fish_caught_in_NonFFA_Member_EEZ",52573
2007,"Non-PNA Member","Vietnam","Fish_caught_in_NonFFA_Member_EEZ",54210
2008,"Non-PNA Member","Vietnam","Fish_caught_in_NonFFA_Member_EEZ",49903
2009,"Non-PNA Member","Vietnam","Fish_caught_in_NonFFA_Member_EEZ",44241
2010,"Non-PNA Member","Vietnam","Fish_caught_in_NonFFA_Member_EEZ",41665
2011,"Non-PNA Member","Vietnam","Fish_caught_in_NonFFA_Member_EEZ",49584
2012,"Non-PNA Member","Vietnam","Fish_caught_in_NonFFA_Member_EEZ",65556
2013,"Non-PNA Member","Vietnam","Fish_caught_in_NonFFA_Member_EEZ",78631
2014,"Non-PNA Member","Vietnam","Fish_caught_in_NonFFA_Member_EEZ",80842
2015,"Non-PNA Member","Vietnam","Fish_caught_in_NonFFA_Member_EEZ",89063
2016,"Non-PNA Member","Vietnam","Fish_caught_in_NonFFA_Member_EEZ",123076
2017,"Non-PNA Member","Vietnam","Fish_caught_in_NonFFA_Member_EEZ",112626
2018,"Non-PNA Member","Vietnam","Fish_caught_in_NonFFA_Member_EEZ",120535
2019,"Non-PNA Member","Vietnam","Fish_caught_in_NonFFA_Member_EEZ",109315
2020,"Non-PNA Member","Vietnam","Fish_caught_in_NonFFA_Member_EEZ",95540
2021,"Non-PNA Member","Vietnam","Fish_caught_in_NonFFA_Member_EEZ",89589
2022,"Non-PNA Member","Vietnam","Fish_caught_in_NonFFA_Member_EEZ",99814
2023,"Non-PNA Member","Vietnam","Fish_caught_in_NonFFA_Member_EEZ",97145
1997,"Non-PNA Member","Wallis and Futuna","Fish_caught_in_NonFFA_Member_EEZ",58
1998,"Non-PNA Member","Wallis and Futuna","Fish_caught_in_NonFFA_Member_EEZ",43
1999,"Non-PNA Member","Wallis and Futuna","Fish_caught_in_NonFFA_Member_EEZ",38
2000,"Non-PNA Member","Wallis and Futuna","Fish_caught_in_NonFFA_Member_EEZ",0
2001,"Non-PNA Member","Wallis and Futuna","Fish_caught_in_NonFFA_Member_EEZ",12
2002,"Non-PNA Member","Wallis and Futuna","Fish_caught_in_NonFFA_Member_EEZ",60
2003,"Non-PNA Member","Wallis and Futuna","Fish_caught_in_NonFFA_Member_EEZ",18
2004,"Non-PNA Member","Wallis and Futuna","Fish_caught_in_NonFFA_Member_EEZ",0
2005,"Non-PNA Member","Wallis and Futuna","Fish_caught_in_NonFFA_Member_EEZ",65
2006,"Non-PNA Member","Wallis and Futuna","Fish_caught_in_NonFFA_Member_EEZ",15
2007,"Non-PNA Member","Wallis and Futuna","Fish_caught_in_NonFFA_Member_EEZ",0
2008,"Non-PNA Member","Wallis and Futuna","Fish_caught_in_NonFFA_Member_EEZ",29
2009,"Non-PNA Member","Wallis and Futuna","Fish_caught_in_NonFFA_Member_EEZ",139
2010,"Non-PNA Member","Wallis and Futuna","Fish_caught_in_NonFFA_Member_EEZ",43
2011,"Non-PNA Member","Wallis and Futuna","Fish_caught_in_NonFFA_Member_EEZ",24
2012,"Non-PNA Member","Wallis and Futuna","Fish_caught_in_NonFFA_Member_EEZ",7
2013,"Non-PNA Member","Wallis and Futuna","Fish_caught_in_NonFFA_Member_EEZ",9
2014,"Non-PNA Member","Wallis and Futuna","Fish_caught_in_NonFFA_Member_EEZ",7
2015,"Non-PNA Member","Wallis and Futuna","Fish_caught_in_NonFFA_Member_EEZ",6
2016,"Non-PNA Member","Wallis and Futuna","Fish_caught_in_NonFFA_Member_EEZ",7
2017,"Non-PNA Member","Wallis and Futuna","Fish_caught_in_NonFFA_Member_EEZ",5
2018,"Non-PNA Member","Wallis and Futuna","Fish_caught_in_NonFFA_Member_EEZ",11
2019,"Non-PNA Member","Wallis and Futuna","Fish_caught_in_NonFFA_Member_EEZ",19
2020,"Non-PNA Member","Wallis and Futuna","Fish_caught_in_NonFFA_Member_EEZ",13
2021,"Non-PNA Member","Wallis and Futuna","Fish_caught_in_NonFFA_Member_EEZ",13
2022,"Non-PNA Member","Wallis and Futuna","Fish_caught_in_NonFFA_Member_EEZ",4
2023,"Non-PNA Member","Wallis and Futuna","Fish_caught_in_NonFFA_Member_EEZ",4
1997,"Non-PNA Member","American Samoa","Fish_Caught_international_waters",0
1998,"Non-PNA Member","American Samoa","Fish_Caught_international_waters",0
1999,"Non-PNA Member","American Samoa","Fish_Caught_international_waters",0
2000,"Non-PNA Member","American Samoa","Fish_Caught_international_waters",0
2001,"Non-PNA Member","American Samoa","Fish_Caught_international_waters",0
2002,"Non-PNA Member","American Samoa","Fish_Caught_international_waters",0
2003,"Non-PNA Member","American Samoa","Fish_Caught_international_waters",0
2004,"Non-PNA Member","American Samoa","Fish_Caught_international_waters",0
2005,"Non-PNA Member","American Samoa","Fish_Caught_international_waters",0
2006,"Non-PNA Member","American Samoa","Fish_Caught_international_waters",0
2007,"Non-PNA Member","American Samoa","Fish_Caught_international_waters",0
2008,"Non-PNA Member","American Samoa","Fish_Caught_international_waters",0
2009,"Non-PNA Member","American Samoa","Fish_Caught_international_waters",0
2010,"Non-PNA Member","American Samoa","Fish_Caught_international_waters",0
2011,"Non-PNA Member","American Samoa","Fish_Caught_international_waters",0
2012,"Non-PNA Member","American Samoa","Fish_Caught_international_waters",0
2013,"Non-PNA Member","American Samoa","Fish_Caught_international_waters",0
2014,"Non-PNA Member","American Samoa","Fish_Caught_international_waters",0
2015,"Non-PNA Member","American Samoa","Fish_Caught_international_waters",0
2016,"Non-PNA Member","American Samoa","Fish_Caught_international_waters",0
2017,"Non-PNA Member","American Samoa","Fish_Caught_international_waters",0
2018,"Non-PNA Member","American Samoa","Fish_Caught_international_waters",0
2019,"Non-PNA Member","American Samoa","Fish_Caught_international_waters",0
2020,"Non-PNA Member","American Samoa","Fish_Caught_international_waters",0
2021,"Non-PNA Member","American Samoa","Fish_Caught_international_waters",0
2022,"Non-PNA Member","American Samoa","Fish_Caught_international_waters",0
2023,"Non-PNA Member","American Samoa","Fish_Caught_international_waters",0
1997,"Non-PNA Member","Australia","Fish_Caught_international_waters",0
1998,"Non-PNA Member","Australia","Fish_Caught_international_waters",0
1999,"Non-PNA Member","Australia","Fish_Caught_international_waters",0
2000,"Non-PNA Member","Australia","Fish_Caught_international_waters",0
2001,"Non-PNA Member","Australia","Fish_Caught_international_waters",0
2002,"Non-PNA Member","Australia","Fish_Caught_international_waters",0
2003,"Non-PNA Member","Australia","Fish_Caught_international_waters",0
2004,"Non-PNA Member","Australia","Fish_Caught_international_waters",0
2005,"Non-PNA Member","Australia","Fish_Caught_international_waters",0
2006,"Non-PNA Member","Australia","Fish_Caught_international_waters",0
2007,"Non-PNA Member","Australia","Fish_Caught_international_waters",0
2008,"Non-PNA Member","Australia","Fish_Caught_international_waters",0
2009,"Non-PNA Member","Australia","Fish_Caught_international_waters",0
2010,"Non-PNA Member","Australia","Fish_Caught_international_waters",0
2011,"Non-PNA Member","Australia","Fish_Caught_international_waters",0
2012,"Non-PNA Member","Australia","Fish_Caught_international_waters",0
2013,"Non-PNA Member","Australia","Fish_Caught_international_waters",0
2014,"Non-PNA Member","Australia","Fish_Caught_international_waters",0
2015,"Non-PNA Member","Australia","Fish_Caught_international_waters",0
2016,"Non-PNA Member","Australia","Fish_Caught_international_waters",0
2017,"Non-PNA Member","Australia","Fish_Caught_international_waters",0
2018,"Non-PNA Member","Australia","Fish_Caught_international_waters",0
2019,"Non-PNA Member","Australia","Fish_Caught_international_waters",0
2020,"Non-PNA Member","Australia","Fish_Caught_international_waters",0
2021,"Non-PNA Member","Australia","Fish_Caught_international_waters",0
2022,"Non-PNA Member","Australia","Fish_Caught_international_waters",0
2023,"Non-PNA Member","Australia","Fish_Caught_international_waters",0
1997,"Non-PNA Member","Australia (includes Norfolk Island)","Fish_Caught_international_waters",0
1998,"Non-PNA Member","Australia (includes Norfolk Island)","Fish_Caught_international_waters",0
1999,"Non-PNA Member","Australia (includes Norfolk Island)","Fish_Caught_international_waters",0
2000,"Non-PNA Member","Australia (includes Norfolk Island)","Fish_Caught_international_waters",0
2001,"Non-PNA Member","Australia (includes Norfolk Island)","Fish_Caught_international_waters",0
2002,"Non-PNA Member","Australia (includes Norfolk Island)","Fish_Caught_international_waters",0
2003,"Non-PNA Member","Australia (includes Norfolk Island)","Fish_Caught_international_waters",0
2004,"Non-PNA Member","Australia (includes Norfolk Island)","Fish_Caught_international_waters",0
2005,"Non-PNA Member","Australia (includes Norfolk Island)","Fish_Caught_international_waters",0
2006,"Non-PNA Member","Australia (includes Norfolk Island)","Fish_Caught_international_waters",0
2007,"Non-PNA Member","Australia (includes Norfolk Island)","Fish_Caught_international_waters",0
2008,"Non-PNA Member","Australia (includes Norfolk Island)","Fish_Caught_international_waters",0
2009,"Non-PNA Member","Australia (includes Norfolk Island)","Fish_Caught_international_waters",0
2010,"Non-PNA Member","Australia (includes Norfolk Island)","Fish_Caught_international_waters",0
2011,"Non-PNA Member","Australia (includes Norfolk Island)","Fish_Caught_international_waters",0
2012,"Non-PNA Member","Australia (includes Norfolk Island)","Fish_Caught_international_waters",0
2013,"Non-PNA Member","Australia (includes Norfolk Island)","Fish_Caught_international_waters",0
2014,"Non-PNA Member","Australia (includes Norfolk Island)","Fish_Caught_international_waters",0
2015,"Non-PNA Member","Australia (includes Norfolk Island)","Fish_Caught_international_waters",0
2016,"Non-PNA Member","Australia (includes Norfolk Island)","Fish_Caught_international_waters",0
2017,"Non-PNA Member","Australia (includes Norfolk Island)","Fish_Caught_international_waters",0
2018,"Non-PNA Member","Australia (includes Norfolk Island)","Fish_Caught_international_waters",0
2019,"Non-PNA Member","Australia (includes Norfolk Island)","Fish_Caught_international_waters",0
2020,"Non-PNA Member","Australia (includes Norfolk Island)","Fish_Caught_international_waters",0
2021,"Non-PNA Member","Australia (includes Norfolk Island)","Fish_Caught_international_waters",0
2022,"Non-PNA Member","Australia (includes Norfolk Island)","Fish_Caught_international_waters",0
2023,"Non-PNA Member","Australia (includes Norfolk Island)","Fish_Caught_international_waters",0
1997,"Non-PNA Member","Belize","Fish_Caught_international_waters",0
1998,"Non-PNA Member","Belize","Fish_Caught_international_waters",0
1999,"Non-PNA Member","Belize","Fish_Caught_international_waters",0
2000,"Non-PNA Member","Belize","Fish_Caught_international_waters",0
2001,"Non-PNA Member","Belize","Fish_Caught_international_waters",0
2002,"Non-PNA Member","Belize","Fish_Caught_international_waters",0
2003,"Non-PNA Member","Belize","Fish_Caught_international_waters",0
2004,"Non-PNA Member","Belize","Fish_Caught_international_waters",0
2005,"Non-PNA Member","Belize","Fish_Caught_international_waters",0
2006,"Non-PNA Member","Belize","Fish_Caught_international_waters",0
2007,"Non-PNA Member","Belize","Fish_Caught_international_waters",0
2008,"Non-PNA Member","Belize","Fish_Caught_international_waters",0
2009,"Non-PNA Member","Belize","Fish_Caught_international_waters",0
2010,"Non-PNA Member","Belize","Fish_Caught_international_waters",0
2011,"Non-PNA Member","Belize","Fish_Caught_international_waters",0
2012,"Non-PNA Member","Belize","Fish_Caught_international_waters",0
2013,"Non-PNA Member","Belize","Fish_Caught_international_waters",0
2014,"Non-PNA Member","Belize","Fish_Caught_international_waters",0
2015,"Non-PNA Member","Belize","Fish_Caught_international_waters",0
2016,"Non-PNA Member","Belize","Fish_Caught_international_waters",0
2017,"Non-PNA Member","Belize","Fish_Caught_international_waters",0
2018,"Non-PNA Member","Belize","Fish_Caught_international_waters",0
2019,"Non-PNA Member","Belize","Fish_Caught_international_waters",0
2020,"Non-PNA Member","Belize","Fish_Caught_international_waters",0
2021,"Non-PNA Member","Belize","Fish_Caught_international_waters",0
2022,"Non-PNA Member","Belize","Fish_Caught_international_waters",0
2023,"Non-PNA Member","Belize","Fish_Caught_international_waters",0
1997,"Non-PNA Member","Canada","Fish_Caught_international_waters",0
1998,"Non-PNA Member","Canada","Fish_Caught_international_waters",0
1999,"Non-PNA Member","Canada","Fish_Caught_international_waters",0
2000,"Non-PNA Member","Canada","Fish_Caught_international_waters",0
2001,"Non-PNA Member","Canada","Fish_Caught_international_waters",0
2002,"Non-PNA Member","Canada","Fish_Caught_international_waters",0
2003,"Non-PNA Member","Canada","Fish_Caught_international_waters",0
2004,"Non-PNA Member","Canada","Fish_Caught_international_waters",0
2005,"Non-PNA Member","Canada","Fish_Caught_international_waters",0
2006,"Non-PNA Member","Canada","Fish_Caught_international_waters",0
2007,"Non-PNA Member","Canada","Fish_Caught_international_waters",0
2008,"Non-PNA Member","Canada","Fish_Caught_international_waters",0
2009,"Non-PNA Member","Canada","Fish_Caught_international_waters",0
2010,"Non-PNA Member","Canada","Fish_Caught_international_waters",0
2011,"Non-PNA Member","Canada","Fish_Caught_international_waters",0
2012,"Non-PNA Member","Canada","Fish_Caught_international_waters",0
2013,"Non-PNA Member","Canada","Fish_Caught_international_waters",0
2014,"Non-PNA Member","Canada","Fish_Caught_international_waters",0
2015,"Non-PNA Member","Canada","Fish_Caught_international_waters",0
2016,"Non-PNA Member","Canada","Fish_Caught_international_waters",0
2017,"Non-PNA Member","Canada","Fish_Caught_international_waters",0
2018,"Non-PNA Member","Canada","Fish_Caught_international_waters",0
2019,"Non-PNA Member","Canada","Fish_Caught_international_waters",0
2020,"Non-PNA Member","Canada","Fish_Caught_international_waters",0
2021,"Non-PNA Member","Canada","Fish_Caught_international_waters",0
2022,"Non-PNA Member","Canada","Fish_Caught_international_waters",0
2023,"Non-PNA Member","Canada","Fish_Caught_international_waters",0
1997,"Non-PNA Member","China","Fish_Caught_international_waters",0
1998,"Non-PNA Member","China","Fish_Caught_international_waters",0
1999,"Non-PNA Member","China","Fish_Caught_international_waters",0
2000,"Non-PNA Member","China","Fish_Caught_international_waters",0
2001,"Non-PNA Member","China","Fish_Caught_international_waters",0
2002,"Non-PNA Member","China","Fish_Caught_international_waters",0
2003,"Non-PNA Member","China","Fish_Caught_international_waters",0
2004,"Non-PNA Member","China","Fish_Caught_international_waters",0
2005,"Non-PNA Member","China","Fish_Caught_international_waters",0
2006,"Non-PNA Member","China","Fish_Caught_international_waters",0
2007,"Non-PNA Member","China","Fish_Caught_international_waters",0
2008,"Non-PNA Member","China","Fish_Caught_international_waters",0
2009,"Non-PNA Member","China","Fish_Caught_international_waters",0
2010,"Non-PNA Member","China","Fish_Caught_international_waters",0
2011,"Non-PNA Member","China","Fish_Caught_international_waters",0
2012,"Non-PNA Member","China","Fish_Caught_international_waters",0
2013,"Non-PNA Member","China","Fish_Caught_international_waters",0
2014,"Non-PNA Member","China","Fish_Caught_international_waters",0
2015,"Non-PNA Member","China","Fish_Caught_international_waters",0
2016,"Non-PNA Member","China","Fish_Caught_international_waters",0
2017,"Non-PNA Member","China","Fish_Caught_international_waters",0
2018,"Non-PNA Member","China","Fish_Caught_international_waters",0
2019,"Non-PNA Member","China","Fish_Caught_international_waters",0
2020,"Non-PNA Member","China","Fish_Caught_international_waters",0
2021,"Non-PNA Member","China","Fish_Caught_international_waters",0
2022,"Non-PNA Member","China","Fish_Caught_international_waters",0
2023,"Non-PNA Member","China","Fish_Caught_international_waters",0
1997,"Non-PNA Member","Cook Islands","Fish_Caught_international_waters",0
1998,"Non-PNA Member","Cook Islands","Fish_Caught_international_waters",0
1999,"Non-PNA Member","Cook Islands","Fish_Caught_international_waters",0
2000,"Non-PNA Member","Cook Islands","Fish_Caught_international_waters",0
2001,"Non-PNA Member","Cook Islands","Fish_Caught_international_waters",0
2002,"Non-PNA Member","Cook Islands","Fish_Caught_international_waters",0
2003,"Non-PNA Member","Cook Islands","Fish_Caught_international_waters",0
2004,"Non-PNA Member","Cook Islands","Fish_Caught_international_waters",0
2005,"Non-PNA Member","Cook Islands","Fish_Caught_international_waters",0
2006,"Non-PNA Member","Cook Islands","Fish_Caught_international_waters",0
2007,"Non-PNA Member","Cook Islands","Fish_Caught_international_waters",0
2008,"Non-PNA Member","Cook Islands","Fish_Caught_international_waters",0
2009,"Non-PNA Member","Cook Islands","Fish_Caught_international_waters",0
2010,"Non-PNA Member","Cook Islands","Fish_Caught_international_waters",0
2011,"Non-PNA Member","Cook Islands","Fish_Caught_international_waters",0
2012,"Non-PNA Member","Cook Islands","Fish_Caught_international_waters",0
2013,"Non-PNA Member","Cook Islands","Fish_Caught_international_waters",0
2014,"Non-PNA Member","Cook Islands","Fish_Caught_international_waters",0
2015,"Non-PNA Member","Cook Islands","Fish_Caught_international_waters",0
2016,"Non-PNA Member","Cook Islands","Fish_Caught_international_waters",0
2017,"Non-PNA Member","Cook Islands","Fish_Caught_international_waters",0
2018,"Non-PNA Member","Cook Islands","Fish_Caught_international_waters",0
2019,"Non-PNA Member","Cook Islands","Fish_Caught_international_waters",0
2020,"Non-PNA Member","Cook Islands","Fish_Caught_international_waters",0
2021,"Non-PNA Member","Cook Islands","Fish_Caught_international_waters",0
2022,"Non-PNA Member","Cook Islands","Fish_Caught_international_waters",0
2023,"Non-PNA Member","Cook Islands","Fish_Caught_international_waters",0
1997,"Non-PNA Member","Eastern Pacific fleet","Fish_Caught_international_waters",0
1998,"Non-PNA Member","Eastern Pacific fleet","Fish_Caught_international_waters",0
1999,"Non-PNA Member","Eastern Pacific fleet","Fish_Caught_international_waters",0
2000,"Non-PNA Member","Eastern Pacific fleet","Fish_Caught_international_waters",0
2001,"Non-PNA Member","Eastern Pacific fleet","Fish_Caught_international_waters",0
2002,"Non-PNA Member","Eastern Pacific fleet","Fish_Caught_international_waters",0
2003,"Non-PNA Member","Eastern Pacific fleet","Fish_Caught_international_waters",0
2004,"Non-PNA Member","Eastern Pacific fleet","Fish_Caught_international_waters",0
2005,"Non-PNA Member","Eastern Pacific fleet","Fish_Caught_international_waters",0
2006,"Non-PNA Member","Eastern Pacific fleet","Fish_Caught_international_waters",0
2007,"Non-PNA Member","Eastern Pacific fleet","Fish_Caught_international_waters",0
2008,"Non-PNA Member","Eastern Pacific fleet","Fish_Caught_international_waters",0
2009,"Non-PNA Member","Eastern Pacific fleet","Fish_Caught_international_waters",0
2010,"Non-PNA Member","Eastern Pacific fleet","Fish_Caught_international_waters",0
2011,"Non-PNA Member","Eastern Pacific fleet","Fish_Caught_international_waters",0
2012,"Non-PNA Member","Eastern Pacific fleet","Fish_Caught_international_waters",0
2013,"Non-PNA Member","Eastern Pacific fleet","Fish_Caught_international_waters",0
2014,"Non-PNA Member","Eastern Pacific fleet","Fish_Caught_international_waters",0
2015,"Non-PNA Member","Eastern Pacific fleet","Fish_Caught_international_waters",0
2016,"Non-PNA Member","Eastern Pacific fleet","Fish_Caught_international_waters",0
2017,"Non-PNA Member","Eastern Pacific fleet","Fish_Caught_international_waters",0
2018,"Non-PNA Member","Eastern Pacific fleet","Fish_Caught_international_waters",0
2019,"Non-PNA Member","Eastern Pacific fleet","Fish_Caught_international_waters",0
2020,"Non-PNA Member","Eastern Pacific fleet","Fish_Caught_international_waters",0
2021,"Non-PNA Member","Eastern Pacific fleet","Fish_Caught_international_waters",0
2022,"Non-PNA Member","Eastern Pacific fleet","Fish_Caught_international_waters",0
2023,"Non-PNA Member","Eastern Pacific fleet","Fish_Caught_international_waters",0
1997,"Non-PNA Member","Ecuador","Fish_Caught_international_waters",0
1998,"Non-PNA Member","Ecuador","Fish_Caught_international_waters",0
1999,"Non-PNA Member","Ecuador","Fish_Caught_international_waters",0
2000,"Non-PNA Member","Ecuador","Fish_Caught_international_waters",0
2001,"Non-PNA Member","Ecuador","Fish_Caught_international_waters",0
2002,"Non-PNA Member","Ecuador","Fish_Caught_international_waters",0
2003,"Non-PNA Member","Ecuador","Fish_Caught_international_waters",0
2004,"Non-PNA Member","Ecuador","Fish_Caught_international_waters",0
2005,"Non-PNA Member","Ecuador","Fish_Caught_international_waters",0
2006,"Non-PNA Member","Ecuador","Fish_Caught_international_waters",0
2007,"Non-PNA Member","Ecuador","Fish_Caught_international_waters",0
2008,"Non-PNA Member","Ecuador","Fish_Caught_international_waters",0
2009,"Non-PNA Member","Ecuador","Fish_Caught_international_waters",0
2010,"Non-PNA Member","Ecuador","Fish_Caught_international_waters",0
2011,"Non-PNA Member","Ecuador","Fish_Caught_international_waters",0
2012,"Non-PNA Member","Ecuador","Fish_Caught_international_waters",0
2013,"Non-PNA Member","Ecuador","Fish_Caught_international_waters",0
2014,"Non-PNA Member","Ecuador","Fish_Caught_international_waters",0
2015,"Non-PNA Member","Ecuador","Fish_Caught_international_waters",0
2016,"Non-PNA Member","Ecuador","Fish_Caught_international_waters",0
2017,"Non-PNA Member","Ecuador","Fish_Caught_international_waters",0
2018,"Non-PNA Member","Ecuador","Fish_Caught_international_waters",0
2019,"Non-PNA Member","Ecuador","Fish_Caught_international_waters",0
2020,"Non-PNA Member","Ecuador","Fish_Caught_international_waters",0
2021,"Non-PNA Member","Ecuador","Fish_Caught_international_waters",0
2022,"Non-PNA Member","Ecuador","Fish_Caught_international_waters",0
2023,"Non-PNA Member","Ecuador","Fish_Caught_international_waters",0
1997,"Non-PNA Member","El Salvador","Fish_Caught_international_waters",0
1998,"Non-PNA Member","El Salvador","Fish_Caught_international_waters",0
1999,"Non-PNA Member","El Salvador","Fish_Caught_international_waters",0
2000,"Non-PNA Member","El Salvador","Fish_Caught_international_waters",0
2001,"Non-PNA Member","El Salvador","Fish_Caught_international_waters",0
2002,"Non-PNA Member","El Salvador","Fish_Caught_international_waters",0
2003,"Non-PNA Member","El Salvador","Fish_Caught_international_waters",0
2004,"Non-PNA Member","El Salvador","Fish_Caught_international_waters",0
2005,"Non-PNA Member","El Salvador","Fish_Caught_international_waters",0
2006,"Non-PNA Member","El Salvador","Fish_Caught_international_waters",0
2007,"Non-PNA Member","El Salvador","Fish_Caught_international_waters",0
2008,"Non-PNA Member","El Salvador","Fish_Caught_international_waters",0
2009,"Non-PNA Member","El Salvador","Fish_Caught_international_waters",0
2010,"Non-PNA Member","El Salvador","Fish_Caught_international_waters",0
2011,"Non-PNA Member","El Salvador","Fish_Caught_international_waters",0
2012,"Non-PNA Member","El Salvador","Fish_Caught_international_waters",0
2013,"Non-PNA Member","El Salvador","Fish_Caught_international_waters",0
2014,"Non-PNA Member","El Salvador","Fish_Caught_international_waters",0
2015,"Non-PNA Member","El Salvador","Fish_Caught_international_waters",0
2016,"Non-PNA Member","El Salvador","Fish_Caught_international_waters",0
2017,"Non-PNA Member","El Salvador","Fish_Caught_international_waters",0
2018,"Non-PNA Member","El Salvador","Fish_Caught_international_waters",0
2019,"Non-PNA Member","El Salvador","Fish_Caught_international_waters",0
2020,"Non-PNA Member","El Salvador","Fish_Caught_international_waters",0
2021,"Non-PNA Member","El Salvador","Fish_Caught_international_waters",0
2022,"Non-PNA Member","El Salvador","Fish_Caught_international_waters",0
2023,"Non-PNA Member","El Salvador","Fish_Caught_international_waters",0
1997,"Non-PNA Member","Fiji","Fish_Caught_international_waters",0
1998,"Non-PNA Member","Fiji","Fish_Caught_international_waters",0
1999,"Non-PNA Member","Fiji","Fish_Caught_international_waters",0
2000,"Non-PNA Member","Fiji","Fish_Caught_international_waters",0
2001,"Non-PNA Member","Fiji","Fish_Caught_international_waters",0
2002,"Non-PNA Member","Fiji","Fish_Caught_international_waters",0
2003,"Non-PNA Member","Fiji","Fish_Caught_international_waters",0
2004,"Non-PNA Member","Fiji","Fish_Caught_international_waters",0
2005,"Non-PNA Member","Fiji","Fish_Caught_international_waters",0
2006,"Non-PNA Member","Fiji","Fish_Caught_international_waters",0
2007,"Non-PNA Member","Fiji","Fish_Caught_international_waters",0
2008,"Non-PNA Member","Fiji","Fish_Caught_international_waters",0
2009,"Non-PNA Member","Fiji","Fish_Caught_international_waters",0
2010,"Non-PNA Member","Fiji","Fish_Caught_international_waters",0
2011,"Non-PNA Member","Fiji","Fish_Caught_international_waters",0
2012,"Non-PNA Member","Fiji","Fish_Caught_international_waters",0
2013,"Non-PNA Member","Fiji","Fish_Caught_international_waters",0
2014,"Non-PNA Member","Fiji","Fish_Caught_international_waters",0
2015,"Non-PNA Member","Fiji","Fish_Caught_international_waters",0
2016,"Non-PNA Member","Fiji","Fish_Caught_international_waters",0
2017,"Non-PNA Member","Fiji","Fish_Caught_international_waters",0
2018,"Non-PNA Member","Fiji","Fish_Caught_international_waters",0
2019,"Non-PNA Member","Fiji","Fish_Caught_international_waters",0
2020,"Non-PNA Member","Fiji","Fish_Caught_international_waters",0
2021,"Non-PNA Member","Fiji","Fish_Caught_international_waters",0
2022,"Non-PNA Member","Fiji","Fish_Caught_international_waters",0
2023,"Non-PNA Member","Fiji","Fish_Caught_international_waters",0
1997,"Non-PNA Member","French Polynesia","Fish_Caught_international_waters",0
1998,"Non-PNA Member","French Polynesia","Fish_Caught_international_waters",0
1999,"Non-PNA Member","French Polynesia","Fish_Caught_international_waters",0
2000,"Non-PNA Member","French Polynesia","Fish_Caught_international_waters",0
2001,"Non-PNA Member","French Polynesia","Fish_Caught_international_waters",0
2002,"Non-PNA Member","French Polynesia","Fish_Caught_international_waters",0
2003,"Non-PNA Member","French Polynesia","Fish_Caught_international_waters",0
2004,"Non-PNA Member","French Polynesia","Fish_Caught_international_waters",0
2005,"Non-PNA Member","French Polynesia","Fish_Caught_international_waters",0
2006,"Non-PNA Member","French Polynesia","Fish_Caught_international_waters",0
2007,"Non-PNA Member","French Polynesia","Fish_Caught_international_waters",0
2008,"Non-PNA Member","French Polynesia","Fish_Caught_international_waters",0
2009,"Non-PNA Member","French Polynesia","Fish_Caught_international_waters",0
2010,"Non-PNA Member","French Polynesia","Fish_Caught_international_waters",0
2011,"Non-PNA Member","French Polynesia","Fish_Caught_international_waters",0
2012,"Non-PNA Member","French Polynesia","Fish_Caught_international_waters",0
2013,"Non-PNA Member","French Polynesia","Fish_Caught_international_waters",0
2014,"Non-PNA Member","French Polynesia","Fish_Caught_international_waters",0
2015,"Non-PNA Member","French Polynesia","Fish_Caught_international_waters",0
2016,"Non-PNA Member","French Polynesia","Fish_Caught_international_waters",0
2017,"Non-PNA Member","French Polynesia","Fish_Caught_international_waters",0
2018,"Non-PNA Member","French Polynesia","Fish_Caught_international_waters",0
2019,"Non-PNA Member","French Polynesia","Fish_Caught_international_waters",0
2020,"Non-PNA Member","French Polynesia","Fish_Caught_international_waters",0
2021,"Non-PNA Member","French Polynesia","Fish_Caught_international_waters",0
2022,"Non-PNA Member","French Polynesia","Fish_Caught_international_waters",0
2023,"Non-PNA Member","French Polynesia","Fish_Caught_international_waters",0
1997,"PNA Member","FSM","Fish_Caught_international_waters",0
1998,"PNA Member","FSM","Fish_Caught_international_waters",0
1999,"PNA Member","FSM","Fish_Caught_international_waters",0
2000,"PNA Member","FSM","Fish_Caught_international_waters",0
2001,"PNA Member","FSM","Fish_Caught_international_waters",0
2002,"PNA Member","FSM","Fish_Caught_international_waters",0
2003,"PNA Member","FSM","Fish_Caught_international_waters",0
2004,"PNA Member","FSM","Fish_Caught_international_waters",0
2005,"PNA Member","FSM","Fish_Caught_international_waters",0
2006,"PNA Member","FSM","Fish_Caught_international_waters",0
2007,"PNA Member","FSM","Fish_Caught_international_waters",0
2008,"PNA Member","FSM","Fish_Caught_international_waters",0
2009,"PNA Member","FSM","Fish_Caught_international_waters",0
2010,"PNA Member","FSM","Fish_Caught_international_waters",0
2011,"PNA Member","FSM","Fish_Caught_international_waters",0
2012,"PNA Member","FSM","Fish_Caught_international_waters",0
2013,"PNA Member","FSM","Fish_Caught_international_waters",0
2014,"PNA Member","FSM","Fish_Caught_international_waters",0
2015,"PNA Member","FSM","Fish_Caught_international_waters",0
2016,"PNA Member","FSM","Fish_Caught_international_waters",0
2017,"PNA Member","FSM","Fish_Caught_international_waters",0
2018,"PNA Member","FSM","Fish_Caught_international_waters",0
2019,"PNA Member","FSM","Fish_Caught_international_waters",0
2020,"PNA Member","FSM","Fish_Caught_international_waters",0
2021,"PNA Member","FSM","Fish_Caught_international_waters",0
2022,"PNA Member","FSM","Fish_Caught_international_waters",0
2023,"PNA Member","FSM","Fish_Caught_international_waters",0
1997,"High Seas","H4","Fish_Caught_international_waters",4402
1998,"High Seas","H4","Fish_Caught_international_waters",19588
1999,"High Seas","H4","Fish_Caught_international_waters",16362
2000,"High Seas","H4","Fish_Caught_international_waters",9606
2001,"High Seas","H4","Fish_Caught_international_waters",15174
2002,"High Seas","H4","Fish_Caught_international_waters",8702
2003,"High Seas","H4","Fish_Caught_international_waters",8030
2004,"High Seas","H4","Fish_Caught_international_waters",4510
2005,"High Seas","H4","Fish_Caught_international_waters",3469
2006,"High Seas","H4","Fish_Caught_international_waters",14297
2007,"High Seas","H4","Fish_Caught_international_waters",7881
2008,"High Seas","H4","Fish_Caught_international_waters",5899
2009,"High Seas","H4","Fish_Caught_international_waters",41877
2010,"High Seas","H4","Fish_Caught_international_waters",11678
2011,"High Seas","H4","Fish_Caught_international_waters",6766
2012,"High Seas","H4","Fish_Caught_international_waters",10904
2013,"High Seas","H4","Fish_Caught_international_waters",7085
2014,"High Seas","H4","Fish_Caught_international_waters",23029
2015,"High Seas","H4","Fish_Caught_international_waters",21838
2016,"High Seas","H4","Fish_Caught_international_waters",41448
2017,"High Seas","H4","Fish_Caught_international_waters",43610
2018,"High Seas","H4","Fish_Caught_international_waters",20091
2019,"High Seas","H4","Fish_Caught_international_waters",22773
2020,"High Seas","H4","Fish_Caught_international_waters",49580
2021,"High Seas","H4","Fish_Caught_international_waters",26840
2022,"High Seas","H4","Fish_Caught_international_waters",20736
2023,"High Seas","H4","Fish_Caught_international_waters",21469
1997,"High Seas","H5","Fish_Caught_international_waters",9330
1998,"High Seas","H5","Fish_Caught_international_waters",1192
1999,"High Seas","H5","Fish_Caught_international_waters",7192
2000,"High Seas","H5","Fish_Caught_international_waters",11469
2001,"High Seas","H5","Fish_Caught_international_waters",2339
2002,"High Seas","H5","Fish_Caught_international_waters",26567
2003,"High Seas","H5","Fish_Caught_international_waters",1411
2004,"High Seas","H5","Fish_Caught_international_waters",5087
2005,"High Seas","H5","Fish_Caught_international_waters",20630
2006,"High Seas","H5","Fish_Caught_international_waters",2003
2007,"High Seas","H5","Fish_Caught_international_waters",10420
2008,"High Seas","H5","Fish_Caught_international_waters",9036
2009,"High Seas","H5","Fish_Caught_international_waters",21925
2010,"High Seas","H5","Fish_Caught_international_waters",15157
2011,"High Seas","H5","Fish_Caught_international_waters",13491
2012,"High Seas","H5","Fish_Caught_international_waters",32707
2013,"High Seas","H5","Fish_Caught_international_waters",17058
2014,"High Seas","H5","Fish_Caught_international_waters",64832
2015,"High Seas","H5","Fish_Caught_international_waters",174324
2016,"High Seas","H5","Fish_Caught_international_waters",19594
2017,"High Seas","H5","Fish_Caught_international_waters",40873
2018,"High Seas","H5","Fish_Caught_international_waters",97890
2019,"High Seas","H5","Fish_Caught_international_waters",122996
2020,"High Seas","H5","Fish_Caught_international_waters",57624
2021,"High Seas","H5","Fish_Caught_international_waters",28389
2022,"High Seas","H5","Fish_Caught_international_waters",31187
2023,"High Seas","H5","Fish_Caught_international_waters",88265
1997,"High Seas","I1","Fish_Caught_international_waters",55020
1998,"High Seas","I1","Fish_Caught_international_waters",30877
1999,"High Seas","I1","Fish_Caught_international_waters",63845
2000,"High Seas","I1","Fish_Caught_international_waters",58578
2001,"High Seas","I1","Fish_Caught_international_waters",30342
2002,"High Seas","I1","Fish_Caught_international_waters",25762
2003,"High Seas","I1","Fish_Caught_international_waters",103715
2004,"High Seas","I1","Fish_Caught_international_waters",44956
2005,"High Seas","I1","Fish_Caught_international_waters",57776
2006,"High Seas","I1","Fish_Caught_international_waters",54388
2007,"High Seas","I1","Fish_Caught_international_waters",43636
2008,"High Seas","I1","Fish_Caught_international_waters",37960
2009,"High Seas","I1","Fish_Caught_international_waters",34329
2010,"High Seas","I1","Fish_Caught_international_waters",15258
2011,"High Seas","I1","Fish_Caught_international_waters",13492
2012,"High Seas","I1","Fish_Caught_international_waters",12218
2013,"High Seas","I1","Fish_Caught_international_waters",22853
2014,"High Seas","I1","Fish_Caught_international_waters",33336
2015,"High Seas","I1","Fish_Caught_international_waters",34498
2016,"High Seas","I1","Fish_Caught_international_waters",32187
2017,"High Seas","I1","Fish_Caught_international_waters",29595
2018,"High Seas","I1","Fish_Caught_international_waters",25731
2019,"High Seas","I1","Fish_Caught_international_waters",27035
2020,"High Seas","I1","Fish_Caught_international_waters",33487
2021,"High Seas","I1","Fish_Caught_international_waters",24828
2022,"High Seas","I1","Fish_Caught_international_waters",26545
2023,"High Seas","I1","Fish_Caught_international_waters",23865
1997,"High Seas","I2","Fish_Caught_international_waters",75663
1998,"High Seas","I2","Fish_Caught_international_waters",144136
1999,"High Seas","I2","Fish_Caught_international_waters",183816
2000,"High Seas","I2","Fish_Caught_international_waters",140841
2001,"High Seas","I2","Fish_Caught_international_waters",122801
2002,"High Seas","I2","Fish_Caught_international_waters",140410
2003,"High Seas","I2","Fish_Caught_international_waters",87489
2004,"High Seas","I2","Fish_Caught_international_waters",179694
2005,"High Seas","I2","Fish_Caught_international_waters",147544
2006,"High Seas","I2","Fish_Caught_international_waters",105353
2007,"High Seas","I2","Fish_Caught_international_waters",212562
2008,"High Seas","I2","Fish_Caught_international_waters",183040
2009,"High Seas","I2","Fish_Caught_international_waters",211734
2010,"High Seas","I2","Fish_Caught_international_waters",17836
2011,"High Seas","I2","Fish_Caught_international_waters",17763
2012,"High Seas","I2","Fish_Caught_international_waters",7618
2013,"High Seas","I2","Fish_Caught_international_waters",26352
2014,"High Seas","I2","Fish_Caught_international_waters",12526
2015,"High Seas","I2","Fish_Caught_international_waters",15815
2016,"High Seas","I2","Fish_Caught_international_waters",9862
2017,"High Seas","I2","Fish_Caught_international_waters",9486
2018,"High Seas","I2","Fish_Caught_international_waters",8141
2019,"High Seas","I2","Fish_Caught_international_waters",12134
2020,"High Seas","I2","Fish_Caught_international_waters",6299
2021,"High Seas","I2","Fish_Caught_international_waters",5681
2022,"High Seas","I2","Fish_Caught_international_waters",10639
2023,"High Seas","I2","Fish_Caught_international_waters",7584
1997,"High Seas","I3","Fish_Caught_international_waters",14235
1998,"High Seas","I3","Fish_Caught_international_waters",28292
1999,"High Seas","I3","Fish_Caught_international_waters",15551
2000,"High Seas","I3","Fish_Caught_international_waters",26581
2001,"High Seas","I3","Fish_Caught_international_waters",28492
2002,"High Seas","I3","Fish_Caught_international_waters",27375
2003,"High Seas","I3","Fish_Caught_international_waters",14832
2004,"High Seas","I3","Fish_Caught_international_waters",26205
2005,"High Seas","I3","Fish_Caught_international_waters",14388
2006,"High Seas","I3","Fish_Caught_international_waters",17278
2007,"High Seas","I3","Fish_Caught_international_waters",22002
2008,"High Seas","I3","Fish_Caught_international_waters",12616
2009,"High Seas","I3","Fish_Caught_international_waters",16378
2010,"High Seas","I3","Fish_Caught_international_waters",12555
2011,"High Seas","I3","Fish_Caught_international_waters",13324
2012,"High Seas","I3","Fish_Caught_international_waters",15715
2013,"High Seas","I3","Fish_Caught_international_waters",10053
2014,"High Seas","I3","Fish_Caught_international_waters",15196
2015,"High Seas","I3","Fish_Caught_international_waters",14983
2016,"High Seas","I3","Fish_Caught_international_waters",16132
2017,"High Seas","I3","Fish_Caught_international_waters",13062
2018,"High Seas","I3","Fish_Caught_international_waters",18976
2019,"High Seas","I3","Fish_Caught_international_waters",19347
2020,"High Seas","I3","Fish_Caught_international_waters",8727
2021,"High Seas","I3","Fish_Caught_international_waters",8953
2022,"High Seas","I3","Fish_Caught_international_waters",8982
2023,"High Seas","I3","Fish_Caught_international_waters",13104
1997,"High Seas","I4","Fish_Caught_international_waters",83382
1998,"High Seas","I4","Fish_Caught_international_waters",136248
1999,"High Seas","I4","Fish_Caught_international_waters",40858
2000,"High Seas","I4","Fish_Caught_international_waters",36687
2001,"High Seas","I4","Fish_Caught_international_waters",84197
2002,"High Seas","I4","Fish_Caught_international_waters",62019
2003,"High Seas","I4","Fish_Caught_international_waters",46985
2004,"High Seas","I4","Fish_Caught_international_waters",59519
2005,"High Seas","I4","Fish_Caught_international_waters",54287
2006,"High Seas","I4","Fish_Caught_international_waters",42259
2007,"High Seas","I4","Fish_Caught_international_waters",25281
2008,"High Seas","I4","Fish_Caught_international_waters",34563
2009,"High Seas","I4","Fish_Caught_international_waters",52101
2010,"High Seas","I4","Fish_Caught_international_waters",31353
2011,"High Seas","I4","Fish_Caught_international_waters",36459
2012,"High Seas","I4","Fish_Caught_international_waters",33745
2013,"High Seas","I4","Fish_Caught_international_waters",31140
2014,"High Seas","I4","Fish_Caught_international_waters",21737
2015,"High Seas","I4","Fish_Caught_international_waters",32501
2016,"High Seas","I4","Fish_Caught_international_waters",71191
2017,"High Seas","I4","Fish_Caught_international_waters",43375
2018,"High Seas","I4","Fish_Caught_international_waters",35644
2019,"High Seas","I4","Fish_Caught_international_waters",87151
2020,"High Seas","I4","Fish_Caught_international_waters",64572
2021,"High Seas","I4","Fish_Caught_international_waters",75004
2022,"High Seas","I4","Fish_Caught_international_waters",45022
2023,"High Seas","I4","Fish_Caught_international_waters",63380
1997,"High Seas","I5","Fish_Caught_international_waters",35861
1998,"High Seas","I5","Fish_Caught_international_waters",41065
1999,"High Seas","I5","Fish_Caught_international_waters",29255
2000,"High Seas","I5","Fish_Caught_international_waters",42811
2001,"High Seas","I5","Fish_Caught_international_waters",38713
2002,"High Seas","I5","Fish_Caught_international_waters",63611
2003,"High Seas","I5","Fish_Caught_international_waters",41634
2004,"High Seas","I5","Fish_Caught_international_waters",54769
2005,"High Seas","I5","Fish_Caught_international_waters",50592
2006,"High Seas","I5","Fish_Caught_international_waters",51454
2007,"High Seas","I5","Fish_Caught_international_waters",36610
2008,"High Seas","I5","Fish_Caught_international_waters",43131
2009,"High Seas","I5","Fish_Caught_international_waters",43609
2010,"High Seas","I5","Fish_Caught_international_waters",37107
2011,"High Seas","I5","Fish_Caught_international_waters",29888
2012,"High Seas","I5","Fish_Caught_international_waters",31453
2013,"High Seas","I5","Fish_Caught_international_waters",34558
2014,"High Seas","I5","Fish_Caught_international_waters",28049
2015,"High Seas","I5","Fish_Caught_international_waters",52241
2016,"High Seas","I5","Fish_Caught_international_waters",56962
2017,"High Seas","I5","Fish_Caught_international_waters",30512
2018,"High Seas","I5","Fish_Caught_international_waters",60536
2019,"High Seas","I5","Fish_Caught_international_waters",86519
2020,"High Seas","I5","Fish_Caught_international_waters",65881
2021,"High Seas","I5","Fish_Caught_international_waters",59717
2022,"High Seas","I5","Fish_Caught_international_waters",51987
2023,"High Seas","I5","Fish_Caught_international_waters",122991
1997,"High Seas","I6","Fish_Caught_international_waters",146549
1998,"High Seas","I6","Fish_Caught_international_waters",142677
1999,"High Seas","I6","Fish_Caught_international_waters",128640
2000,"High Seas","I6","Fish_Caught_international_waters",105833
2001,"High Seas","I6","Fish_Caught_international_waters",120724
2002,"High Seas","I6","Fish_Caught_international_waters",137310
2003,"High Seas","I6","Fish_Caught_international_waters",167109
2004,"High Seas","I6","Fish_Caught_international_waters",125536
2005,"High Seas","I6","Fish_Caught_international_waters",153013
2006,"High Seas","I6","Fish_Caught_international_waters",113597
2007,"High Seas","I6","Fish_Caught_international_waters",114297
2008,"High Seas","I6","Fish_Caught_international_waters",114028
2009,"High Seas","I6","Fish_Caught_international_waters",63303
2010,"High Seas","I6","Fish_Caught_international_waters",104834
2011,"High Seas","I6","Fish_Caught_international_waters",89917
2012,"High Seas","I6","Fish_Caught_international_waters",97375
2013,"High Seas","I6","Fish_Caught_international_waters",85357
2014,"High Seas","I6","Fish_Caught_international_waters",87905
2015,"High Seas","I6","Fish_Caught_international_waters",74489
2016,"High Seas","I6","Fish_Caught_international_waters",57864
2017,"High Seas","I6","Fish_Caught_international_waters",70976
2018,"High Seas","I6","Fish_Caught_international_waters",53495
2019,"High Seas","I6","Fish_Caught_international_waters",54513
2020,"High Seas","I6","Fish_Caught_international_waters",58832
2021,"High Seas","I6","Fish_Caught_international_waters",102106
2022,"High Seas","I6","Fish_Caught_international_waters",28732
2023,"High Seas","I6","Fish_Caught_international_waters",21272
1997,"High Seas","I7","Fish_Caught_international_waters",17301
1998,"High Seas","I7","Fish_Caught_international_waters",18291
1999,"High Seas","I7","Fish_Caught_international_waters",16841
2000,"High Seas","I7","Fish_Caught_international_waters",15719
2001,"High Seas","I7","Fish_Caught_international_waters",22251
2002,"High Seas","I7","Fish_Caught_international_waters",26938
2003,"High Seas","I7","Fish_Caught_international_waters",26053
2004,"High Seas","I7","Fish_Caught_international_waters",24916
2005,"High Seas","I7","Fish_Caught_international_waters",22018
2006,"High Seas","I7","Fish_Caught_international_waters",17060
2007,"High Seas","I7","Fish_Caught_international_waters",12114
2008,"High Seas","I7","Fish_Caught_international_waters",19943
2009,"High Seas","I7","Fish_Caught_international_waters",25741
2010,"High Seas","I7","Fish_Caught_international_waters",26431
2011,"High Seas","I7","Fish_Caught_international_waters",16137
2012,"High Seas","I7","Fish_Caught_international_waters",22870
2013,"High Seas","I7","Fish_Caught_international_waters",21799
2014,"High Seas","I7","Fish_Caught_international_waters",14926
2015,"High Seas","I7","Fish_Caught_international_waters",17395
2016,"High Seas","I7","Fish_Caught_international_waters",10603
2017,"High Seas","I7","Fish_Caught_international_waters",33752
2018,"High Seas","I7","Fish_Caught_international_waters",25673
2019,"High Seas","I7","Fish_Caught_international_waters",18924
2020,"High Seas","I7","Fish_Caught_international_waters",28373
2021,"High Seas","I7","Fish_Caught_international_waters",21355
2022,"High Seas","I7","Fish_Caught_international_waters",20992
2023,"High Seas","I7","Fish_Caught_international_waters",25603
1997,"High Seas","I8","Fish_Caught_international_waters",262
1998,"High Seas","I8","Fish_Caught_international_waters",143
1999,"High Seas","I8","Fish_Caught_international_waters",148
2000,"High Seas","I8","Fish_Caught_international_waters",819
2001,"High Seas","I8","Fish_Caught_international_waters",73
2002,"High Seas","I8","Fish_Caught_international_waters",772
2003,"High Seas","I8","Fish_Caught_international_waters",1155
2004,"High Seas","I8","Fish_Caught_international_waters",1982
2005,"High Seas","I8","Fish_Caught_international_waters",1609
2006,"High Seas","I8","Fish_Caught_international_waters",1645
2007,"High Seas","I8","Fish_Caught_international_waters",973
2008,"High Seas","I8","Fish_Caught_international_waters",1521
2009,"High Seas","I8","Fish_Caught_international_waters",987
2010,"High Seas","I8","Fish_Caught_international_waters",1322
2011,"High Seas","I8","Fish_Caught_international_waters",1548
2012,"High Seas","I8","Fish_Caught_international_waters",756
2013,"High Seas","I8","Fish_Caught_international_waters",1187
2014,"High Seas","I8","Fish_Caught_international_waters",1370
2015,"High Seas","I8","Fish_Caught_international_waters",1601
2016,"High Seas","I8","Fish_Caught_international_waters",1834
2017,"High Seas","I8","Fish_Caught_international_waters",2588
2018,"High Seas","I8","Fish_Caught_international_waters",2321
2019,"High Seas","I8","Fish_Caught_international_waters",1990
2020,"High Seas","I8","Fish_Caught_international_waters",1063
2021,"High Seas","I8","Fish_Caught_international_waters",1276
2022,"High Seas","I8","Fish_Caught_international_waters",1332
2023,"High Seas","I8","Fish_Caught_international_waters",342
1997,"High Seas","I9","Fish_Caught_international_waters",78
1998,"High Seas","I9","Fish_Caught_international_waters",65
1999,"High Seas","I9","Fish_Caught_international_waters",169
2000,"High Seas","I9","Fish_Caught_international_waters",30
2001,"High Seas","I9","Fish_Caught_international_waters",124
2002,"High Seas","I9","Fish_Caught_international_waters",876
2003,"High Seas","I9","Fish_Caught_international_waters",376
2004,"High Seas","I9","Fish_Caught_international_waters",132
2005,"High Seas","I9","Fish_Caught_international_waters",158
2006,"High Seas","I9","Fish_Caught_international_waters",450
2007,"High Seas","I9","Fish_Caught_international_waters",1203
2008,"High Seas","I9","Fish_Caught_international_waters",152
2009,"High Seas","I9","Fish_Caught_international_waters",706
2010,"High Seas","I9","Fish_Caught_international_waters",481
2011,"High Seas","I9","Fish_Caught_international_waters",937
2012,"High Seas","I9","Fish_Caught_international_waters",2128
2013,"High Seas","I9","Fish_Caught_international_waters",1217
2014,"High Seas","I9","Fish_Caught_international_waters",293
2015,"High Seas","I9","Fish_Caught_international_waters",141
2016,"High Seas","I9","Fish_Caught_international_waters",104
2017,"High Seas","I9","Fish_Caught_international_waters",2610
2018,"High Seas","I9","Fish_Caught_international_waters",1767
2019,"High Seas","I9","Fish_Caught_international_waters",2949
2020,"High Seas","I9","Fish_Caught_international_waters",2698
2021,"High Seas","I9","Fish_Caught_international_waters",790
2022,"High Seas","I9","Fish_Caught_international_waters",807
2023,"High Seas","I9","Fish_Caught_international_waters",3577
1997,"Non-PNA Member","Indonesia","Fish_Caught_international_waters",0
1998,"Non-PNA Member","Indonesia","Fish_Caught_international_waters",0
1999,"Non-PNA Member","Indonesia","Fish_Caught_international_waters",0
2000,"Non-PNA Member","Indonesia","Fish_Caught_international_waters",0
2001,"Non-PNA Member","Indonesia","Fish_Caught_international_waters",0
2002,"Non-PNA Member","Indonesia","Fish_Caught_international_waters",0
2003,"Non-PNA Member","Indonesia","Fish_Caught_international_waters",0
2004,"Non-PNA Member","Indonesia","Fish_Caught_international_waters",0
2005,"Non-PNA Member","Indonesia","Fish_Caught_international_waters",0
2006,"Non-PNA Member","Indonesia","Fish_Caught_international_waters",0
2007,"Non-PNA Member","Indonesia","Fish_Caught_international_waters",0
2008,"Non-PNA Member","Indonesia","Fish_Caught_international_waters",0
2009,"Non-PNA Member","Indonesia","Fish_Caught_international_waters",0
2010,"Non-PNA Member","Indonesia","Fish_Caught_international_waters",0
2011,"Non-PNA Member","Indonesia","Fish_Caught_international_waters",0
2012,"Non-PNA Member","Indonesia","Fish_Caught_international_waters",0
2013,"Non-PNA Member","Indonesia","Fish_Caught_international_waters",0
2014,"Non-PNA Member","Indonesia","Fish_Caught_international_waters",0
2015,"Non-PNA Member","Indonesia","Fish_Caught_international_waters",0
2016,"Non-PNA Member","Indonesia","Fish_Caught_international_waters",0
2017,"Non-PNA Member","Indonesia","Fish_Caught_international_waters",0
2018,"Non-PNA Member","Indonesia","Fish_Caught_international_waters",0
2019,"Non-PNA Member","Indonesia","Fish_Caught_international_waters",0
2020,"Non-PNA Member","Indonesia","Fish_Caught_international_waters",0
2021,"Non-PNA Member","Indonesia","Fish_Caught_international_waters",0
2022,"Non-PNA Member","Indonesia","Fish_Caught_international_waters",0
2023,"Non-PNA Member","Indonesia","Fish_Caught_international_waters",0
1997,"High Seas","IW","Fish_Caught_international_waters",0
1998,"High Seas","IW","Fish_Caught_international_waters",1
1999,"High Seas","IW","Fish_Caught_international_waters",0
2000,"High Seas","IW","Fish_Caught_international_waters",0
2001,"High Seas","IW","Fish_Caught_international_waters",0
2002,"High Seas","IW","Fish_Caught_international_waters",0
2003,"High Seas","IW","Fish_Caught_international_waters",0
2004,"High Seas","IW","Fish_Caught_international_waters",0
2005,"High Seas","IW","Fish_Caught_international_waters",0
2006,"High Seas","IW","Fish_Caught_international_waters",0
2007,"High Seas","IW","Fish_Caught_international_waters",0
2008,"High Seas","IW","Fish_Caught_international_waters",0
2009,"High Seas","IW","Fish_Caught_international_waters",0
2010,"High Seas","IW","Fish_Caught_international_waters",0
2011,"High Seas","IW","Fish_Caught_international_waters",0
2012,"High Seas","IW","Fish_Caught_international_waters",0
2013,"High Seas","IW","Fish_Caught_international_waters",0
2014,"High Seas","IW","Fish_Caught_international_waters",0
2015,"High Seas","IW","Fish_Caught_international_waters",0
2016,"High Seas","IW","Fish_Caught_international_waters",0
2017,"High Seas","IW","Fish_Caught_international_waters",0
2018,"High Seas","IW","Fish_Caught_international_waters",0
2019,"High Seas","IW","Fish_Caught_international_waters",0
2020,"High Seas","IW","Fish_Caught_international_waters",0
2021,"High Seas","IW","Fish_Caught_international_waters",0
2022,"High Seas","IW","Fish_Caught_international_waters",0
2023,"High Seas","IW","Fish_Caught_international_waters",1
1997,"Non-PNA Member","Japan","Fish_Caught_international_waters",0
1998,"Non-PNA Member","Japan","Fish_Caught_international_waters",0
1999,"Non-PNA Member","Japan","Fish_Caught_international_waters",0
2000,"Non-PNA Member","Japan","Fish_Caught_international_waters",0
2001,"Non-PNA Member","Japan","Fish_Caught_international_waters",0
2002,"Non-PNA Member","Japan","Fish_Caught_international_waters",0
2003,"Non-PNA Member","Japan","Fish_Caught_international_waters",0
2004,"Non-PNA Member","Japan","Fish_Caught_international_waters",0
2005,"Non-PNA Member","Japan","Fish_Caught_international_waters",0
2006,"Non-PNA Member","Japan","Fish_Caught_international_waters",0
2007,"Non-PNA Member","Japan","Fish_Caught_international_waters",0
2008,"Non-PNA Member","Japan","Fish_Caught_international_waters",0
2009,"Non-PNA Member","Japan","Fish_Caught_international_waters",0
2010,"Non-PNA Member","Japan","Fish_Caught_international_waters",0
2011,"Non-PNA Member","Japan","Fish_Caught_international_waters",0
2012,"Non-PNA Member","Japan","Fish_Caught_international_waters",0
2013,"Non-PNA Member","Japan","Fish_Caught_international_waters",0
2014,"Non-PNA Member","Japan","Fish_Caught_international_waters",0
2015,"Non-PNA Member","Japan","Fish_Caught_international_waters",0
2016,"Non-PNA Member","Japan","Fish_Caught_international_waters",0
2017,"Non-PNA Member","Japan","Fish_Caught_international_waters",0
2018,"Non-PNA Member","Japan","Fish_Caught_international_waters",0
2019,"Non-PNA Member","Japan","Fish_Caught_international_waters",0
2020,"Non-PNA Member","Japan","Fish_Caught_international_waters",0
2021,"Non-PNA Member","Japan","Fish_Caught_international_waters",0
2022,"Non-PNA Member","Japan","Fish_Caught_international_waters",0
2023,"Non-PNA Member","Japan","Fish_Caught_international_waters",0
1997,"PNA Member","Kiribati","Fish_Caught_international_waters",0
1998,"PNA Member","Kiribati","Fish_Caught_international_waters",0
1999,"PNA Member","Kiribati","Fish_Caught_international_waters",0
2000,"PNA Member","Kiribati","Fish_Caught_international_waters",0
2001,"PNA Member","Kiribati","Fish_Caught_international_waters",0
2002,"PNA Member","Kiribati","Fish_Caught_international_waters",0
2003,"PNA Member","Kiribati","Fish_Caught_international_waters",0
2004,"PNA Member","Kiribati","Fish_Caught_international_waters",0
2005,"PNA Member","Kiribati","Fish_Caught_international_waters",0
2006,"PNA Member","Kiribati","Fish_Caught_international_waters",0
2007,"PNA Member","Kiribati","Fish_Caught_international_waters",0
2008,"PNA Member","Kiribati","Fish_Caught_international_waters",0
2009,"PNA Member","Kiribati","Fish_Caught_international_waters",0
2010,"PNA Member","Kiribati","Fish_Caught_international_waters",0
2011,"PNA Member","Kiribati","Fish_Caught_international_waters",0
2012,"PNA Member","Kiribati","Fish_Caught_international_waters",0
2013,"PNA Member","Kiribati","Fish_Caught_international_waters",0
2014,"PNA Member","Kiribati","Fish_Caught_international_waters",0
2015,"PNA Member","Kiribati","Fish_Caught_international_waters",0
2016,"PNA Member","Kiribati","Fish_Caught_international_waters",0
2017,"PNA Member","Kiribati","Fish_Caught_international_waters",0
2018,"PNA Member","Kiribati","Fish_Caught_international_waters",0
2019,"PNA Member","Kiribati","Fish_Caught_international_waters",0
2020,"PNA Member","Kiribati","Fish_Caught_international_waters",0
2021,"PNA Member","Kiribati","Fish_Caught_international_waters",0
2022,"PNA Member","Kiribati","Fish_Caught_international_waters",0
2023,"PNA Member","Kiribati","Fish_Caught_international_waters",0
1997,"Non-PNA Member","Korea","Fish_Caught_international_waters",0
1998,"Non-PNA Member","Korea","Fish_Caught_international_waters",0
1999,"Non-PNA Member","Korea","Fish_Caught_international_waters",0
2000,"Non-PNA Member","Korea","Fish_Caught_international_waters",0
2001,"Non-PNA Member","Korea","Fish_Caught_international_waters",0
2002,"Non-PNA Member","Korea","Fish_Caught_international_waters",0
2003,"Non-PNA Member","Korea","Fish_Caught_international_waters",0
2004,"Non-PNA Member","Korea","Fish_Caught_international_waters",0
2005,"Non-PNA Member","Korea","Fish_Caught_international_waters",0
2006,"Non-PNA Member","Korea","Fish_Caught_international_waters",0
2007,"Non-PNA Member","Korea","Fish_Caught_international_waters",0
2008,"Non-PNA Member","Korea","Fish_Caught_international_waters",0
2009,"Non-PNA Member","Korea","Fish_Caught_international_waters",0
2010,"Non-PNA Member","Korea","Fish_Caught_international_waters",0
2011,"Non-PNA Member","Korea","Fish_Caught_international_waters",0
2012,"Non-PNA Member","Korea","Fish_Caught_international_waters",0
2013,"Non-PNA Member","Korea","Fish_Caught_international_waters",0
2014,"Non-PNA Member","Korea","Fish_Caught_international_waters",0
2015,"Non-PNA Member","Korea","Fish_Caught_international_waters",0
2016,"Non-PNA Member","Korea","Fish_Caught_international_waters",0
2017,"Non-PNA Member","Korea","Fish_Caught_international_waters",0
2018,"Non-PNA Member","Korea","Fish_Caught_international_waters",0
2019,"Non-PNA Member","Korea","Fish_Caught_international_waters",0
2020,"Non-PNA Member","Korea","Fish_Caught_international_waters",0
2021,"Non-PNA Member","Korea","Fish_Caught_international_waters",0
2022,"Non-PNA Member","Korea","Fish_Caught_international_waters",0
2023,"Non-PNA Member","Korea","Fish_Caught_international_waters",0
1997,"PNA Member","Marshall Islands","Fish_Caught_international_waters",0
1998,"PNA Member","Marshall Islands","Fish_Caught_international_waters",0
1999,"PNA Member","Marshall Islands","Fish_Caught_international_waters",0
2000,"PNA Member","Marshall Islands","Fish_Caught_international_waters",0
2001,"PNA Member","Marshall Islands","Fish_Caught_international_waters",0
2002,"PNA Member","Marshall Islands","Fish_Caught_international_waters",0
2003,"PNA Member","Marshall Islands","Fish_Caught_international_waters",0
2004,"PNA Member","Marshall Islands","Fish_Caught_international_waters",0
2005,"PNA Member","Marshall Islands","Fish_Caught_international_waters",0
2006,"PNA Member","Marshall Islands","Fish_Caught_international_waters",0
2007,"PNA Member","Marshall Islands","Fish_Caught_international_waters",0
2008,"PNA Member","Marshall Islands","Fish_Caught_international_waters",0
2009,"PNA Member","Marshall Islands","Fish_Caught_international_waters",0
2010,"PNA Member","Marshall Islands","Fish_Caught_international_waters",0
2011,"PNA Member","Marshall Islands","Fish_Caught_international_waters",0
2012,"PNA Member","Marshall Islands","Fish_Caught_international_waters",0
2013,"PNA Member","Marshall Islands","Fish_Caught_international_waters",0
2014,"PNA Member","Marshall Islands","Fish_Caught_international_waters",0
2015,"PNA Member","Marshall Islands","Fish_Caught_international_waters",0
2016,"PNA Member","Marshall Islands","Fish_Caught_international_waters",0
2017,"PNA Member","Marshall Islands","Fish_Caught_international_waters",0
2018,"PNA Member","Marshall Islands","Fish_Caught_international_waters",0
2019,"PNA Member","Marshall Islands","Fish_Caught_international_waters",0
2020,"PNA Member","Marshall Islands","Fish_Caught_international_waters",0
2021,"PNA Member","Marshall Islands","Fish_Caught_international_waters",0
2022,"PNA Member","Marshall Islands","Fish_Caught_international_waters",0
2023,"PNA Member","Marshall Islands","Fish_Caught_international_waters",0
1997,"Non-PNA Member","Mathew and Hunter","Fish_Caught_international_waters",0
1998,"Non-PNA Member","Mathew and Hunter","Fish_Caught_international_waters",0
1999,"Non-PNA Member","Mathew and Hunter","Fish_Caught_international_waters",0
2000,"Non-PNA Member","Mathew and Hunter","Fish_Caught_international_waters",0
2001,"Non-PNA Member","Mathew and Hunter","Fish_Caught_international_waters",0
2002,"Non-PNA Member","Mathew and Hunter","Fish_Caught_international_waters",0
2003,"Non-PNA Member","Mathew and Hunter","Fish_Caught_international_waters",0
2004,"Non-PNA Member","Mathew and Hunter","Fish_Caught_international_waters",0
2005,"Non-PNA Member","Mathew and Hunter","Fish_Caught_international_waters",0
2006,"Non-PNA Member","Mathew and Hunter","Fish_Caught_international_waters",0
2007,"Non-PNA Member","Mathew and Hunter","Fish_Caught_international_waters",0
2008,"Non-PNA Member","Mathew and Hunter","Fish_Caught_international_waters",0
2009,"Non-PNA Member","Mathew and Hunter","Fish_Caught_international_waters",0
2010,"Non-PNA Member","Mathew and Hunter","Fish_Caught_international_waters",0
2011,"Non-PNA Member","Mathew and Hunter","Fish_Caught_international_waters",0
2012,"Non-PNA Member","Mathew and Hunter","Fish_Caught_international_waters",0
2013,"Non-PNA Member","Mathew and Hunter","Fish_Caught_international_waters",0
2014,"Non-PNA Member","Mathew and Hunter","Fish_Caught_international_waters",0
2015,"Non-PNA Member","Mathew and Hunter","Fish_Caught_international_waters",0
2016,"Non-PNA Member","Mathew and Hunter","Fish_Caught_international_waters",0
2017,"Non-PNA Member","Mathew and Hunter","Fish_Caught_international_waters",0
2018,"Non-PNA Member","Mathew and Hunter","Fish_Caught_international_waters",0
2019,"Non-PNA Member","Mathew and Hunter","Fish_Caught_international_waters",0
2020,"Non-PNA Member","Mathew and Hunter","Fish_Caught_international_waters",0
2021,"Non-PNA Member","Mathew and Hunter","Fish_Caught_international_waters",0
2022,"Non-PNA Member","Mathew and Hunter","Fish_Caught_international_waters",0
2023,"Non-PNA Member","Mathew and Hunter","Fish_Caught_international_waters",0
1997,"PNA Member","Nauru","Fish_Caught_international_waters",0
1998,"PNA Member","Nauru","Fish_Caught_international_waters",0
1999,"PNA Member","Nauru","Fish_Caught_international_waters",0
2000,"PNA Member","Nauru","Fish_Caught_international_waters",0
2001,"PNA Member","Nauru","Fish_Caught_international_waters",0
2002,"PNA Member","Nauru","Fish_Caught_international_waters",0
2003,"PNA Member","Nauru","Fish_Caught_international_waters",0
2004,"PNA Member","Nauru","Fish_Caught_international_waters",0
2005,"PNA Member","Nauru","Fish_Caught_international_waters",0
2006,"PNA Member","Nauru","Fish_Caught_international_waters",0
2007,"PNA Member","Nauru","Fish_Caught_international_waters",0
2008,"PNA Member","Nauru","Fish_Caught_international_waters",0
2009,"PNA Member","Nauru","Fish_Caught_international_waters",0
2010,"PNA Member","Nauru","Fish_Caught_international_waters",0
2011,"PNA Member","Nauru","Fish_Caught_international_waters",0
2012,"PNA Member","Nauru","Fish_Caught_international_waters",0
2013,"PNA Member","Nauru","Fish_Caught_international_waters",0
2014,"PNA Member","Nauru","Fish_Caught_international_waters",0
2015,"PNA Member","Nauru","Fish_Caught_international_waters",0
2016,"PNA Member","Nauru","Fish_Caught_international_waters",0
2017,"PNA Member","Nauru","Fish_Caught_international_waters",0
2018,"PNA Member","Nauru","Fish_Caught_international_waters",0
2019,"PNA Member","Nauru","Fish_Caught_international_waters",0
2020,"PNA Member","Nauru","Fish_Caught_international_waters",0
2021,"PNA Member","Nauru","Fish_Caught_international_waters",0
2022,"PNA Member","Nauru","Fish_Caught_international_waters",0
2023,"PNA Member","Nauru","Fish_Caught_international_waters",0
1997,"Non-PNA Member","New Caledonia","Fish_Caught_international_waters",0
1998,"Non-PNA Member","New Caledonia","Fish_Caught_international_waters",0
1999,"Non-PNA Member","New Caledonia","Fish_Caught_international_waters",0
2000,"Non-PNA Member","New Caledonia","Fish_Caught_international_waters",0
2001,"Non-PNA Member","New Caledonia","Fish_Caught_international_waters",0
2002,"Non-PNA Member","New Caledonia","Fish_Caught_international_waters",0
2003,"Non-PNA Member","New Caledonia","Fish_Caught_international_waters",0
2004,"Non-PNA Member","New Caledonia","Fish_Caught_international_waters",0
2005,"Non-PNA Member","New Caledonia","Fish_Caught_international_waters",0
2006,"Non-PNA Member","New Caledonia","Fish_Caught_international_waters",0
2007,"Non-PNA Member","New Caledonia","Fish_Caught_international_waters",0
2008,"Non-PNA Member","New Caledonia","Fish_Caught_international_waters",0
2009,"Non-PNA Member","New Caledonia","Fish_Caught_international_waters",0
2010,"Non-PNA Member","New Caledonia","Fish_Caught_international_waters",0
2011,"Non-PNA Member","New Caledonia","Fish_Caught_international_waters",0
2012,"Non-PNA Member","New Caledonia","Fish_Caught_international_waters",0
2013,"Non-PNA Member","New Caledonia","Fish_Caught_international_waters",0
2014,"Non-PNA Member","New Caledonia","Fish_Caught_international_waters",0
2015,"Non-PNA Member","New Caledonia","Fish_Caught_international_waters",0
2016,"Non-PNA Member","New Caledonia","Fish_Caught_international_waters",0
2017,"Non-PNA Member","New Caledonia","Fish_Caught_international_waters",0
2018,"Non-PNA Member","New Caledonia","Fish_Caught_international_waters",0
2019,"Non-PNA Member","New Caledonia","Fish_Caught_international_waters",0
2020,"Non-PNA Member","New Caledonia","Fish_Caught_international_waters",0
2021,"Non-PNA Member","New Caledonia","Fish_Caught_international_waters",0
2022,"Non-PNA Member","New Caledonia","Fish_Caught_international_waters",0
2023,"Non-PNA Member","New Caledonia","Fish_Caught_international_waters",0
1997,"Non-PNA Member","New Zealand","Fish_Caught_international_waters",0
1998,"Non-PNA Member","New Zealand","Fish_Caught_international_waters",0
1999,"Non-PNA Member","New Zealand","Fish_Caught_international_waters",0
2000,"Non-PNA Member","New Zealand","Fish_Caught_international_waters",0
2001,"Non-PNA Member","New Zealand","Fish_Caught_international_waters",0
2002,"Non-PNA Member","New Zealand","Fish_Caught_international_waters",0
2003,"Non-PNA Member","New Zealand","Fish_Caught_international_waters",0
2004,"Non-PNA Member","New Zealand","Fish_Caught_international_waters",0
2005,"Non-PNA Member","New Zealand","Fish_Caught_international_waters",0
2006,"Non-PNA Member","New Zealand","Fish_Caught_international_waters",0
2007,"Non-PNA Member","New Zealand","Fish_Caught_international_waters",0
2008,"Non-PNA Member","New Zealand","Fish_Caught_international_waters",0
2009,"Non-PNA Member","New Zealand","Fish_Caught_international_waters",0
2010,"Non-PNA Member","New Zealand","Fish_Caught_international_waters",0
2011,"Non-PNA Member","New Zealand","Fish_Caught_international_waters",0
2012,"Non-PNA Member","New Zealand","Fish_Caught_international_waters",0
2013,"Non-PNA Member","New Zealand","Fish_Caught_international_waters",0
2014,"Non-PNA Member","New Zealand","Fish_Caught_international_waters",0
2015,"Non-PNA Member","New Zealand","Fish_Caught_international_waters",0
2016,"Non-PNA Member","New Zealand","Fish_Caught_international_waters",0
2017,"Non-PNA Member","New Zealand","Fish_Caught_international_waters",0
2018,"Non-PNA Member","New Zealand","Fish_Caught_international_waters",0
2019,"Non-PNA Member","New Zealand","Fish_Caught_international_waters",0
2020,"Non-PNA Member","New Zealand","Fish_Caught_international_waters",0
2021,"Non-PNA Member","New Zealand","Fish_Caught_international_waters",0
2022,"Non-PNA Member","New Zealand","Fish_Caught_international_waters",0
2023,"Non-PNA Member","New Zealand","Fish_Caught_international_waters",0
1997,"Non-PNA Member","Niue","Fish_Caught_international_waters",0
1998,"Non-PNA Member","Niue","Fish_Caught_international_waters",0
1999,"Non-PNA Member","Niue","Fish_Caught_international_waters",0
2000,"Non-PNA Member","Niue","Fish_Caught_international_waters",0
2001,"Non-PNA Member","Niue","Fish_Caught_international_waters",0
2002,"Non-PNA Member","Niue","Fish_Caught_international_waters",0
2003,"Non-PNA Member","Niue","Fish_Caught_international_waters",0
2004,"Non-PNA Member","Niue","Fish_Caught_international_waters",0
2005,"Non-PNA Member","Niue","Fish_Caught_international_waters",0
2006,"Non-PNA Member","Niue","Fish_Caught_international_waters",0
2007,"Non-PNA Member","Niue","Fish_Caught_international_waters",0
2008,"Non-PNA Member","Niue","Fish_Caught_international_waters",0
2009,"Non-PNA Member","Niue","Fish_Caught_international_waters",0
2010,"Non-PNA Member","Niue","Fish_Caught_international_waters",0
2011,"Non-PNA Member","Niue","Fish_Caught_international_waters",0
2012,"Non-PNA Member","Niue","Fish_Caught_international_waters",0
2013,"Non-PNA Member","Niue","Fish_Caught_international_waters",0
2014,"Non-PNA Member","Niue","Fish_Caught_international_waters",0
2015,"Non-PNA Member","Niue","Fish_Caught_international_waters",0
2016,"Non-PNA Member","Niue","Fish_Caught_international_waters",0
2017,"Non-PNA Member","Niue","Fish_Caught_international_waters",0
2018,"Non-PNA Member","Niue","Fish_Caught_international_waters",0
2019,"Non-PNA Member","Niue","Fish_Caught_international_waters",0
2020,"Non-PNA Member","Niue","Fish_Caught_international_waters",0
2021,"Non-PNA Member","Niue","Fish_Caught_international_waters",0
2022,"Non-PNA Member","Niue","Fish_Caught_international_waters",0
2023,"Non-PNA Member","Niue","Fish_Caught_international_waters",0
1997,"Non-PNA Member","Northern Mariana Islands","Fish_Caught_international_waters",0
1998,"Non-PNA Member","Northern Mariana Islands","Fish_Caught_international_waters",0
1999,"Non-PNA Member","Northern Mariana Islands","Fish_Caught_international_waters",0
2000,"Non-PNA Member","Northern Mariana Islands","Fish_Caught_international_waters",0
2001,"Non-PNA Member","Northern Mariana Islands","Fish_Caught_international_waters",0
2002,"Non-PNA Member","Northern Mariana Islands","Fish_Caught_international_waters",0
2003,"Non-PNA Member","Northern Mariana Islands","Fish_Caught_international_waters",0
2004,"Non-PNA Member","Northern Mariana Islands","Fish_Caught_international_waters",0
2005,"Non-PNA Member","Northern Mariana Islands","Fish_Caught_international_waters",0
2006,"Non-PNA Member","Northern Mariana Islands","Fish_Caught_international_waters",0
2007,"Non-PNA Member","Northern Mariana Islands","Fish_Caught_international_waters",0
2008,"Non-PNA Member","Northern Mariana Islands","Fish_Caught_international_waters",0
2009,"Non-PNA Member","Northern Mariana Islands","Fish_Caught_international_waters",0
2010,"Non-PNA Member","Northern Mariana Islands","Fish_Caught_international_waters",0
2011,"Non-PNA Member","Northern Mariana Islands","Fish_Caught_international_waters",0
2012,"Non-PNA Member","Northern Mariana Islands","Fish_Caught_international_waters",0
2013,"Non-PNA Member","Northern Mariana Islands","Fish_Caught_international_waters",0
2014,"Non-PNA Member","Northern Mariana Islands","Fish_Caught_international_waters",0
2015,"Non-PNA Member","Northern Mariana Islands","Fish_Caught_international_waters",0
2016,"Non-PNA Member","Northern Mariana Islands","Fish_Caught_international_waters",0
2017,"Non-PNA Member","Northern Mariana Islands","Fish_Caught_international_waters",0
2018,"Non-PNA Member","Northern Mariana Islands","Fish_Caught_international_waters",0
2019,"Non-PNA Member","Northern Mariana Islands","Fish_Caught_international_waters",0
2020,"Non-PNA Member","Northern Mariana Islands","Fish_Caught_international_waters",0
2021,"Non-PNA Member","Northern Mariana Islands","Fish_Caught_international_waters",0
2022,"Non-PNA Member","Northern Mariana Islands","Fish_Caught_international_waters",0
2023,"Non-PNA Member","Northern Mariana Islands","Fish_Caught_international_waters",0
1997,"PNA Member","Palau","Fish_Caught_international_waters",0
1998,"PNA Member","Palau","Fish_Caught_international_waters",0
1999,"PNA Member","Palau","Fish_Caught_international_waters",0
2000,"PNA Member","Palau","Fish_Caught_international_waters",0
2001,"PNA Member","Palau","Fish_Caught_international_waters",0
2002,"PNA Member","Palau","Fish_Caught_international_waters",0
2003,"PNA Member","Palau","Fish_Caught_international_waters",0
2004,"PNA Member","Palau","Fish_Caught_international_waters",0
2005,"PNA Member","Palau","Fish_Caught_international_waters",0
2006,"PNA Member","Palau","Fish_Caught_international_waters",0
2007,"PNA Member","Palau","Fish_Caught_international_waters",0
2008,"PNA Member","Palau","Fish_Caught_international_waters",0
2009,"PNA Member","Palau","Fish_Caught_international_waters",0
2010,"PNA Member","Palau","Fish_Caught_international_waters",0
2011,"PNA Member","Palau","Fish_Caught_international_waters",0
2012,"PNA Member","Palau","Fish_Caught_international_waters",0
2013,"PNA Member","Palau","Fish_Caught_international_waters",0
2014,"PNA Member","Palau","Fish_Caught_international_waters",0
2015,"PNA Member","Palau","Fish_Caught_international_waters",0
2016,"PNA Member","Palau","Fish_Caught_international_waters",0
2017,"PNA Member","Palau","Fish_Caught_international_waters",0
2018,"PNA Member","Palau","Fish_Caught_international_waters",0
2019,"PNA Member","Palau","Fish_Caught_international_waters",0
2020,"PNA Member","Palau","Fish_Caught_international_waters",0
2021,"PNA Member","Palau","Fish_Caught_international_waters",0
2022,"PNA Member","Palau","Fish_Caught_international_waters",0
2023,"PNA Member","Palau","Fish_Caught_international_waters",0
1997,"Non-PNA Member","Philippines","Fish_Caught_international_waters",0
1998,"Non-PNA Member","Philippines","Fish_Caught_international_waters",0
1999,"Non-PNA Member","Philippines","Fish_Caught_international_waters",0
2000,"Non-PNA Member","Philippines","Fish_Caught_international_waters",0
2001,"Non-PNA Member","Philippines","Fish_Caught_international_waters",0
2002,"Non-PNA Member","Philippines","Fish_Caught_international_waters",0
2003,"Non-PNA Member","Philippines","Fish_Caught_international_waters",0
2004,"Non-PNA Member","Philippines","Fish_Caught_international_waters",0
2005,"Non-PNA Member","Philippines","Fish_Caught_international_waters",0
2006,"Non-PNA Member","Philippines","Fish_Caught_international_waters",0
2007,"Non-PNA Member","Philippines","Fish_Caught_international_waters",0
2008,"Non-PNA Member","Philippines","Fish_Caught_international_waters",0
2009,"Non-PNA Member","Philippines","Fish_Caught_international_waters",0
2010,"Non-PNA Member","Philippines","Fish_Caught_international_waters",0
2011,"Non-PNA Member","Philippines","Fish_Caught_international_waters",0
2012,"Non-PNA Member","Philippines","Fish_Caught_international_waters",0
2013,"Non-PNA Member","Philippines","Fish_Caught_international_waters",0
2014,"Non-PNA Member","Philippines","Fish_Caught_international_waters",0
2015,"Non-PNA Member","Philippines","Fish_Caught_international_waters",0
2016,"Non-PNA Member","Philippines","Fish_Caught_international_waters",0
2017,"Non-PNA Member","Philippines","Fish_Caught_international_waters",0
2018,"Non-PNA Member","Philippines","Fish_Caught_international_waters",0
2019,"Non-PNA Member","Philippines","Fish_Caught_international_waters",0
2020,"Non-PNA Member","Philippines","Fish_Caught_international_waters",0
2021,"Non-PNA Member","Philippines","Fish_Caught_international_waters",0
2022,"Non-PNA Member","Philippines","Fish_Caught_international_waters",0
2023,"Non-PNA Member","Philippines","Fish_Caught_international_waters",0
1997,"PNA Member","PNG","Fish_Caught_international_waters",0
1998,"PNA Member","PNG","Fish_Caught_international_waters",0
1999,"PNA Member","PNG","Fish_Caught_international_waters",0
2000,"PNA Member","PNG","Fish_Caught_international_waters",0
2001,"PNA Member","PNG","Fish_Caught_international_waters",0
2002,"PNA Member","PNG","Fish_Caught_international_waters",0
2003,"PNA Member","PNG","Fish_Caught_international_waters",0
2004,"PNA Member","PNG","Fish_Caught_international_waters",0
2005,"PNA Member","PNG","Fish_Caught_international_waters",0
2006,"PNA Member","PNG","Fish_Caught_international_waters",0
2007,"PNA Member","PNG","Fish_Caught_international_waters",0
2008,"PNA Member","PNG","Fish_Caught_international_waters",0
2009,"PNA Member","PNG","Fish_Caught_international_waters",0
2010,"PNA Member","PNG","Fish_Caught_international_waters",0
2011,"PNA Member","PNG","Fish_Caught_international_waters",0
2012,"PNA Member","PNG","Fish_Caught_international_waters",0
2013,"PNA Member","PNG","Fish_Caught_international_waters",0
2014,"PNA Member","PNG","Fish_Caught_international_waters",0
2015,"PNA Member","PNG","Fish_Caught_international_waters",0
2016,"PNA Member","PNG","Fish_Caught_international_waters",0
2017,"PNA Member","PNG","Fish_Caught_international_waters",0
2018,"PNA Member","PNG","Fish_Caught_international_waters",0
2019,"PNA Member","PNG","Fish_Caught_international_waters",0
2020,"PNA Member","PNG","Fish_Caught_international_waters",0
2021,"PNA Member","PNG","Fish_Caught_international_waters",0
2022,"PNA Member","PNG","Fish_Caught_international_waters",0
2023,"PNA Member","PNG","Fish_Caught_international_waters",0
1997,"Non-PNA Member","Portugal","Fish_Caught_international_waters",0
1998,"Non-PNA Member","Portugal","Fish_Caught_international_waters",0
1999,"Non-PNA Member","Portugal","Fish_Caught_international_waters",0
2000,"Non-PNA Member","Portugal","Fish_Caught_international_waters",0
2001,"Non-PNA Member","Portugal","Fish_Caught_international_waters",0
2002,"Non-PNA Member","Portugal","Fish_Caught_international_waters",0
2003,"Non-PNA Member","Portugal","Fish_Caught_international_waters",0
2004,"Non-PNA Member","Portugal","Fish_Caught_international_waters",0
2005,"Non-PNA Member","Portugal","Fish_Caught_international_waters",0
2006,"Non-PNA Member","Portugal","Fish_Caught_international_waters",0
2007,"Non-PNA Member","Portugal","Fish_Caught_international_waters",0
2008,"Non-PNA Member","Portugal","Fish_Caught_international_waters",0
2009,"Non-PNA Member","Portugal","Fish_Caught_international_waters",0
2010,"Non-PNA Member","Portugal","Fish_Caught_international_waters",0
2011,"Non-PNA Member","Portugal","Fish_Caught_international_waters",0
2012,"Non-PNA Member","Portugal","Fish_Caught_international_waters",0
2013,"Non-PNA Member","Portugal","Fish_Caught_international_waters",0
2014,"Non-PNA Member","Portugal","Fish_Caught_international_waters",0
2015,"Non-PNA Member","Portugal","Fish_Caught_international_waters",0
2016,"Non-PNA Member","Portugal","Fish_Caught_international_waters",0
2017,"Non-PNA Member","Portugal","Fish_Caught_international_waters",0
2018,"Non-PNA Member","Portugal","Fish_Caught_international_waters",0
2019,"Non-PNA Member","Portugal","Fish_Caught_international_waters",0
2020,"Non-PNA Member","Portugal","Fish_Caught_international_waters",0
2021,"Non-PNA Member","Portugal","Fish_Caught_international_waters",0
2022,"Non-PNA Member","Portugal","Fish_Caught_international_waters",0
2023,"Non-PNA Member","Portugal","Fish_Caught_international_waters",0
1997,"Non-PNA Member","Samoa","Fish_Caught_international_waters",0
1998,"Non-PNA Member","Samoa","Fish_Caught_international_waters",0
1999,"Non-PNA Member","Samoa","Fish_Caught_international_waters",0
2000,"Non-PNA Member","Samoa","Fish_Caught_international_waters",0
2001,"Non-PNA Member","Samoa","Fish_Caught_international_waters",0
2002,"Non-PNA Member","Samoa","Fish_Caught_international_waters",0
2003,"Non-PNA Member","Samoa","Fish_Caught_international_waters",0
2004,"Non-PNA Member","Samoa","Fish_Caught_international_waters",0
2005,"Non-PNA Member","Samoa","Fish_Caught_international_waters",0
2006,"Non-PNA Member","Samoa","Fish_Caught_international_waters",0
2007,"Non-PNA Member","Samoa","Fish_Caught_international_waters",0
2008,"Non-PNA Member","Samoa","Fish_Caught_international_waters",0
2009,"Non-PNA Member","Samoa","Fish_Caught_international_waters",0
2010,"Non-PNA Member","Samoa","Fish_Caught_international_waters",0
2011,"Non-PNA Member","Samoa","Fish_Caught_international_waters",0
2012,"Non-PNA Member","Samoa","Fish_Caught_international_waters",0
2013,"Non-PNA Member","Samoa","Fish_Caught_international_waters",0
2014,"Non-PNA Member","Samoa","Fish_Caught_international_waters",0
2015,"Non-PNA Member","Samoa","Fish_Caught_international_waters",0
2016,"Non-PNA Member","Samoa","Fish_Caught_international_waters",0
2017,"Non-PNA Member","Samoa","Fish_Caught_international_waters",0
2018,"Non-PNA Member","Samoa","Fish_Caught_international_waters",0
2019,"Non-PNA Member","Samoa","Fish_Caught_international_waters",0
2020,"Non-PNA Member","Samoa","Fish_Caught_international_waters",0
2021,"Non-PNA Member","Samoa","Fish_Caught_international_waters",0
2022,"Non-PNA Member","Samoa","Fish_Caught_international_waters",0
2023,"Non-PNA Member","Samoa","Fish_Caught_international_waters",0
1997,"Non-PNA Member","Senegal","Fish_Caught_international_waters",0
1998,"Non-PNA Member","Senegal","Fish_Caught_international_waters",0
1999,"Non-PNA Member","Senegal","Fish_Caught_international_waters",0
2000,"Non-PNA Member","Senegal","Fish_Caught_international_waters",0
2001,"Non-PNA Member","Senegal","Fish_Caught_international_waters",0
2002,"Non-PNA Member","Senegal","Fish_Caught_international_waters",0
2003,"Non-PNA Member","Senegal","Fish_Caught_international_waters",0
2004,"Non-PNA Member","Senegal","Fish_Caught_international_waters",0
2005,"Non-PNA Member","Senegal","Fish_Caught_international_waters",0
2006,"Non-PNA Member","Senegal","Fish_Caught_international_waters",0
2007,"Non-PNA Member","Senegal","Fish_Caught_international_waters",0
2008,"Non-PNA Member","Senegal","Fish_Caught_international_waters",0
2009,"Non-PNA Member","Senegal","Fish_Caught_international_waters",0
2010,"Non-PNA Member","Senegal","Fish_Caught_international_waters",0
2011,"Non-PNA Member","Senegal","Fish_Caught_international_waters",0
2012,"Non-PNA Member","Senegal","Fish_Caught_international_waters",0
2013,"Non-PNA Member","Senegal","Fish_Caught_international_waters",0
2014,"Non-PNA Member","Senegal","Fish_Caught_international_waters",0
2015,"Non-PNA Member","Senegal","Fish_Caught_international_waters",0
2016,"Non-PNA Member","Senegal","Fish_Caught_international_waters",0
2017,"Non-PNA Member","Senegal","Fish_Caught_international_waters",0
2018,"Non-PNA Member","Senegal","Fish_Caught_international_waters",0
2019,"Non-PNA Member","Senegal","Fish_Caught_international_waters",0
2020,"Non-PNA Member","Senegal","Fish_Caught_international_waters",0
2021,"Non-PNA Member","Senegal","Fish_Caught_international_waters",0
2022,"Non-PNA Member","Senegal","Fish_Caught_international_waters",0
2023,"Non-PNA Member","Senegal","Fish_Caught_international_waters",0
1997,"PNA Member","Solomon  Islands","Fish_Caught_international_waters",0
1998,"PNA Member","Solomon  Islands","Fish_Caught_international_waters",0
1999,"PNA Member","Solomon  Islands","Fish_Caught_international_waters",0
2000,"PNA Member","Solomon  Islands","Fish_Caught_international_waters",0
2001,"PNA Member","Solomon  Islands","Fish_Caught_international_waters",0
2002,"PNA Member","Solomon  Islands","Fish_Caught_international_waters",0
2003,"PNA Member","Solomon  Islands","Fish_Caught_international_waters",0
2004,"PNA Member","Solomon  Islands","Fish_Caught_international_waters",0
2005,"PNA Member","Solomon  Islands","Fish_Caught_international_waters",0
2006,"PNA Member","Solomon  Islands","Fish_Caught_international_waters",0
2007,"PNA Member","Solomon  Islands","Fish_Caught_international_waters",0
2008,"PNA Member","Solomon  Islands","Fish_Caught_international_waters",0
2009,"PNA Member","Solomon  Islands","Fish_Caught_international_waters",0
2010,"PNA Member","Solomon  Islands","Fish_Caught_international_waters",0
2011,"PNA Member","Solomon  Islands","Fish_Caught_international_waters",0
2012,"PNA Member","Solomon  Islands","Fish_Caught_international_waters",0
2013,"PNA Member","Solomon  Islands","Fish_Caught_international_waters",0
2014,"PNA Member","Solomon  Islands","Fish_Caught_international_waters",0
2015,"PNA Member","Solomon  Islands","Fish_Caught_international_waters",0
2016,"PNA Member","Solomon  Islands","Fish_Caught_international_waters",0
2017,"PNA Member","Solomon  Islands","Fish_Caught_international_waters",0
2018,"PNA Member","Solomon  Islands","Fish_Caught_international_waters",0
2019,"PNA Member","Solomon  Islands","Fish_Caught_international_waters",0
2020,"PNA Member","Solomon  Islands","Fish_Caught_international_waters",0
2021,"PNA Member","Solomon  Islands","Fish_Caught_international_waters",0
2022,"PNA Member","Solomon  Islands","Fish_Caught_international_waters",0
2023,"PNA Member","Solomon  Islands","Fish_Caught_international_waters",0
1997,"Non-PNA Member","Spain","Fish_Caught_international_waters",0
1998,"Non-PNA Member","Spain","Fish_Caught_international_waters",0
1999,"Non-PNA Member","Spain","Fish_Caught_international_waters",0
2000,"Non-PNA Member","Spain","Fish_Caught_international_waters",0
2001,"Non-PNA Member","Spain","Fish_Caught_international_waters",0
2002,"Non-PNA Member","Spain","Fish_Caught_international_waters",0
2003,"Non-PNA Member","Spain","Fish_Caught_international_waters",0
2004,"Non-PNA Member","Spain","Fish_Caught_international_waters",0
2005,"Non-PNA Member","Spain","Fish_Caught_international_waters",0
2006,"Non-PNA Member","Spain","Fish_Caught_international_waters",0
2007,"Non-PNA Member","Spain","Fish_Caught_international_waters",0
2008,"Non-PNA Member","Spain","Fish_Caught_international_waters",0
2009,"Non-PNA Member","Spain","Fish_Caught_international_waters",0
2010,"Non-PNA Member","Spain","Fish_Caught_international_waters",0
2011,"Non-PNA Member","Spain","Fish_Caught_international_waters",0
2012,"Non-PNA Member","Spain","Fish_Caught_international_waters",0
2013,"Non-PNA Member","Spain","Fish_Caught_international_waters",0
2014,"Non-PNA Member","Spain","Fish_Caught_international_waters",0
2015,"Non-PNA Member","Spain","Fish_Caught_international_waters",0
2016,"Non-PNA Member","Spain","Fish_Caught_international_waters",0
2017,"Non-PNA Member","Spain","Fish_Caught_international_waters",0
2018,"Non-PNA Member","Spain","Fish_Caught_international_waters",0
2019,"Non-PNA Member","Spain","Fish_Caught_international_waters",0
2020,"Non-PNA Member","Spain","Fish_Caught_international_waters",0
2021,"Non-PNA Member","Spain","Fish_Caught_international_waters",0
2022,"Non-PNA Member","Spain","Fish_Caught_international_waters",0
2023,"Non-PNA Member","Spain","Fish_Caught_international_waters",0
1997,"Non-PNA Member","Taiwan","Fish_Caught_international_waters",0
1998,"Non-PNA Member","Taiwan","Fish_Caught_international_waters",0
1999,"Non-PNA Member","Taiwan","Fish_Caught_international_waters",0
2000,"Non-PNA Member","Taiwan","Fish_Caught_international_waters",0
2001,"Non-PNA Member","Taiwan","Fish_Caught_international_waters",0
2002,"Non-PNA Member","Taiwan","Fish_Caught_international_waters",0
2003,"Non-PNA Member","Taiwan","Fish_Caught_international_waters",0
2004,"Non-PNA Member","Taiwan","Fish_Caught_international_waters",0
2005,"Non-PNA Member","Taiwan","Fish_Caught_international_waters",0
2006,"Non-PNA Member","Taiwan","Fish_Caught_international_waters",0
2007,"Non-PNA Member","Taiwan","Fish_Caught_international_waters",0
2008,"Non-PNA Member","Taiwan","Fish_Caught_international_waters",0
2009,"Non-PNA Member","Taiwan","Fish_Caught_international_waters",0
2010,"Non-PNA Member","Taiwan","Fish_Caught_international_waters",0
2011,"Non-PNA Member","Taiwan","Fish_Caught_international_waters",0
2012,"Non-PNA Member","Taiwan","Fish_Caught_international_waters",0
2013,"Non-PNA Member","Taiwan","Fish_Caught_international_waters",0
2014,"Non-PNA Member","Taiwan","Fish_Caught_international_waters",0
2015,"Non-PNA Member","Taiwan","Fish_Caught_international_waters",0
2016,"Non-PNA Member","Taiwan","Fish_Caught_international_waters",0
2017,"Non-PNA Member","Taiwan","Fish_Caught_international_waters",0
2018,"Non-PNA Member","Taiwan","Fish_Caught_international_waters",0
2019,"Non-PNA Member","Taiwan","Fish_Caught_international_waters",0
2020,"Non-PNA Member","Taiwan","Fish_Caught_international_waters",0
2021,"Non-PNA Member","Taiwan","Fish_Caught_international_waters",0
2022,"Non-PNA Member","Taiwan","Fish_Caught_international_waters",0
2023,"Non-PNA Member","Taiwan","Fish_Caught_international_waters",0
1997,"PNA Member","Tokelau","Fish_Caught_international_waters",0
1998,"PNA Member","Tokelau","Fish_Caught_international_waters",0
1999,"PNA Member","Tokelau","Fish_Caught_international_waters",0
2000,"PNA Member","Tokelau","Fish_Caught_international_waters",0
2001,"PNA Member","Tokelau","Fish_Caught_international_waters",0
2002,"PNA Member","Tokelau","Fish_Caught_international_waters",0
2003,"PNA Member","Tokelau","Fish_Caught_international_waters",0
2004,"PNA Member","Tokelau","Fish_Caught_international_waters",0
2005,"PNA Member","Tokelau","Fish_Caught_international_waters",0
2006,"PNA Member","Tokelau","Fish_Caught_international_waters",0
2007,"PNA Member","Tokelau","Fish_Caught_international_waters",0
2008,"PNA Member","Tokelau","Fish_Caught_international_waters",0
2009,"PNA Member","Tokelau","Fish_Caught_international_waters",0
2010,"PNA Member","Tokelau","Fish_Caught_international_waters",0
2011,"PNA Member","Tokelau","Fish_Caught_international_waters",0
2012,"PNA Member","Tokelau","Fish_Caught_international_waters",0
2013,"PNA Member","Tokelau","Fish_Caught_international_waters",0
2014,"PNA Member","Tokelau","Fish_Caught_international_waters",0
2015,"PNA Member","Tokelau","Fish_Caught_international_waters",0
2016,"PNA Member","Tokelau","Fish_Caught_international_waters",0
2017,"PNA Member","Tokelau","Fish_Caught_international_waters",0
2018,"PNA Member","Tokelau","Fish_Caught_international_waters",0
2019,"PNA Member","Tokelau","Fish_Caught_international_waters",0
2020,"PNA Member","Tokelau","Fish_Caught_international_waters",0
2021,"PNA Member","Tokelau","Fish_Caught_international_waters",0
2022,"PNA Member","Tokelau","Fish_Caught_international_waters",0
2023,"PNA Member","Tokelau","Fish_Caught_international_waters",0
1997,"Non-PNA Member","Tonga","Fish_Caught_international_waters",0
1998,"Non-PNA Member","Tonga","Fish_Caught_international_waters",0
1999,"Non-PNA Member","Tonga","Fish_Caught_international_waters",0
2000,"Non-PNA Member","Tonga","Fish_Caught_international_waters",0
2001,"Non-PNA Member","Tonga","Fish_Caught_international_waters",0
2002,"Non-PNA Member","Tonga","Fish_Caught_international_waters",0
2003,"Non-PNA Member","Tonga","Fish_Caught_international_waters",0
2004,"Non-PNA Member","Tonga","Fish_Caught_international_waters",0
2005,"Non-PNA Member","Tonga","Fish_Caught_international_waters",0
2006,"Non-PNA Member","Tonga","Fish_Caught_international_waters",0
2007,"Non-PNA Member","Tonga","Fish_Caught_international_waters",0
2008,"Non-PNA Member","Tonga","Fish_Caught_international_waters",0
2009,"Non-PNA Member","Tonga","Fish_Caught_international_waters",0
2010,"Non-PNA Member","Tonga","Fish_Caught_international_waters",0
2011,"Non-PNA Member","Tonga","Fish_Caught_international_waters",0
2012,"Non-PNA Member","Tonga","Fish_Caught_international_waters",0
2013,"Non-PNA Member","Tonga","Fish_Caught_international_waters",0
2014,"Non-PNA Member","Tonga","Fish_Caught_international_waters",0
2015,"Non-PNA Member","Tonga","Fish_Caught_international_waters",0
2016,"Non-PNA Member","Tonga","Fish_Caught_international_waters",0
2017,"Non-PNA Member","Tonga","Fish_Caught_international_waters",0
2018,"Non-PNA Member","Tonga","Fish_Caught_international_waters",0
2019,"Non-PNA Member","Tonga","Fish_Caught_international_waters",0
2020,"Non-PNA Member","Tonga","Fish_Caught_international_waters",0
2021,"Non-PNA Member","Tonga","Fish_Caught_international_waters",0
2022,"Non-PNA Member","Tonga","Fish_Caught_international_waters",0
2023,"Non-PNA Member","Tonga","Fish_Caught_international_waters",0
1997,"PNA Member","Tuvalu","Fish_Caught_international_waters",0
1998,"PNA Member","Tuvalu","Fish_Caught_international_waters",0
1999,"PNA Member","Tuvalu","Fish_Caught_international_waters",0
2000,"PNA Member","Tuvalu","Fish_Caught_international_waters",0
2001,"PNA Member","Tuvalu","Fish_Caught_international_waters",0
2002,"PNA Member","Tuvalu","Fish_Caught_international_waters",0
2003,"PNA Member","Tuvalu","Fish_Caught_international_waters",0
2004,"PNA Member","Tuvalu","Fish_Caught_international_waters",0
2005,"PNA Member","Tuvalu","Fish_Caught_international_waters",0
2006,"PNA Member","Tuvalu","Fish_Caught_international_waters",0
2007,"PNA Member","Tuvalu","Fish_Caught_international_waters",0
2008,"PNA Member","Tuvalu","Fish_Caught_international_waters",0
2009,"PNA Member","Tuvalu","Fish_Caught_international_waters",0
2010,"PNA Member","Tuvalu","Fish_Caught_international_waters",0
2011,"PNA Member","Tuvalu","Fish_Caught_international_waters",0
2012,"PNA Member","Tuvalu","Fish_Caught_international_waters",0
2013,"PNA Member","Tuvalu","Fish_Caught_international_waters",0
2014,"PNA Member","Tuvalu","Fish_Caught_international_waters",0
2015,"PNA Member","Tuvalu","Fish_Caught_international_waters",0
2016,"PNA Member","Tuvalu","Fish_Caught_international_waters",0
2017,"PNA Member","Tuvalu","Fish_Caught_international_waters",0
2018,"PNA Member","Tuvalu","Fish_Caught_international_waters",0
2019,"PNA Member","Tuvalu","Fish_Caught_international_waters",0
2020,"PNA Member","Tuvalu","Fish_Caught_international_waters",0
2021,"PNA Member","Tuvalu","Fish_Caught_international_waters",0
2022,"PNA Member","Tuvalu","Fish_Caught_international_waters",0
2023,"PNA Member","Tuvalu","Fish_Caught_international_waters",0
1997,"Non-PNA Member","US","Fish_Caught_international_waters",0
1998,"Non-PNA Member","US","Fish_Caught_international_waters",0
1999,"Non-PNA Member","US","Fish_Caught_international_waters",0
2000,"Non-PNA Member","US","Fish_Caught_international_waters",0
2001,"Non-PNA Member","US","Fish_Caught_international_waters",0
2002,"Non-PNA Member","US","Fish_Caught_international_waters",0
2003,"Non-PNA Member","US","Fish_Caught_international_waters",0
2004,"Non-PNA Member","US","Fish_Caught_international_waters",0
2005,"Non-PNA Member","US","Fish_Caught_international_waters",0
2006,"Non-PNA Member","US","Fish_Caught_international_waters",0
2007,"Non-PNA Member","US","Fish_Caught_international_waters",0
2008,"Non-PNA Member","US","Fish_Caught_international_waters",0
2009,"Non-PNA Member","US","Fish_Caught_international_waters",0
2010,"Non-PNA Member","US","Fish_Caught_international_waters",0
2011,"Non-PNA Member","US","Fish_Caught_international_waters",0
2012,"Non-PNA Member","US","Fish_Caught_international_waters",0
2013,"Non-PNA Member","US","Fish_Caught_international_waters",0
2014,"Non-PNA Member","US","Fish_Caught_international_waters",0
2015,"Non-PNA Member","US","Fish_Caught_international_waters",0
2016,"Non-PNA Member","US","Fish_Caught_international_waters",0
2017,"Non-PNA Member","US","Fish_Caught_international_waters",0
2018,"Non-PNA Member","US","Fish_Caught_international_waters",0
2019,"Non-PNA Member","US","Fish_Caught_international_waters",0
2020,"Non-PNA Member","US","Fish_Caught_international_waters",0
2021,"Non-PNA Member","US","Fish_Caught_international_waters",0
2022,"Non-PNA Member","US","Fish_Caught_international_waters",0
2023,"Non-PNA Member","US","Fish_Caught_international_waters",0
1997,"Non-PNA Member","US (includes territories, ex Am Samoa)","Fish_Caught_international_waters",0
1998,"Non-PNA Member","US (includes territories, ex Am Samoa)","Fish_Caught_international_waters",0
1999,"Non-PNA Member","US (includes territories, ex Am Samoa)","Fish_Caught_international_waters",0
2000,"Non-PNA Member","US (includes territories, ex Am Samoa)","Fish_Caught_international_waters",0
2001,"Non-PNA Member","US (includes territories, ex Am Samoa)","Fish_Caught_international_waters",0
2002,"Non-PNA Member","US (includes territories, ex Am Samoa)","Fish_Caught_international_waters",0
2003,"Non-PNA Member","US (includes territories, ex Am Samoa)","Fish_Caught_international_waters",0
2004,"Non-PNA Member","US (includes territories, ex Am Samoa)","Fish_Caught_international_waters",0
2005,"Non-PNA Member","US (includes territories, ex Am Samoa)","Fish_Caught_international_waters",0
2006,"Non-PNA Member","US (includes territories, ex Am Samoa)","Fish_Caught_international_waters",0
2007,"Non-PNA Member","US (includes territories, ex Am Samoa)","Fish_Caught_international_waters",0
2008,"Non-PNA Member","US (includes territories, ex Am Samoa)","Fish_Caught_international_waters",0
2009,"Non-PNA Member","US (includes territories, ex Am Samoa)","Fish_Caught_international_waters",0
2010,"Non-PNA Member","US (includes territories, ex Am Samoa)","Fish_Caught_international_waters",0
2011,"Non-PNA Member","US (includes territories, ex Am Samoa)","Fish_Caught_international_waters",0
2012,"Non-PNA Member","US (includes territories, ex Am Samoa)","Fish_Caught_international_waters",0
2013,"Non-PNA Member","US (includes territories, ex Am Samoa)","Fish_Caught_international_waters",0
2014,"Non-PNA Member","US (includes territories, ex Am Samoa)","Fish_Caught_international_waters",0
2015,"Non-PNA Member","US (includes territories, ex Am Samoa)","Fish_Caught_international_waters",0
2016,"Non-PNA Member","US (includes territories, ex Am Samoa)","Fish_Caught_international_waters",0
2017,"Non-PNA Member","US (includes territories, ex Am Samoa)","Fish_Caught_international_waters",0
2018,"Non-PNA Member","US (includes territories, ex Am Samoa)","Fish_Caught_international_waters",0
2019,"Non-PNA Member","US (includes territories, ex Am Samoa)","Fish_Caught_international_waters",0
2020,"Non-PNA Member","US (includes territories, ex Am Samoa)","Fish_Caught_international_waters",0
2021,"Non-PNA Member","US (includes territories, ex Am Samoa)","Fish_Caught_international_waters",0
2022,"Non-PNA Member","US (includes territories, ex Am Samoa)","Fish_Caught_international_waters",0
2023,"Non-PNA Member","US (includes territories, ex Am Samoa)","Fish_Caught_international_waters",0
1997,"Non-PNA Member","US (includes territories, incl Am Samoa)","Fish_Caught_international_waters",0
1998,"Non-PNA Member","US (includes territories, incl Am Samoa)","Fish_Caught_international_waters",0
1999,"Non-PNA Member","US (includes territories, incl Am Samoa)","Fish_Caught_international_waters",0
2000,"Non-PNA Member","US (includes territories, incl Am Samoa)","Fish_Caught_international_waters",0
2001,"Non-PNA Member","US (includes territories, incl Am Samoa)","Fish_Caught_international_waters",0
2002,"Non-PNA Member","US (includes territories, incl Am Samoa)","Fish_Caught_international_waters",0
2003,"Non-PNA Member","US (includes territories, incl Am Samoa)","Fish_Caught_international_waters",0
2004,"Non-PNA Member","US (includes territories, incl Am Samoa)","Fish_Caught_international_waters",0
2005,"Non-PNA Member","US (includes territories, incl Am Samoa)","Fish_Caught_international_waters",0
2006,"Non-PNA Member","US (includes territories, incl Am Samoa)","Fish_Caught_international_waters",0
2007,"Non-PNA Member","US (includes territories, incl Am Samoa)","Fish_Caught_international_waters",0
2008,"Non-PNA Member","US (includes territories, incl Am Samoa)","Fish_Caught_international_waters",0
2009,"Non-PNA Member","US (includes territories, incl Am Samoa)","Fish_Caught_international_waters",0
2010,"Non-PNA Member","US (includes territories, incl Am Samoa)","Fish_Caught_international_waters",0
2011,"Non-PNA Member","US (includes territories, incl Am Samoa)","Fish_Caught_international_waters",0
2012,"Non-PNA Member","US (includes territories, incl Am Samoa)","Fish_Caught_international_waters",0
2013,"Non-PNA Member","US (includes territories, incl Am Samoa)","Fish_Caught_international_waters",0
2014,"Non-PNA Member","US (includes territories, incl Am Samoa)","Fish_Caught_international_waters",0
2015,"Non-PNA Member","US (includes territories, incl Am Samoa)","Fish_Caught_international_waters",0
2016,"Non-PNA Member","US (includes territories, incl Am Samoa)","Fish_Caught_international_waters",0
2017,"Non-PNA Member","US (includes territories, incl Am Samoa)","Fish_Caught_international_waters",0
2018,"Non-PNA Member","US (includes territories, incl Am Samoa)","Fish_Caught_international_waters",0
2019,"Non-PNA Member","US (includes territories, incl Am Samoa)","Fish_Caught_international_waters",0
2020,"Non-PNA Member","US (includes territories, incl Am Samoa)","Fish_Caught_international_waters",0
2021,"Non-PNA Member","US (includes territories, incl Am Samoa)","Fish_Caught_international_waters",0
2022,"Non-PNA Member","US (includes territories, incl Am Samoa)","Fish_Caught_international_waters",0
2023,"Non-PNA Member","US (includes territories, incl Am Samoa)","Fish_Caught_international_waters",0
1997,"Non-PNA Member","Vanuatu","Fish_Caught_international_waters",0
1998,"Non-PNA Member","Vanuatu","Fish_Caught_international_waters",0
1999,"Non-PNA Member","Vanuatu","Fish_Caught_international_waters",0
2000,"Non-PNA Member","Vanuatu","Fish_Caught_international_waters",0
2001,"Non-PNA Member","Vanuatu","Fish_Caught_international_waters",0
2002,"Non-PNA Member","Vanuatu","Fish_Caught_international_waters",0
2003,"Non-PNA Member","Vanuatu","Fish_Caught_international_waters",0
2004,"Non-PNA Member","Vanuatu","Fish_Caught_international_waters",0
2005,"Non-PNA Member","Vanuatu","Fish_Caught_international_waters",0
2006,"Non-PNA Member","Vanuatu","Fish_Caught_international_waters",0
2007,"Non-PNA Member","Vanuatu","Fish_Caught_international_waters",0
2008,"Non-PNA Member","Vanuatu","Fish_Caught_international_waters",0
2009,"Non-PNA Member","Vanuatu","Fish_Caught_international_waters",0
2010,"Non-PNA Member","Vanuatu","Fish_Caught_international_waters",0
2011,"Non-PNA Member","Vanuatu","Fish_Caught_international_waters",0
2012,"Non-PNA Member","Vanuatu","Fish_Caught_international_waters",0
2013,"Non-PNA Member","Vanuatu","Fish_Caught_international_waters",0
2014,"Non-PNA Member","Vanuatu","Fish_Caught_international_waters",0
2015,"Non-PNA Member","Vanuatu","Fish_Caught_international_waters",0
2016,"Non-PNA Member","Vanuatu","Fish_Caught_international_waters",0
2017,"Non-PNA Member","Vanuatu","Fish_Caught_international_waters",0
2018,"Non-PNA Member","Vanuatu","Fish_Caught_international_waters",0
2019,"Non-PNA Member","Vanuatu","Fish_Caught_international_waters",0
2020,"Non-PNA Member","Vanuatu","Fish_Caught_international_waters",0
2021,"Non-PNA Member","Vanuatu","Fish_Caught_international_waters",0
2022,"Non-PNA Member","Vanuatu","Fish_Caught_international_waters",0
2023,"Non-PNA Member","Vanuatu","Fish_Caught_international_waters",0
1997,"Non-PNA Member","Vietnam","Fish_Caught_international_waters",0
1998,"Non-PNA Member","Vietnam","Fish_Caught_international_waters",0
1999,"Non-PNA Member","Vietnam","Fish_Caught_international_waters",0
2000,"Non-PNA Member","Vietnam","Fish_Caught_international_waters",0
2001,"Non-PNA Member","Vietnam","Fish_Caught_international_waters",0
2002,"Non-PNA Member","Vietnam","Fish_Caught_international_waters",0
2003,"Non-PNA Member","Vietnam","Fish_Caught_international_waters",0
2004,"Non-PNA Member","Vietnam","Fish_Caught_international_waters",0
2005,"Non-PNA Member","Vietnam","Fish_Caught_international_waters",0
2006,"Non-PNA Member","Vietnam","Fish_Caught_international_waters",0
2007,"Non-PNA Member","Vietnam","Fish_Caught_international_waters",0
2008,"Non-PNA Member","Vietnam","Fish_Caught_international_waters",0
2009,"Non-PNA Member","Vietnam","Fish_Caught_international_waters",0
2010,"Non-PNA Member","Vietnam","Fish_Caught_international_waters",0
2011,"Non-PNA Member","Vietnam","Fish_Caught_international_waters",0
2012,"Non-PNA Member","Vietnam","Fish_Caught_international_waters",0
2013,"Non-PNA Member","Vietnam","Fish_Caught_international_waters",0
2014,"Non-PNA Member","Vietnam","Fish_Caught_international_waters",0
2015,"Non-PNA Member","Vietnam","Fish_Caught_international_waters",0
2016,"Non-PNA Member","Vietnam","Fish_Caught_international_waters",0
2017,"Non-PNA Member","Vietnam","Fish_Caught_international_waters",0
2018,"Non-PNA Member","Vietnam","Fish_Caught_international_waters",0
2019,"Non-PNA Member","Vietnam","Fish_Caught_international_waters",0
2020,"Non-PNA Member","Vietnam","Fish_Caught_international_waters",0
2021,"Non-PNA Member","Vietnam","Fish_Caught_international_waters",0
2022,"Non-PNA Member","Vietnam","Fish_Caught_international_waters",0
2023,"Non-PNA Member","Vietnam","Fish_Caught_international_waters",0
1997,"Non-PNA Member","Wallis and Futuna","Fish_Caught_international_waters",0
1998,"Non-PNA Member","Wallis and Futuna","Fish_Caught_international_waters",0
1999,"Non-PNA Member","Wallis and Futuna","Fish_Caught_international_waters",0
2000,"Non-PNA Member","Wallis and Futuna","Fish_Caught_international_waters",0
2001,"Non-PNA Member","Wallis and Futuna","Fish_Caught_international_waters",0
2002,"Non-PNA Member","Wallis and Futuna","Fish_Caught_international_waters",0
2003,"Non-PNA Member","Wallis and Futuna","Fish_Caught_international_waters",0
2004,"Non-PNA Member","Wallis and Futuna","Fish_Caught_international_waters",0
2005,"Non-PNA Member","Wallis and Futuna","Fish_Caught_international_waters",0
2006,"Non-PNA Member","Wallis and Futuna","Fish_Caught_international_waters",0
2007,"Non-PNA Member","Wallis and Futuna","Fish_Caught_international_waters",0
2008,"Non-PNA Member","Wallis and Futuna","Fish_Caught_international_waters",0
2009,"Non-PNA Member","Wallis and Futuna","Fish_Caught_international_waters",0
2010,"Non-PNA Member","Wallis and Futuna","Fish_Caught_international_waters",0
2011,"Non-PNA Member","Wallis and Futuna","Fish_Caught_international_waters",0
2012,"Non-PNA Member","Wallis and Futuna","Fish_Caught_international_waters",0
2013,"Non-PNA Member","Wallis and Futuna","Fish_Caught_international_waters",0
2014,"Non-PNA Member","Wallis and Futuna","Fish_Caught_international_waters",0
2015,"Non-PNA Member","Wallis and Futuna","Fish_Caught_international_waters",0
2016,"Non-PNA Member","Wallis and Futuna","Fish_Caught_international_waters",0
2017,"Non-PNA Member","Wallis and Futuna","Fish_Caught_international_waters",0
2018,"Non-PNA Member","Wallis and Futuna","Fish_Caught_international_waters",0
2019,"Non-PNA Member","Wallis and Futuna","Fish_Caught_international_waters",0
2020,"Non-PNA Member","Wallis and Futuna","Fish_Caught_international_waters",0
2021,"Non-PNA Member","Wallis and Futuna","Fish_Caught_international_waters",0
2022,"Non-PNA Member","Wallis and Futuna","Fish_Caught_international_waters",0
2023,"Non-PNA Member","Wallis and Futuna","Fish_Caught_international_waters",0
1997,"Non-PNA Member","American Samoa","Total_EEZ_Catch",361
1998,"Non-PNA Member","American Samoa","Total_EEZ_Catch",377
1999,"Non-PNA Member","American Samoa","Total_EEZ_Catch",480
2000,"Non-PNA Member","American Samoa","Total_EEZ_Catch",872
2001,"Non-PNA Member","American Samoa","Total_EEZ_Catch",3682
2002,"Non-PNA Member","American Samoa","Total_EEZ_Catch",6256
2003,"Non-PNA Member","American Samoa","Total_EEZ_Catch",3976
2004,"Non-PNA Member","American Samoa","Total_EEZ_Catch",3061
2005,"Non-PNA Member","American Samoa","Total_EEZ_Catch",3747
2006,"Non-PNA Member","American Samoa","Total_EEZ_Catch",4988
2007,"Non-PNA Member","American Samoa","Total_EEZ_Catch",5467
2008,"Non-PNA Member","American Samoa","Total_EEZ_Catch",3551
2009,"Non-PNA Member","American Samoa","Total_EEZ_Catch",4063
2010,"Non-PNA Member","American Samoa","Total_EEZ_Catch",3647
2011,"Non-PNA Member","American Samoa","Total_EEZ_Catch",3378
2012,"Non-PNA Member","American Samoa","Total_EEZ_Catch",5396
2013,"Non-PNA Member","American Samoa","Total_EEZ_Catch",3018
2014,"Non-PNA Member","American Samoa","Total_EEZ_Catch",5254
2015,"Non-PNA Member","American Samoa","Total_EEZ_Catch",2560
2016,"Non-PNA Member","American Samoa","Total_EEZ_Catch",2611
2017,"Non-PNA Member","American Samoa","Total_EEZ_Catch",2664
2018,"Non-PNA Member","American Samoa","Total_EEZ_Catch",2499
2019,"Non-PNA Member","American Samoa","Total_EEZ_Catch",1619
2020,"Non-PNA Member","American Samoa","Total_EEZ_Catch",1540
2021,"Non-PNA Member","American Samoa","Total_EEZ_Catch",1370
2022,"Non-PNA Member","American Samoa","Total_EEZ_Catch",1959
2023,"Non-PNA Member","American Samoa","Total_EEZ_Catch",1514
1997,"Non-PNA Member","Australia","Total_EEZ_Catch",7550
1998,"Non-PNA Member","Australia","Total_EEZ_Catch",5152
1999,"Non-PNA Member","Australia","Total_EEZ_Catch",7550
2000,"Non-PNA Member","Australia","Total_EEZ_Catch",6997
2001,"Non-PNA Member","Australia","Total_EEZ_Catch",5279
2002,"Non-PNA Member","Australia","Total_EEZ_Catch",5234
2003,"Non-PNA Member","Australia","Total_EEZ_Catch",5809
2004,"Non-PNA Member","Australia","Total_EEZ_Catch",4200
2005,"Non-PNA Member","Australia","Total_EEZ_Catch",3091
2006,"Non-PNA Member","Australia","Total_EEZ_Catch",5031
2007,"Non-PNA Member","Australia","Total_EEZ_Catch",4404
2008,"Non-PNA Member","Australia","Total_EEZ_Catch",3969
2009,"Non-PNA Member","Australia","Total_EEZ_Catch",3646
2010,"Non-PNA Member","Australia","Total_EEZ_Catch",2565
2011,"Non-PNA Member","Australia","Total_EEZ_Catch",2924
2012,"Non-PNA Member","Australia","Total_EEZ_Catch",2538
2013,"Non-PNA Member","Australia","Total_EEZ_Catch",2613
2014,"Non-PNA Member","Australia","Total_EEZ_Catch",2936
2015,"Non-PNA Member","Australia","Total_EEZ_Catch",3916
2016,"Non-PNA Member","Australia","Total_EEZ_Catch",3480
2017,"Non-PNA Member","Australia","Total_EEZ_Catch",2928
2018,"Non-PNA Member","Australia","Total_EEZ_Catch",2395
2019,"Non-PNA Member","Australia","Total_EEZ_Catch",3014
2020,"Non-PNA Member","Australia","Total_EEZ_Catch",3207
2021,"Non-PNA Member","Australia","Total_EEZ_Catch",2889
2022,"Non-PNA Member","Australia","Total_EEZ_Catch",2888
2023,"Non-PNA Member","Australia","Total_EEZ_Catch",2549
1997,"Non-PNA Member","Australia (includes Norfolk Island)","Total_EEZ_Catch",0
1998,"Non-PNA Member","Australia (includes Norfolk Island)","Total_EEZ_Catch",0
1999,"Non-PNA Member","Australia (includes Norfolk Island)","Total_EEZ_Catch",0
2000,"Non-PNA Member","Australia (includes Norfolk Island)","Total_EEZ_Catch",0
2001,"Non-PNA Member","Australia (includes Norfolk Island)","Total_EEZ_Catch",0
2002,"Non-PNA Member","Australia (includes Norfolk Island)","Total_EEZ_Catch",0
2003,"Non-PNA Member","Australia (includes Norfolk Island)","Total_EEZ_Catch",0
2004,"Non-PNA Member","Australia (includes Norfolk Island)","Total_EEZ_Catch",0
2005,"Non-PNA Member","Australia (includes Norfolk Island)","Total_EEZ_Catch",0
2006,"Non-PNA Member","Australia (includes Norfolk Island)","Total_EEZ_Catch",0
2007,"Non-PNA Member","Australia (includes Norfolk Island)","Total_EEZ_Catch",0
2008,"Non-PNA Member","Australia (includes Norfolk Island)","Total_EEZ_Catch",0
2009,"Non-PNA Member","Australia (includes Norfolk Island)","Total_EEZ_Catch",0
2010,"Non-PNA Member","Australia (includes Norfolk Island)","Total_EEZ_Catch",0
2011,"Non-PNA Member","Australia (includes Norfolk Island)","Total_EEZ_Catch",0
2012,"Non-PNA Member","Australia (includes Norfolk Island)","Total_EEZ_Catch",0
2013,"Non-PNA Member","Australia (includes Norfolk Island)","Total_EEZ_Catch",0
2014,"Non-PNA Member","Australia (includes Norfolk Island)","Total_EEZ_Catch",0
2015,"Non-PNA Member","Australia (includes Norfolk Island)","Total_EEZ_Catch",0
2016,"Non-PNA Member","Australia (includes Norfolk Island)","Total_EEZ_Catch",0
2017,"Non-PNA Member","Australia (includes Norfolk Island)","Total_EEZ_Catch",0
2018,"Non-PNA Member","Australia (includes Norfolk Island)","Total_EEZ_Catch",0
2019,"Non-PNA Member","Australia (includes Norfolk Island)","Total_EEZ_Catch",0
2020,"Non-PNA Member","Australia (includes Norfolk Island)","Total_EEZ_Catch",0
2021,"Non-PNA Member","Australia (includes Norfolk Island)","Total_EEZ_Catch",0
2022,"Non-PNA Member","Australia (includes Norfolk Island)","Total_EEZ_Catch",0
2023,"Non-PNA Member","Australia (includes Norfolk Island)","Total_EEZ_Catch",0
1997,"Non-PNA Member","Belize","Total_EEZ_Catch",77
1998,"Non-PNA Member","Belize","Total_EEZ_Catch",275
1999,"Non-PNA Member","Belize","Total_EEZ_Catch",210
2000,"Non-PNA Member","Belize","Total_EEZ_Catch",271
2001,"Non-PNA Member","Belize","Total_EEZ_Catch",7141
2002,"Non-PNA Member","Belize","Total_EEZ_Catch",3384
2003,"Non-PNA Member","Belize","Total_EEZ_Catch",2697
2004,"Non-PNA Member","Belize","Total_EEZ_Catch",944
2005,"Non-PNA Member","Belize","Total_EEZ_Catch",1055
2006,"Non-PNA Member","Belize","Total_EEZ_Catch",749
2007,"Non-PNA Member","Belize","Total_EEZ_Catch",594
2008,"Non-PNA Member","Belize","Total_EEZ_Catch",223
2009,"Non-PNA Member","Belize","Total_EEZ_Catch",189
2010,"Non-PNA Member","Belize","Total_EEZ_Catch",126
2011,"Non-PNA Member","Belize","Total_EEZ_Catch",218
2012,"Non-PNA Member","Belize","Total_EEZ_Catch",194
2013,"Non-PNA Member","Belize","Total_EEZ_Catch",252
2014,"Non-PNA Member","Belize","Total_EEZ_Catch",0
2015,"Non-PNA Member","Belize","Total_EEZ_Catch",0
2016,"Non-PNA Member","Belize","Total_EEZ_Catch",0
2017,"Non-PNA Member","Belize","Total_EEZ_Catch",0
2018,"Non-PNA Member","Belize","Total_EEZ_Catch",0
2019,"Non-PNA Member","Belize","Total_EEZ_Catch",0
2020,"Non-PNA Member","Belize","Total_EEZ_Catch",0
2021,"Non-PNA Member","Belize","Total_EEZ_Catch",0
2022,"Non-PNA Member","Belize","Total_EEZ_Catch",0
2023,"Non-PNA Member","Belize","Total_EEZ_Catch",0
1997,"Non-PNA Member","Canada","Total_EEZ_Catch",149
1998,"Non-PNA Member","Canada","Total_EEZ_Catch",167
1999,"Non-PNA Member","Canada","Total_EEZ_Catch",253
2000,"Non-PNA Member","Canada","Total_EEZ_Catch",351
2001,"Non-PNA Member","Canada","Total_EEZ_Catch",206
2002,"Non-PNA Member","Canada","Total_EEZ_Catch",144
2003,"Non-PNA Member","Canada","Total_EEZ_Catch",0
2004,"Non-PNA Member","Canada","Total_EEZ_Catch",63
2005,"Non-PNA Member","Canada","Total_EEZ_Catch",72
2006,"Non-PNA Member","Canada","Total_EEZ_Catch",135
2007,"Non-PNA Member","Canada","Total_EEZ_Catch",27
2008,"Non-PNA Member","Canada","Total_EEZ_Catch",0
2009,"Non-PNA Member","Canada","Total_EEZ_Catch",0
2010,"Non-PNA Member","Canada","Total_EEZ_Catch",0
2011,"Non-PNA Member","Canada","Total_EEZ_Catch",1
2012,"Non-PNA Member","Canada","Total_EEZ_Catch",0
2013,"Non-PNA Member","Canada","Total_EEZ_Catch",0
2014,"Non-PNA Member","Canada","Total_EEZ_Catch",0
2015,"Non-PNA Member","Canada","Total_EEZ_Catch",0
2016,"Non-PNA Member","Canada","Total_EEZ_Catch",0
2017,"Non-PNA Member","Canada","Total_EEZ_Catch",55
2018,"Non-PNA Member","Canada","Total_EEZ_Catch",0
2019,"Non-PNA Member","Canada","Total_EEZ_Catch",0
2020,"Non-PNA Member","Canada","Total_EEZ_Catch",0
2021,"Non-PNA Member","Canada","Total_EEZ_Catch",31
2022,"Non-PNA Member","Canada","Total_EEZ_Catch",0
2023,"Non-PNA Member","Canada","Total_EEZ_Catch",0
1997,"Non-PNA Member","China","Total_EEZ_Catch",7346
1998,"Non-PNA Member","China","Total_EEZ_Catch",7626
1999,"Non-PNA Member","China","Total_EEZ_Catch",15032
2000,"Non-PNA Member","China","Total_EEZ_Catch",12486
2001,"Non-PNA Member","China","Total_EEZ_Catch",19892
2002,"Non-PNA Member","China","Total_EEZ_Catch",31266
2003,"Non-PNA Member","China","Total_EEZ_Catch",84418
2004,"Non-PNA Member","China","Total_EEZ_Catch",85208
2005,"Non-PNA Member","China","Total_EEZ_Catch",125458
2006,"Non-PNA Member","China","Total_EEZ_Catch",154790
2007,"Non-PNA Member","China","Total_EEZ_Catch",147438
2008,"Non-PNA Member","China","Total_EEZ_Catch",172966
2009,"Non-PNA Member","China","Total_EEZ_Catch",239452
2010,"Non-PNA Member","China","Total_EEZ_Catch",166516
2011,"Non-PNA Member","China","Total_EEZ_Catch",210912
2012,"Non-PNA Member","China","Total_EEZ_Catch",183134
2013,"Non-PNA Member","China","Total_EEZ_Catch",243058
2014,"Non-PNA Member","China","Total_EEZ_Catch",211714
2015,"Non-PNA Member","China","Total_EEZ_Catch",146018
2016,"Non-PNA Member","China","Total_EEZ_Catch",87124
2017,"Non-PNA Member","China","Total_EEZ_Catch",121206
2018,"Non-PNA Member","China","Total_EEZ_Catch",108430
2019,"Non-PNA Member","China","Total_EEZ_Catch",84392
2020,"Non-PNA Member","China","Total_EEZ_Catch",77154
2021,"Non-PNA Member","China","Total_EEZ_Catch",62522
2022,"Non-PNA Member","China","Total_EEZ_Catch",101816
2023,"Non-PNA Member","China","Total_EEZ_Catch",123272
1997,"Non-PNA Member","Cook Islands","Total_EEZ_Catch",-236
1998,"Non-PNA Member","Cook Islands","Total_EEZ_Catch",-700
1999,"Non-PNA Member","Cook Islands","Total_EEZ_Catch",-171
2000,"Non-PNA Member","Cook Islands","Total_EEZ_Catch",352
2001,"Non-PNA Member","Cook Islands","Total_EEZ_Catch",-1083
2002,"Non-PNA Member","Cook Islands","Total_EEZ_Catch",-3653
2003,"Non-PNA Member","Cook Islands","Total_EEZ_Catch",2553
2004,"Non-PNA Member","Cook Islands","Total_EEZ_Catch",3127
2005,"Non-PNA Member","Cook Islands","Total_EEZ_Catch",3319
2006,"Non-PNA Member","Cook Islands","Total_EEZ_Catch",3246
2007,"Non-PNA Member","Cook Islands","Total_EEZ_Catch",3026
2008,"Non-PNA Member","Cook Islands","Total_EEZ_Catch",1779
2009,"Non-PNA Member","Cook Islands","Total_EEZ_Catch",-2379
2010,"Non-PNA Member","Cook Islands","Total_EEZ_Catch",-505
2011,"Non-PNA Member","Cook Islands","Total_EEZ_Catch",-3892
2012,"Non-PNA Member","Cook Islands","Total_EEZ_Catch",-19995
2013,"Non-PNA Member","Cook Islands","Total_EEZ_Catch",-12750
2014,"Non-PNA Member","Cook Islands","Total_EEZ_Catch",-16251
2015,"Non-PNA Member","Cook Islands","Total_EEZ_Catch",-21053
2016,"Non-PNA Member","Cook Islands","Total_EEZ_Catch",-10059
2017,"Non-PNA Member","Cook Islands","Total_EEZ_Catch",-16788
2018,"Non-PNA Member","Cook Islands","Total_EEZ_Catch",-32096
2019,"Non-PNA Member","Cook Islands","Total_EEZ_Catch",-28251
2020,"Non-PNA Member","Cook Islands","Total_EEZ_Catch",-12477
2021,"Non-PNA Member","Cook Islands","Total_EEZ_Catch",3742
2022,"Non-PNA Member","Cook Islands","Total_EEZ_Catch",-298
2023,"Non-PNA Member","Cook Islands","Total_EEZ_Catch",-10750
1997,"Non-PNA Member","Eastern Pacific fleet","Total_EEZ_Catch",1776
1998,"Non-PNA Member","Eastern Pacific fleet","Total_EEZ_Catch",2934
1999,"Non-PNA Member","Eastern Pacific fleet","Total_EEZ_Catch",1910
2000,"Non-PNA Member","Eastern Pacific fleet","Total_EEZ_Catch",2925
2001,"Non-PNA Member","Eastern Pacific fleet","Total_EEZ_Catch",510
2002,"Non-PNA Member","Eastern Pacific fleet","Total_EEZ_Catch",244
2003,"Non-PNA Member","Eastern Pacific fleet","Total_EEZ_Catch",2600
2004,"Non-PNA Member","Eastern Pacific fleet","Total_EEZ_Catch",2014
2005,"Non-PNA Member","Eastern Pacific fleet","Total_EEZ_Catch",709
2006,"Non-PNA Member","Eastern Pacific fleet","Total_EEZ_Catch",0
2007,"Non-PNA Member","Eastern Pacific fleet","Total_EEZ_Catch",0
2008,"Non-PNA Member","Eastern Pacific fleet","Total_EEZ_Catch",0
2009,"Non-PNA Member","Eastern Pacific fleet","Total_EEZ_Catch",0
2010,"Non-PNA Member","Eastern Pacific fleet","Total_EEZ_Catch",0
2011,"Non-PNA Member","Eastern Pacific fleet","Total_EEZ_Catch",0
2012,"Non-PNA Member","Eastern Pacific fleet","Total_EEZ_Catch",0
2013,"Non-PNA Member","Eastern Pacific fleet","Total_EEZ_Catch",0
2014,"Non-PNA Member","Eastern Pacific fleet","Total_EEZ_Catch",0
2015,"Non-PNA Member","Eastern Pacific fleet","Total_EEZ_Catch",0
2016,"Non-PNA Member","Eastern Pacific fleet","Total_EEZ_Catch",0
2017,"Non-PNA Member","Eastern Pacific fleet","Total_EEZ_Catch",0
2018,"Non-PNA Member","Eastern Pacific fleet","Total_EEZ_Catch",0
2019,"Non-PNA Member","Eastern Pacific fleet","Total_EEZ_Catch",0
2020,"Non-PNA Member","Eastern Pacific fleet","Total_EEZ_Catch",0
2021,"Non-PNA Member","Eastern Pacific fleet","Total_EEZ_Catch",0
2022,"Non-PNA Member","Eastern Pacific fleet","Total_EEZ_Catch",0
2023,"Non-PNA Member","Eastern Pacific fleet","Total_EEZ_Catch",0
1997,"Non-PNA Member","Ecuador","Total_EEZ_Catch",0
1998,"Non-PNA Member","Ecuador","Total_EEZ_Catch",0
1999,"Non-PNA Member","Ecuador","Total_EEZ_Catch",0
2000,"Non-PNA Member","Ecuador","Total_EEZ_Catch",3992
2001,"Non-PNA Member","Ecuador","Total_EEZ_Catch",1057
2002,"Non-PNA Member","Ecuador","Total_EEZ_Catch",427
2003,"Non-PNA Member","Ecuador","Total_EEZ_Catch",1562
2004,"Non-PNA Member","Ecuador","Total_EEZ_Catch",3051
2005,"Non-PNA Member","Ecuador","Total_EEZ_Catch",5193
2006,"Non-PNA Member","Ecuador","Total_EEZ_Catch",9523
2007,"Non-PNA Member","Ecuador","Total_EEZ_Catch",9187
2008,"Non-PNA Member","Ecuador","Total_EEZ_Catch",25415
2009,"Non-PNA Member","Ecuador","Total_EEZ_Catch",8496
2010,"Non-PNA Member","Ecuador","Total_EEZ_Catch",11322
2011,"Non-PNA Member","Ecuador","Total_EEZ_Catch",29184
2012,"Non-PNA Member","Ecuador","Total_EEZ_Catch",23143
2013,"Non-PNA Member","Ecuador","Total_EEZ_Catch",21442
2014,"Non-PNA Member","Ecuador","Total_EEZ_Catch",21770
2015,"Non-PNA Member","Ecuador","Total_EEZ_Catch",11377
2016,"Non-PNA Member","Ecuador","Total_EEZ_Catch",3925
2017,"Non-PNA Member","Ecuador","Total_EEZ_Catch",13571
2018,"Non-PNA Member","Ecuador","Total_EEZ_Catch",22446
2019,"Non-PNA Member","Ecuador","Total_EEZ_Catch",25135
2020,"Non-PNA Member","Ecuador","Total_EEZ_Catch",14159
2021,"Non-PNA Member","Ecuador","Total_EEZ_Catch",16231
2022,"Non-PNA Member","Ecuador","Total_EEZ_Catch",21235
2023,"Non-PNA Member","Ecuador","Total_EEZ_Catch",14912
1997,"Non-PNA Member","El Salvador","Total_EEZ_Catch",0
1998,"Non-PNA Member","El Salvador","Total_EEZ_Catch",0
1999,"Non-PNA Member","El Salvador","Total_EEZ_Catch",0
2000,"Non-PNA Member","El Salvador","Total_EEZ_Catch",0
2001,"Non-PNA Member","El Salvador","Total_EEZ_Catch",599
2002,"Non-PNA Member","El Salvador","Total_EEZ_Catch",1488
2003,"Non-PNA Member","El Salvador","Total_EEZ_Catch",73
2004,"Non-PNA Member","El Salvador","Total_EEZ_Catch",0
2005,"Non-PNA Member","El Salvador","Total_EEZ_Catch",0
2006,"Non-PNA Member","El Salvador","Total_EEZ_Catch",0
2007,"Non-PNA Member","El Salvador","Total_EEZ_Catch",6025
2008,"Non-PNA Member","El Salvador","Total_EEZ_Catch",10962
2009,"Non-PNA Member","El Salvador","Total_EEZ_Catch",8823
2010,"Non-PNA Member","El Salvador","Total_EEZ_Catch",7371
2011,"Non-PNA Member","El Salvador","Total_EEZ_Catch",12226
2012,"Non-PNA Member","El Salvador","Total_EEZ_Catch",13645
2013,"Non-PNA Member","El Salvador","Total_EEZ_Catch",13271
2014,"Non-PNA Member","El Salvador","Total_EEZ_Catch",17478
2015,"Non-PNA Member","El Salvador","Total_EEZ_Catch",15299
2016,"Non-PNA Member","El Salvador","Total_EEZ_Catch",7303
2017,"Non-PNA Member","El Salvador","Total_EEZ_Catch",4318
2018,"Non-PNA Member","El Salvador","Total_EEZ_Catch",4016
2019,"Non-PNA Member","El Salvador","Total_EEZ_Catch",2940
2020,"Non-PNA Member","El Salvador","Total_EEZ_Catch",3635
2021,"Non-PNA Member","El Salvador","Total_EEZ_Catch",5041
2022,"Non-PNA Member","El Salvador","Total_EEZ_Catch",3869
2023,"Non-PNA Member","El Salvador","Total_EEZ_Catch",3903
1997,"Non-PNA Member","Fiji","Total_EEZ_Catch",3789
1998,"Non-PNA Member","Fiji","Total_EEZ_Catch",3366
1999,"Non-PNA Member","Fiji","Total_EEZ_Catch",3442
2000,"Non-PNA Member","Fiji","Total_EEZ_Catch",10268
2001,"Non-PNA Member","Fiji","Total_EEZ_Catch",11258
2002,"Non-PNA Member","Fiji","Total_EEZ_Catch",12979
2003,"Non-PNA Member","Fiji","Total_EEZ_Catch",13972
2004,"Non-PNA Member","Fiji","Total_EEZ_Catch",23982
2005,"Non-PNA Member","Fiji","Total_EEZ_Catch",22225
2006,"Non-PNA Member","Fiji","Total_EEZ_Catch",22888
2007,"Non-PNA Member","Fiji","Total_EEZ_Catch",13832
2008,"Non-PNA Member","Fiji","Total_EEZ_Catch",19704
2009,"Non-PNA Member","Fiji","Total_EEZ_Catch",25298
2010,"Non-PNA Member","Fiji","Total_EEZ_Catch",15181
2011,"Non-PNA Member","Fiji","Total_EEZ_Catch",25262
2012,"Non-PNA Member","Fiji","Total_EEZ_Catch",23102
2013,"Non-PNA Member","Fiji","Total_EEZ_Catch",20089
2014,"Non-PNA Member","Fiji","Total_EEZ_Catch",20307
2015,"Non-PNA Member","Fiji","Total_EEZ_Catch",14504
2016,"Non-PNA Member","Fiji","Total_EEZ_Catch",18104
2017,"Non-PNA Member","Fiji","Total_EEZ_Catch",22152
2018,"Non-PNA Member","Fiji","Total_EEZ_Catch",18508
2019,"Non-PNA Member","Fiji","Total_EEZ_Catch",19910
2020,"Non-PNA Member","Fiji","Total_EEZ_Catch",16762
2021,"Non-PNA Member","Fiji","Total_EEZ_Catch",12850
2022,"Non-PNA Member","Fiji","Total_EEZ_Catch",12687
2023,"Non-PNA Member","Fiji","Total_EEZ_Catch",12551
1997,"Non-PNA Member","French Polynesia","Total_EEZ_Catch",9128
1998,"Non-PNA Member","French Polynesia","Total_EEZ_Catch",11420
1999,"Non-PNA Member","French Polynesia","Total_EEZ_Catch",10400
2000,"Non-PNA Member","French Polynesia","Total_EEZ_Catch",13666
2001,"Non-PNA Member","French Polynesia","Total_EEZ_Catch",15466
2002,"Non-PNA Member","French Polynesia","Total_EEZ_Catch",14694
2003,"Non-PNA Member","French Polynesia","Total_EEZ_Catch",12618
2004,"Non-PNA Member","French Polynesia","Total_EEZ_Catch",10992
2005,"Non-PNA Member","French Polynesia","Total_EEZ_Catch",10178
2006,"Non-PNA Member","French Polynesia","Total_EEZ_Catch",11876
2007,"Non-PNA Member","French Polynesia","Total_EEZ_Catch",12816
2008,"Non-PNA Member","French Polynesia","Total_EEZ_Catch",11346
2009,"Non-PNA Member","French Polynesia","Total_EEZ_Catch",13756
2010,"Non-PNA Member","French Polynesia","Total_EEZ_Catch",12500
2011,"Non-PNA Member","French Polynesia","Total_EEZ_Catch",12056
2012,"Non-PNA Member","French Polynesia","Total_EEZ_Catch",14544
2013,"Non-PNA Member","French Polynesia","Total_EEZ_Catch",13382
2014,"Non-PNA Member","French Polynesia","Total_EEZ_Catch",14346
2015,"Non-PNA Member","French Polynesia","Total_EEZ_Catch",14804
2016,"Non-PNA Member","French Polynesia","Total_EEZ_Catch",13330
2017,"Non-PNA Member","French Polynesia","Total_EEZ_Catch",12698
2018,"Non-PNA Member","French Polynesia","Total_EEZ_Catch",14142
2019,"Non-PNA Member","French Polynesia","Total_EEZ_Catch",14742
2020,"Non-PNA Member","French Polynesia","Total_EEZ_Catch",12626
2021,"Non-PNA Member","French Polynesia","Total_EEZ_Catch",15278
2022,"Non-PNA Member","French Polynesia","Total_EEZ_Catch",17132
2023,"Non-PNA Member","French Polynesia","Total_EEZ_Catch",19234
1997,"PNA Member","FSM","Total_EEZ_Catch",-74919
1998,"PNA Member","FSM","Total_EEZ_Catch",-60319
1999,"PNA Member","FSM","Total_EEZ_Catch",-167446
2000,"PNA Member","FSM","Total_EEZ_Catch",-102592
2001,"PNA Member","FSM","Total_EEZ_Catch",-69406
2002,"PNA Member","FSM","Total_EEZ_Catch",-45796
2003,"PNA Member","FSM","Total_EEZ_Catch",-173953
2004,"PNA Member","FSM","Total_EEZ_Catch",-105249
2005,"PNA Member","FSM","Total_EEZ_Catch",-182456
2006,"PNA Member","FSM","Total_EEZ_Catch",-190908
2007,"PNA Member","FSM","Total_EEZ_Catch",-135814
2008,"PNA Member","FSM","Total_EEZ_Catch",-104526
2009,"PNA Member","FSM","Total_EEZ_Catch",-81064
2010,"PNA Member","FSM","Total_EEZ_Catch",-107554
2011,"PNA Member","FSM","Total_EEZ_Catch",-105094
2012,"PNA Member","FSM","Total_EEZ_Catch",-110558
2013,"PNA Member","FSM","Total_EEZ_Catch",-159015
2014,"PNA Member","FSM","Total_EEZ_Catch",-58530
2015,"PNA Member","FSM","Total_EEZ_Catch",-49888
2016,"PNA Member","FSM","Total_EEZ_Catch",-46122
2017,"PNA Member","FSM","Total_EEZ_Catch",-15257
2018,"PNA Member","FSM","Total_EEZ_Catch",-45076
2019,"PNA Member","FSM","Total_EEZ_Catch",166482
2020,"PNA Member","FSM","Total_EEZ_Catch",162550
2021,"PNA Member","FSM","Total_EEZ_Catch",189303
2022,"PNA Member","FSM","Total_EEZ_Catch",92744
2023,"PNA Member","FSM","Total_EEZ_Catch",217578
1997,"High Seas","H4","Total_EEZ_Catch",8804
1998,"High Seas","H4","Total_EEZ_Catch",39176
1999,"High Seas","H4","Total_EEZ_Catch",32724
2000,"High Seas","H4","Total_EEZ_Catch",19212
2001,"High Seas","H4","Total_EEZ_Catch",30348
2002,"High Seas","H4","Total_EEZ_Catch",17404
2003,"High Seas","H4","Total_EEZ_Catch",16060
2004,"High Seas","H4","Total_EEZ_Catch",9020
2005,"High Seas","H4","Total_EEZ_Catch",6938
2006,"High Seas","H4","Total_EEZ_Catch",28594
2007,"High Seas","H4","Total_EEZ_Catch",15762
2008,"High Seas","H4","Total_EEZ_Catch",11798
2009,"High Seas","H4","Total_EEZ_Catch",83754
2010,"High Seas","H4","Total_EEZ_Catch",23356
2011,"High Seas","H4","Total_EEZ_Catch",13532
2012,"High Seas","H4","Total_EEZ_Catch",21808
2013,"High Seas","H4","Total_EEZ_Catch",14170
2014,"High Seas","H4","Total_EEZ_Catch",46058
2015,"High Seas","H4","Total_EEZ_Catch",43676
2016,"High Seas","H4","Total_EEZ_Catch",82896
2017,"High Seas","H4","Total_EEZ_Catch",87220
2018,"High Seas","H4","Total_EEZ_Catch",40182
2019,"High Seas","H4","Total_EEZ_Catch",45546
2020,"High Seas","H4","Total_EEZ_Catch",99160
2021,"High Seas","H4","Total_EEZ_Catch",53680
2022,"High Seas","H4","Total_EEZ_Catch",41472
2023,"High Seas","H4","Total_EEZ_Catch",42938
1997,"High Seas","H5","Total_EEZ_Catch",18660
1998,"High Seas","H5","Total_EEZ_Catch",2384
1999,"High Seas","H5","Total_EEZ_Catch",14384
2000,"High Seas","H5","Total_EEZ_Catch",22938
2001,"High Seas","H5","Total_EEZ_Catch",4678
2002,"High Seas","H5","Total_EEZ_Catch",53134
2003,"High Seas","H5","Total_EEZ_Catch",2822
2004,"High Seas","H5","Total_EEZ_Catch",10174
2005,"High Seas","H5","Total_EEZ_Catch",41260
2006,"High Seas","H5","Total_EEZ_Catch",4006
2007,"High Seas","H5","Total_EEZ_Catch",20840
2008,"High Seas","H5","Total_EEZ_Catch",18072
2009,"High Seas","H5","Total_EEZ_Catch",43850
2010,"High Seas","H5","Total_EEZ_Catch",30314
2011,"High Seas","H5","Total_EEZ_Catch",26982
2012,"High Seas","H5","Total_EEZ_Catch",65414
2013,"High Seas","H5","Total_EEZ_Catch",34116
2014,"High Seas","H5","Total_EEZ_Catch",129664
2015,"High Seas","H5","Total_EEZ_Catch",348648
2016,"High Seas","H5","Total_EEZ_Catch",39188
2017,"High Seas","H5","Total_EEZ_Catch",81746
2018,"High Seas","H5","Total_EEZ_Catch",195780
2019,"High Seas","H5","Total_EEZ_Catch",245992
2020,"High Seas","H5","Total_EEZ_Catch",115248
2021,"High Seas","H5","Total_EEZ_Catch",56778
2022,"High Seas","H5","Total_EEZ_Catch",62374
2023,"High Seas","H5","Total_EEZ_Catch",176530
1997,"High Seas","I1","Total_EEZ_Catch",110040
1998,"High Seas","I1","Total_EEZ_Catch",61754
1999,"High Seas","I1","Total_EEZ_Catch",127690
2000,"High Seas","I1","Total_EEZ_Catch",117156
2001,"High Seas","I1","Total_EEZ_Catch",60684
2002,"High Seas","I1","Total_EEZ_Catch",51524
2003,"High Seas","I1","Total_EEZ_Catch",207430
2004,"High Seas","I1","Total_EEZ_Catch",89912
2005,"High Seas","I1","Total_EEZ_Catch",115552
2006,"High Seas","I1","Total_EEZ_Catch",108776
2007,"High Seas","I1","Total_EEZ_Catch",87272
2008,"High Seas","I1","Total_EEZ_Catch",75920
2009,"High Seas","I1","Total_EEZ_Catch",68658
2010,"High Seas","I1","Total_EEZ_Catch",30516
2011,"High Seas","I1","Total_EEZ_Catch",26984
2012,"High Seas","I1","Total_EEZ_Catch",24436
2013,"High Seas","I1","Total_EEZ_Catch",45706
2014,"High Seas","I1","Total_EEZ_Catch",66672
2015,"High Seas","I1","Total_EEZ_Catch",68996
2016,"High Seas","I1","Total_EEZ_Catch",64374
2017,"High Seas","I1","Total_EEZ_Catch",59190
2018,"High Seas","I1","Total_EEZ_Catch",51462
2019,"High Seas","I1","Total_EEZ_Catch",54070
2020,"High Seas","I1","Total_EEZ_Catch",66974
2021,"High Seas","I1","Total_EEZ_Catch",49656
2022,"High Seas","I1","Total_EEZ_Catch",53090
2023,"High Seas","I1","Total_EEZ_Catch",47730
1997,"High Seas","I2","Total_EEZ_Catch",151326
1998,"High Seas","I2","Total_EEZ_Catch",288272
1999,"High Seas","I2","Total_EEZ_Catch",367632
2000,"High Seas","I2","Total_EEZ_Catch",281682
2001,"High Seas","I2","Total_EEZ_Catch",245602
2002,"High Seas","I2","Total_EEZ_Catch",280820
2003,"High Seas","I2","Total_EEZ_Catch",174978
2004,"High Seas","I2","Total_EEZ_Catch",359388
2005,"High Seas","I2","Total_EEZ_Catch",295088
2006,"High Seas","I2","Total_EEZ_Catch",210706
2007,"High Seas","I2","Total_EEZ_Catch",425124
2008,"High Seas","I2","Total_EEZ_Catch",366080
2009,"High Seas","I2","Total_EEZ_Catch",423468
2010,"High Seas","I2","Total_EEZ_Catch",35672
2011,"High Seas","I2","Total_EEZ_Catch",35526
2012,"High Seas","I2","Total_EEZ_Catch",15236
2013,"High Seas","I2","Total_EEZ_Catch",52704
2014,"High Seas","I2","Total_EEZ_Catch",25052
2015,"High Seas","I2","Total_EEZ_Catch",31630
2016,"High Seas","I2","Total_EEZ_Catch",19724
2017,"High Seas","I2","Total_EEZ_Catch",18972
2018,"High Seas","I2","Total_EEZ_Catch",16282
2019,"High Seas","I2","Total_EEZ_Catch",24268
2020,"High Seas","I2","Total_EEZ_Catch",12598
2021,"High Seas","I2","Total_EEZ_Catch",11362
2022,"High Seas","I2","Total_EEZ_Catch",21278
2023,"High Seas","I2","Total_EEZ_Catch",15168
1997,"High Seas","I3","Total_EEZ_Catch",28470
1998,"High Seas","I3","Total_EEZ_Catch",56584
1999,"High Seas","I3","Total_EEZ_Catch",31102
2000,"High Seas","I3","Total_EEZ_Catch",53162
2001,"High Seas","I3","Total_EEZ_Catch",56984
2002,"High Seas","I3","Total_EEZ_Catch",54750
2003,"High Seas","I3","Total_EEZ_Catch",29664
2004,"High Seas","I3","Total_EEZ_Catch",52410
2005,"High Seas","I3","Total_EEZ_Catch",28776
2006,"High Seas","I3","Total_EEZ_Catch",34556
2007,"High Seas","I3","Total_EEZ_Catch",44004
2008,"High Seas","I3","Total_EEZ_Catch",25232
2009,"High Seas","I3","Total_EEZ_Catch",32756
2010,"High Seas","I3","Total_EEZ_Catch",25110
2011,"High Seas","I3","Total_EEZ_Catch",26648
2012,"High Seas","I3","Total_EEZ_Catch",31430
2013,"High Seas","I3","Total_EEZ_Catch",20106
2014,"High Seas","I3","Total_EEZ_Catch",30392
2015,"High Seas","I3","Total_EEZ_Catch",29966
2016,"High Seas","I3","Total_EEZ_Catch",32264
2017,"High Seas","I3","Total_EEZ_Catch",26124
2018,"High Seas","I3","Total_EEZ_Catch",37952
2019,"High Seas","I3","Total_EEZ_Catch",38694
2020,"High Seas","I3","Total_EEZ_Catch",17454
2021,"High Seas","I3","Total_EEZ_Catch",17906
2022,"High Seas","I3","Total_EEZ_Catch",17964
2023,"High Seas","I3","Total_EEZ_Catch",26208
1997,"High Seas","I4","Total_EEZ_Catch",166764
1998,"High Seas","I4","Total_EEZ_Catch",272496
1999,"High Seas","I4","Total_EEZ_Catch",81716
2000,"High Seas","I4","Total_EEZ_Catch",73374
2001,"High Seas","I4","Total_EEZ_Catch",168394
2002,"High Seas","I4","Total_EEZ_Catch",124038
2003,"High Seas","I4","Total_EEZ_Catch",93970
2004,"High Seas","I4","Total_EEZ_Catch",119038
2005,"High Seas","I4","Total_EEZ_Catch",108574
2006,"High Seas","I4","Total_EEZ_Catch",84518
2007,"High Seas","I4","Total_EEZ_Catch",50562
2008,"High Seas","I4","Total_EEZ_Catch",69126
2009,"High Seas","I4","Total_EEZ_Catch",104202
2010,"High Seas","I4","Total_EEZ_Catch",62706
2011,"High Seas","I4","Total_EEZ_Catch",72918
2012,"High Seas","I4","Total_EEZ_Catch",67490
2013,"High Seas","I4","Total_EEZ_Catch",62280
2014,"High Seas","I4","Total_EEZ_Catch",43474
2015,"High Seas","I4","Total_EEZ_Catch",65002
2016,"High Seas","I4","Total_EEZ_Catch",142382
2017,"High Seas","I4","Total_EEZ_Catch",86750
2018,"High Seas","I4","Total_EEZ_Catch",71288
2019,"High Seas","I4","Total_EEZ_Catch",174302
2020,"High Seas","I4","Total_EEZ_Catch",129144
2021,"High Seas","I4","Total_EEZ_Catch",150008
2022,"High Seas","I4","Total_EEZ_Catch",90044
2023,"High Seas","I4","Total_EEZ_Catch",126760
1997,"High Seas","I5","Total_EEZ_Catch",71722
1998,"High Seas","I5","Total_EEZ_Catch",82130
1999,"High Seas","I5","Total_EEZ_Catch",58510
2000,"High Seas","I5","Total_EEZ_Catch",85622
2001,"High Seas","I5","Total_EEZ_Catch",77426
2002,"High Seas","I5","Total_EEZ_Catch",127222
2003,"High Seas","I5","Total_EEZ_Catch",83268
2004,"High Seas","I5","Total_EEZ_Catch",109538
2005,"High Seas","I5","Total_EEZ_Catch",101184
2006,"High Seas","I5","Total_EEZ_Catch",102908
2007,"High Seas","I5","Total_EEZ_Catch",73220
2008,"High Seas","I5","Total_EEZ_Catch",86262
2009,"High Seas","I5","Total_EEZ_Catch",87218
2010,"High Seas","I5","Total_EEZ_Catch",74214
2011,"High Seas","I5","Total_EEZ_Catch",59776
2012,"High Seas","I5","Total_EEZ_Catch",62906
2013,"High Seas","I5","Total_EEZ_Catch",69116
2014,"High Seas","I5","Total_EEZ_Catch",56098
2015,"High Seas","I5","Total_EEZ_Catch",104482
2016,"High Seas","I5","Total_EEZ_Catch",113924
2017,"High Seas","I5","Total_EEZ_Catch",61024
2018,"High Seas","I5","Total_EEZ_Catch",121072
2019,"High Seas","I5","Total_EEZ_Catch",173038
2020,"High Seas","I5","Total_EEZ_Catch",131762
2021,"High Seas","I5","Total_EEZ_Catch",119434
2022,"High Seas","I5","Total_EEZ_Catch",103974
2023,"High Seas","I5","Total_EEZ_Catch",245982
1997,"High Seas","I6","Total_EEZ_Catch",293098
1998,"High Seas","I6","Total_EEZ_Catch",285354
1999,"High Seas","I6","Total_EEZ_Catch",257280
2000,"High Seas","I6","Total_EEZ_Catch",211666
2001,"High Seas","I6","Total_EEZ_Catch",241448
2002,"High Seas","I6","Total_EEZ_Catch",274620
2003,"High Seas","I6","Total_EEZ_Catch",334218
2004,"High Seas","I6","Total_EEZ_Catch",251072
2005,"High Seas","I6","Total_EEZ_Catch",306026
2006,"High Seas","I6","Total_EEZ_Catch",227194
2007,"High Seas","I6","Total_EEZ_Catch",228594
2008,"High Seas","I6","Total_EEZ_Catch",228056
2009,"High Seas","I6","Total_EEZ_Catch",126606
2010,"High Seas","I6","Total_EEZ_Catch",209668
2011,"High Seas","I6","Total_EEZ_Catch",179834
2012,"High Seas","I6","Total_EEZ_Catch",194750
2013,"High Seas","I6","Total_EEZ_Catch",170714
2014,"High Seas","I6","Total_EEZ_Catch",175810
2015,"High Seas","I6","Total_EEZ_Catch",148978
2016,"High Seas","I6","Total_EEZ_Catch",115728
2017,"High Seas","I6","Total_EEZ_Catch",141952
2018,"High Seas","I6","Total_EEZ_Catch",106990
2019,"High Seas","I6","Total_EEZ_Catch",109026
2020,"High Seas","I6","Total_EEZ_Catch",117664
2021,"High Seas","I6","Total_EEZ_Catch",204212
2022,"High Seas","I6","Total_EEZ_Catch",57464
2023,"High Seas","I6","Total_EEZ_Catch",42544
1997,"High Seas","I7","Total_EEZ_Catch",34602
1998,"High Seas","I7","Total_EEZ_Catch",36582
1999,"High Seas","I7","Total_EEZ_Catch",33682
2000,"High Seas","I7","Total_EEZ_Catch",31438
2001,"High Seas","I7","Total_EEZ_Catch",44502
2002,"High Seas","I7","Total_EEZ_Catch",53876
2003,"High Seas","I7","Total_EEZ_Catch",52106
2004,"High Seas","I7","Total_EEZ_Catch",49832
2005,"High Seas","I7","Total_EEZ_Catch",44036
2006,"High Seas","I7","Total_EEZ_Catch",34120
2007,"High Seas","I7","Total_EEZ_Catch",24228
2008,"High Seas","I7","Total_EEZ_Catch",39886
2009,"High Seas","I7","Total_EEZ_Catch",51482
2010,"High Seas","I7","Total_EEZ_Catch",52862
2011,"High Seas","I7","Total_EEZ_Catch",32274
2012,"High Seas","I7","Total_EEZ_Catch",45740
2013,"High Seas","I7","Total_EEZ_Catch",43598
2014,"High Seas","I7","Total_EEZ_Catch",29852
2015,"High Seas","I7","Total_EEZ_Catch",34790
2016,"High Seas","I7","Total_EEZ_Catch",21206
2017,"High Seas","I7","Total_EEZ_Catch",67504
2018,"High Seas","I7","Total_EEZ_Catch",51346
2019,"High Seas","I7","Total_EEZ_Catch",37848
2020,"High Seas","I7","Total_EEZ_Catch",56746
2021,"High Seas","I7","Total_EEZ_Catch",42710
2022,"High Seas","I7","Total_EEZ_Catch",41984
2023,"High Seas","I7","Total_EEZ_Catch",51206
1997,"High Seas","I8","Total_EEZ_Catch",524
1998,"High Seas","I8","Total_EEZ_Catch",286
1999,"High Seas","I8","Total_EEZ_Catch",296
2000,"High Seas","I8","Total_EEZ_Catch",1638
2001,"High Seas","I8","Total_EEZ_Catch",146
2002,"High Seas","I8","Total_EEZ_Catch",1544
2003,"High Seas","I8","Total_EEZ_Catch",2310
2004,"High Seas","I8","Total_EEZ_Catch",3964
2005,"High Seas","I8","Total_EEZ_Catch",3218
2006,"High Seas","I8","Total_EEZ_Catch",3290
2007,"High Seas","I8","Total_EEZ_Catch",1946
2008,"High Seas","I8","Total_EEZ_Catch",3042
2009,"High Seas","I8","Total_EEZ_Catch",1974
2010,"High Seas","I8","Total_EEZ_Catch",2644
2011,"High Seas","I8","Total_EEZ_Catch",3096
2012,"High Seas","I8","Total_EEZ_Catch",1512
2013,"High Seas","I8","Total_EEZ_Catch",2374
2014,"High Seas","I8","Total_EEZ_Catch",2740
2015,"High Seas","I8","Total_EEZ_Catch",3202
2016,"High Seas","I8","Total_EEZ_Catch",3668
2017,"High Seas","I8","Total_EEZ_Catch",5176
2018,"High Seas","I8","Total_EEZ_Catch",4642
2019,"High Seas","I8","Total_EEZ_Catch",3980
2020,"High Seas","I8","Total_EEZ_Catch",2126
2021,"High Seas","I8","Total_EEZ_Catch",2552
2022,"High Seas","I8","Total_EEZ_Catch",2664
2023,"High Seas","I8","Total_EEZ_Catch",684
1997,"High Seas","I9","Total_EEZ_Catch",156
1998,"High Seas","I9","Total_EEZ_Catch",130
1999,"High Seas","I9","Total_EEZ_Catch",338
2000,"High Seas","I9","Total_EEZ_Catch",60
2001,"High Seas","I9","Total_EEZ_Catch",248
2002,"High Seas","I9","Total_EEZ_Catch",1752
2003,"High Seas","I9","Total_EEZ_Catch",752
2004,"High Seas","I9","Total_EEZ_Catch",264
2005,"High Seas","I9","Total_EEZ_Catch",316
2006,"High Seas","I9","Total_EEZ_Catch",900
2007,"High Seas","I9","Total_EEZ_Catch",2406
2008,"High Seas","I9","Total_EEZ_Catch",304
2009,"High Seas","I9","Total_EEZ_Catch",1412
2010,"High Seas","I9","Total_EEZ_Catch",962
2011,"High Seas","I9","Total_EEZ_Catch",1874
2012,"High Seas","I9","Total_EEZ_Catch",4256
2013,"High Seas","I9","Total_EEZ_Catch",2434
2014,"High Seas","I9","Total_EEZ_Catch",586
2015,"High Seas","I9","Total_EEZ_Catch",282
2016,"High Seas","I9","Total_EEZ_Catch",208
2017,"High Seas","I9","Total_EEZ_Catch",5220
2018,"High Seas","I9","Total_EEZ_Catch",3534
2019,"High Seas","I9","Total_EEZ_Catch",5898
2020,"High Seas","I9","Total_EEZ_Catch",5396
2021,"High Seas","I9","Total_EEZ_Catch",1580
2022,"High Seas","I9","Total_EEZ_Catch",1614
2023,"High Seas","I9","Total_EEZ_Catch",7154
1997,"Non-PNA Member","Indonesia","Total_EEZ_Catch",513340
1998,"Non-PNA Member","Indonesia","Total_EEZ_Catch",677762
1999,"Non-PNA Member","Indonesia","Total_EEZ_Catch",643236
2000,"Non-PNA Member","Indonesia","Total_EEZ_Catch",684406
2001,"Non-PNA Member","Indonesia","Total_EEZ_Catch",629776
2002,"Non-PNA Member","Indonesia","Total_EEZ_Catch",605318
2003,"Non-PNA Member","Indonesia","Total_EEZ_Catch",621314
2004,"Non-PNA Member","Indonesia","Total_EEZ_Catch",823970
2005,"Non-PNA Member","Indonesia","Total_EEZ_Catch",495028
2006,"Non-PNA Member","Indonesia","Total_EEZ_Catch",571688
2007,"Non-PNA Member","Indonesia","Total_EEZ_Catch",643780
2008,"Non-PNA Member","Indonesia","Total_EEZ_Catch",669940
2009,"Non-PNA Member","Indonesia","Total_EEZ_Catch",777270
2010,"Non-PNA Member","Indonesia","Total_EEZ_Catch",716508
2011,"Non-PNA Member","Indonesia","Total_EEZ_Catch",795830
2012,"Non-PNA Member","Indonesia","Total_EEZ_Catch",886632
2013,"Non-PNA Member","Indonesia","Total_EEZ_Catch",1052472
2014,"Non-PNA Member","Indonesia","Total_EEZ_Catch",965834
2015,"Non-PNA Member","Indonesia","Total_EEZ_Catch",864156
2016,"Non-PNA Member","Indonesia","Total_EEZ_Catch",1051266
2017,"Non-PNA Member","Indonesia","Total_EEZ_Catch",941928
2018,"Non-PNA Member","Indonesia","Total_EEZ_Catch",1052950
2019,"Non-PNA Member","Indonesia","Total_EEZ_Catch",1072424
2020,"Non-PNA Member","Indonesia","Total_EEZ_Catch",1029116
2021,"Non-PNA Member","Indonesia","Total_EEZ_Catch",1093888
2022,"Non-PNA Member","Indonesia","Total_EEZ_Catch",1026858
2023,"Non-PNA Member","Indonesia","Total_EEZ_Catch",1026858
1997,"High Seas","IW","Total_EEZ_Catch",0
1998,"High Seas","IW","Total_EEZ_Catch",2
1999,"High Seas","IW","Total_EEZ_Catch",0
2000,"High Seas","IW","Total_EEZ_Catch",0
2001,"High Seas","IW","Total_EEZ_Catch",0
2002,"High Seas","IW","Total_EEZ_Catch",0
2003,"High Seas","IW","Total_EEZ_Catch",0
2004,"High Seas","IW","Total_EEZ_Catch",0
2005,"High Seas","IW","Total_EEZ_Catch",0
2006,"High Seas","IW","Total_EEZ_Catch",0
2007,"High Seas","IW","Total_EEZ_Catch",0
2008,"High Seas","IW","Total_EEZ_Catch",0
2009,"High Seas","IW","Total_EEZ_Catch",0
2010,"High Seas","IW","Total_EEZ_Catch",0
2011,"High Seas","IW","Total_EEZ_Catch",0
2012,"High Seas","IW","Total_EEZ_Catch",0
2013,"High Seas","IW","Total_EEZ_Catch",0
2014,"High Seas","IW","Total_EEZ_Catch",0
2015,"High Seas","IW","Total_EEZ_Catch",0
2016,"High Seas","IW","Total_EEZ_Catch",0
2017,"High Seas","IW","Total_EEZ_Catch",0
2018,"High Seas","IW","Total_EEZ_Catch",0
2019,"High Seas","IW","Total_EEZ_Catch",0
2020,"High Seas","IW","Total_EEZ_Catch",0
2021,"High Seas","IW","Total_EEZ_Catch",0
2022,"High Seas","IW","Total_EEZ_Catch",0
2023,"High Seas","IW","Total_EEZ_Catch",2
1997,"Non-PNA Member","Japan","Total_EEZ_Catch",1015226
1998,"Non-PNA Member","Japan","Total_EEZ_Catch",1083536
1999,"Non-PNA Member","Japan","Total_EEZ_Catch",950136
2000,"Non-PNA Member","Japan","Total_EEZ_Catch",997874
2001,"Non-PNA Member","Japan","Total_EEZ_Catch",878544
2002,"Non-PNA Member","Japan","Total_EEZ_Catch",903640
2003,"Non-PNA Member","Japan","Total_EEZ_Catch",939406
2004,"Non-PNA Member","Japan","Total_EEZ_Catch",883038
2005,"Non-PNA Member","Japan","Total_EEZ_Catch",961818
2006,"Non-PNA Member","Japan","Total_EEZ_Catch",891128
2007,"Non-PNA Member","Japan","Total_EEZ_Catch",933420
2008,"Non-PNA Member","Japan","Total_EEZ_Catch",867530
2009,"Non-PNA Member","Japan","Total_EEZ_Catch",797376
2010,"Non-PNA Member","Japan","Total_EEZ_Catch",861922
2011,"Non-PNA Member","Japan","Total_EEZ_Catch",738278
2012,"Non-PNA Member","Japan","Total_EEZ_Catch",786454
2013,"Non-PNA Member","Japan","Total_EEZ_Catch",753376
2014,"Non-PNA Member","Japan","Total_EEZ_Catch",707338
2015,"Non-PNA Member","Japan","Total_EEZ_Catch",665916
2016,"Non-PNA Member","Japan","Total_EEZ_Catch",601904
2017,"Non-PNA Member","Japan","Total_EEZ_Catch",601434
2018,"Non-PNA Member","Japan","Total_EEZ_Catch",641304
2019,"Non-PNA Member","Japan","Total_EEZ_Catch",599308
2020,"Non-PNA Member","Japan","Total_EEZ_Catch",565000
2021,"Non-PNA Member","Japan","Total_EEZ_Catch",646774
2022,"Non-PNA Member","Japan","Total_EEZ_Catch",497124
2023,"Non-PNA Member","Japan","Total_EEZ_Catch",492888
1997,"PNA Member","Kiribati","Total_EEZ_Catch",-190999
1998,"PNA Member","Kiribati","Total_EEZ_Catch",-139358
1999,"PNA Member","Kiribati","Total_EEZ_Catch",-133833
2000,"PNA Member","Kiribati","Total_EEZ_Catch",-122847
2001,"PNA Member","Kiribati","Total_EEZ_Catch",-271321
2002,"PNA Member","Kiribati","Total_EEZ_Catch",-345731
2003,"PNA Member","Kiribati","Total_EEZ_Catch",-77069
2004,"PNA Member","Kiribati","Total_EEZ_Catch",-94014
2005,"PNA Member","Kiribati","Total_EEZ_Catch",-194122
2006,"PNA Member","Kiribati","Total_EEZ_Catch",-162962
2007,"PNA Member","Kiribati","Total_EEZ_Catch",-165193
2008,"PNA Member","Kiribati","Total_EEZ_Catch",-209457
2009,"PNA Member","Kiribati","Total_EEZ_Catch",-265871
2010,"PNA Member","Kiribati","Total_EEZ_Catch",-130151
2011,"PNA Member","Kiribati","Total_EEZ_Catch",-104363
2012,"PNA Member","Kiribati","Total_EEZ_Catch",-411623
2013,"PNA Member","Kiribati","Total_EEZ_Catch",-143959
2014,"PNA Member","Kiribati","Total_EEZ_Catch",-515137
2015,"PNA Member","Kiribati","Total_EEZ_Catch",-363229
2016,"PNA Member","Kiribati","Total_EEZ_Catch",-71425
2017,"PNA Member","Kiribati","Total_EEZ_Catch",-67664
2018,"PNA Member","Kiribati","Total_EEZ_Catch",-12122
2019,"PNA Member","Kiribati","Total_EEZ_Catch",-219268
2020,"PNA Member","Kiribati","Total_EEZ_Catch",63272
2021,"PNA Member","Kiribati","Total_EEZ_Catch",19606
2022,"PNA Member","Kiribati","Total_EEZ_Catch",160783
2023,"PNA Member","Kiribati","Total_EEZ_Catch",-137145
1997,"Non-PNA Member","Korea","Total_EEZ_Catch",377334
1998,"Non-PNA Member","Korea","Total_EEZ_Catch",495856
1999,"Non-PNA Member","Korea","Total_EEZ_Catch",346990
2000,"Non-PNA Member","Korea","Total_EEZ_Catch",414988
2001,"Non-PNA Member","Korea","Total_EEZ_Catch",433376
2002,"Non-PNA Member","Korea","Total_EEZ_Catch",509186
2003,"Non-PNA Member","Korea","Total_EEZ_Catch",442156
2004,"Non-PNA Member","Korea","Total_EEZ_Catch",425306
2005,"Non-PNA Member","Korea","Total_EEZ_Catch",474712
2006,"Non-PNA Member","Korea","Total_EEZ_Catch",549714
2007,"Non-PNA Member","Korea","Total_EEZ_Catch",559176
2008,"Non-PNA Member","Korea","Total_EEZ_Catch",550266
2009,"Non-PNA Member","Korea","Total_EEZ_Catch",620282
2010,"Non-PNA Member","Korea","Total_EEZ_Catch",600424
2011,"Non-PNA Member","Korea","Total_EEZ_Catch",463136
2012,"Non-PNA Member","Korea","Total_EEZ_Catch",580586
2013,"Non-PNA Member","Korea","Total_EEZ_Catch",490742
2014,"Non-PNA Member","Korea","Total_EEZ_Catch",584020
2015,"Non-PNA Member","Korea","Total_EEZ_Catch",578864
2016,"Non-PNA Member","Korea","Total_EEZ_Catch",598350
2017,"Non-PNA Member","Korea","Total_EEZ_Catch",531082
2018,"Non-PNA Member","Korea","Total_EEZ_Catch",578638
2019,"Non-PNA Member","Korea","Total_EEZ_Catch",689332
2020,"Non-PNA Member","Korea","Total_EEZ_Catch",554530
2021,"Non-PNA Member","Korea","Total_EEZ_Catch",510442
2022,"Non-PNA Member","Korea","Total_EEZ_Catch",508050
2023,"Non-PNA Member","Korea","Total_EEZ_Catch",533738
1997,"PNA Member","Marshall Islands","Total_EEZ_Catch",-5084
1998,"PNA Member","Marshall Islands","Total_EEZ_Catch",-92020
1999,"PNA Member","Marshall Islands","Total_EEZ_Catch",-32850
2000,"PNA Member","Marshall Islands","Total_EEZ_Catch",-19066
2001,"PNA Member","Marshall Islands","Total_EEZ_Catch",9711
2002,"PNA Member","Marshall Islands","Total_EEZ_Catch",36470
2003,"PNA Member","Marshall Islands","Total_EEZ_Catch",68252
2004,"PNA Member","Marshall Islands","Total_EEZ_Catch",74247
2005,"PNA Member","Marshall Islands","Total_EEZ_Catch",90306
2006,"PNA Member","Marshall Islands","Total_EEZ_Catch",65467
2007,"PNA Member","Marshall Islands","Total_EEZ_Catch",96793
2008,"PNA Member","Marshall Islands","Total_EEZ_Catch",36072
2009,"PNA Member","Marshall Islands","Total_EEZ_Catch",70962
2010,"PNA Member","Marshall Islands","Total_EEZ_Catch",88171
2011,"PNA Member","Marshall Islands","Total_EEZ_Catch",155151
2012,"PNA Member","Marshall Islands","Total_EEZ_Catch",114163
2013,"PNA Member","Marshall Islands","Total_EEZ_Catch",109198
2014,"PNA Member","Marshall Islands","Total_EEZ_Catch",63138
2015,"PNA Member","Marshall Islands","Total_EEZ_Catch",135899
2016,"PNA Member","Marshall Islands","Total_EEZ_Catch",33528
2017,"PNA Member","Marshall Islands","Total_EEZ_Catch",100875
2018,"PNA Member","Marshall Islands","Total_EEZ_Catch",112985
2019,"PNA Member","Marshall Islands","Total_EEZ_Catch",181105
2020,"PNA Member","Marshall Islands","Total_EEZ_Catch",121020
2021,"PNA Member","Marshall Islands","Total_EEZ_Catch",118174
2022,"PNA Member","Marshall Islands","Total_EEZ_Catch",131285
2023,"PNA Member","Marshall Islands","Total_EEZ_Catch",87083
1997,"Non-PNA Member","Mathew and Hunter","Total_EEZ_Catch",10
1998,"Non-PNA Member","Mathew and Hunter","Total_EEZ_Catch",51
1999,"Non-PNA Member","Mathew and Hunter","Total_EEZ_Catch",11
2000,"Non-PNA Member","Mathew and Hunter","Total_EEZ_Catch",9
2001,"Non-PNA Member","Mathew and Hunter","Total_EEZ_Catch",5
2002,"Non-PNA Member","Mathew and Hunter","Total_EEZ_Catch",1
2003,"Non-PNA Member","Mathew and Hunter","Total_EEZ_Catch",20
2004,"Non-PNA Member","Mathew and Hunter","Total_EEZ_Catch",11
2005,"Non-PNA Member","Mathew and Hunter","Total_EEZ_Catch",12
2006,"Non-PNA Member","Mathew and Hunter","Total_EEZ_Catch",7
2007,"Non-PNA Member","Mathew and Hunter","Total_EEZ_Catch",9
2008,"Non-PNA Member","Mathew and Hunter","Total_EEZ_Catch",4
2009,"Non-PNA Member","Mathew and Hunter","Total_EEZ_Catch",21
2010,"Non-PNA Member","Mathew and Hunter","Total_EEZ_Catch",19
2011,"Non-PNA Member","Mathew and Hunter","Total_EEZ_Catch",7
2012,"Non-PNA Member","Mathew and Hunter","Total_EEZ_Catch",12
2013,"Non-PNA Member","Mathew and Hunter","Total_EEZ_Catch",0
2014,"Non-PNA Member","Mathew and Hunter","Total_EEZ_Catch",0
2015,"Non-PNA Member","Mathew and Hunter","Total_EEZ_Catch",5
2016,"Non-PNA Member","Mathew and Hunter","Total_EEZ_Catch",1
2017,"Non-PNA Member","Mathew and Hunter","Total_EEZ_Catch",5
2018,"Non-PNA Member","Mathew and Hunter","Total_EEZ_Catch",1
2019,"Non-PNA Member","Mathew and Hunter","Total_EEZ_Catch",3
2020,"Non-PNA Member","Mathew and Hunter","Total_EEZ_Catch",1
2021,"Non-PNA Member","Mathew and Hunter","Total_EEZ_Catch",35
2022,"Non-PNA Member","Mathew and Hunter","Total_EEZ_Catch",29
2023,"Non-PNA Member","Mathew and Hunter","Total_EEZ_Catch",6
1997,"PNA Member","Nauru","Total_EEZ_Catch",-26294
1998,"PNA Member","Nauru","Total_EEZ_Catch",-43074
1999,"PNA Member","Nauru","Total_EEZ_Catch",-50688
2000,"PNA Member","Nauru","Total_EEZ_Catch",-68908
2001,"PNA Member","Nauru","Total_EEZ_Catch",-66625
2002,"PNA Member","Nauru","Total_EEZ_Catch",-126827
2003,"PNA Member","Nauru","Total_EEZ_Catch",-21563
2004,"PNA Member","Nauru","Total_EEZ_Catch",-64722
2005,"PNA Member","Nauru","Total_EEZ_Catch",-50694
2006,"PNA Member","Nauru","Total_EEZ_Catch",-56980
2007,"PNA Member","Nauru","Total_EEZ_Catch",-68450
2008,"PNA Member","Nauru","Total_EEZ_Catch",-64404
2009,"PNA Member","Nauru","Total_EEZ_Catch",-61960
2010,"PNA Member","Nauru","Total_EEZ_Catch",-109216
2011,"PNA Member","Nauru","Total_EEZ_Catch",-104029
2012,"PNA Member","Nauru","Total_EEZ_Catch",-50760
2013,"PNA Member","Nauru","Total_EEZ_Catch",-165326
2014,"PNA Member","Nauru","Total_EEZ_Catch",-184748
2015,"PNA Member","Nauru","Total_EEZ_Catch",-68895
2016,"PNA Member","Nauru","Total_EEZ_Catch",-119495
2017,"PNA Member","Nauru","Total_EEZ_Catch",-83093
2018,"PNA Member","Nauru","Total_EEZ_Catch",-155197
2019,"PNA Member","Nauru","Total_EEZ_Catch",-39178
2020,"PNA Member","Nauru","Total_EEZ_Catch",48585
2021,"PNA Member","Nauru","Total_EEZ_Catch",90695
2022,"PNA Member","Nauru","Total_EEZ_Catch",132506
2023,"PNA Member","Nauru","Total_EEZ_Catch",142457
1997,"Non-PNA Member","New Caledonia","Total_EEZ_Catch",1952
1998,"Non-PNA Member","New Caledonia","Total_EEZ_Catch",3086
1999,"Non-PNA Member","New Caledonia","Total_EEZ_Catch",3230
2000,"Non-PNA Member","New Caledonia","Total_EEZ_Catch",3324
2001,"Non-PNA Member","New Caledonia","Total_EEZ_Catch",3436
2002,"Non-PNA Member","New Caledonia","Total_EEZ_Catch",3852
2003,"Non-PNA Member","New Caledonia","Total_EEZ_Catch",4010
2004,"Non-PNA Member","New Caledonia","Total_EEZ_Catch",4378
2005,"Non-PNA Member","New Caledonia","Total_EEZ_Catch",4228
2006,"Non-PNA Member","New Caledonia","Total_EEZ_Catch",3614
2007,"Non-PNA Member","New Caledonia","Total_EEZ_Catch",3540
2008,"Non-PNA Member","New Caledonia","Total_EEZ_Catch",3986
2009,"Non-PNA Member","New Caledonia","Total_EEZ_Catch",4374
2010,"Non-PNA Member","New Caledonia","Total_EEZ_Catch",4976
2011,"Non-PNA Member","New Caledonia","Total_EEZ_Catch",4724
2012,"Non-PNA Member","New Caledonia","Total_EEZ_Catch",4674
2013,"Non-PNA Member","New Caledonia","Total_EEZ_Catch",4626
2014,"Non-PNA Member","New Caledonia","Total_EEZ_Catch",4858
2015,"Non-PNA Member","New Caledonia","Total_EEZ_Catch",5008
2016,"Non-PNA Member","New Caledonia","Total_EEZ_Catch",4722
2017,"Non-PNA Member","New Caledonia","Total_EEZ_Catch",4764
2018,"Non-PNA Member","New Caledonia","Total_EEZ_Catch",4560
2019,"Non-PNA Member","New Caledonia","Total_EEZ_Catch",5500
2020,"Non-PNA Member","New Caledonia","Total_EEZ_Catch",4936
2021,"Non-PNA Member","New Caledonia","Total_EEZ_Catch",4938
2022,"Non-PNA Member","New Caledonia","Total_EEZ_Catch",5810
2023,"Non-PNA Member","New Caledonia","Total_EEZ_Catch",5042
1997,"Non-PNA Member","New Zealand","Total_EEZ_Catch",10451
1998,"Non-PNA Member","New Zealand","Total_EEZ_Catch",14886
1999,"Non-PNA Member","New Zealand","Total_EEZ_Catch",9585
2000,"Non-PNA Member","New Zealand","Total_EEZ_Catch",20898
2001,"Non-PNA Member","New Zealand","Total_EEZ_Catch",24991
2002,"Non-PNA Member","New Zealand","Total_EEZ_Catch",66566
2003,"Non-PNA Member","New Zealand","Total_EEZ_Catch",51044
2004,"Non-PNA Member","New Zealand","Total_EEZ_Catch",52018
2005,"Non-PNA Member","New Zealand","Total_EEZ_Catch",41603
2006,"Non-PNA Member","New Zealand","Total_EEZ_Catch",53331
2007,"Non-PNA Member","New Zealand","Total_EEZ_Catch",66372
2008,"Non-PNA Member","New Zealand","Total_EEZ_Catch",56135
2009,"Non-PNA Member","New Zealand","Total_EEZ_Catch",54892
2010,"Non-PNA Member","New Zealand","Total_EEZ_Catch",44510
2011,"Non-PNA Member","New Zealand","Total_EEZ_Catch",37819
2012,"Non-PNA Member","New Zealand","Total_EEZ_Catch",34690
2013,"Non-PNA Member","New Zealand","Total_EEZ_Catch",39786
2014,"Non-PNA Member","New Zealand","Total_EEZ_Catch",33888
2015,"Non-PNA Member","New Zealand","Total_EEZ_Catch",29210
2016,"Non-PNA Member","New Zealand","Total_EEZ_Catch",19562
2017,"Non-PNA Member","New Zealand","Total_EEZ_Catch",14248
2018,"Non-PNA Member","New Zealand","Total_EEZ_Catch",12620
2019,"Non-PNA Member","New Zealand","Total_EEZ_Catch",16460
2020,"Non-PNA Member","New Zealand","Total_EEZ_Catch",10855
2021,"Non-PNA Member","New Zealand","Total_EEZ_Catch",8507
2022,"Non-PNA Member","New Zealand","Total_EEZ_Catch",3449
2023,"Non-PNA Member","New Zealand","Total_EEZ_Catch",1208
1997,"Non-PNA Member","Niue","Total_EEZ_Catch",-94
1998,"Non-PNA Member","Niue","Total_EEZ_Catch",-3
1999,"Non-PNA Member","Niue","Total_EEZ_Catch",0
2000,"Non-PNA Member","Niue","Total_EEZ_Catch",0
2001,"Non-PNA Member","Niue","Total_EEZ_Catch",0
2002,"Non-PNA Member","Niue","Total_EEZ_Catch",-37
2003,"Non-PNA Member","Niue","Total_EEZ_Catch",0
2004,"Non-PNA Member","Niue","Total_EEZ_Catch",6
2005,"Non-PNA Member","Niue","Total_EEZ_Catch",105
2006,"Non-PNA Member","Niue","Total_EEZ_Catch",227
2007,"Non-PNA Member","Niue","Total_EEZ_Catch",306
2008,"Non-PNA Member","Niue","Total_EEZ_Catch",435
2009,"Non-PNA Member","Niue","Total_EEZ_Catch",84
2010,"Non-PNA Member","Niue","Total_EEZ_Catch",-2
2011,"Non-PNA Member","Niue","Total_EEZ_Catch",0
2012,"Non-PNA Member","Niue","Total_EEZ_Catch",0
2013,"Non-PNA Member","Niue","Total_EEZ_Catch",-421
2014,"Non-PNA Member","Niue","Total_EEZ_Catch",-269
2015,"Non-PNA Member","Niue","Total_EEZ_Catch",-263
2016,"Non-PNA Member","Niue","Total_EEZ_Catch",-103
2017,"Non-PNA Member","Niue","Total_EEZ_Catch",-17
2018,"Non-PNA Member","Niue","Total_EEZ_Catch",-423
2019,"Non-PNA Member","Niue","Total_EEZ_Catch",-468
2020,"Non-PNA Member","Niue","Total_EEZ_Catch",-226
2021,"Non-PNA Member","Niue","Total_EEZ_Catch",-19
2022,"Non-PNA Member","Niue","Total_EEZ_Catch",1
2023,"Non-PNA Member","Niue","Total_EEZ_Catch",1
1997,"Non-PNA Member","Northern Mariana Islands","Total_EEZ_Catch",89
1998,"Non-PNA Member","Northern Mariana Islands","Total_EEZ_Catch",85
1999,"Non-PNA Member","Northern Mariana Islands","Total_EEZ_Catch",59
2000,"Non-PNA Member","Northern Mariana Islands","Total_EEZ_Catch",207
2001,"Non-PNA Member","Northern Mariana Islands","Total_EEZ_Catch",277
2002,"Non-PNA Member","Northern Mariana Islands","Total_EEZ_Catch",184
2003,"Non-PNA Member","Northern Mariana Islands","Total_EEZ_Catch",89
2004,"Non-PNA Member","Northern Mariana Islands","Total_EEZ_Catch",78
2005,"Non-PNA Member","Northern Mariana Islands","Total_EEZ_Catch",130
2006,"Non-PNA Member","Northern Mariana Islands","Total_EEZ_Catch",144
2007,"Non-PNA Member","Northern Mariana Islands","Total_EEZ_Catch",124
2008,"Non-PNA Member","Northern Mariana Islands","Total_EEZ_Catch",85
2009,"Non-PNA Member","Northern Mariana Islands","Total_EEZ_Catch",120
2010,"Non-PNA Member","Northern Mariana Islands","Total_EEZ_Catch",162
2011,"Non-PNA Member","Northern Mariana Islands","Total_EEZ_Catch",120
2012,"Non-PNA Member","Northern Mariana Islands","Total_EEZ_Catch",163
2013,"Non-PNA Member","Northern Mariana Islands","Total_EEZ_Catch",175
2014,"Non-PNA Member","Northern Mariana Islands","Total_EEZ_Catch",117
2015,"Non-PNA Member","Northern Mariana Islands","Total_EEZ_Catch",42
2016,"Non-PNA Member","Northern Mariana Islands","Total_EEZ_Catch",96
2017,"Non-PNA Member","Northern Mariana Islands","Total_EEZ_Catch",115
2018,"Non-PNA Member","Northern Mariana Islands","Total_EEZ_Catch",175
2019,"Non-PNA Member","Northern Mariana Islands","Total_EEZ_Catch",174
2020,"Non-PNA Member","Northern Mariana Islands","Total_EEZ_Catch",119
2021,"Non-PNA Member","Northern Mariana Islands","Total_EEZ_Catch",148
2022,"Non-PNA Member","Northern Mariana Islands","Total_EEZ_Catch",66
2023,"Non-PNA Member","Northern Mariana Islands","Total_EEZ_Catch",66
1997,"PNA Member","Palau","Total_EEZ_Catch",-2629
1998,"PNA Member","Palau","Total_EEZ_Catch",-622
1999,"PNA Member","Palau","Total_EEZ_Catch",-1861
2000,"PNA Member","Palau","Total_EEZ_Catch",-1730
2001,"PNA Member","Palau","Total_EEZ_Catch",-1621
2002,"PNA Member","Palau","Total_EEZ_Catch",-816
2003,"PNA Member","Palau","Total_EEZ_Catch",-5092
2004,"PNA Member","Palau","Total_EEZ_Catch",-6986
2005,"PNA Member","Palau","Total_EEZ_Catch",-4740
2006,"PNA Member","Palau","Total_EEZ_Catch",-8664
2007,"PNA Member","Palau","Total_EEZ_Catch",-3794
2008,"PNA Member","Palau","Total_EEZ_Catch",-7747
2009,"PNA Member","Palau","Total_EEZ_Catch",-2180
2010,"PNA Member","Palau","Total_EEZ_Catch",-2945
2011,"PNA Member","Palau","Total_EEZ_Catch",-2910
2012,"PNA Member","Palau","Total_EEZ_Catch",-3923
2013,"PNA Member","Palau","Total_EEZ_Catch",-3209
2014,"PNA Member","Palau","Total_EEZ_Catch",-4995
2015,"PNA Member","Palau","Total_EEZ_Catch",-1575
2016,"PNA Member","Palau","Total_EEZ_Catch",-6135
2017,"PNA Member","Palau","Total_EEZ_Catch",-13099
2018,"PNA Member","Palau","Total_EEZ_Catch",-3678
2019,"PNA Member","Palau","Total_EEZ_Catch",-1637
2020,"PNA Member","Palau","Total_EEZ_Catch",-894
2021,"PNA Member","Palau","Total_EEZ_Catch",-1244
2022,"PNA Member","Palau","Total_EEZ_Catch",-705
2023,"PNA Member","Palau","Total_EEZ_Catch",-566
1997,"Non-PNA Member","Philippines","Total_EEZ_Catch",417516
1998,"Non-PNA Member","Philippines","Total_EEZ_Catch",471168
1999,"Non-PNA Member","Philippines","Total_EEZ_Catch",452358
2000,"Non-PNA Member","Philippines","Total_EEZ_Catch",468920
2001,"Non-PNA Member","Philippines","Total_EEZ_Catch",421512
2002,"Non-PNA Member","Philippines","Total_EEZ_Catch",468126
2003,"Non-PNA Member","Philippines","Total_EEZ_Catch",583664
2004,"Non-PNA Member","Philippines","Total_EEZ_Catch",604224
2005,"Non-PNA Member","Philippines","Total_EEZ_Catch",612630
2006,"Non-PNA Member","Philippines","Total_EEZ_Catch",669220
2007,"Non-PNA Member","Philippines","Total_EEZ_Catch",762100
2008,"Non-PNA Member","Philippines","Total_EEZ_Catch",841052
2009,"Non-PNA Member","Philippines","Total_EEZ_Catch",655488
2010,"Non-PNA Member","Philippines","Total_EEZ_Catch",571132
2011,"Non-PNA Member","Philippines","Total_EEZ_Catch",387832
2012,"Non-PNA Member","Philippines","Total_EEZ_Catch",466772
2013,"Non-PNA Member","Philippines","Total_EEZ_Catch",458548
2014,"Non-PNA Member","Philippines","Total_EEZ_Catch",574380
2015,"Non-PNA Member","Philippines","Total_EEZ_Catch",495920
2016,"Non-PNA Member","Philippines","Total_EEZ_Catch",429604
2017,"Non-PNA Member","Philippines","Total_EEZ_Catch",399914
2018,"Non-PNA Member","Philippines","Total_EEZ_Catch",312556
2019,"Non-PNA Member","Philippines","Total_EEZ_Catch",321426
2020,"Non-PNA Member","Philippines","Total_EEZ_Catch",430722
2021,"Non-PNA Member","Philippines","Total_EEZ_Catch",354386
2022,"Non-PNA Member","Philippines","Total_EEZ_Catch",295420
2023,"Non-PNA Member","Philippines","Total_EEZ_Catch",318896
1997,"PNA Member","PNG","Total_EEZ_Catch",-134623
1998,"PNA Member","PNG","Total_EEZ_Catch",-56119
1999,"PNA Member","PNG","Total_EEZ_Catch",-32891
2000,"PNA Member","PNG","Total_EEZ_Catch",-139553
2001,"PNA Member","PNG","Total_EEZ_Catch",24010
2002,"PNA Member","PNG","Total_EEZ_Catch",74008
2003,"PNA Member","PNG","Total_EEZ_Catch",-80183
2004,"PNA Member","PNG","Total_EEZ_Catch",99170
2005,"PNA Member","PNG","Total_EEZ_Catch",156222
2006,"PNA Member","PNG","Total_EEZ_Catch",29018
2007,"PNA Member","PNG","Total_EEZ_Catch",23504
2008,"PNA Member","PNG","Total_EEZ_Catch",-49397
2009,"PNA Member","PNG","Total_EEZ_Catch",-60188
2010,"PNA Member","PNG","Total_EEZ_Catch",-319169
2011,"PNA Member","PNG","Total_EEZ_Catch",-281350
2012,"PNA Member","PNG","Total_EEZ_Catch",-110320
2013,"PNA Member","PNG","Total_EEZ_Catch",-175372
2014,"PNA Member","PNG","Total_EEZ_Catch",128212
2015,"PNA Member","PNG","Total_EEZ_Catch",240763
2016,"PNA Member","PNG","Total_EEZ_Catch",253748
2017,"PNA Member","PNG","Total_EEZ_Catch",224823
2018,"PNA Member","PNG","Total_EEZ_Catch",251139
2019,"PNA Member","PNG","Total_EEZ_Catch",153518
2020,"PNA Member","PNG","Total_EEZ_Catch",-86441
2021,"PNA Member","PNG","Total_EEZ_Catch",-142914
2022,"PNA Member","PNG","Total_EEZ_Catch",-274462
2023,"PNA Member","PNG","Total_EEZ_Catch",-43418
1997,"Non-PNA Member","Portugal","Total_EEZ_Catch",0
1998,"Non-PNA Member","Portugal","Total_EEZ_Catch",0
1999,"Non-PNA Member","Portugal","Total_EEZ_Catch",0
2000,"Non-PNA Member","Portugal","Total_EEZ_Catch",0
2001,"Non-PNA Member","Portugal","Total_EEZ_Catch",0
2002,"Non-PNA Member","Portugal","Total_EEZ_Catch",0
2003,"Non-PNA Member","Portugal","Total_EEZ_Catch",0
2004,"Non-PNA Member","Portugal","Total_EEZ_Catch",0
2005,"Non-PNA Member","Portugal","Total_EEZ_Catch",0
2006,"Non-PNA Member","Portugal","Total_EEZ_Catch",0
2007,"Non-PNA Member","Portugal","Total_EEZ_Catch",0
2008,"Non-PNA Member","Portugal","Total_EEZ_Catch",0
2009,"Non-PNA Member","Portugal","Total_EEZ_Catch",0
2010,"Non-PNA Member","Portugal","Total_EEZ_Catch",0
2011,"Non-PNA Member","Portugal","Total_EEZ_Catch",7
2012,"Non-PNA Member","Portugal","Total_EEZ_Catch",18
2013,"Non-PNA Member","Portugal","Total_EEZ_Catch",175
2014,"Non-PNA Member","Portugal","Total_EEZ_Catch",94
2015,"Non-PNA Member","Portugal","Total_EEZ_Catch",21
2016,"Non-PNA Member","Portugal","Total_EEZ_Catch",16
2017,"Non-PNA Member","Portugal","Total_EEZ_Catch",0
2018,"Non-PNA Member","Portugal","Total_EEZ_Catch",0
2019,"Non-PNA Member","Portugal","Total_EEZ_Catch",0
2020,"Non-PNA Member","Portugal","Total_EEZ_Catch",0
2021,"Non-PNA Member","Portugal","Total_EEZ_Catch",0
2022,"Non-PNA Member","Portugal","Total_EEZ_Catch",0
2023,"Non-PNA Member","Portugal","Total_EEZ_Catch",0
1997,"Non-PNA Member","Samoa","Total_EEZ_Catch",5498
1998,"Non-PNA Member","Samoa","Total_EEZ_Catch",6820
1999,"Non-PNA Member","Samoa","Total_EEZ_Catch",5513
2000,"Non-PNA Member","Samoa","Total_EEZ_Catch",5189
2001,"Non-PNA Member","Samoa","Total_EEZ_Catch",5834
2002,"Non-PNA Member","Samoa","Total_EEZ_Catch",4856
2003,"Non-PNA Member","Samoa","Total_EEZ_Catch",2944
2004,"Non-PNA Member","Samoa","Total_EEZ_Catch",1967
2005,"Non-PNA Member","Samoa","Total_EEZ_Catch",1626
2006,"Non-PNA Member","Samoa","Total_EEZ_Catch",2564
2007,"Non-PNA Member","Samoa","Total_EEZ_Catch",3556
2008,"Non-PNA Member","Samoa","Total_EEZ_Catch",2669
2009,"Non-PNA Member","Samoa","Total_EEZ_Catch",3272
2010,"Non-PNA Member","Samoa","Total_EEZ_Catch",2833
2011,"Non-PNA Member","Samoa","Total_EEZ_Catch",1112
2012,"Non-PNA Member","Samoa","Total_EEZ_Catch",1449
2013,"Non-PNA Member","Samoa","Total_EEZ_Catch",1992
2014,"Non-PNA Member","Samoa","Total_EEZ_Catch",817
2015,"Non-PNA Member","Samoa","Total_EEZ_Catch",81
2016,"Non-PNA Member","Samoa","Total_EEZ_Catch",-994
2017,"Non-PNA Member","Samoa","Total_EEZ_Catch",4012
2018,"Non-PNA Member","Samoa","Total_EEZ_Catch",2536
2019,"Non-PNA Member","Samoa","Total_EEZ_Catch",5177
2020,"Non-PNA Member","Samoa","Total_EEZ_Catch",2801
2021,"Non-PNA Member","Samoa","Total_EEZ_Catch",1819
2022,"Non-PNA Member","Samoa","Total_EEZ_Catch",2959
2023,"Non-PNA Member","Samoa","Total_EEZ_Catch",3959
1997,"Non-PNA Member","Senegal","Total_EEZ_Catch",0
1998,"Non-PNA Member","Senegal","Total_EEZ_Catch",0
1999,"Non-PNA Member","Senegal","Total_EEZ_Catch",0
2000,"Non-PNA Member","Senegal","Total_EEZ_Catch",0
2001,"Non-PNA Member","Senegal","Total_EEZ_Catch",0
2002,"Non-PNA Member","Senegal","Total_EEZ_Catch",0
2003,"Non-PNA Member","Senegal","Total_EEZ_Catch",0
2004,"Non-PNA Member","Senegal","Total_EEZ_Catch",0
2005,"Non-PNA Member","Senegal","Total_EEZ_Catch",6
2006,"Non-PNA Member","Senegal","Total_EEZ_Catch",15
2007,"Non-PNA Member","Senegal","Total_EEZ_Catch",6
2008,"Non-PNA Member","Senegal","Total_EEZ_Catch",0
2009,"Non-PNA Member","Senegal","Total_EEZ_Catch",0
2010,"Non-PNA Member","Senegal","Total_EEZ_Catch",0
2011,"Non-PNA Member","Senegal","Total_EEZ_Catch",0
2012,"Non-PNA Member","Senegal","Total_EEZ_Catch",0
2013,"Non-PNA Member","Senegal","Total_EEZ_Catch",0
2014,"Non-PNA Member","Senegal","Total_EEZ_Catch",0
2015,"Non-PNA Member","Senegal","Total_EEZ_Catch",0
2016,"Non-PNA Member","Senegal","Total_EEZ_Catch",0
2017,"Non-PNA Member","Senegal","Total_EEZ_Catch",0
2018,"Non-PNA Member","Senegal","Total_EEZ_Catch",0
2019,"Non-PNA Member","Senegal","Total_EEZ_Catch",0
2020,"Non-PNA Member","Senegal","Total_EEZ_Catch",0
2021,"Non-PNA Member","Senegal","Total_EEZ_Catch",0
2022,"Non-PNA Member","Senegal","Total_EEZ_Catch",0
2023,"Non-PNA Member","Senegal","Total_EEZ_Catch",0
1997,"PNA Member","Solomon  Islands","Total_EEZ_Catch",29709
1998,"PNA Member","Solomon  Islands","Total_EEZ_Catch",-70967
1999,"PNA Member","Solomon  Islands","Total_EEZ_Catch",42817
2000,"PNA Member","Solomon  Islands","Total_EEZ_Catch",16186
2001,"PNA Member","Solomon  Islands","Total_EEZ_Catch",-2520
2002,"PNA Member","Solomon  Islands","Total_EEZ_Catch",11466
2003,"PNA Member","Solomon  Islands","Total_EEZ_Catch",-16012
2004,"PNA Member","Solomon  Islands","Total_EEZ_Catch",-70787
2005,"PNA Member","Solomon  Islands","Total_EEZ_Catch",-59503
2006,"PNA Member","Solomon  Islands","Total_EEZ_Catch",-74238
2007,"PNA Member","Solomon  Islands","Total_EEZ_Catch",-79314
2008,"PNA Member","Solomon  Islands","Total_EEZ_Catch",-109455
2009,"PNA Member","Solomon  Islands","Total_EEZ_Catch",-106085
2010,"PNA Member","Solomon  Islands","Total_EEZ_Catch",-127171
2011,"PNA Member","Solomon  Islands","Total_EEZ_Catch",-121420
2012,"PNA Member","Solomon  Islands","Total_EEZ_Catch",-40675
2013,"PNA Member","Solomon  Islands","Total_EEZ_Catch",-78865
2014,"PNA Member","Solomon  Islands","Total_EEZ_Catch",34754
2015,"PNA Member","Solomon  Islands","Total_EEZ_Catch",-3175
2016,"PNA Member","Solomon  Islands","Total_EEZ_Catch",-43084
2017,"PNA Member","Solomon  Islands","Total_EEZ_Catch",-78480
2018,"PNA Member","Solomon  Islands","Total_EEZ_Catch",33388
2019,"PNA Member","Solomon  Islands","Total_EEZ_Catch",60602
2020,"PNA Member","Solomon  Islands","Total_EEZ_Catch",-28430
2021,"PNA Member","Solomon  Islands","Total_EEZ_Catch",-22835
2022,"PNA Member","Solomon  Islands","Total_EEZ_Catch",-60376
2023,"PNA Member","Solomon  Islands","Total_EEZ_Catch",18134
1997,"Non-PNA Member","Spain","Total_EEZ_Catch",0
1998,"Non-PNA Member","Spain","Total_EEZ_Catch",1624
1999,"Non-PNA Member","Spain","Total_EEZ_Catch",8614
2000,"Non-PNA Member","Spain","Total_EEZ_Catch",12896
2001,"Non-PNA Member","Spain","Total_EEZ_Catch",2402
2002,"Non-PNA Member","Spain","Total_EEZ_Catch",2288
2003,"Non-PNA Member","Spain","Total_EEZ_Catch",4659
2004,"Non-PNA Member","Spain","Total_EEZ_Catch",5584
2005,"Non-PNA Member","Spain","Total_EEZ_Catch",3453
2006,"Non-PNA Member","Spain","Total_EEZ_Catch",11826
2007,"Non-PNA Member","Spain","Total_EEZ_Catch",23750
2008,"Non-PNA Member","Spain","Total_EEZ_Catch",36359
2009,"Non-PNA Member","Spain","Total_EEZ_Catch",26686
2010,"Non-PNA Member","Spain","Total_EEZ_Catch",29500
2011,"Non-PNA Member","Spain","Total_EEZ_Catch",39466
2012,"Non-PNA Member","Spain","Total_EEZ_Catch",32198
2013,"Non-PNA Member","Spain","Total_EEZ_Catch",45037
2014,"Non-PNA Member","Spain","Total_EEZ_Catch",40539
2015,"Non-PNA Member","Spain","Total_EEZ_Catch",33275
2016,"Non-PNA Member","Spain","Total_EEZ_Catch",8782
2017,"Non-PNA Member","Spain","Total_EEZ_Catch",11754
2018,"Non-PNA Member","Spain","Total_EEZ_Catch",10481
2019,"Non-PNA Member","Spain","Total_EEZ_Catch",9985
2020,"Non-PNA Member","Spain","Total_EEZ_Catch",10832
2021,"Non-PNA Member","Spain","Total_EEZ_Catch",13493
2022,"Non-PNA Member","Spain","Total_EEZ_Catch",17753
2023,"Non-PNA Member","Spain","Total_EEZ_Catch",23338
1997,"Non-PNA Member","Taiwan","Total_EEZ_Catch",433988
1998,"Non-PNA Member","Taiwan","Total_EEZ_Catch",610704
1999,"Non-PNA Member","Taiwan","Total_EEZ_Catch",502058
2000,"Non-PNA Member","Taiwan","Total_EEZ_Catch",558386
2001,"Non-PNA Member","Taiwan","Total_EEZ_Catch",570556
2002,"Non-PNA Member","Taiwan","Total_EEZ_Catch",636594
2003,"Non-PNA Member","Taiwan","Total_EEZ_Catch",517074
2004,"Non-PNA Member","Taiwan","Total_EEZ_Catch",522080
2005,"Non-PNA Member","Taiwan","Total_EEZ_Catch",489070
2006,"Non-PNA Member","Taiwan","Total_EEZ_Catch",511210
2007,"Non-PNA Member","Taiwan","Total_EEZ_Catch",553902
2008,"Non-PNA Member","Taiwan","Total_EEZ_Catch",494496
2009,"Non-PNA Member","Taiwan","Total_EEZ_Catch",484594
2010,"Non-PNA Member","Taiwan","Total_EEZ_Catch",513154
2011,"Non-PNA Member","Taiwan","Total_EEZ_Catch",458194
2012,"Non-PNA Member","Taiwan","Total_EEZ_Catch",494470
2013,"Non-PNA Member","Taiwan","Total_EEZ_Catch",520894
2014,"Non-PNA Member","Taiwan","Total_EEZ_Catch",550712
2015,"Non-PNA Member","Taiwan","Total_EEZ_Catch",467514
2016,"Non-PNA Member","Taiwan","Total_EEZ_Catch",472220
2017,"Non-PNA Member","Taiwan","Total_EEZ_Catch",450728
2018,"Non-PNA Member","Taiwan","Total_EEZ_Catch",483984
2019,"Non-PNA Member","Taiwan","Total_EEZ_Catch",578882
2020,"Non-PNA Member","Taiwan","Total_EEZ_Catch",432434
2021,"Non-PNA Member","Taiwan","Total_EEZ_Catch",501206
2022,"Non-PNA Member","Taiwan","Total_EEZ_Catch",511426
2023,"Non-PNA Member","Taiwan","Total_EEZ_Catch",436282
1997,"PNA Member","Tokelau","Total_EEZ_Catch",-100
1998,"PNA Member","Tokelau","Total_EEZ_Catch",-2047
1999,"PNA Member","Tokelau","Total_EEZ_Catch",-2051
2000,"PNA Member","Tokelau","Total_EEZ_Catch",-5651
2001,"PNA Member","Tokelau","Total_EEZ_Catch",-1314
2002,"PNA Member","Tokelau","Total_EEZ_Catch",-6762
2003,"PNA Member","Tokelau","Total_EEZ_Catch",-78
2004,"PNA Member","Tokelau","Total_EEZ_Catch",-991
2005,"PNA Member","Tokelau","Total_EEZ_Catch",-4842
2006,"PNA Member","Tokelau","Total_EEZ_Catch",-1076
2007,"PNA Member","Tokelau","Total_EEZ_Catch",-886
2008,"PNA Member","Tokelau","Total_EEZ_Catch",-3928
2009,"PNA Member","Tokelau","Total_EEZ_Catch",-7244
2010,"PNA Member","Tokelau","Total_EEZ_Catch",-3985
2011,"PNA Member","Tokelau","Total_EEZ_Catch",-20253
2012,"PNA Member","Tokelau","Total_EEZ_Catch",-20777
2013,"PNA Member","Tokelau","Total_EEZ_Catch",-15494
2014,"PNA Member","Tokelau","Total_EEZ_Catch",-26811
2015,"PNA Member","Tokelau","Total_EEZ_Catch",-47262
2016,"PNA Member","Tokelau","Total_EEZ_Catch",-8423
2017,"PNA Member","Tokelau","Total_EEZ_Catch",-36152
2018,"PNA Member","Tokelau","Total_EEZ_Catch",-39498
2019,"PNA Member","Tokelau","Total_EEZ_Catch",-8930
2020,"PNA Member","Tokelau","Total_EEZ_Catch",-18360
2021,"PNA Member","Tokelau","Total_EEZ_Catch",-6850
2022,"PNA Member","Tokelau","Total_EEZ_Catch",-5417
2023,"PNA Member","Tokelau","Total_EEZ_Catch",-5459
1997,"Non-PNA Member","Tonga","Total_EEZ_Catch",663
1998,"Non-PNA Member","Tonga","Total_EEZ_Catch",841
1999,"Non-PNA Member","Tonga","Total_EEZ_Catch",1093
2000,"Non-PNA Member","Tonga","Total_EEZ_Catch",1164
2001,"Non-PNA Member","Tonga","Total_EEZ_Catch",1914
2002,"Non-PNA Member","Tonga","Total_EEZ_Catch",2093
2003,"Non-PNA Member","Tonga","Total_EEZ_Catch",1292
2004,"Non-PNA Member","Tonga","Total_EEZ_Catch",349
2005,"Non-PNA Member","Tonga","Total_EEZ_Catch",660
2006,"Non-PNA Member","Tonga","Total_EEZ_Catch",765
2007,"Non-PNA Member","Tonga","Total_EEZ_Catch",900
2008,"Non-PNA Member","Tonga","Total_EEZ_Catch",592
2009,"Non-PNA Member","Tonga","Total_EEZ_Catch",271
2010,"Non-PNA Member","Tonga","Total_EEZ_Catch",128
2011,"Non-PNA Member","Tonga","Total_EEZ_Catch",204
2012,"Non-PNA Member","Tonga","Total_EEZ_Catch",-1004
2013,"Non-PNA Member","Tonga","Total_EEZ_Catch",-2053
2014,"Non-PNA Member","Tonga","Total_EEZ_Catch",-243
2015,"Non-PNA Member","Tonga","Total_EEZ_Catch",-1021
2016,"Non-PNA Member","Tonga","Total_EEZ_Catch",-2036
2017,"Non-PNA Member","Tonga","Total_EEZ_Catch",-1408
2018,"Non-PNA Member","Tonga","Total_EEZ_Catch",-903
2019,"Non-PNA Member","Tonga","Total_EEZ_Catch",-1921
2020,"Non-PNA Member","Tonga","Total_EEZ_Catch",-1605
2021,"Non-PNA Member","Tonga","Total_EEZ_Catch",-1567
2022,"Non-PNA Member","Tonga","Total_EEZ_Catch",-1124
2023,"Non-PNA Member","Tonga","Total_EEZ_Catch",-2091
1997,"PNA Member","Tuvalu","Total_EEZ_Catch",-7288
1998,"PNA Member","Tuvalu","Total_EEZ_Catch",-44070
1999,"PNA Member","Tuvalu","Total_EEZ_Catch",-37182
2000,"PNA Member","Tuvalu","Total_EEZ_Catch",-42401
2001,"PNA Member","Tuvalu","Total_EEZ_Catch",-22375
2002,"PNA Member","Tuvalu","Total_EEZ_Catch",-29778
2003,"PNA Member","Tuvalu","Total_EEZ_Catch",-4026
2004,"PNA Member","Tuvalu","Total_EEZ_Catch",-20974
2005,"PNA Member","Tuvalu","Total_EEZ_Catch",-15269
2006,"PNA Member","Tuvalu","Total_EEZ_Catch",-16065
2007,"PNA Member","Tuvalu","Total_EEZ_Catch",-46157
2008,"PNA Member","Tuvalu","Total_EEZ_Catch",-42786
2009,"PNA Member","Tuvalu","Total_EEZ_Catch",-57656
2010,"PNA Member","Tuvalu","Total_EEZ_Catch",-46604
2011,"PNA Member","Tuvalu","Total_EEZ_Catch",-41773
2012,"PNA Member","Tuvalu","Total_EEZ_Catch",-38944
2013,"PNA Member","Tuvalu","Total_EEZ_Catch",-33225
2014,"PNA Member","Tuvalu","Total_EEZ_Catch",-86435
2015,"PNA Member","Tuvalu","Total_EEZ_Catch",-66670
2016,"PNA Member","Tuvalu","Total_EEZ_Catch",-110947
2017,"PNA Member","Tuvalu","Total_EEZ_Catch",-44744
2018,"PNA Member","Tuvalu","Total_EEZ_Catch",-66588
2019,"PNA Member","Tuvalu","Total_EEZ_Catch",-106951
2020,"PNA Member","Tuvalu","Total_EEZ_Catch",-69677
2021,"PNA Member","Tuvalu","Total_EEZ_Catch",-19078
2022,"PNA Member","Tuvalu","Total_EEZ_Catch",22071
2023,"PNA Member","Tuvalu","Total_EEZ_Catch",74397
1997,"Non-PNA Member","US","Total_EEZ_Catch",0
1998,"Non-PNA Member","US","Total_EEZ_Catch",0
1999,"Non-PNA Member","US","Total_EEZ_Catch",0
2000,"Non-PNA Member","US","Total_EEZ_Catch",0
2001,"Non-PNA Member","US","Total_EEZ_Catch",0
2002,"Non-PNA Member","US","Total_EEZ_Catch",0
2003,"Non-PNA Member","US","Total_EEZ_Catch",0
2004,"Non-PNA Member","US","Total_EEZ_Catch",0
2005,"Non-PNA Member","US","Total_EEZ_Catch",0
2006,"Non-PNA Member","US","Total_EEZ_Catch",0
2007,"Non-PNA Member","US","Total_EEZ_Catch",0
2008,"Non-PNA Member","US","Total_EEZ_Catch",0
2009,"Non-PNA Member","US","Total_EEZ_Catch",0
2010,"Non-PNA Member","US","Total_EEZ_Catch",0
2011,"Non-PNA Member","US","Total_EEZ_Catch",0
2012,"Non-PNA Member","US","Total_EEZ_Catch",0
2013,"Non-PNA Member","US","Total_EEZ_Catch",0
2014,"Non-PNA Member","US","Total_EEZ_Catch",0
2015,"Non-PNA Member","US","Total_EEZ_Catch",0
2016,"Non-PNA Member","US","Total_EEZ_Catch",0
2017,"Non-PNA Member","US","Total_EEZ_Catch",0
2018,"Non-PNA Member","US","Total_EEZ_Catch",0
2019,"Non-PNA Member","US","Total_EEZ_Catch",0
2020,"Non-PNA Member","US","Total_EEZ_Catch",0
2021,"Non-PNA Member","US","Total_EEZ_Catch",0
2022,"Non-PNA Member","US","Total_EEZ_Catch",0
2023,"Non-PNA Member","US","Total_EEZ_Catch",0
1997,"Non-PNA Member","US (includes territories, ex Am Samoa)","Total_EEZ_Catch",42400
1998,"Non-PNA Member","US (includes territories, ex Am Samoa)","Total_EEZ_Catch",26453
1999,"Non-PNA Member","US (includes territories, ex Am Samoa)","Total_EEZ_Catch",16426
2000,"Non-PNA Member","US (includes territories, ex Am Samoa)","Total_EEZ_Catch",6796
2001,"Non-PNA Member","US (includes territories, ex Am Samoa)","Total_EEZ_Catch",10863
2002,"Non-PNA Member","US (includes territories, ex Am Samoa)","Total_EEZ_Catch",12818
2003,"Non-PNA Member","US (includes territories, ex Am Samoa)","Total_EEZ_Catch",8356
2004,"Non-PNA Member","US (includes territories, ex Am Samoa)","Total_EEZ_Catch",9120
2005,"Non-PNA Member","US (includes territories, ex Am Samoa)","Total_EEZ_Catch",7708
2006,"Non-PNA Member","US (includes territories, ex Am Samoa)","Total_EEZ_Catch",11247
2007,"Non-PNA Member","US (includes territories, ex Am Samoa)","Total_EEZ_Catch",5986
2008,"Non-PNA Member","US (includes territories, ex Am Samoa)","Total_EEZ_Catch",4419
2009,"Non-PNA Member","US (includes territories, ex Am Samoa)","Total_EEZ_Catch",5834
2010,"Non-PNA Member","US (includes territories, ex Am Samoa)","Total_EEZ_Catch",3226
2011,"Non-PNA Member","US (includes territories, ex Am Samoa)","Total_EEZ_Catch",3756
2012,"Non-PNA Member","US (includes territories, ex Am Samoa)","Total_EEZ_Catch",7989
2013,"Non-PNA Member","US (includes territories, ex Am Samoa)","Total_EEZ_Catch",8422
2014,"Non-PNA Member","US (includes territories, ex Am Samoa)","Total_EEZ_Catch",8918
2015,"Non-PNA Member","US (includes territories, ex Am Samoa)","Total_EEZ_Catch",7967
2016,"Non-PNA Member","US (includes territories, ex Am Samoa)","Total_EEZ_Catch",9022
2017,"Non-PNA Member","US (includes territories, ex Am Samoa)","Total_EEZ_Catch",10605
2018,"Non-PNA Member","US (includes territories, ex Am Samoa)","Total_EEZ_Catch",7828
2019,"Non-PNA Member","US (includes territories, ex Am Samoa)","Total_EEZ_Catch",8394
2020,"Non-PNA Member","US (includes territories, ex Am Samoa)","Total_EEZ_Catch",11502
2021,"Non-PNA Member","US (includes territories, ex Am Samoa)","Total_EEZ_Catch",11581
2022,"Non-PNA Member","US (includes territories, ex Am Samoa)","Total_EEZ_Catch",12140
2023,"Non-PNA Member","US (includes territories, ex Am Samoa)","Total_EEZ_Catch",6908
1997,"Non-PNA Member","US (includes territories, incl Am Samoa)","Total_EEZ_Catch",42850
1998,"Non-PNA Member","US (includes territories, incl Am Samoa)","Total_EEZ_Catch",26915
1999,"Non-PNA Member","US (includes territories, incl Am Samoa)","Total_EEZ_Catch",16965
2000,"Non-PNA Member","US (includes territories, incl Am Samoa)","Total_EEZ_Catch",7875
2001,"Non-PNA Member","US (includes territories, incl Am Samoa)","Total_EEZ_Catch",14822
2002,"Non-PNA Member","US (includes territories, incl Am Samoa)","Total_EEZ_Catch",19244
2003,"Non-PNA Member","US (includes territories, incl Am Samoa)","Total_EEZ_Catch",12343
2004,"Non-PNA Member","US (includes territories, incl Am Samoa)","Total_EEZ_Catch",12255
2005,"Non-PNA Member","US (includes territories, incl Am Samoa)","Total_EEZ_Catch",11564
2006,"Non-PNA Member","US (includes territories, incl Am Samoa)","Total_EEZ_Catch",15735
2007,"Non-PNA Member","US (includes territories, incl Am Samoa)","Total_EEZ_Catch",11577
2008,"Non-PNA Member","US (includes territories, incl Am Samoa)","Total_EEZ_Catch",8055
2009,"Non-PNA Member","US (includes territories, incl Am Samoa)","Total_EEZ_Catch",10017
2010,"Non-PNA Member","US (includes territories, incl Am Samoa)","Total_EEZ_Catch",6886
2011,"Non-PNA Member","US (includes territories, incl Am Samoa)","Total_EEZ_Catch",7254
2012,"Non-PNA Member","US (includes territories, incl Am Samoa)","Total_EEZ_Catch",13391
2013,"Non-PNA Member","US (includes territories, incl Am Samoa)","Total_EEZ_Catch",11399
2014,"Non-PNA Member","US (includes territories, incl Am Samoa)","Total_EEZ_Catch",13736
2015,"Non-PNA Member","US (includes territories, incl Am Samoa)","Total_EEZ_Catch",8820
2016,"Non-PNA Member","US (includes territories, incl Am Samoa)","Total_EEZ_Catch",11661
2017,"Non-PNA Member","US (includes territories, incl Am Samoa)","Total_EEZ_Catch",13336
2018,"Non-PNA Member","US (includes territories, incl Am Samoa)","Total_EEZ_Catch",10473
2019,"Non-PNA Member","US (includes territories, incl Am Samoa)","Total_EEZ_Catch",9684
2020,"Non-PNA Member","US (includes territories, incl Am Samoa)","Total_EEZ_Catch",13151
2021,"Non-PNA Member","US (includes territories, incl Am Samoa)","Total_EEZ_Catch",12982
2022,"Non-PNA Member","US (includes territories, incl Am Samoa)","Total_EEZ_Catch",14048
2023,"Non-PNA Member","US (includes territories, incl Am Samoa)","Total_EEZ_Catch",8096
1997,"Non-PNA Member","Vanuatu","Total_EEZ_Catch",51588
1998,"Non-PNA Member","Vanuatu","Total_EEZ_Catch",78148
1999,"Non-PNA Member","Vanuatu","Total_EEZ_Catch",91378
2000,"Non-PNA Member","Vanuatu","Total_EEZ_Catch",72245
2001,"Non-PNA Member","Vanuatu","Total_EEZ_Catch",21845
2002,"Non-PNA Member","Vanuatu","Total_EEZ_Catch",52708
2003,"Non-PNA Member","Vanuatu","Total_EEZ_Catch",52730
2004,"Non-PNA Member","Vanuatu","Total_EEZ_Catch",128207
2005,"Non-PNA Member","Vanuatu","Total_EEZ_Catch",169282
2006,"Non-PNA Member","Vanuatu","Total_EEZ_Catch",142347
2007,"Non-PNA Member","Vanuatu","Total_EEZ_Catch",158838
2008,"Non-PNA Member","Vanuatu","Total_EEZ_Catch",88517
2009,"Non-PNA Member","Vanuatu","Total_EEZ_Catch",99004
2010,"Non-PNA Member","Vanuatu","Total_EEZ_Catch",73236
2011,"Non-PNA Member","Vanuatu","Total_EEZ_Catch",61541
2012,"Non-PNA Member","Vanuatu","Total_EEZ_Catch",75000
2013,"Non-PNA Member","Vanuatu","Total_EEZ_Catch",73962
2014,"Non-PNA Member","Vanuatu","Total_EEZ_Catch",56764
2015,"Non-PNA Member","Vanuatu","Total_EEZ_Catch",47865
2016,"Non-PNA Member","Vanuatu","Total_EEZ_Catch",21763
2017,"Non-PNA Member","Vanuatu","Total_EEZ_Catch",27076
2018,"Non-PNA Member","Vanuatu","Total_EEZ_Catch",41534
2019,"Non-PNA Member","Vanuatu","Total_EEZ_Catch",82064
2020,"Non-PNA Member","Vanuatu","Total_EEZ_Catch",103674
2021,"Non-PNA Member","Vanuatu","Total_EEZ_Catch",109102
2022,"Non-PNA Member","Vanuatu","Total_EEZ_Catch",143668
2023,"Non-PNA Member","Vanuatu","Total_EEZ_Catch",115981
1997,"Non-PNA Member","Vietnam","Total_EEZ_Catch",0
1998,"Non-PNA Member","Vietnam","Total_EEZ_Catch",0
1999,"Non-PNA Member","Vietnam","Total_EEZ_Catch",0
2000,"Non-PNA Member","Vietnam","Total_EEZ_Catch",67264
2001,"Non-PNA Member","Vietnam","Total_EEZ_Catch",70800
2002,"Non-PNA Member","Vietnam","Total_EEZ_Catch",75366
2003,"Non-PNA Member","Vietnam","Total_EEZ_Catch",74916
2004,"Non-PNA Member","Vietnam","Total_EEZ_Catch",101042
2005,"Non-PNA Member","Vietnam","Total_EEZ_Catch",104818
2006,"Non-PNA Member","Vietnam","Total_EEZ_Catch",105146
2007,"Non-PNA Member","Vietnam","Total_EEZ_Catch",108420
2008,"Non-PNA Member","Vietnam","Total_EEZ_Catch",99806
2009,"Non-PNA Member","Vietnam","Total_EEZ_Catch",88482
2010,"Non-PNA Member","Vietnam","Total_EEZ_Catch",83330
2011,"Non-PNA Member","Vietnam","Total_EEZ_Catch",99168
2012,"Non-PNA Member","Vietnam","Total_EEZ_Catch",131112
2013,"Non-PNA Member","Vietnam","Total_EEZ_Catch",157262
2014,"Non-PNA Member","Vietnam","Total_EEZ_Catch",161684
2015,"Non-PNA Member","Vietnam","Total_EEZ_Catch",178126
2016,"Non-PNA Member","Vietnam","Total_EEZ_Catch",246152
2017,"Non-PNA Member","Vietnam","Total_EEZ_Catch",225252
2018,"Non-PNA Member","Vietnam","Total_EEZ_Catch",241070
2019,"Non-PNA Member","Vietnam","Total_EEZ_Catch",218630
2020,"Non-PNA Member","Vietnam","Total_EEZ_Catch",191080
2021,"Non-PNA Member","Vietnam","Total_EEZ_Catch",179178
2022,"Non-PNA Member","Vietnam","Total_EEZ_Catch",199628
2023,"Non-PNA Member","Vietnam","Total_EEZ_Catch",194290
1997,"Non-PNA Member","Wallis and Futuna","Total_EEZ_Catch",0
1998,"Non-PNA Member","Wallis and Futuna","Total_EEZ_Catch",0
1999,"Non-PNA Member","Wallis and Futuna","Total_EEZ_Catch",0
2000,"Non-PNA Member","Wallis and Futuna","Total_EEZ_Catch",0
2001,"Non-PNA Member","Wallis and Futuna","Total_EEZ_Catch",0
2002,"Non-PNA Member","Wallis and Futuna","Total_EEZ_Catch",0
2003,"Non-PNA Member","Wallis and Futuna","Total_EEZ_Catch",0
2004,"Non-PNA Member","Wallis and Futuna","Total_EEZ_Catch",0
2005,"Non-PNA Member","Wallis and Futuna","Total_EEZ_Catch",0
2006,"Non-PNA Member","Wallis and Futuna","Total_EEZ_Catch",0
2007,"Non-PNA Member","Wallis and Futuna","Total_EEZ_Catch",0
2008,"Non-PNA Member","Wallis and Futuna","Total_EEZ_Catch",0
2009,"Non-PNA Member","Wallis and Futuna","Total_EEZ_Catch",0
2010,"Non-PNA Member","Wallis and Futuna","Total_EEZ_Catch",0
2011,"Non-PNA Member","Wallis and Futuna","Total_EEZ_Catch",26
2012,"Non-PNA Member","Wallis and Futuna","Total_EEZ_Catch",0
2013,"Non-PNA Member","Wallis and Futuna","Total_EEZ_Catch",18
2014,"Non-PNA Member","Wallis and Futuna","Total_EEZ_Catch",14
2015,"Non-PNA Member","Wallis and Futuna","Total_EEZ_Catch",12
2016,"Non-PNA Member","Wallis and Futuna","Total_EEZ_Catch",14
2017,"Non-PNA Member","Wallis and Futuna","Total_EEZ_Catch",10
2018,"Non-PNA Member","Wallis and Futuna","Total_EEZ_Catch",22
2019,"Non-PNA Member","Wallis and Futuna","Total_EEZ_Catch",38
2020,"Non-PNA Member","Wallis and Futuna","Total_EEZ_Catch",26
2021,"Non-PNA Member","Wallis and Futuna","Total_EEZ_Catch",26
2022,"Non-PNA Member","Wallis and Futuna","Total_EEZ_Catch",8
2023,"Non-PNA Member","Wallis and Futuna","Total_EEZ_Catch",8
1997,"Non-PNA Member","American Samoa","Total_Catch_from_Somewhere_Else",0
1998,"Non-PNA Member","American Samoa","Total_Catch_from_Somewhere_Else",0
1999,"Non-PNA Member","American Samoa","Total_Catch_from_Somewhere_Else",0
2000,"Non-PNA Member","American Samoa","Total_Catch_from_Somewhere_Else",0
2001,"Non-PNA Member","American Samoa","Total_Catch_from_Somewhere_Else",0
2002,"Non-PNA Member","American Samoa","Total_Catch_from_Somewhere_Else",0
2003,"Non-PNA Member","American Samoa","Total_Catch_from_Somewhere_Else",0
2004,"Non-PNA Member","American Samoa","Total_Catch_from_Somewhere_Else",0
2005,"Non-PNA Member","American Samoa","Total_Catch_from_Somewhere_Else",0
2006,"Non-PNA Member","American Samoa","Total_Catch_from_Somewhere_Else",0
2007,"Non-PNA Member","American Samoa","Total_Catch_from_Somewhere_Else",0
2008,"Non-PNA Member","American Samoa","Total_Catch_from_Somewhere_Else",0
2009,"Non-PNA Member","American Samoa","Total_Catch_from_Somewhere_Else",0
2010,"Non-PNA Member","American Samoa","Total_Catch_from_Somewhere_Else",0
2011,"Non-PNA Member","American Samoa","Total_Catch_from_Somewhere_Else",0
2012,"Non-PNA Member","American Samoa","Total_Catch_from_Somewhere_Else",0
2013,"Non-PNA Member","American Samoa","Total_Catch_from_Somewhere_Else",0
2014,"Non-PNA Member","American Samoa","Total_Catch_from_Somewhere_Else",0
2015,"Non-PNA Member","American Samoa","Total_Catch_from_Somewhere_Else",0
2016,"Non-PNA Member","American Samoa","Total_Catch_from_Somewhere_Else",0
2017,"Non-PNA Member","American Samoa","Total_Catch_from_Somewhere_Else",0
2018,"Non-PNA Member","American Samoa","Total_Catch_from_Somewhere_Else",0
2019,"Non-PNA Member","American Samoa","Total_Catch_from_Somewhere_Else",0
2020,"Non-PNA Member","American Samoa","Total_Catch_from_Somewhere_Else",0
2021,"Non-PNA Member","American Samoa","Total_Catch_from_Somewhere_Else",0
2022,"Non-PNA Member","American Samoa","Total_Catch_from_Somewhere_Else",0
2023,"Non-PNA Member","American Samoa","Total_Catch_from_Somewhere_Else",0
1997,"Non-PNA Member","Australia","Total_Catch_from_Somewhere_Else",0
1998,"Non-PNA Member","Australia","Total_Catch_from_Somewhere_Else",0
1999,"Non-PNA Member","Australia","Total_Catch_from_Somewhere_Else",0
2000,"Non-PNA Member","Australia","Total_Catch_from_Somewhere_Else",0
2001,"Non-PNA Member","Australia","Total_Catch_from_Somewhere_Else",0
2002,"Non-PNA Member","Australia","Total_Catch_from_Somewhere_Else",0
2003,"Non-PNA Member","Australia","Total_Catch_from_Somewhere_Else",0
2004,"Non-PNA Member","Australia","Total_Catch_from_Somewhere_Else",0
2005,"Non-PNA Member","Australia","Total_Catch_from_Somewhere_Else",0
2006,"Non-PNA Member","Australia","Total_Catch_from_Somewhere_Else",0
2007,"Non-PNA Member","Australia","Total_Catch_from_Somewhere_Else",0
2008,"Non-PNA Member","Australia","Total_Catch_from_Somewhere_Else",0
2009,"Non-PNA Member","Australia","Total_Catch_from_Somewhere_Else",0
2010,"Non-PNA Member","Australia","Total_Catch_from_Somewhere_Else",0
2011,"Non-PNA Member","Australia","Total_Catch_from_Somewhere_Else",0
2012,"Non-PNA Member","Australia","Total_Catch_from_Somewhere_Else",0
2013,"Non-PNA Member","Australia","Total_Catch_from_Somewhere_Else",0
2014,"Non-PNA Member","Australia","Total_Catch_from_Somewhere_Else",0
2015,"Non-PNA Member","Australia","Total_Catch_from_Somewhere_Else",0
2016,"Non-PNA Member","Australia","Total_Catch_from_Somewhere_Else",0
2017,"Non-PNA Member","Australia","Total_Catch_from_Somewhere_Else",0
2018,"Non-PNA Member","Australia","Total_Catch_from_Somewhere_Else",0
2019,"Non-PNA Member","Australia","Total_Catch_from_Somewhere_Else",0
2020,"Non-PNA Member","Australia","Total_Catch_from_Somewhere_Else",0
2021,"Non-PNA Member","Australia","Total_Catch_from_Somewhere_Else",0
2022,"Non-PNA Member","Australia","Total_Catch_from_Somewhere_Else",0
2023,"Non-PNA Member","Australia","Total_Catch_from_Somewhere_Else",0
1997,"Non-PNA Member","Australia (includes Norfolk Island)","Total_Catch_from_Somewhere_Else",0
1998,"Non-PNA Member","Australia (includes Norfolk Island)","Total_Catch_from_Somewhere_Else",0
1999,"Non-PNA Member","Australia (includes Norfolk Island)","Total_Catch_from_Somewhere_Else",0
2000,"Non-PNA Member","Australia (includes Norfolk Island)","Total_Catch_from_Somewhere_Else",0
2001,"Non-PNA Member","Australia (includes Norfolk Island)","Total_Catch_from_Somewhere_Else",0
2002,"Non-PNA Member","Australia (includes Norfolk Island)","Total_Catch_from_Somewhere_Else",0
2003,"Non-PNA Member","Australia (includes Norfolk Island)","Total_Catch_from_Somewhere_Else",0
2004,"Non-PNA Member","Australia (includes Norfolk Island)","Total_Catch_from_Somewhere_Else",0
2005,"Non-PNA Member","Australia (includes Norfolk Island)","Total_Catch_from_Somewhere_Else",0
2006,"Non-PNA Member","Australia (includes Norfolk Island)","Total_Catch_from_Somewhere_Else",0
2007,"Non-PNA Member","Australia (includes Norfolk Island)","Total_Catch_from_Somewhere_Else",0
2008,"Non-PNA Member","Australia (includes Norfolk Island)","Total_Catch_from_Somewhere_Else",0
2009,"Non-PNA Member","Australia (includes Norfolk Island)","Total_Catch_from_Somewhere_Else",0
2010,"Non-PNA Member","Australia (includes Norfolk Island)","Total_Catch_from_Somewhere_Else",0
2011,"Non-PNA Member","Australia (includes Norfolk Island)","Total_Catch_from_Somewhere_Else",0
2012,"Non-PNA Member","Australia (includes Norfolk Island)","Total_Catch_from_Somewhere_Else",0
2013,"Non-PNA Member","Australia (includes Norfolk Island)","Total_Catch_from_Somewhere_Else",0
2014,"Non-PNA Member","Australia (includes Norfolk Island)","Total_Catch_from_Somewhere_Else",0
2015,"Non-PNA Member","Australia (includes Norfolk Island)","Total_Catch_from_Somewhere_Else",0
2016,"Non-PNA Member","Australia (includes Norfolk Island)","Total_Catch_from_Somewhere_Else",0
2017,"Non-PNA Member","Australia (includes Norfolk Island)","Total_Catch_from_Somewhere_Else",0
2018,"Non-PNA Member","Australia (includes Norfolk Island)","Total_Catch_from_Somewhere_Else",0
2019,"Non-PNA Member","Australia (includes Norfolk Island)","Total_Catch_from_Somewhere_Else",0
2020,"Non-PNA Member","Australia (includes Norfolk Island)","Total_Catch_from_Somewhere_Else",0
2021,"Non-PNA Member","Australia (includes Norfolk Island)","Total_Catch_from_Somewhere_Else",0
2022,"Non-PNA Member","Australia (includes Norfolk Island)","Total_Catch_from_Somewhere_Else",0
2023,"Non-PNA Member","Australia (includes Norfolk Island)","Total_Catch_from_Somewhere_Else",0
1997,"Non-PNA Member","Belize","Total_Catch_from_Somewhere_Else",0
1998,"Non-PNA Member","Belize","Total_Catch_from_Somewhere_Else",0
1999,"Non-PNA Member","Belize","Total_Catch_from_Somewhere_Else",0
2000,"Non-PNA Member","Belize","Total_Catch_from_Somewhere_Else",0
2001,"Non-PNA Member","Belize","Total_Catch_from_Somewhere_Else",0
2002,"Non-PNA Member","Belize","Total_Catch_from_Somewhere_Else",0
2003,"Non-PNA Member","Belize","Total_Catch_from_Somewhere_Else",0
2004,"Non-PNA Member","Belize","Total_Catch_from_Somewhere_Else",0
2005,"Non-PNA Member","Belize","Total_Catch_from_Somewhere_Else",0
2006,"Non-PNA Member","Belize","Total_Catch_from_Somewhere_Else",0
2007,"Non-PNA Member","Belize","Total_Catch_from_Somewhere_Else",0
2008,"Non-PNA Member","Belize","Total_Catch_from_Somewhere_Else",0
2009,"Non-PNA Member","Belize","Total_Catch_from_Somewhere_Else",0
2010,"Non-PNA Member","Belize","Total_Catch_from_Somewhere_Else",0
2011,"Non-PNA Member","Belize","Total_Catch_from_Somewhere_Else",0
2012,"Non-PNA Member","Belize","Total_Catch_from_Somewhere_Else",0
2013,"Non-PNA Member","Belize","Total_Catch_from_Somewhere_Else",0
2014,"Non-PNA Member","Belize","Total_Catch_from_Somewhere_Else",0
2015,"Non-PNA Member","Belize","Total_Catch_from_Somewhere_Else",0
2016,"Non-PNA Member","Belize","Total_Catch_from_Somewhere_Else",0
2017,"Non-PNA Member","Belize","Total_Catch_from_Somewhere_Else",0
2018,"Non-PNA Member","Belize","Total_Catch_from_Somewhere_Else",0
2019,"Non-PNA Member","Belize","Total_Catch_from_Somewhere_Else",0
2020,"Non-PNA Member","Belize","Total_Catch_from_Somewhere_Else",0
2021,"Non-PNA Member","Belize","Total_Catch_from_Somewhere_Else",0
2022,"Non-PNA Member","Belize","Total_Catch_from_Somewhere_Else",0
2023,"Non-PNA Member","Belize","Total_Catch_from_Somewhere_Else",0
1997,"Non-PNA Member","Canada","Total_Catch_from_Somewhere_Else",0
1998,"Non-PNA Member","Canada","Total_Catch_from_Somewhere_Else",0
1999,"Non-PNA Member","Canada","Total_Catch_from_Somewhere_Else",0
2000,"Non-PNA Member","Canada","Total_Catch_from_Somewhere_Else",0
2001,"Non-PNA Member","Canada","Total_Catch_from_Somewhere_Else",0
2002,"Non-PNA Member","Canada","Total_Catch_from_Somewhere_Else",0
2003,"Non-PNA Member","Canada","Total_Catch_from_Somewhere_Else",0
2004,"Non-PNA Member","Canada","Total_Catch_from_Somewhere_Else",0
2005,"Non-PNA Member","Canada","Total_Catch_from_Somewhere_Else",0
2006,"Non-PNA Member","Canada","Total_Catch_from_Somewhere_Else",0
2007,"Non-PNA Member","Canada","Total_Catch_from_Somewhere_Else",0
2008,"Non-PNA Member","Canada","Total_Catch_from_Somewhere_Else",0
2009,"Non-PNA Member","Canada","Total_Catch_from_Somewhere_Else",0
2010,"Non-PNA Member","Canada","Total_Catch_from_Somewhere_Else",0
2011,"Non-PNA Member","Canada","Total_Catch_from_Somewhere_Else",0
2012,"Non-PNA Member","Canada","Total_Catch_from_Somewhere_Else",0
2013,"Non-PNA Member","Canada","Total_Catch_from_Somewhere_Else",0
2014,"Non-PNA Member","Canada","Total_Catch_from_Somewhere_Else",0
2015,"Non-PNA Member","Canada","Total_Catch_from_Somewhere_Else",0
2016,"Non-PNA Member","Canada","Total_Catch_from_Somewhere_Else",0
2017,"Non-PNA Member","Canada","Total_Catch_from_Somewhere_Else",0
2018,"Non-PNA Member","Canada","Total_Catch_from_Somewhere_Else",0
2019,"Non-PNA Member","Canada","Total_Catch_from_Somewhere_Else",0
2020,"Non-PNA Member","Canada","Total_Catch_from_Somewhere_Else",0
2021,"Non-PNA Member","Canada","Total_Catch_from_Somewhere_Else",0
2022,"Non-PNA Member","Canada","Total_Catch_from_Somewhere_Else",0
2023,"Non-PNA Member","Canada","Total_Catch_from_Somewhere_Else",0
1997,"Non-PNA Member","China","Total_Catch_from_Somewhere_Else",3648
1998,"Non-PNA Member","China","Total_Catch_from_Somewhere_Else",3808
1999,"Non-PNA Member","China","Total_Catch_from_Somewhere_Else",7516
2000,"Non-PNA Member","China","Total_Catch_from_Somewhere_Else",6234
2001,"Non-PNA Member","China","Total_Catch_from_Somewhere_Else",9937
2002,"Non-PNA Member","China","Total_Catch_from_Somewhere_Else",15625
2003,"Non-PNA Member","China","Total_Catch_from_Somewhere_Else",42208
2004,"Non-PNA Member","China","Total_Catch_from_Somewhere_Else",42584
2005,"Non-PNA Member","China","Total_Catch_from_Somewhere_Else",62724
2006,"Non-PNA Member","China","Total_Catch_from_Somewhere_Else",77387
2007,"Non-PNA Member","China","Total_Catch_from_Somewhere_Else",73707
2008,"Non-PNA Member","China","Total_Catch_from_Somewhere_Else",86483
2009,"Non-PNA Member","China","Total_Catch_from_Somewhere_Else",119725
2010,"Non-PNA Member","China","Total_Catch_from_Somewhere_Else",83258
2011,"Non-PNA Member","China","Total_Catch_from_Somewhere_Else",105455
2012,"Non-PNA Member","China","Total_Catch_from_Somewhere_Else",91567
2013,"Non-PNA Member","China","Total_Catch_from_Somewhere_Else",121528
2014,"Non-PNA Member","China","Total_Catch_from_Somewhere_Else",105857
2015,"Non-PNA Member","China","Total_Catch_from_Somewhere_Else",73004
2016,"Non-PNA Member","China","Total_Catch_from_Somewhere_Else",43559
2017,"Non-PNA Member","China","Total_Catch_from_Somewhere_Else",60599
2018,"Non-PNA Member","China","Total_Catch_from_Somewhere_Else",54213
2019,"Non-PNA Member","China","Total_Catch_from_Somewhere_Else",42196
2020,"Non-PNA Member","China","Total_Catch_from_Somewhere_Else",38577
2021,"Non-PNA Member","China","Total_Catch_from_Somewhere_Else",31261
2022,"Non-PNA Member","China","Total_Catch_from_Somewhere_Else",50908
2023,"Non-PNA Member","China","Total_Catch_from_Somewhere_Else",61636
1997,"Non-PNA Member","Cook Islands","Total_Catch_from_Somewhere_Else",-236
1998,"Non-PNA Member","Cook Islands","Total_Catch_from_Somewhere_Else",-722
1999,"Non-PNA Member","Cook Islands","Total_Catch_from_Somewhere_Else",-227
2000,"Non-PNA Member","Cook Islands","Total_Catch_from_Somewhere_Else",17
2001,"Non-PNA Member","Cook Islands","Total_Catch_from_Somewhere_Else",-1289
2002,"Non-PNA Member","Cook Islands","Total_Catch_from_Somewhere_Else",-4423
2003,"Non-PNA Member","Cook Islands","Total_Catch_from_Somewhere_Else",93
2004,"Non-PNA Member","Cook Islands","Total_Catch_from_Somewhere_Else",-79
2005,"Non-PNA Member","Cook Islands","Total_Catch_from_Somewhere_Else",196
2006,"Non-PNA Member","Cook Islands","Total_Catch_from_Somewhere_Else",407
2007,"Non-PNA Member","Cook Islands","Total_Catch_from_Somewhere_Else",-242
2008,"Non-PNA Member","Cook Islands","Total_Catch_from_Somewhere_Else",-1040
2009,"Non-PNA Member","Cook Islands","Total_Catch_from_Somewhere_Else",-4430
2010,"Non-PNA Member","Cook Islands","Total_Catch_from_Somewhere_Else",-3561
2011,"Non-PNA Member","Cook Islands","Total_Catch_from_Somewhere_Else",-7528
2012,"Non-PNA Member","Cook Islands","Total_Catch_from_Somewhere_Else",-25376
2013,"Non-PNA Member","Cook Islands","Total_Catch_from_Somewhere_Else",-14700
2014,"Non-PNA Member","Cook Islands","Total_Catch_from_Somewhere_Else",-18280
2015,"Non-PNA Member","Cook Islands","Total_Catch_from_Somewhere_Else",-22815
2016,"Non-PNA Member","Cook Islands","Total_Catch_from_Somewhere_Else",-11967
2017,"Non-PNA Member","Cook Islands","Total_Catch_from_Somewhere_Else",-20424
2018,"Non-PNA Member","Cook Islands","Total_Catch_from_Somewhere_Else",-36082
2019,"Non-PNA Member","Cook Islands","Total_Catch_from_Somewhere_Else",-33562
2020,"Non-PNA Member","Cook Islands","Total_Catch_from_Somewhere_Else",-14731
2021,"Non-PNA Member","Cook Islands","Total_Catch_from_Somewhere_Else",-1378
2022,"Non-PNA Member","Cook Islands","Total_Catch_from_Somewhere_Else",-6401
2023,"Non-PNA Member","Cook Islands","Total_Catch_from_Somewhere_Else",-14363
1997,"Non-PNA Member","Eastern Pacific fleet","Total_Catch_from_Somewhere_Else",0
1998,"Non-PNA Member","Eastern Pacific fleet","Total_Catch_from_Somewhere_Else",0
1999,"Non-PNA Member","Eastern Pacific fleet","Total_Catch_from_Somewhere_Else",0
2000,"Non-PNA Member","Eastern Pacific fleet","Total_Catch_from_Somewhere_Else",0
2001,"Non-PNA Member","Eastern Pacific fleet","Total_Catch_from_Somewhere_Else",0
2002,"Non-PNA Member","Eastern Pacific fleet","Total_Catch_from_Somewhere_Else",0
2003,"Non-PNA Member","Eastern Pacific fleet","Total_Catch_from_Somewhere_Else",0
2004,"Non-PNA Member","Eastern Pacific fleet","Total_Catch_from_Somewhere_Else",0
2005,"Non-PNA Member","Eastern Pacific fleet","Total_Catch_from_Somewhere_Else",0
2006,"Non-PNA Member","Eastern Pacific fleet","Total_Catch_from_Somewhere_Else",0
2007,"Non-PNA Member","Eastern Pacific fleet","Total_Catch_from_Somewhere_Else",0
2008,"Non-PNA Member","Eastern Pacific fleet","Total_Catch_from_Somewhere_Else",0
2009,"Non-PNA Member","Eastern Pacific fleet","Total_Catch_from_Somewhere_Else",0
2010,"Non-PNA Member","Eastern Pacific fleet","Total_Catch_from_Somewhere_Else",0
2011,"Non-PNA Member","Eastern Pacific fleet","Total_Catch_from_Somewhere_Else",0
2012,"Non-PNA Member","Eastern Pacific fleet","Total_Catch_from_Somewhere_Else",0
2013,"Non-PNA Member","Eastern Pacific fleet","Total_Catch_from_Somewhere_Else",0
2014,"Non-PNA Member","Eastern Pacific fleet","Total_Catch_from_Somewhere_Else",0
2015,"Non-PNA Member","Eastern Pacific fleet","Total_Catch_from_Somewhere_Else",0
2016,"Non-PNA Member","Eastern Pacific fleet","Total_Catch_from_Somewhere_Else",0
2017,"Non-PNA Member","Eastern Pacific fleet","Total_Catch_from_Somewhere_Else",0
2018,"Non-PNA Member","Eastern Pacific fleet","Total_Catch_from_Somewhere_Else",0
2019,"Non-PNA Member","Eastern Pacific fleet","Total_Catch_from_Somewhere_Else",0
2020,"Non-PNA Member","Eastern Pacific fleet","Total_Catch_from_Somewhere_Else",0
2021,"Non-PNA Member","Eastern Pacific fleet","Total_Catch_from_Somewhere_Else",0
2022,"Non-PNA Member","Eastern Pacific fleet","Total_Catch_from_Somewhere_Else",0
2023,"Non-PNA Member","Eastern Pacific fleet","Total_Catch_from_Somewhere_Else",0
1997,"Non-PNA Member","Ecuador","Total_Catch_from_Somewhere_Else",0
1998,"Non-PNA Member","Ecuador","Total_Catch_from_Somewhere_Else",0
1999,"Non-PNA Member","Ecuador","Total_Catch_from_Somewhere_Else",0
2000,"Non-PNA Member","Ecuador","Total_Catch_from_Somewhere_Else",0
2001,"Non-PNA Member","Ecuador","Total_Catch_from_Somewhere_Else",0
2002,"Non-PNA Member","Ecuador","Total_Catch_from_Somewhere_Else",0
2003,"Non-PNA Member","Ecuador","Total_Catch_from_Somewhere_Else",0
2004,"Non-PNA Member","Ecuador","Total_Catch_from_Somewhere_Else",0
2005,"Non-PNA Member","Ecuador","Total_Catch_from_Somewhere_Else",0
2006,"Non-PNA Member","Ecuador","Total_Catch_from_Somewhere_Else",0
2007,"Non-PNA Member","Ecuador","Total_Catch_from_Somewhere_Else",0
2008,"Non-PNA Member","Ecuador","Total_Catch_from_Somewhere_Else",0
2009,"Non-PNA Member","Ecuador","Total_Catch_from_Somewhere_Else",0
2010,"Non-PNA Member","Ecuador","Total_Catch_from_Somewhere_Else",0
2011,"Non-PNA Member","Ecuador","Total_Catch_from_Somewhere_Else",0
2012,"Non-PNA Member","Ecuador","Total_Catch_from_Somewhere_Else",0
2013,"Non-PNA Member","Ecuador","Total_Catch_from_Somewhere_Else",0
2014,"Non-PNA Member","Ecuador","Total_Catch_from_Somewhere_Else",0
2015,"Non-PNA Member","Ecuador","Total_Catch_from_Somewhere_Else",0
2016,"Non-PNA Member","Ecuador","Total_Catch_from_Somewhere_Else",0
2017,"Non-PNA Member","Ecuador","Total_Catch_from_Somewhere_Else",0
2018,"Non-PNA Member","Ecuador","Total_Catch_from_Somewhere_Else",0
2019,"Non-PNA Member","Ecuador","Total_Catch_from_Somewhere_Else",0
2020,"Non-PNA Member","Ecuador","Total_Catch_from_Somewhere_Else",0
2021,"Non-PNA Member","Ecuador","Total_Catch_from_Somewhere_Else",0
2022,"Non-PNA Member","Ecuador","Total_Catch_from_Somewhere_Else",0
2023,"Non-PNA Member","Ecuador","Total_Catch_from_Somewhere_Else",0
1997,"Non-PNA Member","El Salvador","Total_Catch_from_Somewhere_Else",0
1998,"Non-PNA Member","El Salvador","Total_Catch_from_Somewhere_Else",0
1999,"Non-PNA Member","El Salvador","Total_Catch_from_Somewhere_Else",0
2000,"Non-PNA Member","El Salvador","Total_Catch_from_Somewhere_Else",0
2001,"Non-PNA Member","El Salvador","Total_Catch_from_Somewhere_Else",0
2002,"Non-PNA Member","El Salvador","Total_Catch_from_Somewhere_Else",0
2003,"Non-PNA Member","El Salvador","Total_Catch_from_Somewhere_Else",0
2004,"Non-PNA Member","El Salvador","Total_Catch_from_Somewhere_Else",0
2005,"Non-PNA Member","El Salvador","Total_Catch_from_Somewhere_Else",0
2006,"Non-PNA Member","El Salvador","Total_Catch_from_Somewhere_Else",0
2007,"Non-PNA Member","El Salvador","Total_Catch_from_Somewhere_Else",0
2008,"Non-PNA Member","El Salvador","Total_Catch_from_Somewhere_Else",0
2009,"Non-PNA Member","El Salvador","Total_Catch_from_Somewhere_Else",0
2010,"Non-PNA Member","El Salvador","Total_Catch_from_Somewhere_Else",0
2011,"Non-PNA Member","El Salvador","Total_Catch_from_Somewhere_Else",0
2012,"Non-PNA Member","El Salvador","Total_Catch_from_Somewhere_Else",0
2013,"Non-PNA Member","El Salvador","Total_Catch_from_Somewhere_Else",0
2014,"Non-PNA Member","El Salvador","Total_Catch_from_Somewhere_Else",0
2015,"Non-PNA Member","El Salvador","Total_Catch_from_Somewhere_Else",0
2016,"Non-PNA Member","El Salvador","Total_Catch_from_Somewhere_Else",0
2017,"Non-PNA Member","El Salvador","Total_Catch_from_Somewhere_Else",0
2018,"Non-PNA Member","El Salvador","Total_Catch_from_Somewhere_Else",0
2019,"Non-PNA Member","El Salvador","Total_Catch_from_Somewhere_Else",0
2020,"Non-PNA Member","El Salvador","Total_Catch_from_Somewhere_Else",0
2021,"Non-PNA Member","El Salvador","Total_Catch_from_Somewhere_Else",0
2022,"Non-PNA Member","El Salvador","Total_Catch_from_Somewhere_Else",0
2023,"Non-PNA Member","El Salvador","Total_Catch_from_Somewhere_Else",0
1997,"Non-PNA Member","Fiji","Total_Catch_from_Somewhere_Else",-564
1998,"Non-PNA Member","Fiji","Total_Catch_from_Somewhere_Else",-647
1999,"Non-PNA Member","Fiji","Total_Catch_from_Somewhere_Else",-632
2000,"Non-PNA Member","Fiji","Total_Catch_from_Somewhere_Else",608
2001,"Non-PNA Member","Fiji","Total_Catch_from_Somewhere_Else",-53
2002,"Non-PNA Member","Fiji","Total_Catch_from_Somewhere_Else",1427
2003,"Non-PNA Member","Fiji","Total_Catch_from_Somewhere_Else",3119
2004,"Non-PNA Member","Fiji","Total_Catch_from_Somewhere_Else",6672
2005,"Non-PNA Member","Fiji","Total_Catch_from_Somewhere_Else",6749
2006,"Non-PNA Member","Fiji","Total_Catch_from_Somewhere_Else",7416
2007,"Non-PNA Member","Fiji","Total_Catch_from_Somewhere_Else",3790
2008,"Non-PNA Member","Fiji","Total_Catch_from_Somewhere_Else",6077
2009,"Non-PNA Member","Fiji","Total_Catch_from_Somewhere_Else",8472
2010,"Non-PNA Member","Fiji","Total_Catch_from_Somewhere_Else",2636
2011,"Non-PNA Member","Fiji","Total_Catch_from_Somewhere_Else",8957
2012,"Non-PNA Member","Fiji","Total_Catch_from_Somewhere_Else",8124
2013,"Non-PNA Member","Fiji","Total_Catch_from_Somewhere_Else",7309
2014,"Non-PNA Member","Fiji","Total_Catch_from_Somewhere_Else",6648
2015,"Non-PNA Member","Fiji","Total_Catch_from_Somewhere_Else",1421
2016,"Non-PNA Member","Fiji","Total_Catch_from_Somewhere_Else",3848
2017,"Non-PNA Member","Fiji","Total_Catch_from_Somewhere_Else",5008
2018,"Non-PNA Member","Fiji","Total_Catch_from_Somewhere_Else",4816
2019,"Non-PNA Member","Fiji","Total_Catch_from_Somewhere_Else",5485
2020,"Non-PNA Member","Fiji","Total_Catch_from_Somewhere_Else",4323
2021,"Non-PNA Member","Fiji","Total_Catch_from_Somewhere_Else",2965
2022,"Non-PNA Member","Fiji","Total_Catch_from_Somewhere_Else",2256
2023,"Non-PNA Member","Fiji","Total_Catch_from_Somewhere_Else",3217
1997,"Non-PNA Member","French Polynesia","Total_Catch_from_Somewhere_Else",-735
1998,"Non-PNA Member","French Polynesia","Total_Catch_from_Somewhere_Else",-1007
1999,"Non-PNA Member","French Polynesia","Total_Catch_from_Somewhere_Else",-1460
2000,"Non-PNA Member","French Polynesia","Total_Catch_from_Somewhere_Else",-1230
2001,"Non-PNA Member","French Polynesia","Total_Catch_from_Somewhere_Else",-2
2002,"Non-PNA Member","French Polynesia","Total_Catch_from_Somewhere_Else",-212
2003,"Non-PNA Member","French Polynesia","Total_Catch_from_Somewhere_Else",45
2004,"Non-PNA Member","French Polynesia","Total_Catch_from_Somewhere_Else",12
2005,"Non-PNA Member","French Polynesia","Total_Catch_from_Somewhere_Else",271
2006,"Non-PNA Member","French Polynesia","Total_Catch_from_Somewhere_Else",116
2007,"Non-PNA Member","French Polynesia","Total_Catch_from_Somewhere_Else",43
2008,"Non-PNA Member","French Polynesia","Total_Catch_from_Somewhere_Else",16
2009,"Non-PNA Member","French Polynesia","Total_Catch_from_Somewhere_Else",5
2010,"Non-PNA Member","French Polynesia","Total_Catch_from_Somewhere_Else",1
2011,"Non-PNA Member","French Polynesia","Total_Catch_from_Somewhere_Else",1
2012,"Non-PNA Member","French Polynesia","Total_Catch_from_Somewhere_Else",6
2013,"Non-PNA Member","French Polynesia","Total_Catch_from_Somewhere_Else",20
2014,"Non-PNA Member","French Polynesia","Total_Catch_from_Somewhere_Else",0
2015,"Non-PNA Member","French Polynesia","Total_Catch_from_Somewhere_Else",0
2016,"Non-PNA Member","French Polynesia","Total_Catch_from_Somewhere_Else",2
2017,"Non-PNA Member","French Polynesia","Total_Catch_from_Somewhere_Else",0
2018,"Non-PNA Member","French Polynesia","Total_Catch_from_Somewhere_Else",0
2019,"Non-PNA Member","French Polynesia","Total_Catch_from_Somewhere_Else",0
2020,"Non-PNA Member","French Polynesia","Total_Catch_from_Somewhere_Else",0
2021,"Non-PNA Member","French Polynesia","Total_Catch_from_Somewhere_Else",0
2022,"Non-PNA Member","French Polynesia","Total_Catch_from_Somewhere_Else",3
2023,"Non-PNA Member","French Polynesia","Total_Catch_from_Somewhere_Else",0
1997,"PNA Member","FSM","Total_Catch_from_Somewhere_Else",-83174
1998,"PNA Member","FSM","Total_Catch_from_Somewhere_Else",-74496
1999,"PNA Member","FSM","Total_Catch_from_Somewhere_Else",-178329
2000,"PNA Member","FSM","Total_Catch_from_Somewhere_Else",-124241
2001,"PNA Member","FSM","Total_Catch_from_Somewhere_Else",-87050
2002,"PNA Member","FSM","Total_Catch_from_Somewhere_Else",-66405
2003,"PNA Member","FSM","Total_Catch_from_Somewhere_Else",-204783
2004,"PNA Member","FSM","Total_Catch_from_Somewhere_Else",-133713
2005,"PNA Member","FSM","Total_Catch_from_Somewhere_Else",-210758
2006,"PNA Member","FSM","Total_Catch_from_Somewhere_Else",-201678
2007,"PNA Member","FSM","Total_Catch_from_Somewhere_Else",-151255
2008,"PNA Member","FSM","Total_Catch_from_Somewhere_Else",-123951
2009,"PNA Member","FSM","Total_Catch_from_Somewhere_Else",-107509
2010,"PNA Member","FSM","Total_Catch_from_Somewhere_Else",-133962
2011,"PNA Member","FSM","Total_Catch_from_Somewhere_Else",-133878
2012,"PNA Member","FSM","Total_Catch_from_Somewhere_Else",-149539
2013,"PNA Member","FSM","Total_Catch_from_Somewhere_Else",-189768
2014,"PNA Member","FSM","Total_Catch_from_Somewhere_Else",-101240
2015,"PNA Member","FSM","Total_Catch_from_Somewhere_Else",-111099
2016,"PNA Member","FSM","Total_Catch_from_Somewhere_Else",-123541
2017,"PNA Member","FSM","Total_Catch_from_Somewhere_Else",-105105
2018,"PNA Member","FSM","Total_Catch_from_Somewhere_Else",-171775
2019,"PNA Member","FSM","Total_Catch_from_Somewhere_Else",-3588
2020,"PNA Member","FSM","Total_Catch_from_Somewhere_Else",-20057
2021,"PNA Member","FSM","Total_Catch_from_Somewhere_Else",34665
2022,"PNA Member","FSM","Total_Catch_from_Somewhere_Else",-74477
2023,"PNA Member","FSM","Total_Catch_from_Somewhere_Else",66278
1997,"High Seas","H4","Total_Catch_from_Somewhere_Else",0
1998,"High Seas","H4","Total_Catch_from_Somewhere_Else",0
1999,"High Seas","H4","Total_Catch_from_Somewhere_Else",0
2000,"High Seas","H4","Total_Catch_from_Somewhere_Else",0
2001,"High Seas","H4","Total_Catch_from_Somewhere_Else",0
2002,"High Seas","H4","Total_Catch_from_Somewhere_Else",0
2003,"High Seas","H4","Total_Catch_from_Somewhere_Else",0
2004,"High Seas","H4","Total_Catch_from_Somewhere_Else",0
2005,"High Seas","H4","Total_Catch_from_Somewhere_Else",0
2006,"High Seas","H4","Total_Catch_from_Somewhere_Else",0
2007,"High Seas","H4","Total_Catch_from_Somewhere_Else",0
2008,"High Seas","H4","Total_Catch_from_Somewhere_Else",0
2009,"High Seas","H4","Total_Catch_from_Somewhere_Else",0
2010,"High Seas","H4","Total_Catch_from_Somewhere_Else",0
2011,"High Seas","H4","Total_Catch_from_Somewhere_Else",0
2012,"High Seas","H4","Total_Catch_from_Somewhere_Else",0
2013,"High Seas","H4","Total_Catch_from_Somewhere_Else",0
2014,"High Seas","H4","Total_Catch_from_Somewhere_Else",0
2015,"High Seas","H4","Total_Catch_from_Somewhere_Else",0
2016,"High Seas","H4","Total_Catch_from_Somewhere_Else",0
2017,"High Seas","H4","Total_Catch_from_Somewhere_Else",0
2018,"High Seas","H4","Total_Catch_from_Somewhere_Else",0
2019,"High Seas","H4","Total_Catch_from_Somewhere_Else",0
2020,"High Seas","H4","Total_Catch_from_Somewhere_Else",0
2021,"High Seas","H4","Total_Catch_from_Somewhere_Else",0
2022,"High Seas","H4","Total_Catch_from_Somewhere_Else",0
2023,"High Seas","H4","Total_Catch_from_Somewhere_Else",0
1997,"High Seas","H5","Total_Catch_from_Somewhere_Else",0
1998,"High Seas","H5","Total_Catch_from_Somewhere_Else",0
1999,"High Seas","H5","Total_Catch_from_Somewhere_Else",0
2000,"High Seas","H5","Total_Catch_from_Somewhere_Else",0
2001,"High Seas","H5","Total_Catch_from_Somewhere_Else",0
2002,"High Seas","H5","Total_Catch_from_Somewhere_Else",0
2003,"High Seas","H5","Total_Catch_from_Somewhere_Else",0
2004,"High Seas","H5","Total_Catch_from_Somewhere_Else",0
2005,"High Seas","H5","Total_Catch_from_Somewhere_Else",0
2006,"High Seas","H5","Total_Catch_from_Somewhere_Else",0
2007,"High Seas","H5","Total_Catch_from_Somewhere_Else",0
2008,"High Seas","H5","Total_Catch_from_Somewhere_Else",0
2009,"High Seas","H5","Total_Catch_from_Somewhere_Else",0
2010,"High Seas","H5","Total_Catch_from_Somewhere_Else",0
2011,"High Seas","H5","Total_Catch_from_Somewhere_Else",0
2012,"High Seas","H5","Total_Catch_from_Somewhere_Else",0
2013,"High Seas","H5","Total_Catch_from_Somewhere_Else",0
2014,"High Seas","H5","Total_Catch_from_Somewhere_Else",0
2015,"High Seas","H5","Total_Catch_from_Somewhere_Else",0
2016,"High Seas","H5","Total_Catch_from_Somewhere_Else",0
2017,"High Seas","H5","Total_Catch_from_Somewhere_Else",0
2018,"High Seas","H5","Total_Catch_from_Somewhere_Else",0
2019,"High Seas","H5","Total_Catch_from_Somewhere_Else",0
2020,"High Seas","H5","Total_Catch_from_Somewhere_Else",0
2021,"High Seas","H5","Total_Catch_from_Somewhere_Else",0
2022,"High Seas","H5","Total_Catch_from_Somewhere_Else",0
2023,"High Seas","H5","Total_Catch_from_Somewhere_Else",0
1997,"High Seas","I1","Total_Catch_from_Somewhere_Else",0
1998,"High Seas","I1","Total_Catch_from_Somewhere_Else",0
1999,"High Seas","I1","Total_Catch_from_Somewhere_Else",0
2000,"High Seas","I1","Total_Catch_from_Somewhere_Else",0
2001,"High Seas","I1","Total_Catch_from_Somewhere_Else",0
2002,"High Seas","I1","Total_Catch_from_Somewhere_Else",0
2003,"High Seas","I1","Total_Catch_from_Somewhere_Else",0
2004,"High Seas","I1","Total_Catch_from_Somewhere_Else",0
2005,"High Seas","I1","Total_Catch_from_Somewhere_Else",0
2006,"High Seas","I1","Total_Catch_from_Somewhere_Else",0
2007,"High Seas","I1","Total_Catch_from_Somewhere_Else",0
2008,"High Seas","I1","Total_Catch_from_Somewhere_Else",0
2009,"High Seas","I1","Total_Catch_from_Somewhere_Else",0
2010,"High Seas","I1","Total_Catch_from_Somewhere_Else",0
2011,"High Seas","I1","Total_Catch_from_Somewhere_Else",0
2012,"High Seas","I1","Total_Catch_from_Somewhere_Else",0
2013,"High Seas","I1","Total_Catch_from_Somewhere_Else",0
2014,"High Seas","I1","Total_Catch_from_Somewhere_Else",0
2015,"High Seas","I1","Total_Catch_from_Somewhere_Else",0
2016,"High Seas","I1","Total_Catch_from_Somewhere_Else",0
2017,"High Seas","I1","Total_Catch_from_Somewhere_Else",0
2018,"High Seas","I1","Total_Catch_from_Somewhere_Else",0
2019,"High Seas","I1","Total_Catch_from_Somewhere_Else",0
2020,"High Seas","I1","Total_Catch_from_Somewhere_Else",0
2021,"High Seas","I1","Total_Catch_from_Somewhere_Else",0
2022,"High Seas","I1","Total_Catch_from_Somewhere_Else",0
2023,"High Seas","I1","Total_Catch_from_Somewhere_Else",0
1997,"High Seas","I2","Total_Catch_from_Somewhere_Else",0
1998,"High Seas","I2","Total_Catch_from_Somewhere_Else",0
1999,"High Seas","I2","Total_Catch_from_Somewhere_Else",0
2000,"High Seas","I2","Total_Catch_from_Somewhere_Else",0
2001,"High Seas","I2","Total_Catch_from_Somewhere_Else",0
2002,"High Seas","I2","Total_Catch_from_Somewhere_Else",0
2003,"High Seas","I2","Total_Catch_from_Somewhere_Else",0
2004,"High Seas","I2","Total_Catch_from_Somewhere_Else",0
2005,"High Seas","I2","Total_Catch_from_Somewhere_Else",0
2006,"High Seas","I2","Total_Catch_from_Somewhere_Else",0
2007,"High Seas","I2","Total_Catch_from_Somewhere_Else",0
2008,"High Seas","I2","Total_Catch_from_Somewhere_Else",0
2009,"High Seas","I2","Total_Catch_from_Somewhere_Else",0
2010,"High Seas","I2","Total_Catch_from_Somewhere_Else",0
2011,"High Seas","I2","Total_Catch_from_Somewhere_Else",0
2012,"High Seas","I2","Total_Catch_from_Somewhere_Else",0
2013,"High Seas","I2","Total_Catch_from_Somewhere_Else",0
2014,"High Seas","I2","Total_Catch_from_Somewhere_Else",0
2015,"High Seas","I2","Total_Catch_from_Somewhere_Else",0
2016,"High Seas","I2","Total_Catch_from_Somewhere_Else",0
2017,"High Seas","I2","Total_Catch_from_Somewhere_Else",0
2018,"High Seas","I2","Total_Catch_from_Somewhere_Else",0
2019,"High Seas","I2","Total_Catch_from_Somewhere_Else",0
2020,"High Seas","I2","Total_Catch_from_Somewhere_Else",0
2021,"High Seas","I2","Total_Catch_from_Somewhere_Else",0
2022,"High Seas","I2","Total_Catch_from_Somewhere_Else",0
2023,"High Seas","I2","Total_Catch_from_Somewhere_Else",0
1997,"High Seas","I3","Total_Catch_from_Somewhere_Else",0
1998,"High Seas","I3","Total_Catch_from_Somewhere_Else",0
1999,"High Seas","I3","Total_Catch_from_Somewhere_Else",0
2000,"High Seas","I3","Total_Catch_from_Somewhere_Else",0
2001,"High Seas","I3","Total_Catch_from_Somewhere_Else",0
2002,"High Seas","I3","Total_Catch_from_Somewhere_Else",0
2003,"High Seas","I3","Total_Catch_from_Somewhere_Else",0
2004,"High Seas","I3","Total_Catch_from_Somewhere_Else",0
2005,"High Seas","I3","Total_Catch_from_Somewhere_Else",0
2006,"High Seas","I3","Total_Catch_from_Somewhere_Else",0
2007,"High Seas","I3","Total_Catch_from_Somewhere_Else",0
2008,"High Seas","I3","Total_Catch_from_Somewhere_Else",0
2009,"High Seas","I3","Total_Catch_from_Somewhere_Else",0
2010,"High Seas","I3","Total_Catch_from_Somewhere_Else",0
2011,"High Seas","I3","Total_Catch_from_Somewhere_Else",0
2012,"High Seas","I3","Total_Catch_from_Somewhere_Else",0
2013,"High Seas","I3","Total_Catch_from_Somewhere_Else",0
2014,"High Seas","I3","Total_Catch_from_Somewhere_Else",0
2015,"High Seas","I3","Total_Catch_from_Somewhere_Else",0
2016,"High Seas","I3","Total_Catch_from_Somewhere_Else",0
2017,"High Seas","I3","Total_Catch_from_Somewhere_Else",0
2018,"High Seas","I3","Total_Catch_from_Somewhere_Else",0
2019,"High Seas","I3","Total_Catch_from_Somewhere_Else",0
2020,"High Seas","I3","Total_Catch_from_Somewhere_Else",0
2021,"High Seas","I3","Total_Catch_from_Somewhere_Else",0
2022,"High Seas","I3","Total_Catch_from_Somewhere_Else",0
2023,"High Seas","I3","Total_Catch_from_Somewhere_Else",0
1997,"High Seas","I4","Total_Catch_from_Somewhere_Else",0
1998,"High Seas","I4","Total_Catch_from_Somewhere_Else",0
1999,"High Seas","I4","Total_Catch_from_Somewhere_Else",0
2000,"High Seas","I4","Total_Catch_from_Somewhere_Else",0
2001,"High Seas","I4","Total_Catch_from_Somewhere_Else",0
2002,"High Seas","I4","Total_Catch_from_Somewhere_Else",0
2003,"High Seas","I4","Total_Catch_from_Somewhere_Else",0
2004,"High Seas","I4","Total_Catch_from_Somewhere_Else",0
2005,"High Seas","I4","Total_Catch_from_Somewhere_Else",0
2006,"High Seas","I4","Total_Catch_from_Somewhere_Else",0
2007,"High Seas","I4","Total_Catch_from_Somewhere_Else",0
2008,"High Seas","I4","Total_Catch_from_Somewhere_Else",0
2009,"High Seas","I4","Total_Catch_from_Somewhere_Else",0
2010,"High Seas","I4","Total_Catch_from_Somewhere_Else",0
2011,"High Seas","I4","Total_Catch_from_Somewhere_Else",0
2012,"High Seas","I4","Total_Catch_from_Somewhere_Else",0
2013,"High Seas","I4","Total_Catch_from_Somewhere_Else",0
2014,"High Seas","I4","Total_Catch_from_Somewhere_Else",0
2015,"High Seas","I4","Total_Catch_from_Somewhere_Else",0
2016,"High Seas","I4","Total_Catch_from_Somewhere_Else",0
2017,"High Seas","I4","Total_Catch_from_Somewhere_Else",0
2018,"High Seas","I4","Total_Catch_from_Somewhere_Else",0
2019,"High Seas","I4","Total_Catch_from_Somewhere_Else",0
2020,"High Seas","I4","Total_Catch_from_Somewhere_Else",0
2021,"High Seas","I4","Total_Catch_from_Somewhere_Else",0
2022,"High Seas","I4","Total_Catch_from_Somewhere_Else",0
2023,"High Seas","I4","Total_Catch_from_Somewhere_Else",0
1997,"High Seas","I5","Total_Catch_from_Somewhere_Else",0
1998,"High Seas","I5","Total_Catch_from_Somewhere_Else",0
1999,"High Seas","I5","Total_Catch_from_Somewhere_Else",0
2000,"High Seas","I5","Total_Catch_from_Somewhere_Else",0
2001,"High Seas","I5","Total_Catch_from_Somewhere_Else",0
2002,"High Seas","I5","Total_Catch_from_Somewhere_Else",0
2003,"High Seas","I5","Total_Catch_from_Somewhere_Else",0
2004,"High Seas","I5","Total_Catch_from_Somewhere_Else",0
2005,"High Seas","I5","Total_Catch_from_Somewhere_Else",0
2006,"High Seas","I5","Total_Catch_from_Somewhere_Else",0
2007,"High Seas","I5","Total_Catch_from_Somewhere_Else",0
2008,"High Seas","I5","Total_Catch_from_Somewhere_Else",0
2009,"High Seas","I5","Total_Catch_from_Somewhere_Else",0
2010,"High Seas","I5","Total_Catch_from_Somewhere_Else",0
2011,"High Seas","I5","Total_Catch_from_Somewhere_Else",0
2012,"High Seas","I5","Total_Catch_from_Somewhere_Else",0
2013,"High Seas","I5","Total_Catch_from_Somewhere_Else",0
2014,"High Seas","I5","Total_Catch_from_Somewhere_Else",0
2015,"High Seas","I5","Total_Catch_from_Somewhere_Else",0
2016,"High Seas","I5","Total_Catch_from_Somewhere_Else",0
2017,"High Seas","I5","Total_Catch_from_Somewhere_Else",0
2018,"High Seas","I5","Total_Catch_from_Somewhere_Else",0
2019,"High Seas","I5","Total_Catch_from_Somewhere_Else",0
2020,"High Seas","I5","Total_Catch_from_Somewhere_Else",0
2021,"High Seas","I5","Total_Catch_from_Somewhere_Else",0
2022,"High Seas","I5","Total_Catch_from_Somewhere_Else",0
2023,"High Seas","I5","Total_Catch_from_Somewhere_Else",0
1997,"High Seas","I6","Total_Catch_from_Somewhere_Else",0
1998,"High Seas","I6","Total_Catch_from_Somewhere_Else",0
1999,"High Seas","I6","Total_Catch_from_Somewhere_Else",0
2000,"High Seas","I6","Total_Catch_from_Somewhere_Else",0
2001,"High Seas","I6","Total_Catch_from_Somewhere_Else",0
2002,"High Seas","I6","Total_Catch_from_Somewhere_Else",0
2003,"High Seas","I6","Total_Catch_from_Somewhere_Else",0
2004,"High Seas","I6","Total_Catch_from_Somewhere_Else",0
2005,"High Seas","I6","Total_Catch_from_Somewhere_Else",0
2006,"High Seas","I6","Total_Catch_from_Somewhere_Else",0
2007,"High Seas","I6","Total_Catch_from_Somewhere_Else",0
2008,"High Seas","I6","Total_Catch_from_Somewhere_Else",0
2009,"High Seas","I6","Total_Catch_from_Somewhere_Else",0
2010,"High Seas","I6","Total_Catch_from_Somewhere_Else",0
2011,"High Seas","I6","Total_Catch_from_Somewhere_Else",0
2012,"High Seas","I6","Total_Catch_from_Somewhere_Else",0
2013,"High Seas","I6","Total_Catch_from_Somewhere_Else",0
2014,"High Seas","I6","Total_Catch_from_Somewhere_Else",0
2015,"High Seas","I6","Total_Catch_from_Somewhere_Else",0
2016,"High Seas","I6","Total_Catch_from_Somewhere_Else",0
2017,"High Seas","I6","Total_Catch_from_Somewhere_Else",0
2018,"High Seas","I6","Total_Catch_from_Somewhere_Else",0
2019,"High Seas","I6","Total_Catch_from_Somewhere_Else",0
2020,"High Seas","I6","Total_Catch_from_Somewhere_Else",0
2021,"High Seas","I6","Total_Catch_from_Somewhere_Else",0
2022,"High Seas","I6","Total_Catch_from_Somewhere_Else",0
2023,"High Seas","I6","Total_Catch_from_Somewhere_Else",0
1997,"High Seas","I7","Total_Catch_from_Somewhere_Else",0
1998,"High Seas","I7","Total_Catch_from_Somewhere_Else",0
1999,"High Seas","I7","Total_Catch_from_Somewhere_Else",0
2000,"High Seas","I7","Total_Catch_from_Somewhere_Else",0
2001,"High Seas","I7","Total_Catch_from_Somewhere_Else",0
2002,"High Seas","I7","Total_Catch_from_Somewhere_Else",0
2003,"High Seas","I7","Total_Catch_from_Somewhere_Else",0
2004,"High Seas","I7","Total_Catch_from_Somewhere_Else",0
2005,"High Seas","I7","Total_Catch_from_Somewhere_Else",0
2006,"High Seas","I7","Total_Catch_from_Somewhere_Else",0
2007,"High Seas","I7","Total_Catch_from_Somewhere_Else",0
2008,"High Seas","I7","Total_Catch_from_Somewhere_Else",0
2009,"High Seas","I7","Total_Catch_from_Somewhere_Else",0
2010,"High Seas","I7","Total_Catch_from_Somewhere_Else",0
2011,"High Seas","I7","Total_Catch_from_Somewhere_Else",0
2012,"High Seas","I7","Total_Catch_from_Somewhere_Else",0
2013,"High Seas","I7","Total_Catch_from_Somewhere_Else",0
2014,"High Seas","I7","Total_Catch_from_Somewhere_Else",0
2015,"High Seas","I7","Total_Catch_from_Somewhere_Else",0
2016,"High Seas","I7","Total_Catch_from_Somewhere_Else",0
2017,"High Seas","I7","Total_Catch_from_Somewhere_Else",0
2018,"High Seas","I7","Total_Catch_from_Somewhere_Else",0
2019,"High Seas","I7","Total_Catch_from_Somewhere_Else",0
2020,"High Seas","I7","Total_Catch_from_Somewhere_Else",0
2021,"High Seas","I7","Total_Catch_from_Somewhere_Else",0
2022,"High Seas","I7","Total_Catch_from_Somewhere_Else",0
2023,"High Seas","I7","Total_Catch_from_Somewhere_Else",0
1997,"High Seas","I8","Total_Catch_from_Somewhere_Else",0
1998,"High Seas","I8","Total_Catch_from_Somewhere_Else",0
1999,"High Seas","I8","Total_Catch_from_Somewhere_Else",0
2000,"High Seas","I8","Total_Catch_from_Somewhere_Else",0
2001,"High Seas","I8","Total_Catch_from_Somewhere_Else",0
2002,"High Seas","I8","Total_Catch_from_Somewhere_Else",0
2003,"High Seas","I8","Total_Catch_from_Somewhere_Else",0
2004,"High Seas","I8","Total_Catch_from_Somewhere_Else",0
2005,"High Seas","I8","Total_Catch_from_Somewhere_Else",0
2006,"High Seas","I8","Total_Catch_from_Somewhere_Else",0
2007,"High Seas","I8","Total_Catch_from_Somewhere_Else",0
2008,"High Seas","I8","Total_Catch_from_Somewhere_Else",0
2009,"High Seas","I8","Total_Catch_from_Somewhere_Else",0
2010,"High Seas","I8","Total_Catch_from_Somewhere_Else",0
2011,"High Seas","I8","Total_Catch_from_Somewhere_Else",0
2012,"High Seas","I8","Total_Catch_from_Somewhere_Else",0
2013,"High Seas","I8","Total_Catch_from_Somewhere_Else",0
2014,"High Seas","I8","Total_Catch_from_Somewhere_Else",0
2015,"High Seas","I8","Total_Catch_from_Somewhere_Else",0
2016,"High Seas","I8","Total_Catch_from_Somewhere_Else",0
2017,"High Seas","I8","Total_Catch_from_Somewhere_Else",0
2018,"High Seas","I8","Total_Catch_from_Somewhere_Else",0
2019,"High Seas","I8","Total_Catch_from_Somewhere_Else",0
2020,"High Seas","I8","Total_Catch_from_Somewhere_Else",0
2021,"High Seas","I8","Total_Catch_from_Somewhere_Else",0
2022,"High Seas","I8","Total_Catch_from_Somewhere_Else",0
2023,"High Seas","I8","Total_Catch_from_Somewhere_Else",0
1997,"High Seas","I9","Total_Catch_from_Somewhere_Else",0
1998,"High Seas","I9","Total_Catch_from_Somewhere_Else",0
1999,"High Seas","I9","Total_Catch_from_Somewhere_Else",0
2000,"High Seas","I9","Total_Catch_from_Somewhere_Else",0
2001,"High Seas","I9","Total_Catch_from_Somewhere_Else",0
2002,"High Seas","I9","Total_Catch_from_Somewhere_Else",0
2003,"High Seas","I9","Total_Catch_from_Somewhere_Else",0
2004,"High Seas","I9","Total_Catch_from_Somewhere_Else",0
2005,"High Seas","I9","Total_Catch_from_Somewhere_Else",0
2006,"High Seas","I9","Total_Catch_from_Somewhere_Else",0
2007,"High Seas","I9","Total_Catch_from_Somewhere_Else",0
2008,"High Seas","I9","Total_Catch_from_Somewhere_Else",0
2009,"High Seas","I9","Total_Catch_from_Somewhere_Else",0
2010,"High Seas","I9","Total_Catch_from_Somewhere_Else",0
2011,"High Seas","I9","Total_Catch_from_Somewhere_Else",0
2012,"High Seas","I9","Total_Catch_from_Somewhere_Else",0
2013,"High Seas","I9","Total_Catch_from_Somewhere_Else",0
2014,"High Seas","I9","Total_Catch_from_Somewhere_Else",0
2015,"High Seas","I9","Total_Catch_from_Somewhere_Else",0
2016,"High Seas","I9","Total_Catch_from_Somewhere_Else",0
2017,"High Seas","I9","Total_Catch_from_Somewhere_Else",0
2018,"High Seas","I9","Total_Catch_from_Somewhere_Else",0
2019,"High Seas","I9","Total_Catch_from_Somewhere_Else",0
2020,"High Seas","I9","Total_Catch_from_Somewhere_Else",0
2021,"High Seas","I9","Total_Catch_from_Somewhere_Else",0
2022,"High Seas","I9","Total_Catch_from_Somewhere_Else",0
2023,"High Seas","I9","Total_Catch_from_Somewhere_Else",0
1997,"Non-PNA Member","Indonesia","Total_Catch_from_Somewhere_Else",-1212
1998,"Non-PNA Member","Indonesia","Total_Catch_from_Somewhere_Else",-647
1999,"Non-PNA Member","Indonesia","Total_Catch_from_Somewhere_Else",-181
2000,"Non-PNA Member","Indonesia","Total_Catch_from_Somewhere_Else",-484
2001,"Non-PNA Member","Indonesia","Total_Catch_from_Somewhere_Else",-59
2002,"Non-PNA Member","Indonesia","Total_Catch_from_Somewhere_Else",-162
2003,"Non-PNA Member","Indonesia","Total_Catch_from_Somewhere_Else",-1884
2004,"Non-PNA Member","Indonesia","Total_Catch_from_Somewhere_Else",-1378
2005,"Non-PNA Member","Indonesia","Total_Catch_from_Somewhere_Else",-936
2006,"Non-PNA Member","Indonesia","Total_Catch_from_Somewhere_Else",-502
2007,"Non-PNA Member","Indonesia","Total_Catch_from_Somewhere_Else",-952
2008,"Non-PNA Member","Indonesia","Total_Catch_from_Somewhere_Else",-848
2009,"Non-PNA Member","Indonesia","Total_Catch_from_Somewhere_Else",-831
2010,"Non-PNA Member","Indonesia","Total_Catch_from_Somewhere_Else",-201
2011,"Non-PNA Member","Indonesia","Total_Catch_from_Somewhere_Else",-160
2012,"Non-PNA Member","Indonesia","Total_Catch_from_Somewhere_Else",-336
2013,"Non-PNA Member","Indonesia","Total_Catch_from_Somewhere_Else",-134
2014,"Non-PNA Member","Indonesia","Total_Catch_from_Somewhere_Else",-101
2015,"Non-PNA Member","Indonesia","Total_Catch_from_Somewhere_Else",-3
2016,"Non-PNA Member","Indonesia","Total_Catch_from_Somewhere_Else",-5
2017,"Non-PNA Member","Indonesia","Total_Catch_from_Somewhere_Else",-2
2018,"Non-PNA Member","Indonesia","Total_Catch_from_Somewhere_Else",-2
2019,"Non-PNA Member","Indonesia","Total_Catch_from_Somewhere_Else",-75
2020,"Non-PNA Member","Indonesia","Total_Catch_from_Somewhere_Else",0
2021,"Non-PNA Member","Indonesia","Total_Catch_from_Somewhere_Else",-45
2022,"Non-PNA Member","Indonesia","Total_Catch_from_Somewhere_Else",0
2023,"Non-PNA Member","Indonesia","Total_Catch_from_Somewhere_Else",0
1997,"High Seas","IW","Total_Catch_from_Somewhere_Else",0
1998,"High Seas","IW","Total_Catch_from_Somewhere_Else",0
1999,"High Seas","IW","Total_Catch_from_Somewhere_Else",0
2000,"High Seas","IW","Total_Catch_from_Somewhere_Else",0
2001,"High Seas","IW","Total_Catch_from_Somewhere_Else",0
2002,"High Seas","IW","Total_Catch_from_Somewhere_Else",0
2003,"High Seas","IW","Total_Catch_from_Somewhere_Else",0
2004,"High Seas","IW","Total_Catch_from_Somewhere_Else",0
2005,"High Seas","IW","Total_Catch_from_Somewhere_Else",0
2006,"High Seas","IW","Total_Catch_from_Somewhere_Else",0
2007,"High Seas","IW","Total_Catch_from_Somewhere_Else",0
2008,"High Seas","IW","Total_Catch_from_Somewhere_Else",0
2009,"High Seas","IW","Total_Catch_from_Somewhere_Else",0
2010,"High Seas","IW","Total_Catch_from_Somewhere_Else",0
2011,"High Seas","IW","Total_Catch_from_Somewhere_Else",0
2012,"High Seas","IW","Total_Catch_from_Somewhere_Else",0
2013,"High Seas","IW","Total_Catch_from_Somewhere_Else",0
2014,"High Seas","IW","Total_Catch_from_Somewhere_Else",0
2015,"High Seas","IW","Total_Catch_from_Somewhere_Else",0
2016,"High Seas","IW","Total_Catch_from_Somewhere_Else",0
2017,"High Seas","IW","Total_Catch_from_Somewhere_Else",0
2018,"High Seas","IW","Total_Catch_from_Somewhere_Else",0
2019,"High Seas","IW","Total_Catch_from_Somewhere_Else",0
2020,"High Seas","IW","Total_Catch_from_Somewhere_Else",0
2021,"High Seas","IW","Total_Catch_from_Somewhere_Else",0
2022,"High Seas","IW","Total_Catch_from_Somewhere_Else",0
2023,"High Seas","IW","Total_Catch_from_Somewhere_Else",0
1997,"Non-PNA Member","Japan","Total_Catch_from_Somewhere_Else",361455
1998,"Non-PNA Member","Japan","Total_Catch_from_Somewhere_Else",395358
1999,"Non-PNA Member","Japan","Total_Catch_from_Somewhere_Else",333303
2000,"Non-PNA Member","Japan","Total_Catch_from_Somewhere_Else",350310
2001,"Non-PNA Member","Japan","Total_Catch_from_Somewhere_Else",357053
2002,"Non-PNA Member","Japan","Total_Catch_from_Somewhere_Else",376184
2003,"Non-PNA Member","Japan","Total_Catch_from_Somewhere_Else",379347
2004,"Non-PNA Member","Japan","Total_Catch_from_Somewhere_Else",337017
2005,"Non-PNA Member","Japan","Total_Catch_from_Somewhere_Else",370996
2006,"Non-PNA Member","Japan","Total_Catch_from_Somewhere_Else",344168
2007,"Non-PNA Member","Japan","Total_Catch_from_Somewhere_Else",345358
2008,"Non-PNA Member","Japan","Total_Catch_from_Somewhere_Else",331544
2009,"Non-PNA Member","Japan","Total_Catch_from_Somewhere_Else",296698
2010,"Non-PNA Member","Japan","Total_Catch_from_Somewhere_Else",343188
2011,"Non-PNA Member","Japan","Total_Catch_from_Somewhere_Else",291716
2012,"Non-PNA Member","Japan","Total_Catch_from_Somewhere_Else",322086
2013,"Non-PNA Member","Japan","Total_Catch_from_Somewhere_Else",282612
2014,"Non-PNA Member","Japan","Total_Catch_from_Somewhere_Else",279385
2015,"Non-PNA Member","Japan","Total_Catch_from_Somewhere_Else",243387
2016,"Non-PNA Member","Japan","Total_Catch_from_Somewhere_Else",229243
2017,"Non-PNA Member","Japan","Total_Catch_from_Somewhere_Else",223888
2018,"Non-PNA Member","Japan","Total_Catch_from_Somewhere_Else",233939
2019,"Non-PNA Member","Japan","Total_Catch_from_Somewhere_Else",233712
2020,"Non-PNA Member","Japan","Total_Catch_from_Somewhere_Else",213883
2021,"Non-PNA Member","Japan","Total_Catch_from_Somewhere_Else",244144
2022,"Non-PNA Member","Japan","Total_Catch_from_Somewhere_Else",180313
2023,"Non-PNA Member","Japan","Total_Catch_from_Somewhere_Else",161887
1997,"PNA Member","Kiribati","Total_Catch_from_Somewhere_Else",-197798
1998,"PNA Member","Kiribati","Total_Catch_from_Somewhere_Else",-148747
1999,"PNA Member","Kiribati","Total_Catch_from_Somewhere_Else",-143626
2000,"PNA Member","Kiribati","Total_Catch_from_Somewhere_Else",-137574
2001,"PNA Member","Kiribati","Total_Catch_from_Somewhere_Else",-276720
2002,"PNA Member","Kiribati","Total_Catch_from_Somewhere_Else",-355560
2003,"PNA Member","Kiribati","Total_Catch_from_Somewhere_Else",-83964
2004,"PNA Member","Kiribati","Total_Catch_from_Somewhere_Else",-100676
2005,"PNA Member","Kiribati","Total_Catch_from_Somewhere_Else",-203287
2006,"PNA Member","Kiribati","Total_Catch_from_Somewhere_Else",-169684
2007,"PNA Member","Kiribati","Total_Catch_from_Somewhere_Else",-183212
2008,"PNA Member","Kiribati","Total_Catch_from_Somewhere_Else",-228867
2009,"PNA Member","Kiribati","Total_Catch_from_Somewhere_Else",-299872
2010,"PNA Member","Kiribati","Total_Catch_from_Somewhere_Else",-169097
2011,"PNA Member","Kiribati","Total_Catch_from_Somewhere_Else",-163973
2012,"PNA Member","Kiribati","Total_Catch_from_Somewhere_Else",-485733
2013,"PNA Member","Kiribati","Total_Catch_from_Somewhere_Else",-221740
2014,"PNA Member","Kiribati","Total_Catch_from_Somewhere_Else",-629295
2015,"PNA Member","Kiribati","Total_Catch_from_Somewhere_Else",-505851
2016,"PNA Member","Kiribati","Total_Catch_from_Somewhere_Else",-242510
2017,"PNA Member","Kiribati","Total_Catch_from_Somewhere_Else",-227051
2018,"PNA Member","Kiribati","Total_Catch_from_Somewhere_Else",-206912
2019,"PNA Member","Kiribati","Total_Catch_from_Somewhere_Else",-454838
2020,"PNA Member","Kiribati","Total_Catch_from_Somewhere_Else",-146228
2021,"PNA Member","Kiribati","Total_Catch_from_Somewhere_Else",-168469
2022,"PNA Member","Kiribati","Total_Catch_from_Somewhere_Else",-38766
2023,"PNA Member","Kiribati","Total_Catch_from_Somewhere_Else",-372529
1997,"Non-PNA Member","Korea","Total_Catch_from_Somewhere_Else",188667
1998,"Non-PNA Member","Korea","Total_Catch_from_Somewhere_Else",247928
1999,"Non-PNA Member","Korea","Total_Catch_from_Somewhere_Else",173495
2000,"Non-PNA Member","Korea","Total_Catch_from_Somewhere_Else",207494
2001,"Non-PNA Member","Korea","Total_Catch_from_Somewhere_Else",216688
2002,"Non-PNA Member","Korea","Total_Catch_from_Somewhere_Else",254593
2003,"Non-PNA Member","Korea","Total_Catch_from_Somewhere_Else",221078
2004,"Non-PNA Member","Korea","Total_Catch_from_Somewhere_Else",212653
2005,"Non-PNA Member","Korea","Total_Catch_from_Somewhere_Else",237356
2006,"Non-PNA Member","Korea","Total_Catch_from_Somewhere_Else",274857
2007,"Non-PNA Member","Korea","Total_Catch_from_Somewhere_Else",279588
2008,"Non-PNA Member","Korea","Total_Catch_from_Somewhere_Else",274757
2009,"Non-PNA Member","Korea","Total_Catch_from_Somewhere_Else",310079
2010,"Non-PNA Member","Korea","Total_Catch_from_Somewhere_Else",299887
2011,"Non-PNA Member","Korea","Total_Catch_from_Somewhere_Else",231497
2012,"Non-PNA Member","Korea","Total_Catch_from_Somewhere_Else",289994
2013,"Non-PNA Member","Korea","Total_Catch_from_Somewhere_Else",245137
2014,"Non-PNA Member","Korea","Total_Catch_from_Somewhere_Else",291966
2015,"Non-PNA Member","Korea","Total_Catch_from_Somewhere_Else",289399
2016,"Non-PNA Member","Korea","Total_Catch_from_Somewhere_Else",299173
2017,"Non-PNA Member","Korea","Total_Catch_from_Somewhere_Else",265517
2018,"Non-PNA Member","Korea","Total_Catch_from_Somewhere_Else",289210
2019,"Non-PNA Member","Korea","Total_Catch_from_Somewhere_Else",344662
2020,"Non-PNA Member","Korea","Total_Catch_from_Somewhere_Else",277253
2021,"Non-PNA Member","Korea","Total_Catch_from_Somewhere_Else",255221
2022,"Non-PNA Member","Korea","Total_Catch_from_Somewhere_Else",254025
2023,"Non-PNA Member","Korea","Total_Catch_from_Somewhere_Else",266869
1997,"PNA Member","Marshall Islands","Total_Catch_from_Somewhere_Else",-5084
1998,"PNA Member","Marshall Islands","Total_Catch_from_Somewhere_Else",-92020
1999,"PNA Member","Marshall Islands","Total_Catch_from_Somewhere_Else",-32850
2000,"PNA Member","Marshall Islands","Total_Catch_from_Somewhere_Else",-26626
2001,"PNA Member","Marshall Islands","Total_Catch_from_Somewhere_Else",-26058
2002,"PNA Member","Marshall Islands","Total_Catch_from_Somewhere_Else",-2483
2003,"PNA Member","Marshall Islands","Total_Catch_from_Somewhere_Else",30377
2004,"PNA Member","Marshall Islands","Total_Catch_from_Somewhere_Else",27572
2005,"PNA Member","Marshall Islands","Total_Catch_from_Somewhere_Else",34140
2006,"PNA Member","Marshall Islands","Total_Catch_from_Somewhere_Else",23118
2007,"PNA Member","Marshall Islands","Total_Catch_from_Somewhere_Else",37429
2008,"PNA Member","Marshall Islands","Total_Catch_from_Somewhere_Else",3055
2009,"PNA Member","Marshall Islands","Total_Catch_from_Somewhere_Else",26987
2010,"PNA Member","Marshall Islands","Total_Catch_from_Somewhere_Else",30943
2011,"PNA Member","Marshall Islands","Total_Catch_from_Somewhere_Else",64607
2012,"PNA Member","Marshall Islands","Total_Catch_from_Somewhere_Else",40104
2013,"PNA Member","Marshall Islands","Total_Catch_from_Somewhere_Else",31429
2014,"PNA Member","Marshall Islands","Total_Catch_from_Somewhere_Else",-12758
2015,"PNA Member","Marshall Islands","Total_Catch_from_Somewhere_Else",49027
2016,"PNA Member","Marshall Islands","Total_Catch_from_Somewhere_Else",-28683
2017,"PNA Member","Marshall Islands","Total_Catch_from_Somewhere_Else",33866
2018,"PNA Member","Marshall Islands","Total_Catch_from_Somewhere_Else",37692
2019,"PNA Member","Marshall Islands","Total_Catch_from_Somewhere_Else",82770
2020,"PNA Member","Marshall Islands","Total_Catch_from_Somewhere_Else",35805
2021,"PNA Member","Marshall Islands","Total_Catch_from_Somewhere_Else",25530
2022,"PNA Member","Marshall Islands","Total_Catch_from_Somewhere_Else",42992
2023,"PNA Member","Marshall Islands","Total_Catch_from_Somewhere_Else",16905
1997,"Non-PNA Member","Mathew and Hunter","Total_Catch_from_Somewhere_Else",0
1998,"Non-PNA Member","Mathew and Hunter","Total_Catch_from_Somewhere_Else",0
1999,"Non-PNA Member","Mathew and Hunter","Total_Catch_from_Somewhere_Else",0
2000,"Non-PNA Member","Mathew and Hunter","Total_Catch_from_Somewhere_Else",0
2001,"Non-PNA Member","Mathew and Hunter","Total_Catch_from_Somewhere_Else",0
2002,"Non-PNA Member","Mathew and Hunter","Total_Catch_from_Somewhere_Else",0
2003,"Non-PNA Member","Mathew and Hunter","Total_Catch_from_Somewhere_Else",0
2004,"Non-PNA Member","Mathew and Hunter","Total_Catch_from_Somewhere_Else",0
2005,"Non-PNA Member","Mathew and Hunter","Total_Catch_from_Somewhere_Else",0
2006,"Non-PNA Member","Mathew and Hunter","Total_Catch_from_Somewhere_Else",0
2007,"Non-PNA Member","Mathew and Hunter","Total_Catch_from_Somewhere_Else",0
2008,"Non-PNA Member","Mathew and Hunter","Total_Catch_from_Somewhere_Else",0
2009,"Non-PNA Member","Mathew and Hunter","Total_Catch_from_Somewhere_Else",0
2010,"Non-PNA Member","Mathew and Hunter","Total_Catch_from_Somewhere_Else",0
2011,"Non-PNA Member","Mathew and Hunter","Total_Catch_from_Somewhere_Else",0
2012,"Non-PNA Member","Mathew and Hunter","Total_Catch_from_Somewhere_Else",0
2013,"Non-PNA Member","Mathew and Hunter","Total_Catch_from_Somewhere_Else",0
2014,"Non-PNA Member","Mathew and Hunter","Total_Catch_from_Somewhere_Else",0
2015,"Non-PNA Member","Mathew and Hunter","Total_Catch_from_Somewhere_Else",0
2016,"Non-PNA Member","Mathew and Hunter","Total_Catch_from_Somewhere_Else",0
2017,"Non-PNA Member","Mathew and Hunter","Total_Catch_from_Somewhere_Else",0
2018,"Non-PNA Member","Mathew and Hunter","Total_Catch_from_Somewhere_Else",0
2019,"Non-PNA Member","Mathew and Hunter","Total_Catch_from_Somewhere_Else",0
2020,"Non-PNA Member","Mathew and Hunter","Total_Catch_from_Somewhere_Else",0
2021,"Non-PNA Member","Mathew and Hunter","Total_Catch_from_Somewhere_Else",0
2022,"Non-PNA Member","Mathew and Hunter","Total_Catch_from_Somewhere_Else",0
2023,"Non-PNA Member","Mathew and Hunter","Total_Catch_from_Somewhere_Else",0
1997,"PNA Member","Nauru","Total_Catch_from_Somewhere_Else",-26294
1998,"PNA Member","Nauru","Total_Catch_from_Somewhere_Else",-43074
1999,"PNA Member","Nauru","Total_Catch_from_Somewhere_Else",-50688
2000,"PNA Member","Nauru","Total_Catch_from_Somewhere_Else",-68919
2001,"PNA Member","Nauru","Total_Catch_from_Somewhere_Else",-66638
2002,"PNA Member","Nauru","Total_Catch_from_Somewhere_Else",-126834
2003,"PNA Member","Nauru","Total_Catch_from_Somewhere_Else",-21583
2004,"PNA Member","Nauru","Total_Catch_from_Somewhere_Else",-64725
2005,"PNA Member","Nauru","Total_Catch_from_Somewhere_Else",-50694
2006,"PNA Member","Nauru","Total_Catch_from_Somewhere_Else",-56980
2007,"PNA Member","Nauru","Total_Catch_from_Somewhere_Else",-68450
2008,"PNA Member","Nauru","Total_Catch_from_Somewhere_Else",-64407
2009,"PNA Member","Nauru","Total_Catch_from_Somewhere_Else",-61968
2010,"PNA Member","Nauru","Total_Catch_from_Somewhere_Else",-109220
2011,"PNA Member","Nauru","Total_Catch_from_Somewhere_Else",-104040
2012,"PNA Member","Nauru","Total_Catch_from_Somewhere_Else",-50771
2013,"PNA Member","Nauru","Total_Catch_from_Somewhere_Else",-165345
2014,"PNA Member","Nauru","Total_Catch_from_Somewhere_Else",-184767
2015,"PNA Member","Nauru","Total_Catch_from_Somewhere_Else",-68914
2016,"PNA Member","Nauru","Total_Catch_from_Somewhere_Else",-119514
2017,"PNA Member","Nauru","Total_Catch_from_Somewhere_Else",-83112
2018,"PNA Member","Nauru","Total_Catch_from_Somewhere_Else",-164095
2019,"PNA Member","Nauru","Total_Catch_from_Somewhere_Else",-72434
2020,"PNA Member","Nauru","Total_Catch_from_Somewhere_Else",-43520
2021,"PNA Member","Nauru","Total_Catch_from_Somewhere_Else",-29420
2022,"PNA Member","Nauru","Total_Catch_from_Somewhere_Else",26030
2023,"PNA Member","Nauru","Total_Catch_from_Somewhere_Else",39486
1997,"Non-PNA Member","New Caledonia","Total_Catch_from_Somewhere_Else",50
1998,"Non-PNA Member","New Caledonia","Total_Catch_from_Somewhere_Else",46
1999,"Non-PNA Member","New Caledonia","Total_Catch_from_Somewhere_Else",48
2000,"Non-PNA Member","New Caledonia","Total_Catch_from_Somewhere_Else",9
2001,"Non-PNA Member","New Caledonia","Total_Catch_from_Somewhere_Else",5
2002,"Non-PNA Member","New Caledonia","Total_Catch_from_Somewhere_Else",1
2003,"Non-PNA Member","New Caledonia","Total_Catch_from_Somewhere_Else",5
2004,"Non-PNA Member","New Caledonia","Total_Catch_from_Somewhere_Else",28
2005,"Non-PNA Member","New Caledonia","Total_Catch_from_Somewhere_Else",5
2006,"Non-PNA Member","New Caledonia","Total_Catch_from_Somewhere_Else",5
2007,"Non-PNA Member","New Caledonia","Total_Catch_from_Somewhere_Else",6
2008,"Non-PNA Member","New Caledonia","Total_Catch_from_Somewhere_Else",11
2009,"Non-PNA Member","New Caledonia","Total_Catch_from_Somewhere_Else",9
2010,"Non-PNA Member","New Caledonia","Total_Catch_from_Somewhere_Else",7
2011,"Non-PNA Member","New Caledonia","Total_Catch_from_Somewhere_Else",2
2012,"Non-PNA Member","New Caledonia","Total_Catch_from_Somewhere_Else",5
2013,"Non-PNA Member","New Caledonia","Total_Catch_from_Somewhere_Else",23
2014,"Non-PNA Member","New Caledonia","Total_Catch_from_Somewhere_Else",3
2015,"Non-PNA Member","New Caledonia","Total_Catch_from_Somewhere_Else",7
2016,"Non-PNA Member","New Caledonia","Total_Catch_from_Somewhere_Else",2
2017,"Non-PNA Member","New Caledonia","Total_Catch_from_Somewhere_Else",19
2018,"Non-PNA Member","New Caledonia","Total_Catch_from_Somewhere_Else",10
2019,"Non-PNA Member","New Caledonia","Total_Catch_from_Somewhere_Else",3
2020,"Non-PNA Member","New Caledonia","Total_Catch_from_Somewhere_Else",1
2021,"Non-PNA Member","New Caledonia","Total_Catch_from_Somewhere_Else",35
2022,"Non-PNA Member","New Caledonia","Total_Catch_from_Somewhere_Else",26
2023,"Non-PNA Member","New Caledonia","Total_Catch_from_Somewhere_Else",6
1997,"Non-PNA Member","New Zealand","Total_Catch_from_Somewhere_Else",0
1998,"Non-PNA Member","New Zealand","Total_Catch_from_Somewhere_Else",-268
1999,"Non-PNA Member","New Zealand","Total_Catch_from_Somewhere_Else",-556
2000,"Non-PNA Member","New Zealand","Total_Catch_from_Somewhere_Else",1980
2001,"Non-PNA Member","New Zealand","Total_Catch_from_Somewhere_Else",7458
2002,"Non-PNA Member","New Zealand","Total_Catch_from_Somewhere_Else",28001
2003,"Non-PNA Member","New Zealand","Total_Catch_from_Somewhere_Else",20431
2004,"Non-PNA Member","New Zealand","Total_Catch_from_Somewhere_Else",18134
2005,"Non-PNA Member","New Zealand","Total_Catch_from_Somewhere_Else",13687
2006,"Non-PNA Member","New Zealand","Total_Catch_from_Somewhere_Else",22507
2007,"Non-PNA Member","New Zealand","Total_Catch_from_Somewhere_Else",27402
2008,"Non-PNA Member","New Zealand","Total_Catch_from_Somewhere_Else",22258
2009,"Non-PNA Member","New Zealand","Total_Catch_from_Somewhere_Else",24272
2010,"Non-PNA Member","New Zealand","Total_Catch_from_Somewhere_Else",17561
2011,"Non-PNA Member","New Zealand","Total_Catch_from_Somewhere_Else",12506
2012,"Non-PNA Member","New Zealand","Total_Catch_from_Somewhere_Else",11162
2013,"Non-PNA Member","New Zealand","Total_Catch_from_Somewhere_Else",12098
2014,"Non-PNA Member","New Zealand","Total_Catch_from_Somewhere_Else",10980
2015,"Non-PNA Member","New Zealand","Total_Catch_from_Somewhere_Else",7879
2016,"Non-PNA Member","New Zealand","Total_Catch_from_Somewhere_Else",5861
2017,"Non-PNA Member","New Zealand","Total_Catch_from_Somewhere_Else",3935
2018,"Non-PNA Member","New Zealand","Total_Catch_from_Somewhere_Else",3120
2019,"Non-PNA Member","New Zealand","Total_Catch_from_Somewhere_Else",4456
2020,"Non-PNA Member","New Zealand","Total_Catch_from_Somewhere_Else",1097
2021,"Non-PNA Member","New Zealand","Total_Catch_from_Somewhere_Else",0
2022,"Non-PNA Member","New Zealand","Total_Catch_from_Somewhere_Else",0
2023,"Non-PNA Member","New Zealand","Total_Catch_from_Somewhere_Else",0
1997,"Non-PNA Member","Niue","Total_Catch_from_Somewhere_Else",-94
1998,"Non-PNA Member","Niue","Total_Catch_from_Somewhere_Else",-3
1999,"Non-PNA Member","Niue","Total_Catch_from_Somewhere_Else",0
2000,"Non-PNA Member","Niue","Total_Catch_from_Somewhere_Else",0
2001,"Non-PNA Member","Niue","Total_Catch_from_Somewhere_Else",0
2002,"Non-PNA Member","Niue","Total_Catch_from_Somewhere_Else",-37
2003,"Non-PNA Member","Niue","Total_Catch_from_Somewhere_Else",0
2004,"Non-PNA Member","Niue","Total_Catch_from_Somewhere_Else",0
2005,"Non-PNA Member","Niue","Total_Catch_from_Somewhere_Else",0
2006,"Non-PNA Member","Niue","Total_Catch_from_Somewhere_Else",-59
2007,"Non-PNA Member","Niue","Total_Catch_from_Somewhere_Else",0
2008,"Non-PNA Member","Niue","Total_Catch_from_Somewhere_Else",0
2009,"Non-PNA Member","Niue","Total_Catch_from_Somewhere_Else",-105
2010,"Non-PNA Member","Niue","Total_Catch_from_Somewhere_Else",-112
2011,"Non-PNA Member","Niue","Total_Catch_from_Somewhere_Else",0
2012,"Non-PNA Member","Niue","Total_Catch_from_Somewhere_Else",0
2013,"Non-PNA Member","Niue","Total_Catch_from_Somewhere_Else",-421
2014,"Non-PNA Member","Niue","Total_Catch_from_Somewhere_Else",-269
2015,"Non-PNA Member","Niue","Total_Catch_from_Somewhere_Else",-263
2016,"Non-PNA Member","Niue","Total_Catch_from_Somewhere_Else",-103
2017,"Non-PNA Member","Niue","Total_Catch_from_Somewhere_Else",-17
2018,"Non-PNA Member","Niue","Total_Catch_from_Somewhere_Else",-423
2019,"Non-PNA Member","Niue","Total_Catch_from_Somewhere_Else",-468
2020,"Non-PNA Member","Niue","Total_Catch_from_Somewhere_Else",-226
2021,"Non-PNA Member","Niue","Total_Catch_from_Somewhere_Else",-22
2022,"Non-PNA Member","Niue","Total_Catch_from_Somewhere_Else",-1
2023,"Non-PNA Member","Niue","Total_Catch_from_Somewhere_Else",-1
1997,"Non-PNA Member","Northern Mariana Islands","Total_Catch_from_Somewhere_Else",0
1998,"Non-PNA Member","Northern Mariana Islands","Total_Catch_from_Somewhere_Else",0
1999,"Non-PNA Member","Northern Mariana Islands","Total_Catch_from_Somewhere_Else",0
2000,"Non-PNA Member","Northern Mariana Islands","Total_Catch_from_Somewhere_Else",0
2001,"Non-PNA Member","Northern Mariana Islands","Total_Catch_from_Somewhere_Else",0
2002,"Non-PNA Member","Northern Mariana Islands","Total_Catch_from_Somewhere_Else",0
2003,"Non-PNA Member","Northern Mariana Islands","Total_Catch_from_Somewhere_Else",0
2004,"Non-PNA Member","Northern Mariana Islands","Total_Catch_from_Somewhere_Else",0
2005,"Non-PNA Member","Northern Mariana Islands","Total_Catch_from_Somewhere_Else",0
2006,"Non-PNA Member","Northern Mariana Islands","Total_Catch_from_Somewhere_Else",0
2007,"Non-PNA Member","Northern Mariana Islands","Total_Catch_from_Somewhere_Else",0
2008,"Non-PNA Member","Northern Mariana Islands","Total_Catch_from_Somewhere_Else",0
2009,"Non-PNA Member","Northern Mariana Islands","Total_Catch_from_Somewhere_Else",0
2010,"Non-PNA Member","Northern Mariana Islands","Total_Catch_from_Somewhere_Else",0
2011,"Non-PNA Member","Northern Mariana Islands","Total_Catch_from_Somewhere_Else",0
2012,"Non-PNA Member","Northern Mariana Islands","Total_Catch_from_Somewhere_Else",0
2013,"Non-PNA Member","Northern Mariana Islands","Total_Catch_from_Somewhere_Else",0
2014,"Non-PNA Member","Northern Mariana Islands","Total_Catch_from_Somewhere_Else",0
2015,"Non-PNA Member","Northern Mariana Islands","Total_Catch_from_Somewhere_Else",0
2016,"Non-PNA Member","Northern Mariana Islands","Total_Catch_from_Somewhere_Else",0
2017,"Non-PNA Member","Northern Mariana Islands","Total_Catch_from_Somewhere_Else",0
2018,"Non-PNA Member","Northern Mariana Islands","Total_Catch_from_Somewhere_Else",0
2019,"Non-PNA Member","Northern Mariana Islands","Total_Catch_from_Somewhere_Else",0
2020,"Non-PNA Member","Northern Mariana Islands","Total_Catch_from_Somewhere_Else",0
2021,"Non-PNA Member","Northern Mariana Islands","Total_Catch_from_Somewhere_Else",0
2022,"Non-PNA Member","Northern Mariana Islands","Total_Catch_from_Somewhere_Else",0
2023,"Non-PNA Member","Northern Mariana Islands","Total_Catch_from_Somewhere_Else",0
1997,"PNA Member","Palau","Total_Catch_from_Somewhere_Else",-2736
1998,"PNA Member","Palau","Total_Catch_from_Somewhere_Else",-722
1999,"PNA Member","Palau","Total_Catch_from_Somewhere_Else",-1961
2000,"PNA Member","Palau","Total_Catch_from_Somewhere_Else",-1970
2001,"PNA Member","Palau","Total_Catch_from_Somewhere_Else",-1683
2002,"PNA Member","Palau","Total_Catch_from_Somewhere_Else",-820
2003,"PNA Member","Palau","Total_Catch_from_Somewhere_Else",-5112
2004,"PNA Member","Palau","Total_Catch_from_Somewhere_Else",-7021
2005,"PNA Member","Palau","Total_Catch_from_Somewhere_Else",-4740
2006,"PNA Member","Palau","Total_Catch_from_Somewhere_Else",-8664
2007,"PNA Member","Palau","Total_Catch_from_Somewhere_Else",-3794
2008,"PNA Member","Palau","Total_Catch_from_Somewhere_Else",-7747
2009,"PNA Member","Palau","Total_Catch_from_Somewhere_Else",-2180
2010,"PNA Member","Palau","Total_Catch_from_Somewhere_Else",-2945
2011,"PNA Member","Palau","Total_Catch_from_Somewhere_Else",-2910
2012,"PNA Member","Palau","Total_Catch_from_Somewhere_Else",-3923
2013,"PNA Member","Palau","Total_Catch_from_Somewhere_Else",-3209
2014,"PNA Member","Palau","Total_Catch_from_Somewhere_Else",-4995
2015,"PNA Member","Palau","Total_Catch_from_Somewhere_Else",-1575
2016,"PNA Member","Palau","Total_Catch_from_Somewhere_Else",-6135
2017,"PNA Member","Palau","Total_Catch_from_Somewhere_Else",-15603
2018,"PNA Member","Palau","Total_Catch_from_Somewhere_Else",-6621
2019,"PNA Member","Palau","Total_Catch_from_Somewhere_Else",-4146
2020,"PNA Member","Palau","Total_Catch_from_Somewhere_Else",-895
2021,"PNA Member","Palau","Total_Catch_from_Somewhere_Else",-1277
2022,"PNA Member","Palau","Total_Catch_from_Somewhere_Else",-729
2023,"PNA Member","Palau","Total_Catch_from_Somewhere_Else",-574
1997,"Non-PNA Member","Philippines","Total_Catch_from_Somewhere_Else",35005
1998,"Non-PNA Member","Philippines","Total_Catch_from_Somewhere_Else",43841
1999,"Non-PNA Member","Philippines","Total_Catch_from_Somewhere_Else",31280
2000,"Non-PNA Member","Philippines","Total_Catch_from_Somewhere_Else",35457
2001,"Non-PNA Member","Philippines","Total_Catch_from_Somewhere_Else",25696
2002,"Non-PNA Member","Philippines","Total_Catch_from_Somewhere_Else",28752
2003,"Non-PNA Member","Philippines","Total_Catch_from_Somewhere_Else",32103
2004,"Non-PNA Member","Philippines","Total_Catch_from_Somewhere_Else",35407
2005,"Non-PNA Member","Philippines","Total_Catch_from_Somewhere_Else",33038
2006,"Non-PNA Member","Philippines","Total_Catch_from_Somewhere_Else",34215
2007,"Non-PNA Member","Philippines","Total_Catch_from_Somewhere_Else",34218
2008,"Non-PNA Member","Philippines","Total_Catch_from_Somewhere_Else",49868
2009,"Non-PNA Member","Philippines","Total_Catch_from_Somewhere_Else",61023
2010,"Non-PNA Member","Philippines","Total_Catch_from_Somewhere_Else",73403
2011,"Non-PNA Member","Philippines","Total_Catch_from_Somewhere_Else",80814
2012,"Non-PNA Member","Philippines","Total_Catch_from_Somewhere_Else",112291
2013,"Non-PNA Member","Philippines","Total_Catch_from_Somewhere_Else",96995
2014,"Non-PNA Member","Philippines","Total_Catch_from_Somewhere_Else",132370
2015,"Non-PNA Member","Philippines","Total_Catch_from_Somewhere_Else",99764
2016,"Non-PNA Member","Philippines","Total_Catch_from_Somewhere_Else",93910
2017,"Non-PNA Member","Philippines","Total_Catch_from_Somewhere_Else",54062
2018,"Non-PNA Member","Philippines","Total_Catch_from_Somewhere_Else",32874
2019,"Non-PNA Member","Philippines","Total_Catch_from_Somewhere_Else",29285
2020,"Non-PNA Member","Philippines","Total_Catch_from_Somewhere_Else",60076
2021,"Non-PNA Member","Philippines","Total_Catch_from_Somewhere_Else",20997
2022,"Non-PNA Member","Philippines","Total_Catch_from_Somewhere_Else",21259
2023,"Non-PNA Member","Philippines","Total_Catch_from_Somewhere_Else",21137
1997,"PNA Member","PNG","Total_Catch_from_Somewhere_Else",-154024
1998,"PNA Member","PNG","Total_Catch_from_Somewhere_Else",-106811
1999,"PNA Member","PNG","Total_Catch_from_Somewhere_Else",-71871
2000,"PNA Member","PNG","Total_Catch_from_Somewhere_Else",-208315
2001,"PNA Member","PNG","Total_Catch_from_Somewhere_Else",-68800
2002,"PNA Member","PNG","Total_Catch_from_Somewhere_Else",-50661
2003,"PNA Member","PNG","Total_Catch_from_Somewhere_Else",-247335
2004,"PNA Member","PNG","Total_Catch_from_Somewhere_Else",-126269
2005,"PNA Member","PNG","Total_Catch_from_Somewhere_Else",-84766
2006,"PNA Member","PNG","Total_Catch_from_Somewhere_Else",-213289
2007,"PNA Member","PNG","Total_Catch_from_Somewhere_Else",-241693
2008,"PNA Member","PNG","Total_Catch_from_Somewhere_Else",-282745
2009,"PNA Member","PNG","Total_Catch_from_Somewhere_Else",-276150
2010,"PNA Member","PNG","Total_Catch_from_Somewhere_Else",-527426
2011,"PNA Member","PNG","Total_Catch_from_Somewhere_Else",-460340
2012,"PNA Member","PNG","Total_Catch_from_Somewhere_Else",-350375
2013,"PNA Member","PNG","Total_Catch_from_Somewhere_Else",-397259
2014,"PNA Member","PNG","Total_Catch_from_Somewhere_Else",-108611
2015,"PNA Member","PNG","Total_Catch_from_Somewhere_Else",24999
2016,"PNA Member","PNG","Total_Catch_from_Somewhere_Else",-48944
2017,"PNA Member","PNG","Total_Catch_from_Somewhere_Else",-83666
2018,"PNA Member","PNG","Total_Catch_from_Somewhere_Else",-62733
2019,"PNA Member","PNG","Total_Catch_from_Somewhere_Else",-113829
2020,"PNA Member","PNG","Total_Catch_from_Somewhere_Else",-284878
2021,"PNA Member","PNG","Total_Catch_from_Somewhere_Else",-312252
2022,"PNA Member","PNG","Total_Catch_from_Somewhere_Else",-492728
2023,"PNA Member","PNG","Total_Catch_from_Somewhere_Else",-244696
1997,"Non-PNA Member","Portugal","Total_Catch_from_Somewhere_Else",0
1998,"Non-PNA Member","Portugal","Total_Catch_from_Somewhere_Else",0
1999,"Non-PNA Member","Portugal","Total_Catch_from_Somewhere_Else",0
2000,"Non-PNA Member","Portugal","Total_Catch_from_Somewhere_Else",0
2001,"Non-PNA Member","Portugal","Total_Catch_from_Somewhere_Else",0
2002,"Non-PNA Member","Portugal","Total_Catch_from_Somewhere_Else",0
2003,"Non-PNA Member","Portugal","Total_Catch_from_Somewhere_Else",0
2004,"Non-PNA Member","Portugal","Total_Catch_from_Somewhere_Else",0
2005,"Non-PNA Member","Portugal","Total_Catch_from_Somewhere_Else",0
2006,"Non-PNA Member","Portugal","Total_Catch_from_Somewhere_Else",0
2007,"Non-PNA Member","Portugal","Total_Catch_from_Somewhere_Else",0
2008,"Non-PNA Member","Portugal","Total_Catch_from_Somewhere_Else",0
2009,"Non-PNA Member","Portugal","Total_Catch_from_Somewhere_Else",0
2010,"Non-PNA Member","Portugal","Total_Catch_from_Somewhere_Else",0
2011,"Non-PNA Member","Portugal","Total_Catch_from_Somewhere_Else",0
2012,"Non-PNA Member","Portugal","Total_Catch_from_Somewhere_Else",0
2013,"Non-PNA Member","Portugal","Total_Catch_from_Somewhere_Else",0
2014,"Non-PNA Member","Portugal","Total_Catch_from_Somewhere_Else",0
2015,"Non-PNA Member","Portugal","Total_Catch_from_Somewhere_Else",0
2016,"Non-PNA Member","Portugal","Total_Catch_from_Somewhere_Else",0
2017,"Non-PNA Member","Portugal","Total_Catch_from_Somewhere_Else",0
2018,"Non-PNA Member","Portugal","Total_Catch_from_Somewhere_Else",0
2019,"Non-PNA Member","Portugal","Total_Catch_from_Somewhere_Else",0
2020,"Non-PNA Member","Portugal","Total_Catch_from_Somewhere_Else",0
2021,"Non-PNA Member","Portugal","Total_Catch_from_Somewhere_Else",0
2022,"Non-PNA Member","Portugal","Total_Catch_from_Somewhere_Else",0
2023,"Non-PNA Member","Portugal","Total_Catch_from_Somewhere_Else",0
1997,"Non-PNA Member","Samoa","Total_Catch_from_Somewhere_Else",0
1998,"Non-PNA Member","Samoa","Total_Catch_from_Somewhere_Else",0
1999,"Non-PNA Member","Samoa","Total_Catch_from_Somewhere_Else",-277
2000,"Non-PNA Member","Samoa","Total_Catch_from_Somewhere_Else",-200
2001,"Non-PNA Member","Samoa","Total_Catch_from_Somewhere_Else",-30
2002,"Non-PNA Member","Samoa","Total_Catch_from_Somewhere_Else",-71
2003,"Non-PNA Member","Samoa","Total_Catch_from_Somewhere_Else",0
2004,"Non-PNA Member","Samoa","Total_Catch_from_Somewhere_Else",0
2005,"Non-PNA Member","Samoa","Total_Catch_from_Somewhere_Else",0
2006,"Non-PNA Member","Samoa","Total_Catch_from_Somewhere_Else",0
2007,"Non-PNA Member","Samoa","Total_Catch_from_Somewhere_Else",-3
2008,"Non-PNA Member","Samoa","Total_Catch_from_Somewhere_Else",-127
2009,"Non-PNA Member","Samoa","Total_Catch_from_Somewhere_Else",-150
2010,"Non-PNA Member","Samoa","Total_Catch_from_Somewhere_Else",-257
2011,"Non-PNA Member","Samoa","Total_Catch_from_Somewhere_Else",-820
2012,"Non-PNA Member","Samoa","Total_Catch_from_Somewhere_Else",-904
2013,"Non-PNA Member","Samoa","Total_Catch_from_Somewhere_Else",-30
2014,"Non-PNA Member","Samoa","Total_Catch_from_Somewhere_Else",-285
2015,"Non-PNA Member","Samoa","Total_Catch_from_Somewhere_Else",-1079
2016,"Non-PNA Member","Samoa","Total_Catch_from_Somewhere_Else",-2267
2017,"Non-PNA Member","Samoa","Total_Catch_from_Somewhere_Else",781
2018,"Non-PNA Member","Samoa","Total_Catch_from_Somewhere_Else",346
2019,"Non-PNA Member","Samoa","Total_Catch_from_Somewhere_Else",1647
2020,"Non-PNA Member","Samoa","Total_Catch_from_Somewhere_Else",466
2021,"Non-PNA Member","Samoa","Total_Catch_from_Somewhere_Else",256
2022,"Non-PNA Member","Samoa","Total_Catch_from_Somewhere_Else",969
2023,"Non-PNA Member","Samoa","Total_Catch_from_Somewhere_Else",1248
1997,"Non-PNA Member","Senegal","Total_Catch_from_Somewhere_Else",0
1998,"Non-PNA Member","Senegal","Total_Catch_from_Somewhere_Else",0
1999,"Non-PNA Member","Senegal","Total_Catch_from_Somewhere_Else",0
2000,"Non-PNA Member","Senegal","Total_Catch_from_Somewhere_Else",0
2001,"Non-PNA Member","Senegal","Total_Catch_from_Somewhere_Else",0
2002,"Non-PNA Member","Senegal","Total_Catch_from_Somewhere_Else",0
2003,"Non-PNA Member","Senegal","Total_Catch_from_Somewhere_Else",0
2004,"Non-PNA Member","Senegal","Total_Catch_from_Somewhere_Else",0
2005,"Non-PNA Member","Senegal","Total_Catch_from_Somewhere_Else",0
2006,"Non-PNA Member","Senegal","Total_Catch_from_Somewhere_Else",0
2007,"Non-PNA Member","Senegal","Total_Catch_from_Somewhere_Else",0
2008,"Non-PNA Member","Senegal","Total_Catch_from_Somewhere_Else",0
2009,"Non-PNA Member","Senegal","Total_Catch_from_Somewhere_Else",0
2010,"Non-PNA Member","Senegal","Total_Catch_from_Somewhere_Else",0
2011,"Non-PNA Member","Senegal","Total_Catch_from_Somewhere_Else",0
2012,"Non-PNA Member","Senegal","Total_Catch_from_Somewhere_Else",0
2013,"Non-PNA Member","Senegal","Total_Catch_from_Somewhere_Else",0
2014,"Non-PNA Member","Senegal","Total_Catch_from_Somewhere_Else",0
2015,"Non-PNA Member","Senegal","Total_Catch_from_Somewhere_Else",0
2016,"Non-PNA Member","Senegal","Total_Catch_from_Somewhere_Else",0
2017,"Non-PNA Member","Senegal","Total_Catch_from_Somewhere_Else",0
2018,"Non-PNA Member","Senegal","Total_Catch_from_Somewhere_Else",0
2019,"Non-PNA Member","Senegal","Total_Catch_from_Somewhere_Else",0
2020,"Non-PNA Member","Senegal","Total_Catch_from_Somewhere_Else",0
2021,"Non-PNA Member","Senegal","Total_Catch_from_Somewhere_Else",0
2022,"Non-PNA Member","Senegal","Total_Catch_from_Somewhere_Else",0
2023,"Non-PNA Member","Senegal","Total_Catch_from_Somewhere_Else",0
1997,"PNA Member","Solomon  Islands","Total_Catch_from_Somewhere_Else",-17733
1998,"PNA Member","Solomon  Islands","Total_Catch_from_Somewhere_Else",-119345
1999,"PNA Member","Solomon  Islands","Total_Catch_from_Somewhere_Else",-2842
2000,"PNA Member","Solomon  Islands","Total_Catch_from_Somewhere_Else",3257
2001,"PNA Member","Solomon  Islands","Total_Catch_from_Somewhere_Else",-19646
2002,"PNA Member","Solomon  Islands","Total_Catch_from_Somewhere_Else",-7069
2003,"PNA Member","Solomon  Islands","Total_Catch_from_Somewhere_Else",-42377
2004,"PNA Member","Solomon  Islands","Total_Catch_from_Somewhere_Else",-95691
2005,"PNA Member","Solomon  Islands","Total_Catch_from_Somewhere_Else",-79414
2006,"PNA Member","Solomon  Islands","Total_Catch_from_Somewhere_Else",-103700
2007,"PNA Member","Solomon  Islands","Total_Catch_from_Somewhere_Else",-100564
2008,"PNA Member","Solomon  Islands","Total_Catch_from_Somewhere_Else",-126833
2009,"PNA Member","Solomon  Islands","Total_Catch_from_Somewhere_Else",-123967
2010,"PNA Member","Solomon  Islands","Total_Catch_from_Somewhere_Else",-154081
2011,"PNA Member","Solomon  Islands","Total_Catch_from_Somewhere_Else",-149653
2012,"PNA Member","Solomon  Islands","Total_Catch_from_Somewhere_Else",-69283
2013,"PNA Member","Solomon  Islands","Total_Catch_from_Somewhere_Else",-105300
2014,"PNA Member","Solomon  Islands","Total_Catch_from_Somewhere_Else",-27283
2015,"PNA Member","Solomon  Islands","Total_Catch_from_Somewhere_Else",-64757
2016,"PNA Member","Solomon  Islands","Total_Catch_from_Somewhere_Else",-104149
2017,"PNA Member","Solomon  Islands","Total_Catch_from_Somewhere_Else",-125245
2018,"PNA Member","Solomon  Islands","Total_Catch_from_Somewhere_Else",-28250
2019,"PNA Member","Solomon  Islands","Total_Catch_from_Somewhere_Else",-6716
2020,"PNA Member","Solomon  Islands","Total_Catch_from_Somewhere_Else",-68264
2021,"PNA Member","Solomon  Islands","Total_Catch_from_Somewhere_Else",-72252
2022,"PNA Member","Solomon  Islands","Total_Catch_from_Somewhere_Else",-107876
2023,"PNA Member","Solomon  Islands","Total_Catch_from_Somewhere_Else",-21455
1997,"Non-PNA Member","Spain","Total_Catch_from_Somewhere_Else",0
1998,"Non-PNA Member","Spain","Total_Catch_from_Somewhere_Else",0
1999,"Non-PNA Member","Spain","Total_Catch_from_Somewhere_Else",0
2000,"Non-PNA Member","Spain","Total_Catch_from_Somewhere_Else",0
2001,"Non-PNA Member","Spain","Total_Catch_from_Somewhere_Else",0
2002,"Non-PNA Member","Spain","Total_Catch_from_Somewhere_Else",0
2003,"Non-PNA Member","Spain","Total_Catch_from_Somewhere_Else",0
2004,"Non-PNA Member","Spain","Total_Catch_from_Somewhere_Else",0
2005,"Non-PNA Member","Spain","Total_Catch_from_Somewhere_Else",0
2006,"Non-PNA Member","Spain","Total_Catch_from_Somewhere_Else",0
2007,"Non-PNA Member","Spain","Total_Catch_from_Somewhere_Else",0
2008,"Non-PNA Member","Spain","Total_Catch_from_Somewhere_Else",0
2009,"Non-PNA Member","Spain","Total_Catch_from_Somewhere_Else",0
2010,"Non-PNA Member","Spain","Total_Catch_from_Somewhere_Else",0
2011,"Non-PNA Member","Spain","Total_Catch_from_Somewhere_Else",0
2012,"Non-PNA Member","Spain","Total_Catch_from_Somewhere_Else",0
2013,"Non-PNA Member","Spain","Total_Catch_from_Somewhere_Else",0
2014,"Non-PNA Member","Spain","Total_Catch_from_Somewhere_Else",0
2015,"Non-PNA Member","Spain","Total_Catch_from_Somewhere_Else",0
2016,"Non-PNA Member","Spain","Total_Catch_from_Somewhere_Else",0
2017,"Non-PNA Member","Spain","Total_Catch_from_Somewhere_Else",0
2018,"Non-PNA Member","Spain","Total_Catch_from_Somewhere_Else",0
2019,"Non-PNA Member","Spain","Total_Catch_from_Somewhere_Else",0
2020,"Non-PNA Member","Spain","Total_Catch_from_Somewhere_Else",0
2021,"Non-PNA Member","Spain","Total_Catch_from_Somewhere_Else",0
2022,"Non-PNA Member","Spain","Total_Catch_from_Somewhere_Else",0
2023,"Non-PNA Member","Spain","Total_Catch_from_Somewhere_Else",0
1997,"Non-PNA Member","Taiwan","Total_Catch_from_Somewhere_Else",215499
1998,"Non-PNA Member","Taiwan","Total_Catch_from_Somewhere_Else",305352
1999,"Non-PNA Member","Taiwan","Total_Catch_from_Somewhere_Else",251029
2000,"Non-PNA Member","Taiwan","Total_Catch_from_Somewhere_Else",279193
2001,"Non-PNA Member","Taiwan","Total_Catch_from_Somewhere_Else",284430
2002,"Non-PNA Member","Taiwan","Total_Catch_from_Somewhere_Else",317310
2003,"Non-PNA Member","Taiwan","Total_Catch_from_Somewhere_Else",256557
2004,"Non-PNA Member","Taiwan","Total_Catch_from_Somewhere_Else",258567
2005,"Non-PNA Member","Taiwan","Total_Catch_from_Somewhere_Else",243928
2006,"Non-PNA Member","Taiwan","Total_Catch_from_Somewhere_Else",254374
2007,"Non-PNA Member","Taiwan","Total_Catch_from_Somewhere_Else",274957
2008,"Non-PNA Member","Taiwan","Total_Catch_from_Somewhere_Else",244720
2009,"Non-PNA Member","Taiwan","Total_Catch_from_Somewhere_Else",239507
2010,"Non-PNA Member","Taiwan","Total_Catch_from_Somewhere_Else",253638
2011,"Non-PNA Member","Taiwan","Total_Catch_from_Somewhere_Else",225136
2012,"Non-PNA Member","Taiwan","Total_Catch_from_Somewhere_Else",243181
2013,"Non-PNA Member","Taiwan","Total_Catch_from_Somewhere_Else",255937
2014,"Non-PNA Member","Taiwan","Total_Catch_from_Somewhere_Else",270846
2015,"Non-PNA Member","Taiwan","Total_Catch_from_Somewhere_Else",229247
2016,"Non-PNA Member","Taiwan","Total_Catch_from_Somewhere_Else",231600
2017,"Non-PNA Member","Taiwan","Total_Catch_from_Somewhere_Else",220798
2018,"Non-PNA Member","Taiwan","Total_Catch_from_Somewhere_Else",237460
2019,"Non-PNA Member","Taiwan","Total_Catch_from_Somewhere_Else",284919
2020,"Non-PNA Member","Taiwan","Total_Catch_from_Somewhere_Else",211690
2021,"Non-PNA Member","Taiwan","Total_Catch_from_Somewhere_Else",246073
2022,"Non-PNA Member","Taiwan","Total_Catch_from_Somewhere_Else",251197
2023,"Non-PNA Member","Taiwan","Total_Catch_from_Somewhere_Else",213624
1997,"PNA Member","Tokelau","Total_Catch_from_Somewhere_Else",-100
1998,"PNA Member","Tokelau","Total_Catch_from_Somewhere_Else",-2047
1999,"PNA Member","Tokelau","Total_Catch_from_Somewhere_Else",-2051
2000,"PNA Member","Tokelau","Total_Catch_from_Somewhere_Else",-5651
2001,"PNA Member","Tokelau","Total_Catch_from_Somewhere_Else",-1314
2002,"PNA Member","Tokelau","Total_Catch_from_Somewhere_Else",-6770
2003,"PNA Member","Tokelau","Total_Catch_from_Somewhere_Else",-81
2004,"PNA Member","Tokelau","Total_Catch_from_Somewhere_Else",-994
2005,"PNA Member","Tokelau","Total_Catch_from_Somewhere_Else",-4848
2006,"PNA Member","Tokelau","Total_Catch_from_Somewhere_Else",-1082
2007,"PNA Member","Tokelau","Total_Catch_from_Somewhere_Else",-894
2008,"PNA Member","Tokelau","Total_Catch_from_Somewhere_Else",-3936
2009,"PNA Member","Tokelau","Total_Catch_from_Somewhere_Else",-7256
2010,"PNA Member","Tokelau","Total_Catch_from_Somewhere_Else",-3989
2011,"PNA Member","Tokelau","Total_Catch_from_Somewhere_Else",-20257
2012,"PNA Member","Tokelau","Total_Catch_from_Somewhere_Else",-21006
2013,"PNA Member","Tokelau","Total_Catch_from_Somewhere_Else",-15671
2014,"PNA Member","Tokelau","Total_Catch_from_Somewhere_Else",-26897
2015,"PNA Member","Tokelau","Total_Catch_from_Somewhere_Else",-47441
2016,"PNA Member","Tokelau","Total_Catch_from_Somewhere_Else",-8602
2017,"PNA Member","Tokelau","Total_Catch_from_Somewhere_Else",-36219
2018,"PNA Member","Tokelau","Total_Catch_from_Somewhere_Else",-39553
2019,"PNA Member","Tokelau","Total_Catch_from_Somewhere_Else",-8997
2020,"PNA Member","Tokelau","Total_Catch_from_Somewhere_Else",-18411
2021,"PNA Member","Tokelau","Total_Catch_from_Somewhere_Else",-6901
2022,"PNA Member","Tokelau","Total_Catch_from_Somewhere_Else",-5436
2023,"PNA Member","Tokelau","Total_Catch_from_Somewhere_Else",-5478
1997,"Non-PNA Member","Tonga","Total_Catch_from_Somewhere_Else",0
1998,"Non-PNA Member","Tonga","Total_Catch_from_Somewhere_Else",8
1999,"Non-PNA Member","Tonga","Total_Catch_from_Somewhere_Else",9
2000,"Non-PNA Member","Tonga","Total_Catch_from_Somewhere_Else",3
2001,"Non-PNA Member","Tonga","Total_Catch_from_Somewhere_Else",181
2002,"Non-PNA Member","Tonga","Total_Catch_from_Somewhere_Else",420
2003,"Non-PNA Member","Tonga","Total_Catch_from_Somewhere_Else",319
2004,"Non-PNA Member","Tonga","Total_Catch_from_Somewhere_Else",-39
2005,"Non-PNA Member","Tonga","Total_Catch_from_Somewhere_Else",31
2006,"Non-PNA Member","Tonga","Total_Catch_from_Somewhere_Else",6
2007,"Non-PNA Member","Tonga","Total_Catch_from_Somewhere_Else",39
2008,"Non-PNA Member","Tonga","Total_Catch_from_Somewhere_Else",0
2009,"Non-PNA Member","Tonga","Total_Catch_from_Somewhere_Else",0
2010,"Non-PNA Member","Tonga","Total_Catch_from_Somewhere_Else",0
2011,"Non-PNA Member","Tonga","Total_Catch_from_Somewhere_Else",-20
2012,"Non-PNA Member","Tonga","Total_Catch_from_Somewhere_Else",-1175
2013,"Non-PNA Member","Tonga","Total_Catch_from_Somewhere_Else",-2200
2014,"Non-PNA Member","Tonga","Total_Catch_from_Somewhere_Else",-493
2015,"Non-PNA Member","Tonga","Total_Catch_from_Somewhere_Else",-1378
2016,"Non-PNA Member","Tonga","Total_Catch_from_Somewhere_Else",-2436
2017,"Non-PNA Member","Tonga","Total_Catch_from_Somewhere_Else",-1843
2018,"Non-PNA Member","Tonga","Total_Catch_from_Somewhere_Else",-1165
2019,"Non-PNA Member","Tonga","Total_Catch_from_Somewhere_Else",-2154
2020,"Non-PNA Member","Tonga","Total_Catch_from_Somewhere_Else",-1787
2021,"Non-PNA Member","Tonga","Total_Catch_from_Somewhere_Else",-1802
2022,"Non-PNA Member","Tonga","Total_Catch_from_Somewhere_Else",-1509
2023,"Non-PNA Member","Tonga","Total_Catch_from_Somewhere_Else",-2398
1997,"PNA Member","Tuvalu","Total_Catch_from_Somewhere_Else",-7288
1998,"PNA Member","Tuvalu","Total_Catch_from_Somewhere_Else",-44070
1999,"PNA Member","Tuvalu","Total_Catch_from_Somewhere_Else",-37182
2000,"PNA Member","Tuvalu","Total_Catch_from_Somewhere_Else",-42401
2001,"PNA Member","Tuvalu","Total_Catch_from_Somewhere_Else",-22375
2002,"PNA Member","Tuvalu","Total_Catch_from_Somewhere_Else",-29778
2003,"PNA Member","Tuvalu","Total_Catch_from_Somewhere_Else",-4026
2004,"PNA Member","Tuvalu","Total_Catch_from_Somewhere_Else",-20974
2005,"PNA Member","Tuvalu","Total_Catch_from_Somewhere_Else",-15288
2006,"PNA Member","Tuvalu","Total_Catch_from_Somewhere_Else",-16077
2007,"PNA Member","Tuvalu","Total_Catch_from_Somewhere_Else",-46183
2008,"PNA Member","Tuvalu","Total_Catch_from_Somewhere_Else",-42808
2009,"PNA Member","Tuvalu","Total_Catch_from_Somewhere_Else",-62110
2010,"PNA Member","Tuvalu","Total_Catch_from_Somewhere_Else",-57184
2011,"PNA Member","Tuvalu","Total_Catch_from_Somewhere_Else",-52549
2012,"PNA Member","Tuvalu","Total_Catch_from_Somewhere_Else",-55410
2013,"PNA Member","Tuvalu","Total_Catch_from_Somewhere_Else",-45121
2014,"PNA Member","Tuvalu","Total_Catch_from_Somewhere_Else",-92788
2015,"PNA Member","Tuvalu","Total_Catch_from_Somewhere_Else",-71800
2016,"PNA Member","Tuvalu","Total_Catch_from_Somewhere_Else",-117557
2017,"PNA Member","Tuvalu","Total_Catch_from_Somewhere_Else",-51172
2018,"PNA Member","Tuvalu","Total_Catch_from_Somewhere_Else",-78373
2019,"PNA Member","Tuvalu","Total_Catch_from_Somewhere_Else",-114298
2020,"PNA Member","Tuvalu","Total_Catch_from_Somewhere_Else",-79972
2021,"PNA Member","Tuvalu","Total_Catch_from_Somewhere_Else",-49162
2022,"PNA Member","Tuvalu","Total_Catch_from_Somewhere_Else",-19695
2023,"PNA Member","Tuvalu","Total_Catch_from_Somewhere_Else",26436
1997,"Non-PNA Member","US","Total_Catch_from_Somewhere_Else",0
1998,"Non-PNA Member","US","Total_Catch_from_Somewhere_Else",0
1999,"Non-PNA Member","US","Total_Catch_from_Somewhere_Else",0
2000,"Non-PNA Member","US","Total_Catch_from_Somewhere_Else",0
2001,"Non-PNA Member","US","Total_Catch_from_Somewhere_Else",0
2002,"Non-PNA Member","US","Total_Catch_from_Somewhere_Else",0
2003,"Non-PNA Member","US","Total_Catch_from_Somewhere_Else",0
2004,"Non-PNA Member","US","Total_Catch_from_Somewhere_Else",0
2005,"Non-PNA Member","US","Total_Catch_from_Somewhere_Else",0
2006,"Non-PNA Member","US","Total_Catch_from_Somewhere_Else",0
2007,"Non-PNA Member","US","Total_Catch_from_Somewhere_Else",0
2008,"Non-PNA Member","US","Total_Catch_from_Somewhere_Else",0
2009,"Non-PNA Member","US","Total_Catch_from_Somewhere_Else",0
2010,"Non-PNA Member","US","Total_Catch_from_Somewhere_Else",0
2011,"Non-PNA Member","US","Total_Catch_from_Somewhere_Else",0
2012,"Non-PNA Member","US","Total_Catch_from_Somewhere_Else",0
2013,"Non-PNA Member","US","Total_Catch_from_Somewhere_Else",0
2014,"Non-PNA Member","US","Total_Catch_from_Somewhere_Else",0
2015,"Non-PNA Member","US","Total_Catch_from_Somewhere_Else",0
2016,"Non-PNA Member","US","Total_Catch_from_Somewhere_Else",0
2017,"Non-PNA Member","US","Total_Catch_from_Somewhere_Else",0
2018,"Non-PNA Member","US","Total_Catch_from_Somewhere_Else",0
2019,"Non-PNA Member","US","Total_Catch_from_Somewhere_Else",0
2020,"Non-PNA Member","US","Total_Catch_from_Somewhere_Else",0
2021,"Non-PNA Member","US","Total_Catch_from_Somewhere_Else",0
2022,"Non-PNA Member","US","Total_Catch_from_Somewhere_Else",0
2023,"Non-PNA Member","US","Total_Catch_from_Somewhere_Else",0
1997,"Non-PNA Member","US (includes territories, ex Am Samoa)","Total_Catch_from_Somewhere_Else",0
1998,"Non-PNA Member","US (includes territories, ex Am Samoa)","Total_Catch_from_Somewhere_Else",0
1999,"Non-PNA Member","US (includes territories, ex Am Samoa)","Total_Catch_from_Somewhere_Else",0
2000,"Non-PNA Member","US (includes territories, ex Am Samoa)","Total_Catch_from_Somewhere_Else",0
2001,"Non-PNA Member","US (includes territories, ex Am Samoa)","Total_Catch_from_Somewhere_Else",0
2002,"Non-PNA Member","US (includes territories, ex Am Samoa)","Total_Catch_from_Somewhere_Else",0
2003,"Non-PNA Member","US (includes territories, ex Am Samoa)","Total_Catch_from_Somewhere_Else",0
2004,"Non-PNA Member","US (includes territories, ex Am Samoa)","Total_Catch_from_Somewhere_Else",0
2005,"Non-PNA Member","US (includes territories, ex Am Samoa)","Total_Catch_from_Somewhere_Else",0
2006,"Non-PNA Member","US (includes territories, ex Am Samoa)","Total_Catch_from_Somewhere_Else",0
2007,"Non-PNA Member","US (includes territories, ex Am Samoa)","Total_Catch_from_Somewhere_Else",0
2008,"Non-PNA Member","US (includes territories, ex Am Samoa)","Total_Catch_from_Somewhere_Else",0
2009,"Non-PNA Member","US (includes territories, ex Am Samoa)","Total_Catch_from_Somewhere_Else",0
2010,"Non-PNA Member","US (includes territories, ex Am Samoa)","Total_Catch_from_Somewhere_Else",0
2011,"Non-PNA Member","US (includes territories, ex Am Samoa)","Total_Catch_from_Somewhere_Else",0
2012,"Non-PNA Member","US (includes territories, ex Am Samoa)","Total_Catch_from_Somewhere_Else",0
2013,"Non-PNA Member","US (includes territories, ex Am Samoa)","Total_Catch_from_Somewhere_Else",0
2014,"Non-PNA Member","US (includes territories, ex Am Samoa)","Total_Catch_from_Somewhere_Else",0
2015,"Non-PNA Member","US (includes territories, ex Am Samoa)","Total_Catch_from_Somewhere_Else",0
2016,"Non-PNA Member","US (includes territories, ex Am Samoa)","Total_Catch_from_Somewhere_Else",0
2017,"Non-PNA Member","US (includes territories, ex Am Samoa)","Total_Catch_from_Somewhere_Else",0
2018,"Non-PNA Member","US (includes territories, ex Am Samoa)","Total_Catch_from_Somewhere_Else",0
2019,"Non-PNA Member","US (includes territories, ex Am Samoa)","Total_Catch_from_Somewhere_Else",0
2020,"Non-PNA Member","US (includes territories, ex Am Samoa)","Total_Catch_from_Somewhere_Else",0
2021,"Non-PNA Member","US (includes territories, ex Am Samoa)","Total_Catch_from_Somewhere_Else",0
2022,"Non-PNA Member","US (includes territories, ex Am Samoa)","Total_Catch_from_Somewhere_Else",0
2023,"Non-PNA Member","US (includes territories, ex Am Samoa)","Total_Catch_from_Somewhere_Else",0
1997,"Non-PNA Member","US (includes territories, incl Am Samoa)","Total_Catch_from_Somewhere_Else",0
1998,"Non-PNA Member","US (includes territories, incl Am Samoa)","Total_Catch_from_Somewhere_Else",0
1999,"Non-PNA Member","US (includes territories, incl Am Samoa)","Total_Catch_from_Somewhere_Else",0
2000,"Non-PNA Member","US (includes territories, incl Am Samoa)","Total_Catch_from_Somewhere_Else",0
2001,"Non-PNA Member","US (includes territories, incl Am Samoa)","Total_Catch_from_Somewhere_Else",0
2002,"Non-PNA Member","US (includes territories, incl Am Samoa)","Total_Catch_from_Somewhere_Else",0
2003,"Non-PNA Member","US (includes territories, incl Am Samoa)","Total_Catch_from_Somewhere_Else",0
2004,"Non-PNA Member","US (includes territories, incl Am Samoa)","Total_Catch_from_Somewhere_Else",0
2005,"Non-PNA Member","US (includes territories, incl Am Samoa)","Total_Catch_from_Somewhere_Else",0
2006,"Non-PNA Member","US (includes territories, incl Am Samoa)","Total_Catch_from_Somewhere_Else",0
2007,"Non-PNA Member","US (includes territories, incl Am Samoa)","Total_Catch_from_Somewhere_Else",0
2008,"Non-PNA Member","US (includes territories, incl Am Samoa)","Total_Catch_from_Somewhere_Else",0
2009,"Non-PNA Member","US (includes territories, incl Am Samoa)","Total_Catch_from_Somewhere_Else",0
2010,"Non-PNA Member","US (includes territories, incl Am Samoa)","Total_Catch_from_Somewhere_Else",0
2011,"Non-PNA Member","US (includes territories, incl Am Samoa)","Total_Catch_from_Somewhere_Else",0
2012,"Non-PNA Member","US (includes territories, incl Am Samoa)","Total_Catch_from_Somewhere_Else",0
2013,"Non-PNA Member","US (includes territories, incl Am Samoa)","Total_Catch_from_Somewhere_Else",0
2014,"Non-PNA Member","US (includes territories, incl Am Samoa)","Total_Catch_from_Somewhere_Else",0
2015,"Non-PNA Member","US (includes territories, incl Am Samoa)","Total_Catch_from_Somewhere_Else",0
2016,"Non-PNA Member","US (includes territories, incl Am Samoa)","Total_Catch_from_Somewhere_Else",0
2017,"Non-PNA Member","US (includes territories, incl Am Samoa)","Total_Catch_from_Somewhere_Else",0
2018,"Non-PNA Member","US (includes territories, incl Am Samoa)","Total_Catch_from_Somewhere_Else",0
2019,"Non-PNA Member","US (includes territories, incl Am Samoa)","Total_Catch_from_Somewhere_Else",0
2020,"Non-PNA Member","US (includes territories, incl Am Samoa)","Total_Catch_from_Somewhere_Else",0
2021,"Non-PNA Member","US (includes territories, incl Am Samoa)","Total_Catch_from_Somewhere_Else",0
2022,"Non-PNA Member","US (includes territories, incl Am Samoa)","Total_Catch_from_Somewhere_Else",0
2023,"Non-PNA Member","US (includes territories, incl Am Samoa)","Total_Catch_from_Somewhere_Else",0
1997,"Non-PNA Member","Vanuatu","Total_Catch_from_Somewhere_Else",25422
1998,"Non-PNA Member","Vanuatu","Total_Catch_from_Somewhere_Else",38724
1999,"Non-PNA Member","Vanuatu","Total_Catch_from_Somewhere_Else",45218
2000,"Non-PNA Member","Vanuatu","Total_Catch_from_Somewhere_Else",34132
2001,"Non-PNA Member","Vanuatu","Total_Catch_from_Somewhere_Else",9879
2002,"Non-PNA Member","Vanuatu","Total_Catch_from_Somewhere_Else",24423
2003,"Non-PNA Member","Vanuatu","Total_Catch_from_Somewhere_Else",23992
2004,"Non-PNA Member","Vanuatu","Total_Catch_from_Somewhere_Else",61352
2005,"Non-PNA Member","Vanuatu","Total_Catch_from_Somewhere_Else",80369
2006,"Non-PNA Member","Vanuatu","Total_Catch_from_Somewhere_Else",65878
2007,"Non-PNA Member","Vanuatu","Total_Catch_from_Somewhere_Else",76080
2008,"Non-PNA Member","Vanuatu","Total_Catch_from_Somewhere_Else",40339
2009,"Non-PNA Member","Vanuatu","Total_Catch_from_Somewhere_Else",45735
2010,"Non-PNA Member","Vanuatu","Total_Catch_from_Somewhere_Else",33346
2011,"Non-PNA Member","Vanuatu","Total_Catch_from_Somewhere_Else",26414
2012,"Non-PNA Member","Vanuatu","Total_Catch_from_Somewhere_Else",34431
2013,"Non-PNA Member","Vanuatu","Total_Catch_from_Somewhere_Else",32764
2014,"Non-PNA Member","Vanuatu","Total_Catch_from_Somewhere_Else",24374
2015,"Non-PNA Member","Vanuatu","Total_Catch_from_Somewhere_Else",20086
2016,"Non-PNA Member","Vanuatu","Total_Catch_from_Somewhere_Else",6008
2017,"Non-PNA Member","Vanuatu","Total_Catch_from_Somewhere_Else",7877
2018,"Non-PNA Member","Vanuatu","Total_Catch_from_Somewhere_Else",17207
2019,"Non-PNA Member","Vanuatu","Total_Catch_from_Somewhere_Else",36964
2020,"Non-PNA Member","Vanuatu","Total_Catch_from_Somewhere_Else",48792
2021,"Non-PNA Member","Vanuatu","Total_Catch_from_Somewhere_Else",53435
2022,"Non-PNA Member","Vanuatu","Total_Catch_from_Somewhere_Else",68502
2023,"Non-PNA Member","Vanuatu","Total_Catch_from_Somewhere_Else",55997
1997,"Non-PNA Member","Vietnam","Total_Catch_from_Somewhere_Else",0
1998,"Non-PNA Member","Vietnam","Total_Catch_from_Somewhere_Else",0
1999,"Non-PNA Member","Vietnam","Total_Catch_from_Somewhere_Else",0
2000,"Non-PNA Member","Vietnam","Total_Catch_from_Somewhere_Else",0
2001,"Non-PNA Member","Vietnam","Total_Catch_from_Somewhere_Else",0
2002,"Non-PNA Member","Vietnam","Total_Catch_from_Somewhere_Else",0
2003,"Non-PNA Member","Vietnam","Total_Catch_from_Somewhere_Else",0
2004,"Non-PNA Member","Vietnam","Total_Catch_from_Somewhere_Else",0
2005,"Non-PNA Member","Vietnam","Total_Catch_from_Somewhere_Else",0
2006,"Non-PNA Member","Vietnam","Total_Catch_from_Somewhere_Else",0
2007,"Non-PNA Member","Vietnam","Total_Catch_from_Somewhere_Else",0
2008,"Non-PNA Member","Vietnam","Total_Catch_from_Somewhere_Else",0
2009,"Non-PNA Member","Vietnam","Total_Catch_from_Somewhere_Else",0
2010,"Non-PNA Member","Vietnam","Total_Catch_from_Somewhere_Else",0
2011,"Non-PNA Member","Vietnam","Total_Catch_from_Somewhere_Else",0
2012,"Non-PNA Member","Vietnam","Total_Catch_from_Somewhere_Else",0
2013,"Non-PNA Member","Vietnam","Total_Catch_from_Somewhere_Else",0
2014,"Non-PNA Member","Vietnam","Total_Catch_from_Somewhere_Else",0
2015,"Non-PNA Member","Vietnam","Total_Catch_from_Somewhere_Else",0
2016,"Non-PNA Member","Vietnam","Total_Catch_from_Somewhere_Else",0
2017,"Non-PNA Member","Vietnam","Total_Catch_from_Somewhere_Else",0
2018,"Non-PNA Member","Vietnam","Total_Catch_from_Somewhere_Else",0
2019,"Non-PNA Member","Vietnam","Total_Catch_from_Somewhere_Else",0
2020,"Non-PNA Member","Vietnam","Total_Catch_from_Somewhere_Else",0
2021,"Non-PNA Member","Vietnam","Total_Catch_from_Somewhere_Else",0
2022,"Non-PNA Member","Vietnam","Total_Catch_from_Somewhere_Else",0
2023,"Non-PNA Member","Vietnam","Total_Catch_from_Somewhere_Else",0
1997,"Non-PNA Member","Wallis and Futuna","Total_Catch_from_Somewhere_Else",-58
1998,"Non-PNA Member","Wallis and Futuna","Total_Catch_from_Somewhere_Else",-43
1999,"Non-PNA Member","Wallis and Futuna","Total_Catch_from_Somewhere_Else",-38
2000,"Non-PNA Member","Wallis and Futuna","Total_Catch_from_Somewhere_Else",0
2001,"Non-PNA Member","Wallis and Futuna","Total_Catch_from_Somewhere_Else",-12
2002,"Non-PNA Member","Wallis and Futuna","Total_Catch_from_Somewhere_Else",-60
2003,"Non-PNA Member","Wallis and Futuna","Total_Catch_from_Somewhere_Else",-18
2004,"Non-PNA Member","Wallis and Futuna","Total_Catch_from_Somewhere_Else",0
2005,"Non-PNA Member","Wallis and Futuna","Total_Catch_from_Somewhere_Else",-65
2006,"Non-PNA Member","Wallis and Futuna","Total_Catch_from_Somewhere_Else",-15
2007,"Non-PNA Member","Wallis and Futuna","Total_Catch_from_Somewhere_Else",0
2008,"Non-PNA Member","Wallis and Futuna","Total_Catch_from_Somewhere_Else",-29
2009,"Non-PNA Member","Wallis and Futuna","Total_Catch_from_Somewhere_Else",-139
2010,"Non-PNA Member","Wallis and Futuna","Total_Catch_from_Somewhere_Else",-43
2011,"Non-PNA Member","Wallis and Futuna","Total_Catch_from_Somewhere_Else",-11
2012,"Non-PNA Member","Wallis and Futuna","Total_Catch_from_Somewhere_Else",-7
2013,"Non-PNA Member","Wallis and Futuna","Total_Catch_from_Somewhere_Else",0
2014,"Non-PNA Member","Wallis and Futuna","Total_Catch_from_Somewhere_Else",0
2015,"Non-PNA Member","Wallis and Futuna","Total_Catch_from_Somewhere_Else",0
2016,"Non-PNA Member","Wallis and Futuna","Total_Catch_from_Somewhere_Else",0
2017,"Non-PNA Member","Wallis and Futuna","Total_Catch_from_Somewhere_Else",0
2018,"Non-PNA Member","Wallis and Futuna","Total_Catch_from_Somewhere_Else",0
2019,"Non-PNA Member","Wallis and Futuna","Total_Catch_from_Somewhere_Else",0
2020,"Non-PNA Member","Wallis and Futuna","Total_Catch_from_Somewhere_Else",0
2021,"Non-PNA Member","Wallis and Futuna","Total_Catch_from_Somewhere_Else",0
2022,"Non-PNA Member","Wallis and Futuna","Total_Catch_from_Somewhere_Else",0
2023,"Non-PNA Member","Wallis and Futuna","Total_Catch_from_Somewhere_Else",0
1997,"Non-PNA Member","American Samoa","Total_Fleet_Catch",0
1998,"Non-PNA Member","American Samoa","Total_Fleet_Catch",0
1999,"Non-PNA Member","American Samoa","Total_Fleet_Catch",0
2000,"Non-PNA Member","American Samoa","Total_Fleet_Catch",0
2001,"Non-PNA Member","American Samoa","Total_Fleet_Catch",0
2002,"Non-PNA Member","American Samoa","Total_Fleet_Catch",0
2003,"Non-PNA Member","American Samoa","Total_Fleet_Catch",0
2004,"Non-PNA Member","American Samoa","Total_Fleet_Catch",0
2005,"Non-PNA Member","American Samoa","Total_Fleet_Catch",0
2006,"Non-PNA Member","American Samoa","Total_Fleet_Catch",0
2007,"Non-PNA Member","American Samoa","Total_Fleet_Catch",0
2008,"Non-PNA Member","American Samoa","Total_Fleet_Catch",0
2009,"Non-PNA Member","American Samoa","Total_Fleet_Catch",0
2010,"Non-PNA Member","American Samoa","Total_Fleet_Catch",0
2011,"Non-PNA Member","American Samoa","Total_Fleet_Catch",0
2012,"Non-PNA Member","American Samoa","Total_Fleet_Catch",0
2013,"Non-PNA Member","American Samoa","Total_Fleet_Catch",0
2014,"Non-PNA Member","American Samoa","Total_Fleet_Catch",0
2015,"Non-PNA Member","American Samoa","Total_Fleet_Catch",0
2016,"Non-PNA Member","American Samoa","Total_Fleet_Catch",0
2017,"Non-PNA Member","American Samoa","Total_Fleet_Catch",0
2018,"Non-PNA Member","American Samoa","Total_Fleet_Catch",0
2019,"Non-PNA Member","American Samoa","Total_Fleet_Catch",0
2020,"Non-PNA Member","American Samoa","Total_Fleet_Catch",0
2021,"Non-PNA Member","American Samoa","Total_Fleet_Catch",0
2022,"Non-PNA Member","American Samoa","Total_Fleet_Catch",0
2023,"Non-PNA Member","American Samoa","Total_Fleet_Catch",0
1997,"Non-PNA Member","Australia","Total_Fleet_Catch",7550
1998,"Non-PNA Member","Australia","Total_Fleet_Catch",5152
1999,"Non-PNA Member","Australia","Total_Fleet_Catch",7550
2000,"Non-PNA Member","Australia","Total_Fleet_Catch",6997
2001,"Non-PNA Member","Australia","Total_Fleet_Catch",5279
2002,"Non-PNA Member","Australia","Total_Fleet_Catch",5234
2003,"Non-PNA Member","Australia","Total_Fleet_Catch",5809
2004,"Non-PNA Member","Australia","Total_Fleet_Catch",4200
2005,"Non-PNA Member","Australia","Total_Fleet_Catch",3091
2006,"Non-PNA Member","Australia","Total_Fleet_Catch",5031
2007,"Non-PNA Member","Australia","Total_Fleet_Catch",4404
2008,"Non-PNA Member","Australia","Total_Fleet_Catch",3969
2009,"Non-PNA Member","Australia","Total_Fleet_Catch",3646
2010,"Non-PNA Member","Australia","Total_Fleet_Catch",2565
2011,"Non-PNA Member","Australia","Total_Fleet_Catch",2924
2012,"Non-PNA Member","Australia","Total_Fleet_Catch",2538
2013,"Non-PNA Member","Australia","Total_Fleet_Catch",2613
2014,"Non-PNA Member","Australia","Total_Fleet_Catch",2936
2015,"Non-PNA Member","Australia","Total_Fleet_Catch",3916
2016,"Non-PNA Member","Australia","Total_Fleet_Catch",3480
2017,"Non-PNA Member","Australia","Total_Fleet_Catch",2928
2018,"Non-PNA Member","Australia","Total_Fleet_Catch",2395
2019,"Non-PNA Member","Australia","Total_Fleet_Catch",3014
2020,"Non-PNA Member","Australia","Total_Fleet_Catch",3207
2021,"Non-PNA Member","Australia","Total_Fleet_Catch",2889
2022,"Non-PNA Member","Australia","Total_Fleet_Catch",2888
2023,"Non-PNA Member","Australia","Total_Fleet_Catch",2549
1997,"Non-PNA Member","Australia (includes Norfolk Island)","Total_Fleet_Catch",0
1998,"Non-PNA Member","Australia (includes Norfolk Island)","Total_Fleet_Catch",0
1999,"Non-PNA Member","Australia (includes Norfolk Island)","Total_Fleet_Catch",0
2000,"Non-PNA Member","Australia (includes Norfolk Island)","Total_Fleet_Catch",0
2001,"Non-PNA Member","Australia (includes Norfolk Island)","Total_Fleet_Catch",0
2002,"Non-PNA Member","Australia (includes Norfolk Island)","Total_Fleet_Catch",0
2003,"Non-PNA Member","Australia (includes Norfolk Island)","Total_Fleet_Catch",0
2004,"Non-PNA Member","Australia (includes Norfolk Island)","Total_Fleet_Catch",0
2005,"Non-PNA Member","Australia (includes Norfolk Island)","Total_Fleet_Catch",0
2006,"Non-PNA Member","Australia (includes Norfolk Island)","Total_Fleet_Catch",0
2007,"Non-PNA Member","Australia (includes Norfolk Island)","Total_Fleet_Catch",0
2008,"Non-PNA Member","Australia (includes Norfolk Island)","Total_Fleet_Catch",0
2009,"Non-PNA Member","Australia (includes Norfolk Island)","Total_Fleet_Catch",0
2010,"Non-PNA Member","Australia (includes Norfolk Island)","Total_Fleet_Catch",0
2011,"Non-PNA Member","Australia (includes Norfolk Island)","Total_Fleet_Catch",0
2012,"Non-PNA Member","Australia (includes Norfolk Island)","Total_Fleet_Catch",0
2013,"Non-PNA Member","Australia (includes Norfolk Island)","Total_Fleet_Catch",0
2014,"Non-PNA Member","Australia (includes Norfolk Island)","Total_Fleet_Catch",0
2015,"Non-PNA Member","Australia (includes Norfolk Island)","Total_Fleet_Catch",0
2016,"Non-PNA Member","Australia (includes Norfolk Island)","Total_Fleet_Catch",0
2017,"Non-PNA Member","Australia (includes Norfolk Island)","Total_Fleet_Catch",0
2018,"Non-PNA Member","Australia (includes Norfolk Island)","Total_Fleet_Catch",0
2019,"Non-PNA Member","Australia (includes Norfolk Island)","Total_Fleet_Catch",0
2020,"Non-PNA Member","Australia (includes Norfolk Island)","Total_Fleet_Catch",0
2021,"Non-PNA Member","Australia (includes Norfolk Island)","Total_Fleet_Catch",0
2022,"Non-PNA Member","Australia (includes Norfolk Island)","Total_Fleet_Catch",0
2023,"Non-PNA Member","Australia (includes Norfolk Island)","Total_Fleet_Catch",0
1997,"Non-PNA Member","Belize","Total_Fleet_Catch",77
1998,"Non-PNA Member","Belize","Total_Fleet_Catch",275
1999,"Non-PNA Member","Belize","Total_Fleet_Catch",210
2000,"Non-PNA Member","Belize","Total_Fleet_Catch",271
2001,"Non-PNA Member","Belize","Total_Fleet_Catch",7141
2002,"Non-PNA Member","Belize","Total_Fleet_Catch",3384
2003,"Non-PNA Member","Belize","Total_Fleet_Catch",2697
2004,"Non-PNA Member","Belize","Total_Fleet_Catch",944
2005,"Non-PNA Member","Belize","Total_Fleet_Catch",1055
2006,"Non-PNA Member","Belize","Total_Fleet_Catch",749
2007,"Non-PNA Member","Belize","Total_Fleet_Catch",594
2008,"Non-PNA Member","Belize","Total_Fleet_Catch",223
2009,"Non-PNA Member","Belize","Total_Fleet_Catch",189
2010,"Non-PNA Member","Belize","Total_Fleet_Catch",126
2011,"Non-PNA Member","Belize","Total_Fleet_Catch",218
2012,"Non-PNA Member","Belize","Total_Fleet_Catch",194
2013,"Non-PNA Member","Belize","Total_Fleet_Catch",252
2014,"Non-PNA Member","Belize","Total_Fleet_Catch",0
2015,"Non-PNA Member","Belize","Total_Fleet_Catch",0
2016,"Non-PNA Member","Belize","Total_Fleet_Catch",0
2017,"Non-PNA Member","Belize","Total_Fleet_Catch",0
2018,"Non-PNA Member","Belize","Total_Fleet_Catch",0
2019,"Non-PNA Member","Belize","Total_Fleet_Catch",0
2020,"Non-PNA Member","Belize","Total_Fleet_Catch",0
2021,"Non-PNA Member","Belize","Total_Fleet_Catch",0
2022,"Non-PNA Member","Belize","Total_Fleet_Catch",0
2023,"Non-PNA Member","Belize","Total_Fleet_Catch",0
1997,"Non-PNA Member","Canada","Total_Fleet_Catch",149
1998,"Non-PNA Member","Canada","Total_Fleet_Catch",167
1999,"Non-PNA Member","Canada","Total_Fleet_Catch",253
2000,"Non-PNA Member","Canada","Total_Fleet_Catch",351
2001,"Non-PNA Member","Canada","Total_Fleet_Catch",206
2002,"Non-PNA Member","Canada","Total_Fleet_Catch",144
2003,"Non-PNA Member","Canada","Total_Fleet_Catch",0
2004,"Non-PNA Member","Canada","Total_Fleet_Catch",63
2005,"Non-PNA Member","Canada","Total_Fleet_Catch",72
2006,"Non-PNA Member","Canada","Total_Fleet_Catch",135
2007,"Non-PNA Member","Canada","Total_Fleet_Catch",27
2008,"Non-PNA Member","Canada","Total_Fleet_Catch",0
2009,"Non-PNA Member","Canada","Total_Fleet_Catch",0
2010,"Non-PNA Member","Canada","Total_Fleet_Catch",0
2011,"Non-PNA Member","Canada","Total_Fleet_Catch",1
2012,"Non-PNA Member","Canada","Total_Fleet_Catch",0
2013,"Non-PNA Member","Canada","Total_Fleet_Catch",0
2014,"Non-PNA Member","Canada","Total_Fleet_Catch",0
2015,"Non-PNA Member","Canada","Total_Fleet_Catch",0
2016,"Non-PNA Member","Canada","Total_Fleet_Catch",0
2017,"Non-PNA Member","Canada","Total_Fleet_Catch",55
2018,"Non-PNA Member","Canada","Total_Fleet_Catch",0
2019,"Non-PNA Member","Canada","Total_Fleet_Catch",0
2020,"Non-PNA Member","Canada","Total_Fleet_Catch",0
2021,"Non-PNA Member","Canada","Total_Fleet_Catch",31
2022,"Non-PNA Member","Canada","Total_Fleet_Catch",0
2023,"Non-PNA Member","Canada","Total_Fleet_Catch",0
1997,"Non-PNA Member","China","Total_Fleet_Catch",3673
1998,"Non-PNA Member","China","Total_Fleet_Catch",3813
1999,"Non-PNA Member","China","Total_Fleet_Catch",7516
2000,"Non-PNA Member","China","Total_Fleet_Catch",6243
2001,"Non-PNA Member","China","Total_Fleet_Catch",9946
2002,"Non-PNA Member","China","Total_Fleet_Catch",15633
2003,"Non-PNA Member","China","Total_Fleet_Catch",42209
2004,"Non-PNA Member","China","Total_Fleet_Catch",42604
2005,"Non-PNA Member","China","Total_Fleet_Catch",62729
2006,"Non-PNA Member","China","Total_Fleet_Catch",77395
2007,"Non-PNA Member","China","Total_Fleet_Catch",73719
2008,"Non-PNA Member","China","Total_Fleet_Catch",86483
2009,"Non-PNA Member","China","Total_Fleet_Catch",119726
2010,"Non-PNA Member","China","Total_Fleet_Catch",83258
2011,"Non-PNA Member","China","Total_Fleet_Catch",105456
2012,"Non-PNA Member","China","Total_Fleet_Catch",91567
2013,"Non-PNA Member","China","Total_Fleet_Catch",121529
2014,"Non-PNA Member","China","Total_Fleet_Catch",105857
2015,"Non-PNA Member","China","Total_Fleet_Catch",73009
2016,"Non-PNA Member","China","Total_Fleet_Catch",43562
2017,"Non-PNA Member","China","Total_Fleet_Catch",60603
2018,"Non-PNA Member","China","Total_Fleet_Catch",54215
2019,"Non-PNA Member","China","Total_Fleet_Catch",42196
2020,"Non-PNA Member","China","Total_Fleet_Catch",38577
2021,"Non-PNA Member","China","Total_Fleet_Catch",31261
2022,"Non-PNA Member","China","Total_Fleet_Catch",50908
2023,"Non-PNA Member","China","Total_Fleet_Catch",61636
1997,"Non-PNA Member","Cook Islands","Total_Fleet_Catch",0
1998,"Non-PNA Member","Cook Islands","Total_Fleet_Catch",22
1999,"Non-PNA Member","Cook Islands","Total_Fleet_Catch",56
2000,"Non-PNA Member","Cook Islands","Total_Fleet_Catch",335
2001,"Non-PNA Member","Cook Islands","Total_Fleet_Catch",206
2002,"Non-PNA Member","Cook Islands","Total_Fleet_Catch",770
2003,"Non-PNA Member","Cook Islands","Total_Fleet_Catch",2460
2004,"Non-PNA Member","Cook Islands","Total_Fleet_Catch",3206
2005,"Non-PNA Member","Cook Islands","Total_Fleet_Catch",3123
2006,"Non-PNA Member","Cook Islands","Total_Fleet_Catch",2839
2007,"Non-PNA Member","Cook Islands","Total_Fleet_Catch",3268
2008,"Non-PNA Member","Cook Islands","Total_Fleet_Catch",2819
2009,"Non-PNA Member","Cook Islands","Total_Fleet_Catch",2051
2010,"Non-PNA Member","Cook Islands","Total_Fleet_Catch",3056
2011,"Non-PNA Member","Cook Islands","Total_Fleet_Catch",3636
2012,"Non-PNA Member","Cook Islands","Total_Fleet_Catch",5381
2013,"Non-PNA Member","Cook Islands","Total_Fleet_Catch",1950
2014,"Non-PNA Member","Cook Islands","Total_Fleet_Catch",2029
2015,"Non-PNA Member","Cook Islands","Total_Fleet_Catch",1762
2016,"Non-PNA Member","Cook Islands","Total_Fleet_Catch",1908
2017,"Non-PNA Member","Cook Islands","Total_Fleet_Catch",3636
2018,"Non-PNA Member","Cook Islands","Total_Fleet_Catch",3986
2019,"Non-PNA Member","Cook Islands","Total_Fleet_Catch",5311
2020,"Non-PNA Member","Cook Islands","Total_Fleet_Catch",2254
2021,"Non-PNA Member","Cook Islands","Total_Fleet_Catch",5120
2022,"Non-PNA Member","Cook Islands","Total_Fleet_Catch",6103
2023,"Non-PNA Member","Cook Islands","Total_Fleet_Catch",3613
1997,"Non-PNA Member","Eastern Pacific fleet","Total_Fleet_Catch",1776
1998,"Non-PNA Member","Eastern Pacific fleet","Total_Fleet_Catch",2934
1999,"Non-PNA Member","Eastern Pacific fleet","Total_Fleet_Catch",1910
2000,"Non-PNA Member","Eastern Pacific fleet","Total_Fleet_Catch",2925
2001,"Non-PNA Member","Eastern Pacific fleet","Total_Fleet_Catch",510
2002,"Non-PNA Member","Eastern Pacific fleet","Total_Fleet_Catch",244
2003,"Non-PNA Member","Eastern Pacific fleet","Total_Fleet_Catch",2600
2004,"Non-PNA Member","Eastern Pacific fleet","Total_Fleet_Catch",2014
2005,"Non-PNA Member","Eastern Pacific fleet","Total_Fleet_Catch",709
2006,"Non-PNA Member","Eastern Pacific fleet","Total_Fleet_Catch",0
2007,"Non-PNA Member","Eastern Pacific fleet","Total_Fleet_Catch",0
2008,"Non-PNA Member","Eastern Pacific fleet","Total_Fleet_Catch",0
2009,"Non-PNA Member","Eastern Pacific fleet","Total_Fleet_Catch",0
2010,"Non-PNA Member","Eastern Pacific fleet","Total_Fleet_Catch",0
2011,"Non-PNA Member","Eastern Pacific fleet","Total_Fleet_Catch",0
2012,"Non-PNA Member","Eastern Pacific fleet","Total_Fleet_Catch",0
2013,"Non-PNA Member","Eastern Pacific fleet","Total_Fleet_Catch",0
2014,"Non-PNA Member","Eastern Pacific fleet","Total_Fleet_Catch",0
2015,"Non-PNA Member","Eastern Pacific fleet","Total_Fleet_Catch",0
2016,"Non-PNA Member","Eastern Pacific fleet","Total_Fleet_Catch",0
2017,"Non-PNA Member","Eastern Pacific fleet","Total_Fleet_Catch",0
2018,"Non-PNA Member","Eastern Pacific fleet","Total_Fleet_Catch",0
2019,"Non-PNA Member","Eastern Pacific fleet","Total_Fleet_Catch",0
2020,"Non-PNA Member","Eastern Pacific fleet","Total_Fleet_Catch",0
2021,"Non-PNA Member","Eastern Pacific fleet","Total_Fleet_Catch",0
2022,"Non-PNA Member","Eastern Pacific fleet","Total_Fleet_Catch",0
2023,"Non-PNA Member","Eastern Pacific fleet","Total_Fleet_Catch",0
1997,"Non-PNA Member","Ecuador","Total_Fleet_Catch",0
1998,"Non-PNA Member","Ecuador","Total_Fleet_Catch",0
1999,"Non-PNA Member","Ecuador","Total_Fleet_Catch",0
2000,"Non-PNA Member","Ecuador","Total_Fleet_Catch",3992
2001,"Non-PNA Member","Ecuador","Total_Fleet_Catch",1057
2002,"Non-PNA Member","Ecuador","Total_Fleet_Catch",427
2003,"Non-PNA Member","Ecuador","Total_Fleet_Catch",1562
2004,"Non-PNA Member","Ecuador","Total_Fleet_Catch",3051
2005,"Non-PNA Member","Ecuador","Total_Fleet_Catch",5193
2006,"Non-PNA Member","Ecuador","Total_Fleet_Catch",9523
2007,"Non-PNA Member","Ecuador","Total_Fleet_Catch",9187
2008,"Non-PNA Member","Ecuador","Total_Fleet_Catch",25415
2009,"Non-PNA Member","Ecuador","Total_Fleet_Catch",8496
2010,"Non-PNA Member","Ecuador","Total_Fleet_Catch",11322
2011,"Non-PNA Member","Ecuador","Total_Fleet_Catch",29184
2012,"Non-PNA Member","Ecuador","Total_Fleet_Catch",23143
2013,"Non-PNA Member","Ecuador","Total_Fleet_Catch",21442
2014,"Non-PNA Member","Ecuador","Total_Fleet_Catch",21770
2015,"Non-PNA Member","Ecuador","Total_Fleet_Catch",11377
2016,"Non-PNA Member","Ecuador","Total_Fleet_Catch",3925
2017,"Non-PNA Member","Ecuador","Total_Fleet_Catch",13571
2018,"Non-PNA Member","Ecuador","Total_Fleet_Catch",22446
2019,"Non-PNA Member","Ecuador","Total_Fleet_Catch",25135
2020,"Non-PNA Member","Ecuador","Total_Fleet_Catch",14159
2021,"Non-PNA Member","Ecuador","Total_Fleet_Catch",16231
2022,"Non-PNA Member","Ecuador","Total_Fleet_Catch",21235
2023,"Non-PNA Member","Ecuador","Total_Fleet_Catch",14912
1997,"Non-PNA Member","El Salvador","Total_Fleet_Catch",0
1998,"Non-PNA Member","El Salvador","Total_Fleet_Catch",0
1999,"Non-PNA Member","El Salvador","Total_Fleet_Catch",0
2000,"Non-PNA Member","El Salvador","Total_Fleet_Catch",0
2001,"Non-PNA Member","El Salvador","Total_Fleet_Catch",599
2002,"Non-PNA Member","El Salvador","Total_Fleet_Catch",1488
2003,"Non-PNA Member","El Salvador","Total_Fleet_Catch",73
2004,"Non-PNA Member","El Salvador","Total_Fleet_Catch",0
2005,"Non-PNA Member","El Salvador","Total_Fleet_Catch",0
2006,"Non-PNA Member","El Salvador","Total_Fleet_Catch",0
2007,"Non-PNA Member","El Salvador","Total_Fleet_Catch",6025
2008,"Non-PNA Member","El Salvador","Total_Fleet_Catch",10962
2009,"Non-PNA Member","El Salvador","Total_Fleet_Catch",8823
2010,"Non-PNA Member","El Salvador","Total_Fleet_Catch",7371
2011,"Non-PNA Member","El Salvador","Total_Fleet_Catch",12226
2012,"Non-PNA Member","El Salvador","Total_Fleet_Catch",13645
2013,"Non-PNA Member","El Salvador","Total_Fleet_Catch",13271
2014,"Non-PNA Member","El Salvador","Total_Fleet_Catch",17478
2015,"Non-PNA Member","El Salvador","Total_Fleet_Catch",15299
2016,"Non-PNA Member","El Salvador","Total_Fleet_Catch",7303
2017,"Non-PNA Member","El Salvador","Total_Fleet_Catch",4318
2018,"Non-PNA Member","El Salvador","Total_Fleet_Catch",4016
2019,"Non-PNA Member","El Salvador","Total_Fleet_Catch",2940
2020,"Non-PNA Member","El Salvador","Total_Fleet_Catch",3635
2021,"Non-PNA Member","El Salvador","Total_Fleet_Catch",5041
2022,"Non-PNA Member","El Salvador","Total_Fleet_Catch",3869
2023,"Non-PNA Member","El Salvador","Total_Fleet_Catch",3903
1997,"Non-PNA Member","Fiji","Total_Fleet_Catch",4353
1998,"Non-PNA Member","Fiji","Total_Fleet_Catch",4013
1999,"Non-PNA Member","Fiji","Total_Fleet_Catch",4074
2000,"Non-PNA Member","Fiji","Total_Fleet_Catch",9660
2001,"Non-PNA Member","Fiji","Total_Fleet_Catch",11311
2002,"Non-PNA Member","Fiji","Total_Fleet_Catch",11552
2003,"Non-PNA Member","Fiji","Total_Fleet_Catch",10853
2004,"Non-PNA Member","Fiji","Total_Fleet_Catch",17310
2005,"Non-PNA Member","Fiji","Total_Fleet_Catch",15476
2006,"Non-PNA Member","Fiji","Total_Fleet_Catch",15472
2007,"Non-PNA Member","Fiji","Total_Fleet_Catch",10042
2008,"Non-PNA Member","Fiji","Total_Fleet_Catch",13627
2009,"Non-PNA Member","Fiji","Total_Fleet_Catch",16826
2010,"Non-PNA Member","Fiji","Total_Fleet_Catch",12545
2011,"Non-PNA Member","Fiji","Total_Fleet_Catch",16305
2012,"Non-PNA Member","Fiji","Total_Fleet_Catch",14978
2013,"Non-PNA Member","Fiji","Total_Fleet_Catch",12780
2014,"Non-PNA Member","Fiji","Total_Fleet_Catch",13659
2015,"Non-PNA Member","Fiji","Total_Fleet_Catch",13083
2016,"Non-PNA Member","Fiji","Total_Fleet_Catch",14256
2017,"Non-PNA Member","Fiji","Total_Fleet_Catch",17144
2018,"Non-PNA Member","Fiji","Total_Fleet_Catch",13692
2019,"Non-PNA Member","Fiji","Total_Fleet_Catch",14425
2020,"Non-PNA Member","Fiji","Total_Fleet_Catch",12439
2021,"Non-PNA Member","Fiji","Total_Fleet_Catch",9885
2022,"Non-PNA Member","Fiji","Total_Fleet_Catch",10431
2023,"Non-PNA Member","Fiji","Total_Fleet_Catch",9334
1997,"Non-PNA Member","French Polynesia","Total_Fleet_Catch",4564
1998,"Non-PNA Member","French Polynesia","Total_Fleet_Catch",5710
1999,"Non-PNA Member","French Polynesia","Total_Fleet_Catch",5200
2000,"Non-PNA Member","French Polynesia","Total_Fleet_Catch",6833
2001,"Non-PNA Member","French Polynesia","Total_Fleet_Catch",7733
2002,"Non-PNA Member","French Polynesia","Total_Fleet_Catch",7347
2003,"Non-PNA Member","French Polynesia","Total_Fleet_Catch",6309
2004,"Non-PNA Member","French Polynesia","Total_Fleet_Catch",5496
2005,"Non-PNA Member","French Polynesia","Total_Fleet_Catch",5089
2006,"Non-PNA Member","French Polynesia","Total_Fleet_Catch",5938
2007,"Non-PNA Member","French Polynesia","Total_Fleet_Catch",6408
2008,"Non-PNA Member","French Polynesia","Total_Fleet_Catch",5673
2009,"Non-PNA Member","French Polynesia","Total_Fleet_Catch",6878
2010,"Non-PNA Member","French Polynesia","Total_Fleet_Catch",6250
2011,"Non-PNA Member","French Polynesia","Total_Fleet_Catch",6028
2012,"Non-PNA Member","French Polynesia","Total_Fleet_Catch",7272
2013,"Non-PNA Member","French Polynesia","Total_Fleet_Catch",6691
2014,"Non-PNA Member","French Polynesia","Total_Fleet_Catch",7173
2015,"Non-PNA Member","French Polynesia","Total_Fleet_Catch",7402
2016,"Non-PNA Member","French Polynesia","Total_Fleet_Catch",6665
2017,"Non-PNA Member","French Polynesia","Total_Fleet_Catch",6349
2018,"Non-PNA Member","French Polynesia","Total_Fleet_Catch",7071
2019,"Non-PNA Member","French Polynesia","Total_Fleet_Catch",7371
2020,"Non-PNA Member","French Polynesia","Total_Fleet_Catch",6313
2021,"Non-PNA Member","French Polynesia","Total_Fleet_Catch",7639
2022,"Non-PNA Member","French Polynesia","Total_Fleet_Catch",8566
2023,"Non-PNA Member","French Polynesia","Total_Fleet_Catch",9617
1997,"PNA Member","FSM","Total_Fleet_Catch",8255
1998,"PNA Member","FSM","Total_Fleet_Catch",14177
1999,"PNA Member","FSM","Total_Fleet_Catch",10883
2000,"PNA Member","FSM","Total_Fleet_Catch",21649
2001,"PNA Member","FSM","Total_Fleet_Catch",17644
2002,"PNA Member","FSM","Total_Fleet_Catch",20609
2003,"PNA Member","FSM","Total_Fleet_Catch",30830
2004,"PNA Member","FSM","Total_Fleet_Catch",28464
2005,"PNA Member","FSM","Total_Fleet_Catch",28302
2006,"PNA Member","FSM","Total_Fleet_Catch",10770
2007,"PNA Member","FSM","Total_Fleet_Catch",15441
2008,"PNA Member","FSM","Total_Fleet_Catch",19425
2009,"PNA Member","FSM","Total_Fleet_Catch",26445
2010,"PNA Member","FSM","Total_Fleet_Catch",26408
2011,"PNA Member","FSM","Total_Fleet_Catch",28784
2012,"PNA Member","FSM","Total_Fleet_Catch",38981
2013,"PNA Member","FSM","Total_Fleet_Catch",30753
2014,"PNA Member","FSM","Total_Fleet_Catch",42710
2015,"PNA Member","FSM","Total_Fleet_Catch",61211
2016,"PNA Member","FSM","Total_Fleet_Catch",77419
2017,"PNA Member","FSM","Total_Fleet_Catch",89848
2018,"PNA Member","FSM","Total_Fleet_Catch",126699
2019,"PNA Member","FSM","Total_Fleet_Catch",170070
2020,"PNA Member","FSM","Total_Fleet_Catch",182607
2021,"PNA Member","FSM","Total_Fleet_Catch",154638
2022,"PNA Member","FSM","Total_Fleet_Catch",167221
2023,"PNA Member","FSM","Total_Fleet_Catch",151300
1997,"High Seas","H4","Total_Fleet_Catch",0
1998,"High Seas","H4","Total_Fleet_Catch",0
1999,"High Seas","H4","Total_Fleet_Catch",0
2000,"High Seas","H4","Total_Fleet_Catch",0
2001,"High Seas","H4","Total_Fleet_Catch",0
2002,"High Seas","H4","Total_Fleet_Catch",0
2003,"High Seas","H4","Total_Fleet_Catch",0
2004,"High Seas","H4","Total_Fleet_Catch",0
2005,"High Seas","H4","Total_Fleet_Catch",0
2006,"High Seas","H4","Total_Fleet_Catch",0
2007,"High Seas","H4","Total_Fleet_Catch",0
2008,"High Seas","H4","Total_Fleet_Catch",0
2009,"High Seas","H4","Total_Fleet_Catch",0
2010,"High Seas","H4","Total_Fleet_Catch",0
2011,"High Seas","H4","Total_Fleet_Catch",0
2012,"High Seas","H4","Total_Fleet_Catch",0
2013,"High Seas","H4","Total_Fleet_Catch",0
2014,"High Seas","H4","Total_Fleet_Catch",0
2015,"High Seas","H4","Total_Fleet_Catch",0
2016,"High Seas","H4","Total_Fleet_Catch",0
2017,"High Seas","H4","Total_Fleet_Catch",0
2018,"High Seas","H4","Total_Fleet_Catch",0
2019,"High Seas","H4","Total_Fleet_Catch",0
2020,"High Seas","H4","Total_Fleet_Catch",0
2021,"High Seas","H4","Total_Fleet_Catch",0
2022,"High Seas","H4","Total_Fleet_Catch",0
2023,"High Seas","H4","Total_Fleet_Catch",0
1997,"High Seas","H5","Total_Fleet_Catch",0
1998,"High Seas","H5","Total_Fleet_Catch",0
1999,"High Seas","H5","Total_Fleet_Catch",0
2000,"High Seas","H5","Total_Fleet_Catch",0
2001,"High Seas","H5","Total_Fleet_Catch",0
2002,"High Seas","H5","Total_Fleet_Catch",0
2003,"High Seas","H5","Total_Fleet_Catch",0
2004,"High Seas","H5","Total_Fleet_Catch",0
2005,"High Seas","H5","Total_Fleet_Catch",0
2006,"High Seas","H5","Total_Fleet_Catch",0
2007,"High Seas","H5","Total_Fleet_Catch",0
2008,"High Seas","H5","Total_Fleet_Catch",0
2009,"High Seas","H5","Total_Fleet_Catch",0
2010,"High Seas","H5","Total_Fleet_Catch",0
2011,"High Seas","H5","Total_Fleet_Catch",0
2012,"High Seas","H5","Total_Fleet_Catch",0
2013,"High Seas","H5","Total_Fleet_Catch",0
2014,"High Seas","H5","Total_Fleet_Catch",0
2015,"High Seas","H5","Total_Fleet_Catch",0
2016,"High Seas","H5","Total_Fleet_Catch",0
2017,"High Seas","H5","Total_Fleet_Catch",0
2018,"High Seas","H5","Total_Fleet_Catch",0
2019,"High Seas","H5","Total_Fleet_Catch",0
2020,"High Seas","H5","Total_Fleet_Catch",0
2021,"High Seas","H5","Total_Fleet_Catch",0
2022,"High Seas","H5","Total_Fleet_Catch",0
2023,"High Seas","H5","Total_Fleet_Catch",0
1997,"High Seas","I1","Total_Fleet_Catch",0
1998,"High Seas","I1","Total_Fleet_Catch",0
1999,"High Seas","I1","Total_Fleet_Catch",0
2000,"High Seas","I1","Total_Fleet_Catch",0
2001,"High Seas","I1","Total_Fleet_Catch",0
2002,"High Seas","I1","Total_Fleet_Catch",0
2003,"High Seas","I1","Total_Fleet_Catch",0
2004,"High Seas","I1","Total_Fleet_Catch",0
2005,"High Seas","I1","Total_Fleet_Catch",0
2006,"High Seas","I1","Total_Fleet_Catch",0
2007,"High Seas","I1","Total_Fleet_Catch",0
2008,"High Seas","I1","Total_Fleet_Catch",0
2009,"High Seas","I1","Total_Fleet_Catch",0
2010,"High Seas","I1","Total_Fleet_Catch",0
2011,"High Seas","I1","Total_Fleet_Catch",0
2012,"High Seas","I1","Total_Fleet_Catch",0
2013,"High Seas","I1","Total_Fleet_Catch",0
2014,"High Seas","I1","Total_Fleet_Catch",0
2015,"High Seas","I1","Total_Fleet_Catch",0
2016,"High Seas","I1","Total_Fleet_Catch",0
2017,"High Seas","I1","Total_Fleet_Catch",0
2018,"High Seas","I1","Total_Fleet_Catch",0
2019,"High Seas","I1","Total_Fleet_Catch",0
2020,"High Seas","I1","Total_Fleet_Catch",0
2021,"High Seas","I1","Total_Fleet_Catch",0
2022,"High Seas","I1","Total_Fleet_Catch",0
2023,"High Seas","I1","Total_Fleet_Catch",0
1997,"High Seas","I2","Total_Fleet_Catch",0
1998,"High Seas","I2","Total_Fleet_Catch",0
1999,"High Seas","I2","Total_Fleet_Catch",0
2000,"High Seas","I2","Total_Fleet_Catch",0
2001,"High Seas","I2","Total_Fleet_Catch",0
2002,"High Seas","I2","Total_Fleet_Catch",0
2003,"High Seas","I2","Total_Fleet_Catch",0
2004,"High Seas","I2","Total_Fleet_Catch",0
2005,"High Seas","I2","Total_Fleet_Catch",0
2006,"High Seas","I2","Total_Fleet_Catch",0
2007,"High Seas","I2","Total_Fleet_Catch",0
2008,"High Seas","I2","Total_Fleet_Catch",0
2009,"High Seas","I2","Total_Fleet_Catch",0
2010,"High Seas","I2","Total_Fleet_Catch",0
2011,"High Seas","I2","Total_Fleet_Catch",0
2012,"High Seas","I2","Total_Fleet_Catch",0
2013,"High Seas","I2","Total_Fleet_Catch",0
2014,"High Seas","I2","Total_Fleet_Catch",0
2015,"High Seas","I2","Total_Fleet_Catch",0
2016,"High Seas","I2","Total_Fleet_Catch",0
2017,"High Seas","I2","Total_Fleet_Catch",0
2018,"High Seas","I2","Total_Fleet_Catch",0
2019,"High Seas","I2","Total_Fleet_Catch",0
2020,"High Seas","I2","Total_Fleet_Catch",0
2021,"High Seas","I2","Total_Fleet_Catch",0
2022,"High Seas","I2","Total_Fleet_Catch",0
2023,"High Seas","I2","Total_Fleet_Catch",0
1997,"High Seas","I3","Total_Fleet_Catch",0
1998,"High Seas","I3","Total_Fleet_Catch",0
1999,"High Seas","I3","Total_Fleet_Catch",0
2000,"High Seas","I3","Total_Fleet_Catch",0
2001,"High Seas","I3","Total_Fleet_Catch",0
2002,"High Seas","I3","Total_Fleet_Catch",0
2003,"High Seas","I3","Total_Fleet_Catch",0
2004,"High Seas","I3","Total_Fleet_Catch",0
2005,"High Seas","I3","Total_Fleet_Catch",0
2006,"High Seas","I3","Total_Fleet_Catch",0
2007,"High Seas","I3","Total_Fleet_Catch",0
2008,"High Seas","I3","Total_Fleet_Catch",0
2009,"High Seas","I3","Total_Fleet_Catch",0
2010,"High Seas","I3","Total_Fleet_Catch",0
2011,"High Seas","I3","Total_Fleet_Catch",0
2012,"High Seas","I3","Total_Fleet_Catch",0
2013,"High Seas","I3","Total_Fleet_Catch",0
2014,"High Seas","I3","Total_Fleet_Catch",0
2015,"High Seas","I3","Total_Fleet_Catch",0
2016,"High Seas","I3","Total_Fleet_Catch",0
2017,"High Seas","I3","Total_Fleet_Catch",0
2018,"High Seas","I3","Total_Fleet_Catch",0
2019,"High Seas","I3","Total_Fleet_Catch",0
2020,"High Seas","I3","Total_Fleet_Catch",0
2021,"High Seas","I3","Total_Fleet_Catch",0
2022,"High Seas","I3","Total_Fleet_Catch",0
2023,"High Seas","I3","Total_Fleet_Catch",0
1997,"High Seas","I4","Total_Fleet_Catch",0
1998,"High Seas","I4","Total_Fleet_Catch",0
1999,"High Seas","I4","Total_Fleet_Catch",0
2000,"High Seas","I4","Total_Fleet_Catch",0
2001,"High Seas","I4","Total_Fleet_Catch",0
2002,"High Seas","I4","Total_Fleet_Catch",0
2003,"High Seas","I4","Total_Fleet_Catch",0
2004,"High Seas","I4","Total_Fleet_Catch",0
2005,"High Seas","I4","Total_Fleet_Catch",0
2006,"High Seas","I4","Total_Fleet_Catch",0
2007,"High Seas","I4","Total_Fleet_Catch",0
2008,"High Seas","I4","Total_Fleet_Catch",0
2009,"High Seas","I4","Total_Fleet_Catch",0
2010,"High Seas","I4","Total_Fleet_Catch",0
2011,"High Seas","I4","Total_Fleet_Catch",0
2012,"High Seas","I4","Total_Fleet_Catch",0
2013,"High Seas","I4","Total_Fleet_Catch",0
2014,"High Seas","I4","Total_Fleet_Catch",0
2015,"High Seas","I4","Total_Fleet_Catch",0
2016,"High Seas","I4","Total_Fleet_Catch",0
2017,"High Seas","I4","Total_Fleet_Catch",0
2018,"High Seas","I4","Total_Fleet_Catch",0
2019,"High Seas","I4","Total_Fleet_Catch",0
2020,"High Seas","I4","Total_Fleet_Catch",0
2021,"High Seas","I4","Total_Fleet_Catch",0
2022,"High Seas","I4","Total_Fleet_Catch",0
2023,"High Seas","I4","Total_Fleet_Catch",0
1997,"High Seas","I5","Total_Fleet_Catch",0
1998,"High Seas","I5","Total_Fleet_Catch",0
1999,"High Seas","I5","Total_Fleet_Catch",0
2000,"High Seas","I5","Total_Fleet_Catch",0
2001,"High Seas","I5","Total_Fleet_Catch",0
2002,"High Seas","I5","Total_Fleet_Catch",0
2003,"High Seas","I5","Total_Fleet_Catch",0
2004,"High Seas","I5","Total_Fleet_Catch",0
2005,"High Seas","I5","Total_Fleet_Catch",0
2006,"High Seas","I5","Total_Fleet_Catch",0
2007,"High Seas","I5","Total_Fleet_Catch",0
2008,"High Seas","I5","Total_Fleet_Catch",0
2009,"High Seas","I5","Total_Fleet_Catch",0
2010,"High Seas","I5","Total_Fleet_Catch",0
2011,"High Seas","I5","Total_Fleet_Catch",0
2012,"High Seas","I5","Total_Fleet_Catch",0
2013,"High Seas","I5","Total_Fleet_Catch",0
2014,"High Seas","I5","Total_Fleet_Catch",0
2015,"High Seas","I5","Total_Fleet_Catch",0
2016,"High Seas","I5","Total_Fleet_Catch",0
2017,"High Seas","I5","Total_Fleet_Catch",0
2018,"High Seas","I5","Total_Fleet_Catch",0
2019,"High Seas","I5","Total_Fleet_Catch",0
2020,"High Seas","I5","Total_Fleet_Catch",0
2021,"High Seas","I5","Total_Fleet_Catch",0
2022,"High Seas","I5","Total_Fleet_Catch",0
2023,"High Seas","I5","Total_Fleet_Catch",0
1997,"High Seas","I6","Total_Fleet_Catch",0
1998,"High Seas","I6","Total_Fleet_Catch",0
1999,"High Seas","I6","Total_Fleet_Catch",0
2000,"High Seas","I6","Total_Fleet_Catch",0
2001,"High Seas","I6","Total_Fleet_Catch",0
2002,"High Seas","I6","Total_Fleet_Catch",0
2003,"High Seas","I6","Total_Fleet_Catch",0
2004,"High Seas","I6","Total_Fleet_Catch",0
2005,"High Seas","I6","Total_Fleet_Catch",0
2006,"High Seas","I6","Total_Fleet_Catch",0
2007,"High Seas","I6","Total_Fleet_Catch",0
2008,"High Seas","I6","Total_Fleet_Catch",0
2009,"High Seas","I6","Total_Fleet_Catch",0
2010,"High Seas","I6","Total_Fleet_Catch",0
2011,"High Seas","I6","Total_Fleet_Catch",0
2012,"High Seas","I6","Total_Fleet_Catch",0
2013,"High Seas","I6","Total_Fleet_Catch",0
2014,"High Seas","I6","Total_Fleet_Catch",0
2015,"High Seas","I6","Total_Fleet_Catch",0
2016,"High Seas","I6","Total_Fleet_Catch",0
2017,"High Seas","I6","Total_Fleet_Catch",0
2018,"High Seas","I6","Total_Fleet_Catch",0
2019,"High Seas","I6","Total_Fleet_Catch",0
2020,"High Seas","I6","Total_Fleet_Catch",0
2021,"High Seas","I6","Total_Fleet_Catch",0
2022,"High Seas","I6","Total_Fleet_Catch",0
2023,"High Seas","I6","Total_Fleet_Catch",0
1997,"High Seas","I7","Total_Fleet_Catch",0
1998,"High Seas","I7","Total_Fleet_Catch",0
1999,"High Seas","I7","Total_Fleet_Catch",0
2000,"High Seas","I7","Total_Fleet_Catch",0
2001,"High Seas","I7","Total_Fleet_Catch",0
2002,"High Seas","I7","Total_Fleet_Catch",0
2003,"High Seas","I7","Total_Fleet_Catch",0
2004,"High Seas","I7","Total_Fleet_Catch",0
2005,"High Seas","I7","Total_Fleet_Catch",0
2006,"High Seas","I7","Total_Fleet_Catch",0
2007,"High Seas","I7","Total_Fleet_Catch",0
2008,"High Seas","I7","Total_Fleet_Catch",0
2009,"High Seas","I7","Total_Fleet_Catch",0
2010,"High Seas","I7","Total_Fleet_Catch",0
2011,"High Seas","I7","Total_Fleet_Catch",0
2012,"High Seas","I7","Total_Fleet_Catch",0
2013,"High Seas","I7","Total_Fleet_Catch",0
2014,"High Seas","I7","Total_Fleet_Catch",0
2015,"High Seas","I7","Total_Fleet_Catch",0
2016,"High Seas","I7","Total_Fleet_Catch",0
2017,"High Seas","I7","Total_Fleet_Catch",0
2018,"High Seas","I7","Total_Fleet_Catch",0
2019,"High Seas","I7","Total_Fleet_Catch",0
2020,"High Seas","I7","Total_Fleet_Catch",0
2021,"High Seas","I7","Total_Fleet_Catch",0
2022,"High Seas","I7","Total_Fleet_Catch",0
2023,"High Seas","I7","Total_Fleet_Catch",0
1997,"High Seas","I8","Total_Fleet_Catch",0
1998,"High Seas","I8","Total_Fleet_Catch",0
1999,"High Seas","I8","Total_Fleet_Catch",0
2000,"High Seas","I8","Total_Fleet_Catch",0
2001,"High Seas","I8","Total_Fleet_Catch",0
2002,"High Seas","I8","Total_Fleet_Catch",0
2003,"High Seas","I8","Total_Fleet_Catch",0
2004,"High Seas","I8","Total_Fleet_Catch",0
2005,"High Seas","I8","Total_Fleet_Catch",0
2006,"High Seas","I8","Total_Fleet_Catch",0
2007,"High Seas","I8","Total_Fleet_Catch",0
2008,"High Seas","I8","Total_Fleet_Catch",0
2009,"High Seas","I8","Total_Fleet_Catch",0
2010,"High Seas","I8","Total_Fleet_Catch",0
2011,"High Seas","I8","Total_Fleet_Catch",0
2012,"High Seas","I8","Total_Fleet_Catch",0
2013,"High Seas","I8","Total_Fleet_Catch",0
2014,"High Seas","I8","Total_Fleet_Catch",0
2015,"High Seas","I8","Total_Fleet_Catch",0
2016,"High Seas","I8","Total_Fleet_Catch",0
2017,"High Seas","I8","Total_Fleet_Catch",0
2018,"High Seas","I8","Total_Fleet_Catch",0
2019,"High Seas","I8","Total_Fleet_Catch",0
2020,"High Seas","I8","Total_Fleet_Catch",0
2021,"High Seas","I8","Total_Fleet_Catch",0
2022,"High Seas","I8","Total_Fleet_Catch",0
2023,"High Seas","I8","Total_Fleet_Catch",0
1997,"High Seas","I9","Total_Fleet_Catch",0
1998,"High Seas","I9","Total_Fleet_Catch",0
1999,"High Seas","I9","Total_Fleet_Catch",0
2000,"High Seas","I9","Total_Fleet_Catch",0
2001,"High Seas","I9","Total_Fleet_Catch",0
2002,"High Seas","I9","Total_Fleet_Catch",0
2003,"High Seas","I9","Total_Fleet_Catch",0
2004,"High Seas","I9","Total_Fleet_Catch",0
2005,"High Seas","I9","Total_Fleet_Catch",0
2006,"High Seas","I9","Total_Fleet_Catch",0
2007,"High Seas","I9","Total_Fleet_Catch",0
2008,"High Seas","I9","Total_Fleet_Catch",0
2009,"High Seas","I9","Total_Fleet_Catch",0
2010,"High Seas","I9","Total_Fleet_Catch",0
2011,"High Seas","I9","Total_Fleet_Catch",0
2012,"High Seas","I9","Total_Fleet_Catch",0
2013,"High Seas","I9","Total_Fleet_Catch",0
2014,"High Seas","I9","Total_Fleet_Catch",0
2015,"High Seas","I9","Total_Fleet_Catch",0
2016,"High Seas","I9","Total_Fleet_Catch",0
2017,"High Seas","I9","Total_Fleet_Catch",0
2018,"High Seas","I9","Total_Fleet_Catch",0
2019,"High Seas","I9","Total_Fleet_Catch",0
2020,"High Seas","I9","Total_Fleet_Catch",0
2021,"High Seas","I9","Total_Fleet_Catch",0
2022,"High Seas","I9","Total_Fleet_Catch",0
2023,"High Seas","I9","Total_Fleet_Catch",0
1997,"Non-PNA Member","Indonesia","Total_Fleet_Catch",256670
1998,"Non-PNA Member","Indonesia","Total_Fleet_Catch",338881
1999,"Non-PNA Member","Indonesia","Total_Fleet_Catch",321618
2000,"Non-PNA Member","Indonesia","Total_Fleet_Catch",342203
2001,"Non-PNA Member","Indonesia","Total_Fleet_Catch",314888
2002,"Non-PNA Member","Indonesia","Total_Fleet_Catch",302659
2003,"Non-PNA Member","Indonesia","Total_Fleet_Catch",310657
2004,"Non-PNA Member","Indonesia","Total_Fleet_Catch",411985
2005,"Non-PNA Member","Indonesia","Total_Fleet_Catch",247514
2006,"Non-PNA Member","Indonesia","Total_Fleet_Catch",285844
2007,"Non-PNA Member","Indonesia","Total_Fleet_Catch",321890
2008,"Non-PNA Member","Indonesia","Total_Fleet_Catch",334970
2009,"Non-PNA Member","Indonesia","Total_Fleet_Catch",388635
2010,"Non-PNA Member","Indonesia","Total_Fleet_Catch",358254
2011,"Non-PNA Member","Indonesia","Total_Fleet_Catch",397915
2012,"Non-PNA Member","Indonesia","Total_Fleet_Catch",443316
2013,"Non-PNA Member","Indonesia","Total_Fleet_Catch",526236
2014,"Non-PNA Member","Indonesia","Total_Fleet_Catch",482917
2015,"Non-PNA Member","Indonesia","Total_Fleet_Catch",432078
2016,"Non-PNA Member","Indonesia","Total_Fleet_Catch",525633
2017,"Non-PNA Member","Indonesia","Total_Fleet_Catch",470964
2018,"Non-PNA Member","Indonesia","Total_Fleet_Catch",526475
2019,"Non-PNA Member","Indonesia","Total_Fleet_Catch",536212
2020,"Non-PNA Member","Indonesia","Total_Fleet_Catch",514558
2021,"Non-PNA Member","Indonesia","Total_Fleet_Catch",546944
2022,"Non-PNA Member","Indonesia","Total_Fleet_Catch",513429
2023,"Non-PNA Member","Indonesia","Total_Fleet_Catch",513429
1997,"High Seas","IW","Total_Fleet_Catch",0
1998,"High Seas","IW","Total_Fleet_Catch",0
1999,"High Seas","IW","Total_Fleet_Catch",0
2000,"High Seas","IW","Total_Fleet_Catch",0
2001,"High Seas","IW","Total_Fleet_Catch",0
2002,"High Seas","IW","Total_Fleet_Catch",0
2003,"High Seas","IW","Total_Fleet_Catch",0
2004,"High Seas","IW","Total_Fleet_Catch",0
2005,"High Seas","IW","Total_Fleet_Catch",0
2006,"High Seas","IW","Total_Fleet_Catch",0
2007,"High Seas","IW","Total_Fleet_Catch",0
2008,"High Seas","IW","Total_Fleet_Catch",0
2009,"High Seas","IW","Total_Fleet_Catch",0
2010,"High Seas","IW","Total_Fleet_Catch",0
2011,"High Seas","IW","Total_Fleet_Catch",0
2012,"High Seas","IW","Total_Fleet_Catch",0
2013,"High Seas","IW","Total_Fleet_Catch",0
2014,"High Seas","IW","Total_Fleet_Catch",0
2015,"High Seas","IW","Total_Fleet_Catch",0
2016,"High Seas","IW","Total_Fleet_Catch",0
2017,"High Seas","IW","Total_Fleet_Catch",0
2018,"High Seas","IW","Total_Fleet_Catch",0
2019,"High Seas","IW","Total_Fleet_Catch",0
2020,"High Seas","IW","Total_Fleet_Catch",0
2021,"High Seas","IW","Total_Fleet_Catch",0
2022,"High Seas","IW","Total_Fleet_Catch",0
2023,"High Seas","IW","Total_Fleet_Catch",0
1997,"Non-PNA Member","Japan","Total_Fleet_Catch",507613
1998,"Non-PNA Member","Japan","Total_Fleet_Catch",541768
1999,"Non-PNA Member","Japan","Total_Fleet_Catch",475068
2000,"Non-PNA Member","Japan","Total_Fleet_Catch",498937
2001,"Non-PNA Member","Japan","Total_Fleet_Catch",439272
2002,"Non-PNA Member","Japan","Total_Fleet_Catch",451820
2003,"Non-PNA Member","Japan","Total_Fleet_Catch",469703
2004,"Non-PNA Member","Japan","Total_Fleet_Catch",441519
2005,"Non-PNA Member","Japan","Total_Fleet_Catch",480909
2006,"Non-PNA Member","Japan","Total_Fleet_Catch",445564
2007,"Non-PNA Member","Japan","Total_Fleet_Catch",466710
2008,"Non-PNA Member","Japan","Total_Fleet_Catch",433765
2009,"Non-PNA Member","Japan","Total_Fleet_Catch",398688
2010,"Non-PNA Member","Japan","Total_Fleet_Catch",430961
2011,"Non-PNA Member","Japan","Total_Fleet_Catch",369139
2012,"Non-PNA Member","Japan","Total_Fleet_Catch",393227
2013,"Non-PNA Member","Japan","Total_Fleet_Catch",376688
2014,"Non-PNA Member","Japan","Total_Fleet_Catch",353669
2015,"Non-PNA Member","Japan","Total_Fleet_Catch",332958
2016,"Non-PNA Member","Japan","Total_Fleet_Catch",300952
2017,"Non-PNA Member","Japan","Total_Fleet_Catch",300717
2018,"Non-PNA Member","Japan","Total_Fleet_Catch",320652
2019,"Non-PNA Member","Japan","Total_Fleet_Catch",299654
2020,"Non-PNA Member","Japan","Total_Fleet_Catch",282500
2021,"Non-PNA Member","Japan","Total_Fleet_Catch",323387
2022,"Non-PNA Member","Japan","Total_Fleet_Catch",248562
2023,"Non-PNA Member","Japan","Total_Fleet_Catch",246444
1997,"PNA Member","Kiribati","Total_Fleet_Catch",6799
1998,"PNA Member","Kiribati","Total_Fleet_Catch",9389
1999,"PNA Member","Kiribati","Total_Fleet_Catch",9793
2000,"PNA Member","Kiribati","Total_Fleet_Catch",14727
2001,"PNA Member","Kiribati","Total_Fleet_Catch",5399
2002,"PNA Member","Kiribati","Total_Fleet_Catch",9829
2003,"PNA Member","Kiribati","Total_Fleet_Catch",6895
2004,"PNA Member","Kiribati","Total_Fleet_Catch",6662
2005,"PNA Member","Kiribati","Total_Fleet_Catch",9165
2006,"PNA Member","Kiribati","Total_Fleet_Catch",6722
2007,"PNA Member","Kiribati","Total_Fleet_Catch",18019
2008,"PNA Member","Kiribati","Total_Fleet_Catch",19410
2009,"PNA Member","Kiribati","Total_Fleet_Catch",34001
2010,"PNA Member","Kiribati","Total_Fleet_Catch",38946
2011,"PNA Member","Kiribati","Total_Fleet_Catch",59610
2012,"PNA Member","Kiribati","Total_Fleet_Catch",74110
2013,"PNA Member","Kiribati","Total_Fleet_Catch",77781
2014,"PNA Member","Kiribati","Total_Fleet_Catch",114158
2015,"PNA Member","Kiribati","Total_Fleet_Catch",142622
2016,"PNA Member","Kiribati","Total_Fleet_Catch",171085
2017,"PNA Member","Kiribati","Total_Fleet_Catch",159387
2018,"PNA Member","Kiribati","Total_Fleet_Catch",194790
2019,"PNA Member","Kiribati","Total_Fleet_Catch",235570
2020,"PNA Member","Kiribati","Total_Fleet_Catch",209500
2021,"PNA Member","Kiribati","Total_Fleet_Catch",188075
2022,"PNA Member","Kiribati","Total_Fleet_Catch",199549
2023,"PNA Member","Kiribati","Total_Fleet_Catch",235384
1997,"Non-PNA Member","Korea","Total_Fleet_Catch",188667
1998,"Non-PNA Member","Korea","Total_Fleet_Catch",247928
1999,"Non-PNA Member","Korea","Total_Fleet_Catch",173495
2000,"Non-PNA Member","Korea","Total_Fleet_Catch",207494
2001,"Non-PNA Member","Korea","Total_Fleet_Catch",216688
2002,"Non-PNA Member","Korea","Total_Fleet_Catch",254593
2003,"Non-PNA Member","Korea","Total_Fleet_Catch",221078
2004,"Non-PNA Member","Korea","Total_Fleet_Catch",212653
2005,"Non-PNA Member","Korea","Total_Fleet_Catch",237356
2006,"Non-PNA Member","Korea","Total_Fleet_Catch",274857
2007,"Non-PNA Member","Korea","Total_Fleet_Catch",279588
2008,"Non-PNA Member","Korea","Total_Fleet_Catch",275133
2009,"Non-PNA Member","Korea","Total_Fleet_Catch",310141
2010,"Non-PNA Member","Korea","Total_Fleet_Catch",300212
2011,"Non-PNA Member","Korea","Total_Fleet_Catch",231568
2012,"Non-PNA Member","Korea","Total_Fleet_Catch",290293
2013,"Non-PNA Member","Korea","Total_Fleet_Catch",245371
2014,"Non-PNA Member","Korea","Total_Fleet_Catch",292010
2015,"Non-PNA Member","Korea","Total_Fleet_Catch",289432
2016,"Non-PNA Member","Korea","Total_Fleet_Catch",299175
2017,"Non-PNA Member","Korea","Total_Fleet_Catch",265541
2018,"Non-PNA Member","Korea","Total_Fleet_Catch",289319
2019,"Non-PNA Member","Korea","Total_Fleet_Catch",344666
2020,"Non-PNA Member","Korea","Total_Fleet_Catch",277265
2021,"Non-PNA Member","Korea","Total_Fleet_Catch",255221
2022,"Non-PNA Member","Korea","Total_Fleet_Catch",254025
2023,"Non-PNA Member","Korea","Total_Fleet_Catch",266869
1997,"PNA Member","Marshall Islands","Total_Fleet_Catch",0
1998,"PNA Member","Marshall Islands","Total_Fleet_Catch",0
1999,"PNA Member","Marshall Islands","Total_Fleet_Catch",0
2000,"PNA Member","Marshall Islands","Total_Fleet_Catch",7560
2001,"PNA Member","Marshall Islands","Total_Fleet_Catch",35769
2002,"PNA Member","Marshall Islands","Total_Fleet_Catch",38953
2003,"PNA Member","Marshall Islands","Total_Fleet_Catch",37875
2004,"PNA Member","Marshall Islands","Total_Fleet_Catch",46675
2005,"PNA Member","Marshall Islands","Total_Fleet_Catch",56166
2006,"PNA Member","Marshall Islands","Total_Fleet_Catch",42349
2007,"PNA Member","Marshall Islands","Total_Fleet_Catch",59364
2008,"PNA Member","Marshall Islands","Total_Fleet_Catch",33017
2009,"PNA Member","Marshall Islands","Total_Fleet_Catch",43975
2010,"PNA Member","Marshall Islands","Total_Fleet_Catch",57228
2011,"PNA Member","Marshall Islands","Total_Fleet_Catch",90544
2012,"PNA Member","Marshall Islands","Total_Fleet_Catch",74059
2013,"PNA Member","Marshall Islands","Total_Fleet_Catch",77769
2014,"PNA Member","Marshall Islands","Total_Fleet_Catch",75896
2015,"PNA Member","Marshall Islands","Total_Fleet_Catch",86872
2016,"PNA Member","Marshall Islands","Total_Fleet_Catch",62211
2017,"PNA Member","Marshall Islands","Total_Fleet_Catch",67009
2018,"PNA Member","Marshall Islands","Total_Fleet_Catch",75293
2019,"PNA Member","Marshall Islands","Total_Fleet_Catch",98335
2020,"PNA Member","Marshall Islands","Total_Fleet_Catch",85215
2021,"PNA Member","Marshall Islands","Total_Fleet_Catch",92644
2022,"PNA Member","Marshall Islands","Total_Fleet_Catch",88293
2023,"PNA Member","Marshall Islands","Total_Fleet_Catch",70178
1997,"Non-PNA Member","Mathew and Hunter","Total_Fleet_Catch",0
1998,"Non-PNA Member","Mathew and Hunter","Total_Fleet_Catch",0
1999,"Non-PNA Member","Mathew and Hunter","Total_Fleet_Catch",0
2000,"Non-PNA Member","Mathew and Hunter","Total_Fleet_Catch",0
2001,"Non-PNA Member","Mathew and Hunter","Total_Fleet_Catch",0
2002,"Non-PNA Member","Mathew and Hunter","Total_Fleet_Catch",0
2003,"Non-PNA Member","Mathew and Hunter","Total_Fleet_Catch",0
2004,"Non-PNA Member","Mathew and Hunter","Total_Fleet_Catch",0
2005,"Non-PNA Member","Mathew and Hunter","Total_Fleet_Catch",0
2006,"Non-PNA Member","Mathew and Hunter","Total_Fleet_Catch",0
2007,"Non-PNA Member","Mathew and Hunter","Total_Fleet_Catch",0
2008,"Non-PNA Member","Mathew and Hunter","Total_Fleet_Catch",0
2009,"Non-PNA Member","Mathew and Hunter","Total_Fleet_Catch",0
2010,"Non-PNA Member","Mathew and Hunter","Total_Fleet_Catch",0
2011,"Non-PNA Member","Mathew and Hunter","Total_Fleet_Catch",0
2012,"Non-PNA Member","Mathew and Hunter","Total_Fleet_Catch",0
2013,"Non-PNA Member","Mathew and Hunter","Total_Fleet_Catch",0
2014,"Non-PNA Member","Mathew and Hunter","Total_Fleet_Catch",0
2015,"Non-PNA Member","Mathew and Hunter","Total_Fleet_Catch",0
2016,"Non-PNA Member","Mathew and Hunter","Total_Fleet_Catch",0
2017,"Non-PNA Member","Mathew and Hunter","Total_Fleet_Catch",0
2018,"Non-PNA Member","Mathew and Hunter","Total_Fleet_Catch",0
2019,"Non-PNA Member","Mathew and Hunter","Total_Fleet_Catch",0
2020,"Non-PNA Member","Mathew and Hunter","Total_Fleet_Catch",0
2021,"Non-PNA Member","Mathew and Hunter","Total_Fleet_Catch",0
2022,"Non-PNA Member","Mathew and Hunter","Total_Fleet_Catch",0
2023,"Non-PNA Member","Mathew and Hunter","Total_Fleet_Catch",0
1997,"PNA Member","Nauru","Total_Fleet_Catch",0
1998,"PNA Member","Nauru","Total_Fleet_Catch",0
1999,"PNA Member","Nauru","Total_Fleet_Catch",0
2000,"PNA Member","Nauru","Total_Fleet_Catch",11
2001,"PNA Member","Nauru","Total_Fleet_Catch",13
2002,"PNA Member","Nauru","Total_Fleet_Catch",7
2003,"PNA Member","Nauru","Total_Fleet_Catch",20
2004,"PNA Member","Nauru","Total_Fleet_Catch",3
2005,"PNA Member","Nauru","Total_Fleet_Catch",0
2006,"PNA Member","Nauru","Total_Fleet_Catch",0
2007,"PNA Member","Nauru","Total_Fleet_Catch",0
2008,"PNA Member","Nauru","Total_Fleet_Catch",3
2009,"PNA Member","Nauru","Total_Fleet_Catch",8
2010,"PNA Member","Nauru","Total_Fleet_Catch",4
2011,"PNA Member","Nauru","Total_Fleet_Catch",11
2012,"PNA Member","Nauru","Total_Fleet_Catch",11
2013,"PNA Member","Nauru","Total_Fleet_Catch",19
2014,"PNA Member","Nauru","Total_Fleet_Catch",19
2015,"PNA Member","Nauru","Total_Fleet_Catch",19
2016,"PNA Member","Nauru","Total_Fleet_Catch",19
2017,"PNA Member","Nauru","Total_Fleet_Catch",19
2018,"PNA Member","Nauru","Total_Fleet_Catch",8898
2019,"PNA Member","Nauru","Total_Fleet_Catch",33256
2020,"PNA Member","Nauru","Total_Fleet_Catch",92105
2021,"PNA Member","Nauru","Total_Fleet_Catch",120115
2022,"PNA Member","Nauru","Total_Fleet_Catch",106476
2023,"PNA Member","Nauru","Total_Fleet_Catch",102971
1997,"Non-PNA Member","New Caledonia","Total_Fleet_Catch",976
1998,"Non-PNA Member","New Caledonia","Total_Fleet_Catch",1543
1999,"Non-PNA Member","New Caledonia","Total_Fleet_Catch",1615
2000,"Non-PNA Member","New Caledonia","Total_Fleet_Catch",1662
2001,"Non-PNA Member","New Caledonia","Total_Fleet_Catch",1718
2002,"Non-PNA Member","New Caledonia","Total_Fleet_Catch",1926
2003,"Non-PNA Member","New Caledonia","Total_Fleet_Catch",2005
2004,"Non-PNA Member","New Caledonia","Total_Fleet_Catch",2189
2005,"Non-PNA Member","New Caledonia","Total_Fleet_Catch",2114
2006,"Non-PNA Member","New Caledonia","Total_Fleet_Catch",1807
2007,"Non-PNA Member","New Caledonia","Total_Fleet_Catch",1770
2008,"Non-PNA Member","New Caledonia","Total_Fleet_Catch",1993
2009,"Non-PNA Member","New Caledonia","Total_Fleet_Catch",2187
2010,"Non-PNA Member","New Caledonia","Total_Fleet_Catch",2488
2011,"Non-PNA Member","New Caledonia","Total_Fleet_Catch",2362
2012,"Non-PNA Member","New Caledonia","Total_Fleet_Catch",2337
2013,"Non-PNA Member","New Caledonia","Total_Fleet_Catch",2313
2014,"Non-PNA Member","New Caledonia","Total_Fleet_Catch",2429
2015,"Non-PNA Member","New Caledonia","Total_Fleet_Catch",2504
2016,"Non-PNA Member","New Caledonia","Total_Fleet_Catch",2361
2017,"Non-PNA Member","New Caledonia","Total_Fleet_Catch",2382
2018,"Non-PNA Member","New Caledonia","Total_Fleet_Catch",2280
2019,"Non-PNA Member","New Caledonia","Total_Fleet_Catch",2750
2020,"Non-PNA Member","New Caledonia","Total_Fleet_Catch",2468
2021,"Non-PNA Member","New Caledonia","Total_Fleet_Catch",2469
2022,"Non-PNA Member","New Caledonia","Total_Fleet_Catch",2905
2023,"Non-PNA Member","New Caledonia","Total_Fleet_Catch",2521
1997,"Non-PNA Member","New Zealand","Total_Fleet_Catch",10451
1998,"Non-PNA Member","New Zealand","Total_Fleet_Catch",15154
1999,"Non-PNA Member","New Zealand","Total_Fleet_Catch",10141
2000,"Non-PNA Member","New Zealand","Total_Fleet_Catch",18918
2001,"Non-PNA Member","New Zealand","Total_Fleet_Catch",17533
2002,"Non-PNA Member","New Zealand","Total_Fleet_Catch",38565
2003,"Non-PNA Member","New Zealand","Total_Fleet_Catch",30613
2004,"Non-PNA Member","New Zealand","Total_Fleet_Catch",33884
2005,"Non-PNA Member","New Zealand","Total_Fleet_Catch",27916
2006,"Non-PNA Member","New Zealand","Total_Fleet_Catch",30824
2007,"Non-PNA Member","New Zealand","Total_Fleet_Catch",38970
2008,"Non-PNA Member","New Zealand","Total_Fleet_Catch",33877
2009,"Non-PNA Member","New Zealand","Total_Fleet_Catch",30620
2010,"Non-PNA Member","New Zealand","Total_Fleet_Catch",26949
2011,"Non-PNA Member","New Zealand","Total_Fleet_Catch",25313
2012,"Non-PNA Member","New Zealand","Total_Fleet_Catch",23528
2013,"Non-PNA Member","New Zealand","Total_Fleet_Catch",27688
2014,"Non-PNA Member","New Zealand","Total_Fleet_Catch",22908
2015,"Non-PNA Member","New Zealand","Total_Fleet_Catch",21331
2016,"Non-PNA Member","New Zealand","Total_Fleet_Catch",13701
2017,"Non-PNA Member","New Zealand","Total_Fleet_Catch",10313
2018,"Non-PNA Member","New Zealand","Total_Fleet_Catch",9500
2019,"Non-PNA Member","New Zealand","Total_Fleet_Catch",12004
2020,"Non-PNA Member","New Zealand","Total_Fleet_Catch",9758
2021,"Non-PNA Member","New Zealand","Total_Fleet_Catch",8507
2022,"Non-PNA Member","New Zealand","Total_Fleet_Catch",3449
2023,"Non-PNA Member","New Zealand","Total_Fleet_Catch",1208
1997,"Non-PNA Member","Niue","Total_Fleet_Catch",0
1998,"Non-PNA Member","Niue","Total_Fleet_Catch",0
1999,"Non-PNA Member","Niue","Total_Fleet_Catch",0
2000,"Non-PNA Member","Niue","Total_Fleet_Catch",0
2001,"Non-PNA Member","Niue","Total_Fleet_Catch",0
2002,"Non-PNA Member","Niue","Total_Fleet_Catch",0
2003,"Non-PNA Member","Niue","Total_Fleet_Catch",0
2004,"Non-PNA Member","Niue","Total_Fleet_Catch",6
2005,"Non-PNA Member","Niue","Total_Fleet_Catch",105
2006,"Non-PNA Member","Niue","Total_Fleet_Catch",286
2007,"Non-PNA Member","Niue","Total_Fleet_Catch",306
2008,"Non-PNA Member","Niue","Total_Fleet_Catch",435
2009,"Non-PNA Member","Niue","Total_Fleet_Catch",189
2010,"Non-PNA Member","Niue","Total_Fleet_Catch",110
2011,"Non-PNA Member","Niue","Total_Fleet_Catch",0
2012,"Non-PNA Member","Niue","Total_Fleet_Catch",0
2013,"Non-PNA Member","Niue","Total_Fleet_Catch",0
2014,"Non-PNA Member","Niue","Total_Fleet_Catch",0
2015,"Non-PNA Member","Niue","Total_Fleet_Catch",0
2016,"Non-PNA Member","Niue","Total_Fleet_Catch",0
2017,"Non-PNA Member","Niue","Total_Fleet_Catch",0
2018,"Non-PNA Member","Niue","Total_Fleet_Catch",0
2019,"Non-PNA Member","Niue","Total_Fleet_Catch",0
2020,"Non-PNA Member","Niue","Total_Fleet_Catch",0
2021,"Non-PNA Member","Niue","Total_Fleet_Catch",3
2022,"Non-PNA Member","Niue","Total_Fleet_Catch",2
2023,"Non-PNA Member","Niue","Total_Fleet_Catch",2
1997,"Non-PNA Member","Northern Mariana Islands","Total_Fleet_Catch",0
1998,"Non-PNA Member","Northern Mariana Islands","Total_Fleet_Catch",0
1999,"Non-PNA Member","Northern Mariana Islands","Total_Fleet_Catch",0
2000,"Non-PNA Member","Northern Mariana Islands","Total_Fleet_Catch",0
2001,"Non-PNA Member","Northern Mariana Islands","Total_Fleet_Catch",0
2002,"Non-PNA Member","Northern Mariana Islands","Total_Fleet_Catch",0
2003,"Non-PNA Member","Northern Mariana Islands","Total_Fleet_Catch",0
2004,"Non-PNA Member","Northern Mariana Islands","Total_Fleet_Catch",0
2005,"Non-PNA Member","Northern Mariana Islands","Total_Fleet_Catch",0
2006,"Non-PNA Member","Northern Mariana Islands","Total_Fleet_Catch",0
2007,"Non-PNA Member","Northern Mariana Islands","Total_Fleet_Catch",0
2008,"Non-PNA Member","Northern Mariana Islands","Total_Fleet_Catch",0
2009,"Non-PNA Member","Northern Mariana Islands","Total_Fleet_Catch",0
2010,"Non-PNA Member","Northern Mariana Islands","Total_Fleet_Catch",0
2011,"Non-PNA Member","Northern Mariana Islands","Total_Fleet_Catch",0
2012,"Non-PNA Member","Northern Mariana Islands","Total_Fleet_Catch",0
2013,"Non-PNA Member","Northern Mariana Islands","Total_Fleet_Catch",0
2014,"Non-PNA Member","Northern Mariana Islands","Total_Fleet_Catch",0
2015,"Non-PNA Member","Northern Mariana Islands","Total_Fleet_Catch",0
2016,"Non-PNA Member","Northern Mariana Islands","Total_Fleet_Catch",0
2017,"Non-PNA Member","Northern Mariana Islands","Total_Fleet_Catch",0
2018,"Non-PNA Member","Northern Mariana Islands","Total_Fleet_Catch",0
2019,"Non-PNA Member","Northern Mariana Islands","Total_Fleet_Catch",0
2020,"Non-PNA Member","Northern Mariana Islands","Total_Fleet_Catch",0
2021,"Non-PNA Member","Northern Mariana Islands","Total_Fleet_Catch",0
2022,"Non-PNA Member","Northern Mariana Islands","Total_Fleet_Catch",0
2023,"Non-PNA Member","Northern Mariana Islands","Total_Fleet_Catch",0
1997,"PNA Member","Palau","Total_Fleet_Catch",107
1998,"PNA Member","Palau","Total_Fleet_Catch",100
1999,"PNA Member","Palau","Total_Fleet_Catch",100
2000,"PNA Member","Palau","Total_Fleet_Catch",240
2001,"PNA Member","Palau","Total_Fleet_Catch",62
2002,"PNA Member","Palau","Total_Fleet_Catch",4
2003,"PNA Member","Palau","Total_Fleet_Catch",20
2004,"PNA Member","Palau","Total_Fleet_Catch",35
2005,"PNA Member","Palau","Total_Fleet_Catch",0
2006,"PNA Member","Palau","Total_Fleet_Catch",0
2007,"PNA Member","Palau","Total_Fleet_Catch",0
2008,"PNA Member","Palau","Total_Fleet_Catch",0
2009,"PNA Member","Palau","Total_Fleet_Catch",0
2010,"PNA Member","Palau","Total_Fleet_Catch",0
2011,"PNA Member","Palau","Total_Fleet_Catch",0
2012,"PNA Member","Palau","Total_Fleet_Catch",0
2013,"PNA Member","Palau","Total_Fleet_Catch",0
2014,"PNA Member","Palau","Total_Fleet_Catch",0
2015,"PNA Member","Palau","Total_Fleet_Catch",0
2016,"PNA Member","Palau","Total_Fleet_Catch",0
2017,"PNA Member","Palau","Total_Fleet_Catch",2504
2018,"PNA Member","Palau","Total_Fleet_Catch",2943
2019,"PNA Member","Palau","Total_Fleet_Catch",2509
2020,"PNA Member","Palau","Total_Fleet_Catch",1
2021,"PNA Member","Palau","Total_Fleet_Catch",33
2022,"PNA Member","Palau","Total_Fleet_Catch",24
2023,"PNA Member","Palau","Total_Fleet_Catch",8
1997,"Non-PNA Member","Philippines","Total_Fleet_Catch",208758
1998,"Non-PNA Member","Philippines","Total_Fleet_Catch",235584
1999,"Non-PNA Member","Philippines","Total_Fleet_Catch",226179
2000,"Non-PNA Member","Philippines","Total_Fleet_Catch",234460
2001,"Non-PNA Member","Philippines","Total_Fleet_Catch",210756
2002,"Non-PNA Member","Philippines","Total_Fleet_Catch",234063
2003,"Non-PNA Member","Philippines","Total_Fleet_Catch",291832
2004,"Non-PNA Member","Philippines","Total_Fleet_Catch",302112
2005,"Non-PNA Member","Philippines","Total_Fleet_Catch",306315
2006,"Non-PNA Member","Philippines","Total_Fleet_Catch",334610
2007,"Non-PNA Member","Philippines","Total_Fleet_Catch",381050
2008,"Non-PNA Member","Philippines","Total_Fleet_Catch",420526
2009,"Non-PNA Member","Philippines","Total_Fleet_Catch",327744
2010,"Non-PNA Member","Philippines","Total_Fleet_Catch",285566
2011,"Non-PNA Member","Philippines","Total_Fleet_Catch",193916
2012,"Non-PNA Member","Philippines","Total_Fleet_Catch",233386
2013,"Non-PNA Member","Philippines","Total_Fleet_Catch",229274
2014,"Non-PNA Member","Philippines","Total_Fleet_Catch",287190
2015,"Non-PNA Member","Philippines","Total_Fleet_Catch",247960
2016,"Non-PNA Member","Philippines","Total_Fleet_Catch",214802
2017,"Non-PNA Member","Philippines","Total_Fleet_Catch",199957
2018,"Non-PNA Member","Philippines","Total_Fleet_Catch",156278
2019,"Non-PNA Member","Philippines","Total_Fleet_Catch",160713
2020,"Non-PNA Member","Philippines","Total_Fleet_Catch",215361
2021,"Non-PNA Member","Philippines","Total_Fleet_Catch",177193
2022,"Non-PNA Member","Philippines","Total_Fleet_Catch",147710
2023,"Non-PNA Member","Philippines","Total_Fleet_Catch",159448
1997,"PNA Member","PNG","Total_Fleet_Catch",19401
1998,"PNA Member","PNG","Total_Fleet_Catch",50692
1999,"PNA Member","PNG","Total_Fleet_Catch",38980
2000,"PNA Member","PNG","Total_Fleet_Catch",68762
2001,"PNA Member","PNG","Total_Fleet_Catch",92810
2002,"PNA Member","PNG","Total_Fleet_Catch",124669
2003,"PNA Member","PNG","Total_Fleet_Catch",167152
2004,"PNA Member","PNG","Total_Fleet_Catch",225439
2005,"PNA Member","PNG","Total_Fleet_Catch",240988
2006,"PNA Member","PNG","Total_Fleet_Catch",242307
2007,"PNA Member","PNG","Total_Fleet_Catch",265197
2008,"PNA Member","PNG","Total_Fleet_Catch",233348
2009,"PNA Member","PNG","Total_Fleet_Catch",215962
2010,"PNA Member","PNG","Total_Fleet_Catch",208257
2011,"PNA Member","PNG","Total_Fleet_Catch",178990
2012,"PNA Member","PNG","Total_Fleet_Catch",240055
2013,"PNA Member","PNG","Total_Fleet_Catch",221887
2014,"PNA Member","PNG","Total_Fleet_Catch",236823
2015,"PNA Member","PNG","Total_Fleet_Catch",215764
2016,"PNA Member","PNG","Total_Fleet_Catch",302692
2017,"PNA Member","PNG","Total_Fleet_Catch",308489
2018,"PNA Member","PNG","Total_Fleet_Catch",313872
2019,"PNA Member","PNG","Total_Fleet_Catch",267347
2020,"PNA Member","PNG","Total_Fleet_Catch",198437
2021,"PNA Member","PNG","Total_Fleet_Catch",169338
2022,"PNA Member","PNG","Total_Fleet_Catch",218266
2023,"PNA Member","PNG","Total_Fleet_Catch",201278
1997,"Non-PNA Member","Portugal","Total_Fleet_Catch",0
1998,"Non-PNA Member","Portugal","Total_Fleet_Catch",0
1999,"Non-PNA Member","Portugal","Total_Fleet_Catch",0
2000,"Non-PNA Member","Portugal","Total_Fleet_Catch",0
2001,"Non-PNA Member","Portugal","Total_Fleet_Catch",0
2002,"Non-PNA Member","Portugal","Total_Fleet_Catch",0
2003,"Non-PNA Member","Portugal","Total_Fleet_Catch",0
2004,"Non-PNA Member","Portugal","Total_Fleet_Catch",0
2005,"Non-PNA Member","Portugal","Total_Fleet_Catch",0
2006,"Non-PNA Member","Portugal","Total_Fleet_Catch",0
2007,"Non-PNA Member","Portugal","Total_Fleet_Catch",0
2008,"Non-PNA Member","Portugal","Total_Fleet_Catch",0
2009,"Non-PNA Member","Portugal","Total_Fleet_Catch",0
2010,"Non-PNA Member","Portugal","Total_Fleet_Catch",0
2011,"Non-PNA Member","Portugal","Total_Fleet_Catch",7
2012,"Non-PNA Member","Portugal","Total_Fleet_Catch",18
2013,"Non-PNA Member","Portugal","Total_Fleet_Catch",175
2014,"Non-PNA Member","Portugal","Total_Fleet_Catch",94
2015,"Non-PNA Member","Portugal","Total_Fleet_Catch",21
2016,"Non-PNA Member","Portugal","Total_Fleet_Catch",16
2017,"Non-PNA Member","Portugal","Total_Fleet_Catch",0
2018,"Non-PNA Member","Portugal","Total_Fleet_Catch",0
2019,"Non-PNA Member","Portugal","Total_Fleet_Catch",0
2020,"Non-PNA Member","Portugal","Total_Fleet_Catch",0
2021,"Non-PNA Member","Portugal","Total_Fleet_Catch",0
2022,"Non-PNA Member","Portugal","Total_Fleet_Catch",0
2023,"Non-PNA Member","Portugal","Total_Fleet_Catch",0
1997,"Non-PNA Member","Samoa","Total_Fleet_Catch",5498
1998,"Non-PNA Member","Samoa","Total_Fleet_Catch",6820
1999,"Non-PNA Member","Samoa","Total_Fleet_Catch",5790
2000,"Non-PNA Member","Samoa","Total_Fleet_Catch",5389
2001,"Non-PNA Member","Samoa","Total_Fleet_Catch",5864
2002,"Non-PNA Member","Samoa","Total_Fleet_Catch",4927
2003,"Non-PNA Member","Samoa","Total_Fleet_Catch",2944
2004,"Non-PNA Member","Samoa","Total_Fleet_Catch",1967
2005,"Non-PNA Member","Samoa","Total_Fleet_Catch",1626
2006,"Non-PNA Member","Samoa","Total_Fleet_Catch",2564
2007,"Non-PNA Member","Samoa","Total_Fleet_Catch",3559
2008,"Non-PNA Member","Samoa","Total_Fleet_Catch",2796
2009,"Non-PNA Member","Samoa","Total_Fleet_Catch",3422
2010,"Non-PNA Member","Samoa","Total_Fleet_Catch",3090
2011,"Non-PNA Member","Samoa","Total_Fleet_Catch",1932
2012,"Non-PNA Member","Samoa","Total_Fleet_Catch",2353
2013,"Non-PNA Member","Samoa","Total_Fleet_Catch",2022
2014,"Non-PNA Member","Samoa","Total_Fleet_Catch",1102
2015,"Non-PNA Member","Samoa","Total_Fleet_Catch",1160
2016,"Non-PNA Member","Samoa","Total_Fleet_Catch",1273
2017,"Non-PNA Member","Samoa","Total_Fleet_Catch",3231
2018,"Non-PNA Member","Samoa","Total_Fleet_Catch",2190
2019,"Non-PNA Member","Samoa","Total_Fleet_Catch",3530
2020,"Non-PNA Member","Samoa","Total_Fleet_Catch",2335
2021,"Non-PNA Member","Samoa","Total_Fleet_Catch",1563
2022,"Non-PNA Member","Samoa","Total_Fleet_Catch",1990
2023,"Non-PNA Member","Samoa","Total_Fleet_Catch",2711
1997,"Non-PNA Member","Senegal","Total_Fleet_Catch",0
1998,"Non-PNA Member","Senegal","Total_Fleet_Catch",0
1999,"Non-PNA Member","Senegal","Total_Fleet_Catch",0
2000,"Non-PNA Member","Senegal","Total_Fleet_Catch",0
2001,"Non-PNA Member","Senegal","Total_Fleet_Catch",0
2002,"Non-PNA Member","Senegal","Total_Fleet_Catch",0
2003,"Non-PNA Member","Senegal","Total_Fleet_Catch",0
2004,"Non-PNA Member","Senegal","Total_Fleet_Catch",0
2005,"Non-PNA Member","Senegal","Total_Fleet_Catch",6
2006,"Non-PNA Member","Senegal","Total_Fleet_Catch",15
2007,"Non-PNA Member","Senegal","Total_Fleet_Catch",6
2008,"Non-PNA Member","Senegal","Total_Fleet_Catch",0
2009,"Non-PNA Member","Senegal","Total_Fleet_Catch",0
2010,"Non-PNA Member","Senegal","Total_Fleet_Catch",0
2011,"Non-PNA Member","Senegal","Total_Fleet_Catch",0
2012,"Non-PNA Member","Senegal","Total_Fleet_Catch",0
2013,"Non-PNA Member","Senegal","Total_Fleet_Catch",0
2014,"Non-PNA Member","Senegal","Total_Fleet_Catch",0
2015,"Non-PNA Member","Senegal","Total_Fleet_Catch",0
2016,"Non-PNA Member","Senegal","Total_Fleet_Catch",0
2017,"Non-PNA Member","Senegal","Total_Fleet_Catch",0
2018,"Non-PNA Member","Senegal","Total_Fleet_Catch",0
2019,"Non-PNA Member","Senegal","Total_Fleet_Catch",0
2020,"Non-PNA Member","Senegal","Total_Fleet_Catch",0
2021,"Non-PNA Member","Senegal","Total_Fleet_Catch",0
2022,"Non-PNA Member","Senegal","Total_Fleet_Catch",0
2023,"Non-PNA Member","Senegal","Total_Fleet_Catch",0
1997,"PNA Member","Solomon  Islands","Total_Fleet_Catch",47442
1998,"PNA Member","Solomon  Islands","Total_Fleet_Catch",48378
1999,"PNA Member","Solomon  Islands","Total_Fleet_Catch",45659
2000,"PNA Member","Solomon  Islands","Total_Fleet_Catch",12929
2001,"PNA Member","Solomon  Islands","Total_Fleet_Catch",17126
2002,"PNA Member","Solomon  Islands","Total_Fleet_Catch",18535
2003,"PNA Member","Solomon  Islands","Total_Fleet_Catch",26365
2004,"PNA Member","Solomon  Islands","Total_Fleet_Catch",24904
2005,"PNA Member","Solomon  Islands","Total_Fleet_Catch",19911
2006,"PNA Member","Solomon  Islands","Total_Fleet_Catch",29462
2007,"PNA Member","Solomon  Islands","Total_Fleet_Catch",21250
2008,"PNA Member","Solomon  Islands","Total_Fleet_Catch",17378
2009,"PNA Member","Solomon  Islands","Total_Fleet_Catch",17882
2010,"PNA Member","Solomon  Islands","Total_Fleet_Catch",26910
2011,"PNA Member","Solomon  Islands","Total_Fleet_Catch",28233
2012,"PNA Member","Solomon  Islands","Total_Fleet_Catch",28608
2013,"PNA Member","Solomon  Islands","Total_Fleet_Catch",26435
2014,"PNA Member","Solomon  Islands","Total_Fleet_Catch",62037
2015,"PNA Member","Solomon  Islands","Total_Fleet_Catch",61582
2016,"PNA Member","Solomon  Islands","Total_Fleet_Catch",61065
2017,"PNA Member","Solomon  Islands","Total_Fleet_Catch",46765
2018,"PNA Member","Solomon  Islands","Total_Fleet_Catch",61638
2019,"PNA Member","Solomon  Islands","Total_Fleet_Catch",67318
2020,"PNA Member","Solomon  Islands","Total_Fleet_Catch",39834
2021,"PNA Member","Solomon  Islands","Total_Fleet_Catch",49417
2022,"PNA Member","Solomon  Islands","Total_Fleet_Catch",47500
2023,"PNA Member","Solomon  Islands","Total_Fleet_Catch",39589
1997,"Non-PNA Member","Spain","Total_Fleet_Catch",0
1998,"Non-PNA Member","Spain","Total_Fleet_Catch",1624
1999,"Non-PNA Member","Spain","Total_Fleet_Catch",8614
2000,"Non-PNA Member","Spain","Total_Fleet_Catch",12896
2001,"Non-PNA Member","Spain","Total_Fleet_Catch",2402
2002,"Non-PNA Member","Spain","Total_Fleet_Catch",2288
2003,"Non-PNA Member","Spain","Total_Fleet_Catch",4659
2004,"Non-PNA Member","Spain","Total_Fleet_Catch",5584
2005,"Non-PNA Member","Spain","Total_Fleet_Catch",3453
2006,"Non-PNA Member","Spain","Total_Fleet_Catch",11826
2007,"Non-PNA Member","Spain","Total_Fleet_Catch",23750
2008,"Non-PNA Member","Spain","Total_Fleet_Catch",36359
2009,"Non-PNA Member","Spain","Total_Fleet_Catch",26686
2010,"Non-PNA Member","Spain","Total_Fleet_Catch",29500
2011,"Non-PNA Member","Spain","Total_Fleet_Catch",39466
2012,"Non-PNA Member","Spain","Total_Fleet_Catch",32198
2013,"Non-PNA Member","Spain","Total_Fleet_Catch",45037
2014,"Non-PNA Member","Spain","Total_Fleet_Catch",40539
2015,"Non-PNA Member","Spain","Total_Fleet_Catch",33275
2016,"Non-PNA Member","Spain","Total_Fleet_Catch",8782
2017,"Non-PNA Member","Spain","Total_Fleet_Catch",11754
2018,"Non-PNA Member","Spain","Total_Fleet_Catch",10481
2019,"Non-PNA Member","Spain","Total_Fleet_Catch",9985
2020,"Non-PNA Member","Spain","Total_Fleet_Catch",10832
2021,"Non-PNA Member","Spain","Total_Fleet_Catch",13493
2022,"Non-PNA Member","Spain","Total_Fleet_Catch",17753
2023,"Non-PNA Member","Spain","Total_Fleet_Catch",23338
1997,"Non-PNA Member","Taiwan","Total_Fleet_Catch",216994
1998,"Non-PNA Member","Taiwan","Total_Fleet_Catch",305352
1999,"Non-PNA Member","Taiwan","Total_Fleet_Catch",251029
2000,"Non-PNA Member","Taiwan","Total_Fleet_Catch",279193
2001,"Non-PNA Member","Taiwan","Total_Fleet_Catch",285278
2002,"Non-PNA Member","Taiwan","Total_Fleet_Catch",318297
2003,"Non-PNA Member","Taiwan","Total_Fleet_Catch",258537
2004,"Non-PNA Member","Taiwan","Total_Fleet_Catch",261040
2005,"Non-PNA Member","Taiwan","Total_Fleet_Catch",244535
2006,"Non-PNA Member","Taiwan","Total_Fleet_Catch",255605
2007,"Non-PNA Member","Taiwan","Total_Fleet_Catch",276951
2008,"Non-PNA Member","Taiwan","Total_Fleet_Catch",247248
2009,"Non-PNA Member","Taiwan","Total_Fleet_Catch",242297
2010,"Non-PNA Member","Taiwan","Total_Fleet_Catch",256577
2011,"Non-PNA Member","Taiwan","Total_Fleet_Catch",229097
2012,"Non-PNA Member","Taiwan","Total_Fleet_Catch",247235
2013,"Non-PNA Member","Taiwan","Total_Fleet_Catch",260447
2014,"Non-PNA Member","Taiwan","Total_Fleet_Catch",275356
2015,"Non-PNA Member","Taiwan","Total_Fleet_Catch",233757
2016,"Non-PNA Member","Taiwan","Total_Fleet_Catch",236110
2017,"Non-PNA Member","Taiwan","Total_Fleet_Catch",225364
2018,"Non-PNA Member","Taiwan","Total_Fleet_Catch",241992
2019,"Non-PNA Member","Taiwan","Total_Fleet_Catch",289441
2020,"Non-PNA Member","Taiwan","Total_Fleet_Catch",216217
2021,"Non-PNA Member","Taiwan","Total_Fleet_Catch",250603
2022,"Non-PNA Member","Taiwan","Total_Fleet_Catch",255713
2023,"Non-PNA Member","Taiwan","Total_Fleet_Catch",218141
1997,"PNA Member","Tokelau","Total_Fleet_Catch",0
1998,"PNA Member","Tokelau","Total_Fleet_Catch",0
1999,"PNA Member","Tokelau","Total_Fleet_Catch",0
2000,"PNA Member","Tokelau","Total_Fleet_Catch",0
2001,"PNA Member","Tokelau","Total_Fleet_Catch",0
2002,"PNA Member","Tokelau","Total_Fleet_Catch",8
2003,"PNA Member","Tokelau","Total_Fleet_Catch",3
2004,"PNA Member","Tokelau","Total_Fleet_Catch",3
2005,"PNA Member","Tokelau","Total_Fleet_Catch",6
2006,"PNA Member","Tokelau","Total_Fleet_Catch",6
2007,"PNA Member","Tokelau","Total_Fleet_Catch",8
2008,"PNA Member","Tokelau","Total_Fleet_Catch",8
2009,"PNA Member","Tokelau","Total_Fleet_Catch",12
2010,"PNA Member","Tokelau","Total_Fleet_Catch",4
2011,"PNA Member","Tokelau","Total_Fleet_Catch",4
2012,"PNA Member","Tokelau","Total_Fleet_Catch",229
2013,"PNA Member","Tokelau","Total_Fleet_Catch",177
2014,"PNA Member","Tokelau","Total_Fleet_Catch",86
2015,"PNA Member","Tokelau","Total_Fleet_Catch",179
2016,"PNA Member","Tokelau","Total_Fleet_Catch",179
2017,"PNA Member","Tokelau","Total_Fleet_Catch",67
2018,"PNA Member","Tokelau","Total_Fleet_Catch",55
2019,"PNA Member","Tokelau","Total_Fleet_Catch",67
2020,"PNA Member","Tokelau","Total_Fleet_Catch",51
2021,"PNA Member","Tokelau","Total_Fleet_Catch",51
2022,"PNA Member","Tokelau","Total_Fleet_Catch",19
2023,"PNA Member","Tokelau","Total_Fleet_Catch",19
1997,"Non-PNA Member","Tonga","Total_Fleet_Catch",663
1998,"Non-PNA Member","Tonga","Total_Fleet_Catch",833
1999,"Non-PNA Member","Tonga","Total_Fleet_Catch",1084
2000,"Non-PNA Member","Tonga","Total_Fleet_Catch",1161
2001,"Non-PNA Member","Tonga","Total_Fleet_Catch",1733
2002,"Non-PNA Member","Tonga","Total_Fleet_Catch",1673
2003,"Non-PNA Member","Tonga","Total_Fleet_Catch",973
2004,"Non-PNA Member","Tonga","Total_Fleet_Catch",388
2005,"Non-PNA Member","Tonga","Total_Fleet_Catch",629
2006,"Non-PNA Member","Tonga","Total_Fleet_Catch",759
2007,"Non-PNA Member","Tonga","Total_Fleet_Catch",861
2008,"Non-PNA Member","Tonga","Total_Fleet_Catch",592
2009,"Non-PNA Member","Tonga","Total_Fleet_Catch",271
2010,"Non-PNA Member","Tonga","Total_Fleet_Catch",128
2011,"Non-PNA Member","Tonga","Total_Fleet_Catch",224
2012,"Non-PNA Member","Tonga","Total_Fleet_Catch",171
2013,"Non-PNA Member","Tonga","Total_Fleet_Catch",147
2014,"Non-PNA Member","Tonga","Total_Fleet_Catch",250
2015,"Non-PNA Member","Tonga","Total_Fleet_Catch",357
2016,"Non-PNA Member","Tonga","Total_Fleet_Catch",400
2017,"Non-PNA Member","Tonga","Total_Fleet_Catch",435
2018,"Non-PNA Member","Tonga","Total_Fleet_Catch",262
2019,"Non-PNA Member","Tonga","Total_Fleet_Catch",233
2020,"Non-PNA Member","Tonga","Total_Fleet_Catch",182
2021,"Non-PNA Member","Tonga","Total_Fleet_Catch",235
2022,"Non-PNA Member","Tonga","Total_Fleet_Catch",385
2023,"Non-PNA Member","Tonga","Total_Fleet_Catch",307
1997,"PNA Member","Tuvalu","Total_Fleet_Catch",0
1998,"PNA Member","Tuvalu","Total_Fleet_Catch",0
1999,"PNA Member","Tuvalu","Total_Fleet_Catch",0
2000,"PNA Member","Tuvalu","Total_Fleet_Catch",0
2001,"PNA Member","Tuvalu","Total_Fleet_Catch",0
2002,"PNA Member","Tuvalu","Total_Fleet_Catch",0
2003,"PNA Member","Tuvalu","Total_Fleet_Catch",0
2004,"PNA Member","Tuvalu","Total_Fleet_Catch",0
2005,"PNA Member","Tuvalu","Total_Fleet_Catch",19
2006,"PNA Member","Tuvalu","Total_Fleet_Catch",12
2007,"PNA Member","Tuvalu","Total_Fleet_Catch",26
2008,"PNA Member","Tuvalu","Total_Fleet_Catch",22
2009,"PNA Member","Tuvalu","Total_Fleet_Catch",4454
2010,"PNA Member","Tuvalu","Total_Fleet_Catch",10580
2011,"PNA Member","Tuvalu","Total_Fleet_Catch",10776
2012,"PNA Member","Tuvalu","Total_Fleet_Catch",16466
2013,"PNA Member","Tuvalu","Total_Fleet_Catch",11896
2014,"PNA Member","Tuvalu","Total_Fleet_Catch",6353
2015,"PNA Member","Tuvalu","Total_Fleet_Catch",5130
2016,"PNA Member","Tuvalu","Total_Fleet_Catch",6610
2017,"PNA Member","Tuvalu","Total_Fleet_Catch",6428
2018,"PNA Member","Tuvalu","Total_Fleet_Catch",11785
2019,"PNA Member","Tuvalu","Total_Fleet_Catch",7347
2020,"PNA Member","Tuvalu","Total_Fleet_Catch",10295
2021,"PNA Member","Tuvalu","Total_Fleet_Catch",30084
2022,"PNA Member","Tuvalu","Total_Fleet_Catch",41766
2023,"PNA Member","Tuvalu","Total_Fleet_Catch",47961
1997,"Non-PNA Member","US","Total_Fleet_Catch",0
1998,"Non-PNA Member","US","Total_Fleet_Catch",0
1999,"Non-PNA Member","US","Total_Fleet_Catch",0
2000,"Non-PNA Member","US","Total_Fleet_Catch",0
2001,"Non-PNA Member","US","Total_Fleet_Catch",0
2002,"Non-PNA Member","US","Total_Fleet_Catch",0
2003,"Non-PNA Member","US","Total_Fleet_Catch",0
2004,"Non-PNA Member","US","Total_Fleet_Catch",0
2005,"Non-PNA Member","US","Total_Fleet_Catch",0
2006,"Non-PNA Member","US","Total_Fleet_Catch",0
2007,"Non-PNA Member","US","Total_Fleet_Catch",0
2008,"Non-PNA Member","US","Total_Fleet_Catch",0
2009,"Non-PNA Member","US","Total_Fleet_Catch",0
2010,"Non-PNA Member","US","Total_Fleet_Catch",0
2011,"Non-PNA Member","US","Total_Fleet_Catch",0
2012,"Non-PNA Member","US","Total_Fleet_Catch",0
2013,"Non-PNA Member","US","Total_Fleet_Catch",0
2014,"Non-PNA Member","US","Total_Fleet_Catch",0
2015,"Non-PNA Member","US","Total_Fleet_Catch",0
2016,"Non-PNA Member","US","Total_Fleet_Catch",0
2017,"Non-PNA Member","US","Total_Fleet_Catch",0
2018,"Non-PNA Member","US","Total_Fleet_Catch",0
2019,"Non-PNA Member","US","Total_Fleet_Catch",0
2020,"Non-PNA Member","US","Total_Fleet_Catch",0
2021,"Non-PNA Member","US","Total_Fleet_Catch",0
2022,"Non-PNA Member","US","Total_Fleet_Catch",0
2023,"Non-PNA Member","US","Total_Fleet_Catch",0
1997,"Non-PNA Member","US (includes territories, ex Am Samoa)","Total_Fleet_Catch",0
1998,"Non-PNA Member","US (includes territories, ex Am Samoa)","Total_Fleet_Catch",0
1999,"Non-PNA Member","US (includes territories, ex Am Samoa)","Total_Fleet_Catch",0
2000,"Non-PNA Member","US (includes territories, ex Am Samoa)","Total_Fleet_Catch",0
2001,"Non-PNA Member","US (includes territories, ex Am Samoa)","Total_Fleet_Catch",0
2002,"Non-PNA Member","US (includes territories, ex Am Samoa)","Total_Fleet_Catch",0
2003,"Non-PNA Member","US (includes territories, ex Am Samoa)","Total_Fleet_Catch",0
2004,"Non-PNA Member","US (includes territories, ex Am Samoa)","Total_Fleet_Catch",0
2005,"Non-PNA Member","US (includes territories, ex Am Samoa)","Total_Fleet_Catch",0
2006,"Non-PNA Member","US (includes territories, ex Am Samoa)","Total_Fleet_Catch",0
2007,"Non-PNA Member","US (includes territories, ex Am Samoa)","Total_Fleet_Catch",0
2008,"Non-PNA Member","US (includes territories, ex Am Samoa)","Total_Fleet_Catch",0
2009,"Non-PNA Member","US (includes territories, ex Am Samoa)","Total_Fleet_Catch",0
2010,"Non-PNA Member","US (includes territories, ex Am Samoa)","Total_Fleet_Catch",0
2011,"Non-PNA Member","US (includes territories, ex Am Samoa)","Total_Fleet_Catch",0
2012,"Non-PNA Member","US (includes territories, ex Am Samoa)","Total_Fleet_Catch",0
2013,"Non-PNA Member","US (includes territories, ex Am Samoa)","Total_Fleet_Catch",0
2014,"Non-PNA Member","US (includes territories, ex Am Samoa)","Total_Fleet_Catch",0
2015,"Non-PNA Member","US (includes territories, ex Am Samoa)","Total_Fleet_Catch",0
2016,"Non-PNA Member","US (includes territories, ex Am Samoa)","Total_Fleet_Catch",0
2017,"Non-PNA Member","US (includes territories, ex Am Samoa)","Total_Fleet_Catch",0
2018,"Non-PNA Member","US (includes territories, ex Am Samoa)","Total_Fleet_Catch",0
2019,"Non-PNA Member","US (includes territories, ex Am Samoa)","Total_Fleet_Catch",0
2020,"Non-PNA Member","US (includes territories, ex Am Samoa)","Total_Fleet_Catch",0
2021,"Non-PNA Member","US (includes territories, ex Am Samoa)","Total_Fleet_Catch",0
2022,"Non-PNA Member","US (includes territories, ex Am Samoa)","Total_Fleet_Catch",0
2023,"Non-PNA Member","US (includes territories, ex Am Samoa)","Total_Fleet_Catch",0
1997,"Non-PNA Member","US (includes territories, incl Am Samoa)","Total_Fleet_Catch",42850
1998,"Non-PNA Member","US (includes territories, incl Am Samoa)","Total_Fleet_Catch",26915
1999,"Non-PNA Member","US (includes territories, incl Am Samoa)","Total_Fleet_Catch",16965
2000,"Non-PNA Member","US (includes territories, incl Am Samoa)","Total_Fleet_Catch",7875
2001,"Non-PNA Member","US (includes territories, incl Am Samoa)","Total_Fleet_Catch",14822
2002,"Non-PNA Member","US (includes territories, incl Am Samoa)","Total_Fleet_Catch",19244
2003,"Non-PNA Member","US (includes territories, incl Am Samoa)","Total_Fleet_Catch",12343
2004,"Non-PNA Member","US (includes territories, incl Am Samoa)","Total_Fleet_Catch",12255
2005,"Non-PNA Member","US (includes territories, incl Am Samoa)","Total_Fleet_Catch",11564
2006,"Non-PNA Member","US (includes territories, incl Am Samoa)","Total_Fleet_Catch",15735
2007,"Non-PNA Member","US (includes territories, incl Am Samoa)","Total_Fleet_Catch",11577
2008,"Non-PNA Member","US (includes territories, incl Am Samoa)","Total_Fleet_Catch",8055
2009,"Non-PNA Member","US (includes territories, incl Am Samoa)","Total_Fleet_Catch",10017
2010,"Non-PNA Member","US (includes territories, incl Am Samoa)","Total_Fleet_Catch",6886
2011,"Non-PNA Member","US (includes territories, incl Am Samoa)","Total_Fleet_Catch",7254
2012,"Non-PNA Member","US (includes territories, incl Am Samoa)","Total_Fleet_Catch",13391
2013,"Non-PNA Member","US (includes territories, incl Am Samoa)","Total_Fleet_Catch",11399
2014,"Non-PNA Member","US (includes territories, incl Am Samoa)","Total_Fleet_Catch",13736
2015,"Non-PNA Member","US (includes territories, incl Am Samoa)","Total_Fleet_Catch",8820
2016,"Non-PNA Member","US (includes territories, incl Am Samoa)","Total_Fleet_Catch",11661
2017,"Non-PNA Member","US (includes territories, incl Am Samoa)","Total_Fleet_Catch",13336
2018,"Non-PNA Member","US (includes territories, incl Am Samoa)","Total_Fleet_Catch",10473
2019,"Non-PNA Member","US (includes territories, incl Am Samoa)","Total_Fleet_Catch",9684
2020,"Non-PNA Member","US (includes territories, incl Am Samoa)","Total_Fleet_Catch",13151
2021,"Non-PNA Member","US (includes territories, incl Am Samoa)","Total_Fleet_Catch",12982
2022,"Non-PNA Member","US (includes territories, incl Am Samoa)","Total_Fleet_Catch",14048
2023,"Non-PNA Member","US (includes territories, incl Am Samoa)","Total_Fleet_Catch",8096
1997,"Non-PNA Member","Vanuatu","Total_Fleet_Catch",26166
1998,"Non-PNA Member","Vanuatu","Total_Fleet_Catch",39424
1999,"Non-PNA Member","Vanuatu","Total_Fleet_Catch",46160
2000,"Non-PNA Member","Vanuatu","Total_Fleet_Catch",38113
2001,"Non-PNA Member","Vanuatu","Total_Fleet_Catch",11966
2002,"Non-PNA Member","Vanuatu","Total_Fleet_Catch",28285
2003,"Non-PNA Member","Vanuatu","Total_Fleet_Catch",28738
2004,"Non-PNA Member","Vanuatu","Total_Fleet_Catch",66855
2005,"Non-PNA Member","Vanuatu","Total_Fleet_Catch",88913
2006,"Non-PNA Member","Vanuatu","Total_Fleet_Catch",76469
2007,"Non-PNA Member","Vanuatu","Total_Fleet_Catch",82758
2008,"Non-PNA Member","Vanuatu","Total_Fleet_Catch",48178
2009,"Non-PNA Member","Vanuatu","Total_Fleet_Catch",53269
2010,"Non-PNA Member","Vanuatu","Total_Fleet_Catch",39890
2011,"Non-PNA Member","Vanuatu","Total_Fleet_Catch",35127
2012,"Non-PNA Member","Vanuatu","Total_Fleet_Catch",40569
2013,"Non-PNA Member","Vanuatu","Total_Fleet_Catch",41198
2014,"Non-PNA Member","Vanuatu","Total_Fleet_Catch",32390
2015,"Non-PNA Member","Vanuatu","Total_Fleet_Catch",27779
2016,"Non-PNA Member","Vanuatu","Total_Fleet_Catch",15755
2017,"Non-PNA Member","Vanuatu","Total_Fleet_Catch",19199
2018,"Non-PNA Member","Vanuatu","Total_Fleet_Catch",24327
2019,"Non-PNA Member","Vanuatu","Total_Fleet_Catch",45100
2020,"Non-PNA Member","Vanuatu","Total_Fleet_Catch",54882
2021,"Non-PNA Member","Vanuatu","Total_Fleet_Catch",55667
2022,"Non-PNA Member","Vanuatu","Total_Fleet_Catch",75166
2023,"Non-PNA Member","Vanuatu","Total_Fleet_Catch",59984
1997,"Non-PNA Member","Vietnam","Total_Fleet_Catch",0
1998,"Non-PNA Member","Vietnam","Total_Fleet_Catch",0
1999,"Non-PNA Member","Vietnam","Total_Fleet_Catch",0
2000,"Non-PNA Member","Vietnam","Total_Fleet_Catch",33632
2001,"Non-PNA Member","Vietnam","Total_Fleet_Catch",35400
2002,"Non-PNA Member","Vietnam","Total_Fleet_Catch",37683
2003,"Non-PNA Member","Vietnam","Total_Fleet_Catch",37458
2004,"Non-PNA Member","Vietnam","Total_Fleet_Catch",50521
2005,"Non-PNA Member","Vietnam","Total_Fleet_Catch",52409
2006,"Non-PNA Member","Vietnam","Total_Fleet_Catch",52573
2007,"Non-PNA Member","Vietnam","Total_Fleet_Catch",54210
2008,"Non-PNA Member","Vietnam","Total_Fleet_Catch",49903
2009,"Non-PNA Member","Vietnam","Total_Fleet_Catch",44241
2010,"Non-PNA Member","Vietnam","Total_Fleet_Catch",41665
2011,"Non-PNA Member","Vietnam","Total_Fleet_Catch",49584
2012,"Non-PNA Member","Vietnam","Total_Fleet_Catch",65556
2013,"Non-PNA Member","Vietnam","Total_Fleet_Catch",78631
2014,"Non-PNA Member","Vietnam","Total_Fleet_Catch",80842
2015,"Non-PNA Member","Vietnam","Total_Fleet_Catch",89063
2016,"Non-PNA Member","Vietnam","Total_Fleet_Catch",123076
2017,"Non-PNA Member","Vietnam","Total_Fleet_Catch",112626
2018,"Non-PNA Member","Vietnam","Total_Fleet_Catch",120535
2019,"Non-PNA Member","Vietnam","Total_Fleet_Catch",109315
2020,"Non-PNA Member","Vietnam","Total_Fleet_Catch",95540
2021,"Non-PNA Member","Vietnam","Total_Fleet_Catch",89589
2022,"Non-PNA Member","Vietnam","Total_Fleet_Catch",99814
2023,"Non-PNA Member","Vietnam","Total_Fleet_Catch",97145
1997,"Non-PNA Member","Wallis and Futuna","Total_Fleet_Catch",0
1998,"Non-PNA Member","Wallis and Futuna","Total_Fleet_Catch",0
1999,"Non-PNA Member","Wallis and Futuna","Total_Fleet_Catch",0
2000,"Non-PNA Member","Wallis and Futuna","Total_Fleet_Catch",0
2001,"Non-PNA Member","Wallis and Futuna","Total_Fleet_Catch",0
2002,"Non-PNA Member","Wallis and Futuna","Total_Fleet_Catch",0
2003,"Non-PNA Member","Wallis and Futuna","Total_Fleet_Catch",0
2004,"Non-PNA Member","Wallis and Futuna","Total_Fleet_Catch",0
2005,"Non-PNA Member","Wallis and Futuna","Total_Fleet_Catch",0
2006,"Non-PNA Member","Wallis and Futuna","Total_Fleet_Catch",0
2007,"Non-PNA Member","Wallis and Futuna","Total_Fleet_Catch",0
2008,"Non-PNA Member","Wallis and Futuna","Total_Fleet_Catch",0
2009,"Non-PNA Member","Wallis and Futuna","Total_Fleet_Catch",0
2010,"Non-PNA Member","Wallis and Futuna","Total_Fleet_Catch",0
2011,"Non-PNA Member","Wallis and Futuna","Total_Fleet_Catch",13
2012,"Non-PNA Member","Wallis and Futuna","Total_Fleet_Catch",0
2013,"Non-PNA Member","Wallis and Futuna","Total_Fleet_Catch",9
2014,"Non-PNA Member","Wallis and Futuna","Total_Fleet_Catch",7
2015,"Non-PNA Member","Wallis and Futuna","Total_Fleet_Catch",6
2016,"Non-PNA Member","Wallis and Futuna","Total_Fleet_Catch",7
2017,"Non-PNA Member","Wallis and Futuna","Total_Fleet_Catch",5
2018,"Non-PNA Member","Wallis and Futuna","Total_Fleet_Catch",11
2019,"Non-PNA Member","Wallis and Futuna","Total_Fleet_Catch",19
2020,"Non-PNA Member","Wallis and Futuna","Total_Fleet_Catch",13
2021,"Non-PNA Member","Wallis and Futuna","Total_Fleet_Catch",13
2022,"Non-PNA Member","Wallis and Futuna","Total_Fleet_Catch",4
2023,"Non-PNA Member","Wallis and Futuna","Total_Fleet_Catch",4
